date,lat,lon,sic_t,sic_t1,sic_t2,sic_t7,wind_speed,wind_dir,temp,current_u,current_v,sst,lat_factor,seasonal,target_24h,target_48h,target_72h
2026-08-06,-80.0,-180.0,0.8603,0.8184,0.8592,0.8863,12.98,234.8,-23.3,0.3576,-0.2778,-1.4,1.0,0.9953,0.8423,0.913,0.8156
2026-08-06,-80.0,-158.82,0.7891,0.7976,0.7679,0.8612,7.08,124.8,-25.0,0.0923,0.0943,-2.4,1.0,0.9953,0.7738,0.8859,0.8192
2026-08-06,-80.0,-137.65,0.7476,0.8508,0.8406,0.8087,16.12,273.0,-28.4,0.1374,-0.0408,-1.0,1.0,0.9953,0.7917,0.7769,0.7697
2026-08-06,-80.0,-116.47,0.9058,0.744,0.7207,0.8203,10.09,113.9,-22.9,0.1309,0.0851,-4.1,1.0,0.9953,0.772,0.802,0.7835
2026-08-06,-80.0,-95.29,0.7942,0.7806,0.7967,0.8209,13.7,198.4,-27.5,0.3952,-0.0321,-0.8,1.0,0.9953,0.8298,0.8079,0.7357
2026-08-06,-80.0,-74.12,0.8196,0.7825,0.821,0.8054,14.06,148.4,-27.8,0.2215,0.2248,-3.2,1.0,0.9953,0.8026,0.8381,0.8378
2026-08-06,-80.0,-52.94,0.9349,0.8818,0.8861,0.868,6.45,70.5,-23.2,0.3391,0.0941,-1.7,1.0,0.9953,0.8736,0.8591,0.9184
2026-08-06,-80.0,-31.76,0.8796,0.8333,0.8769,0.8856,11.98,225.4,-32.3,0.1589,0.0827,-1.4,1.0,0.9953,0.8523,0.8143,0.8392
2026-08-06,-80.0,-10.59,0.9096,1.0,1.0,0.855,8.53,105.3,-30.6,0.2771,0.0854,-1.2,1.0,0.9953,0.9923,0.9955,0.9192
2026-08-06,-80.0,10.59,0.9139,0.9429,1.0,0.8754,16.19,286.4,-25.2,0.394,-0.149,-2.1,1.0,0.9953,1.0,0.9341,0.9199
2026-08-06,-80.0,31.76,0.9749,1.0,0.9895,1.0,11.35,49.0,-25.3,0.0705,-0.1583,-2.1,1.0,0.9953,1.0,0.968,0.9361
2026-08-06,-80.0,52.94,0.9816,0.9669,0.9797,0.9677,7.74,302.0,-27.6,0.0967,-0.0703,-1.2,1.0,0.9953,0.9889,0.9525,1.0
2026-08-06,-80.0,74.12,0.9581,0.9688,0.9422,1.0,14.53,131.2,-23.6,0.4004,0.1777,0.0,1.0,0.9953,1.0,1.0,0.9784
2026-08-06,-80.0,95.29,0.9289,1.0,0.9843,1.0,12.25,71.9,-22.0,0.173,-0.1018,-2.4,1.0,0.9953,0.9339,1.0,0.9725
2026-08-06,-80.0,116.47,1.0,0.8783,0.9248,0.9485,14.07,245.8,-23.5,0.1261,0.0406,-1.7,1.0,0.9953,1.0,0.9597,1.0
2026-08-06,-80.0,137.65,0.9138,0.9674,0.9223,0.9294,17.74,191.9,-29.9,0.1783,-0.1375,-1.4,1.0,0.9953,0.9207,0.958,0.9126
2026-08-06,-80.0,158.82,0.8637,0.8955,0.8607,0.8867,7.87,15.9,-21.5,0.437,0.3516,-2.0,1.0,0.9953,0.885,0.8528,0.9111
2026-08-06,-80.0,180.0,0.8584,0.8335,0.8521,0.8484,8.64,319.7,-31.4,0.4108,0.0681,-2.7,1.0,0.9953,0.8147,0.8549,0.8767
2026-08-06,-78.57,-180.0,0.7116,0.7527,0.7277,0.8592,8.52,204.2,-26.7,0.3971,-0.0963,-1.4,0.9429,0.9953,0.7762,0.7996,0.7771
2026-08-06,-78.57,-158.82,0.7647,0.7755,0.7709,0.8573,5.78,329.4,-22.8,0.0541,0.0417,-2.0,0.9429,0.9953,0.762,0.7368,0.7901
2026-08-06,-78.57,-137.65,0.7575,0.7819,0.767,0.7473,9.71,198.3,-27.6,0.0743,0.0802,-2.7,0.9429,0.9953,0.89,0.7657,0.6921
2026-08-06,-78.57,-116.47,0.7199,0.8146,0.7577,0.7806,16.65,354.1,-21.5,0.2748,-0.0212,-0.9,0.9429,0.9953,0.6764,0.7264,0.7053
2026-08-06,-78.57,-95.29,0.7935,0.7506,0.8913,0.6988,14.74,275.2,-19.6,0.2962,0.3004,-1.7,0.9429,0.9953,0.7235,0.7897,0.745
2026-08-06,-78.57,-74.12,0.8009,0.7305,0.8111,0.7277,6.9,22.3,-19.3,0.2535,-0.0325,-4.2,0.9429,0.9953,0.7836,0.7213,0.7561
2026-08-06,-78.57,-52.94,0.8129,0.802,0.7508,0.806,11.57,45.6,-28.8,0.3484,0.0153,0.8,0.9429,0.9953,0.7654,0.7155,0.8758
2026-08-06,-78.57,-31.76,0.8732,0.8197,0.8303,0.7783,5.34,237.1,-22.4,0.3339,-0.0463,-1.4,0.9429,0.9953,0.8966,0.8559,0.8792
2026-08-06,-78.57,-10.59,0.8599,0.8642,0.8508,0.8533,16.72,358.6,-15.9,0.1714,0.0786,-0.7,0.9429,0.9953,0.8218,0.8294,0.9661
2026-08-06,-78.57,10.59,0.9533,0.8471,0.8947,0.9701,7.18,287.2,-24.3,0.2125,0.151,-2.6,0.9429,0.9953,0.9423,0.9253,0.8408
2026-08-06,-78.57,31.76,0.9425,0.9153,0.9247,0.885,6.49,202.1,-26.5,0.053,0.1537,-0.6,0.9429,0.9953,0.9256,0.8983,0.916
2026-08-06,-78.57,52.94,0.9299,0.8766,0.9927,0.963,10.53,296.3,-27.0,0.4466,-0.1439,-2.8,0.9429,0.9953,0.869,0.914,0.9295
2026-08-06,-78.57,74.12,0.9417,1.0,0.9493,0.9312,12.81,96.7,-30.2,0.1338,-0.0133,-1.9,0.9429,0.9953,0.9168,1.0,0.8988
2026-08-06,-78.57,95.29,0.9578,0.9328,0.9608,0.9155,14.86,298.1,-19.2,0.0716,-0.0484,-1.0,0.9429,0.9953,0.9322,0.9497,0.9809
2026-08-06,-78.57,116.47,0.9793,0.908,0.858,0.9375,9.42,97.7,-17.4,0.1784,-0.1944,-1.7,0.9429,0.9953,0.8907,0.8795,0.9331
2026-08-06,-78.57,137.65,0.8714,0.8886,0.8693,0.8746,5.55,197.6,-27.1,0.3664,0.035,-2.9,0.9429,0.9953,0.853,0.9007,0.7999
2026-08-06,-78.57,158.82,0.7262,0.7877,0.8599,0.8127,12.58,330.2,-21.3,0.3654,0.1208,-2.2,0.9429,0.9953,0.8413,0.7922,0.8001
2026-08-06,-78.57,180.0,0.7782,0.7897,0.7445,0.8369,15.88,205.5,-22.3,0.3456,0.0876,-0.4,0.9429,0.9953,0.7851,0.817,0.7274
2026-08-06,-77.14,-180.0,0.7128,0.7913,0.7113,0.7569,17.99,172.3,-20.4,0.1114,0.0323,0.1,0.8857,0.9953,0.7352,0.733,0.7269
2026-08-06,-77.14,-158.82,0.7045,0.7516,0.7387,0.6694,11.98,263.7,-23.0,0.4156,-0.1715,-1.9,0.8857,0.9953,0.7844,0.7336,0.7388
2026-08-06,-77.14,-137.65,0.7518,0.6829,0.7048,0.723,6.13,255.1,-19.8,0.0778,-0.0848,-1.4,0.8857,0.9953,0.6944,0.6914,0.7049
2026-08-06,-77.14,-116.47,0.6308,0.6938,0.7215,0.7409,9.76,291.5,-27.2,0.0797,0.1445,-0.8,0.8857,0.9953,0.7171,0.6881,0.7108
2026-08-06,-77.14,-95.29,0.7125,0.716,0.76,0.7365,11.95,358.3,-26.2,0.1108,-0.2207,-1.6,0.8857,0.9953,0.6536,0.7173,0.6806
2026-08-06,-77.14,-74.12,0.757,0.6651,0.7224,0.7079,5.63,17.0,-20.7,0.0635,0.0032,-1.3,0.8857,0.9953,0.6803,0.6228,0.709
2026-08-06,-77.14,-52.94,0.7339,0.6814,0.7958,0.7821,5.59,139.8,-23.1,0.1534,0.1248,-0.2,0.8857,0.9953,0.8192,0.7281,0.7615
2026-08-06,-77.14,-31.76,0.7981,0.789,0.7917,0.8759,17.81,95.1,-23.1,0.283,0.0486,-0.8,0.8857,0.9953,0.7211,0.7541,0.7386
2026-08-06,-77.14,-10.59,0.8352,0.8558,0.8386,0.7749,16.72,43.0,-20.5,0.4274,-0.1343,-0.1,0.8857,0.9953,0.8069,0.7989,0.7872
2026-08-06,-77.14,10.59,0.8289,0.8009,0.8293,0.8572,11.03,216.1,-22.8,0.313,0.3812,-0.3,0.8857,0.9953,0.8526,0.8719,0.8484
2026-08-06,-77.14,31.76,0.8988,0.8835,0.8528,0.8831,12.89,346.5,-24.7,0.3954,-0.1453,0.2,0.8857,0.9953,0.8957,0.9074,0.8713
2026-08-06,-77.14,52.94,0.8591,0.8908,0.9134,0.9286,5.69,259.5,-24.4,0.3787,-0.1583,-0.1,0.8857,0.9953,0.8686,0.877,0.8775
2026-08-06,-77.14,74.12,0.8924,0.863,0.8505,0.8332,8.4,107.5,-24.0,0.0868,0.27,0.3,0.8857,0.9953,0.9091,0.8813,0.9204
2026-08-06,-77.14,95.29,0.9002,0.8613,0.9273,0.8898,10.93,174.6,-28.9,0.1039,-0.1016,-0.1,0.8857,0.9953,0.9242,0.8604,0.9055
2026-08-06,-77.14,116.47,0.8352,0.8567,0.8404,0.8573,5.61,313.2,-22.1,0.308,0.1398,-2.9,0.8857,0.9953,0.8402,0.8434,0.8871
2026-08-06,-77.14,137.65,0.8316,0.8464,0.7512,0.8342,17.16,152.0,-19.0,0.2099,0.2242,-2.4,0.8857,0.9953,0.8473,0.8477,0.8129
2026-08-06,-77.14,158.82,0.7967,0.7956,0.788,0.7461,13.66,313.2,-24.4,0.0547,0.2902,0.7,0.8857,0.9953,0.8212,0.7544,0.7831
2026-08-06,-77.14,180.0,0.7418,0.8038,0.6603,0.7498,12.38,216.9,-20.9,0.1937,-0.1341,-1.1,0.8857,0.9953,0.7416,0.7585,0.794
2026-08-06,-75.71,-180.0,0.75,0.7423,0.6427,0.6984,8.07,253.0,-15.9,0.0772,-0.1974,-2.4,0.8286,0.9953,0.7175,0.7183,0.7065
2026-08-06,-75.71,-158.82,0.6404,0.6272,0.6642,0.6366,16.28,111.3,-17.0,0.363,-0.3169,-1.0,0.8286,0.9953,0.5923,0.6828,0.6208
2026-08-06,-75.71,-137.65,0.6374,0.6452,0.6649,0.6244,13.55,59.3,-17.3,0.0718,0.2604,0.4,0.8286,0.9953,0.7094,0.6556,0.5956
2026-08-06,-75.71,-116.47,0.5714,0.6773,0.5996,0.6975,11.7,239.9,-22.9,0.3581,0.0852,-2.4,0.8286,0.9953,0.6799,0.627,0.6352
2026-08-06,-75.71,-95.29,0.6781,0.6521,0.651,0.6854,11.4,210.0,-23.8,0.2111,0.1944,-0.5,0.8286,0.9953,0.6595,0.7029,0.5978
2026-08-06,-75.71,-74.12,0.652,0.6946,0.6408,0.6161,12.33,329.6,-20.7,0.206,0.0676,-0.7,0.8286,0.9953,0.6875,0.6214,0.7624
2026-08-06,-75.71,-52.94,0.785,0.6766,0.7121,0.6916,10.54,52.7,-20.4,0.3229,0.019,0.2,0.8286,0.9953,0.674,0.7548,0.6951
2026-08-06,-75.71,-31.76,0.7723,0.6544,0.8007,0.7202,10.55,176.8,-24.3,0.4439,0.0792,1.3,0.8286,0.9953,0.7121,0.7319,0.7908
2026-08-06,-75.71,-10.59,0.6986,0.7045,0.8009,0.7296,5.78,229.7,-21.7,0.201,-0.1053,-0.1,0.8286,0.9953,0.7498,0.7641,0.8109
2026-08-06,-75.71,10.59,0.7591,0.791,0.7896,0.7842,16.06,205.2,-26.0,0.1423,0.1977,-1.4,0.8286,0.9953,0.8136,0.7256,0.8906
2026-08-06,-75.71,31.76,0.8054,0.8526,0.8439,0.8217,14.76,165.4,-22.1,0.3884,0.2361,-1.4,0.8286,0.9953,0.8791,0.8245,0.8457
2026-08-06,-75.71,52.94,0.8309,0.9286,0.9425,0.8487,5.15,38.1,-21.7,0.1534,-0.1604,-0.8,0.8286,0.9953,0.8514,0.8595,0.9046
2026-08-06,-75.71,74.12,0.8148,0.7873,0.9195,0.8198,13.68,223.7,-25.1,0.1393,-0.2503,0.1,0.8286,0.9953,0.9315,0.8491,0.8331
2026-08-06,-75.71,95.29,0.7977,0.8839,0.8512,1.0,12.93,149.0,-17.5,0.4031,-0.2268,0.3,0.8286,0.9953,0.8416,0.8303,0.8484
2026-08-06,-75.71,116.47,0.7845,0.8218,0.7611,0.7949,17.36,29.9,-17.5,0.3651,0.3903,-0.5,0.8286,0.9953,0.8522,0.8224,0.7313
2026-08-06,-75.71,137.65,0.7415,0.7806,0.7312,0.7946,14.56,265.2,-22.4,0.3573,-0.1739,0.5,0.8286,0.9953,0.7772,0.726,0.7325
2026-08-06,-75.71,158.82,0.782,0.7411,0.7655,0.6583,16.99,37.3,-21.2,0.2621,-0.306,0.1,0.8286,0.9953,0.7298,0.7437,0.7529
2026-08-06,-75.71,180.0,0.8008,0.6496,0.6469,0.7078,11.06,241.0,-21.4,0.1374,-0.0492,-0.8,0.8286,0.9953,0.6947,0.6904,0.6243
2026-08-06,-74.29,-180.0,0.6059,0.5824,0.654,0.5909,7.17,268.8,-20.8,0.3247,-0.077,0.5,0.7714,0.9953,0.584,0.6531,0.6644
2026-08-06,-74.29,-158.82,0.7111,0.658,0.5616,0.6429,10.07,230.3,-17.2,0.2018,-0.077,-0.1,0.7714,0.9953,0.6141,0.6305,0.633
2026-08-06,-74.29,-137.65,0.6057,0.5963,0.6282,0.6259,7.17,273.1,-28.4,0.3037,0.05,1.5,0.7714,0.9953,0.5546,0.5725,0.6251
2026-08-06,-74.29,-116.47,0.6063,0.5531,0.6019,0.5615,6.79,254.8,-20.5,0.1935,0.2019,-1.5,0.7714,0.9953,0.6028,0.5767,0.5278
2026-08-06,-74.29,-95.29,0.6143,0.6544,0.5938,0.6223,17.94,221.0,-19.1,0.3995,-0.043,-1.2,0.7714,0.9953,0.5973,0.5533,0.5937
2026-08-06,-74.29,-74.12,0.6245,0.621,0.6508,0.5991,16.98,105.1,-19.3,0.4495,-0.0016,1.4,0.7714,0.9953,0.6512,0.602,0.7337
2026-08-06,-74.29,-52.94,0.6616,0.6403,0.5601,0.569,11.17,204.7,-20.5,0.2098,-0.0269,1.6,0.7714,0.9953,0.6517,0.6276,0.7036
2026-08-06,-74.29,-31.76,0.6859,0.7279,0.6781,0.6492,5.61,180.2,-19.6,0.3714,-0.0701,0.9,0.7714,0.9953,0.7496,0.7023,0.7221
2026-08-06,-74.29,-10.59,0.7326,0.743,0.7118,0.7057,14.62,355.9,-16.3,0.1893,0.1214,0.9,0.7714,0.9953,0.7198,0.7747,0.7355
2026-08-06,-74.29,10.59,0.7524,0.7688,0.6464,0.7743,14.04,299.2,-21.9,0.4389,-0.1558,-0.6,0.7714,0.9953,0.7687,0.7318,0.7807
2026-08-06,-74.29,31.76,0.8779,0.6771,0.7178,0.7856,17.3,303.4,-21.4,0.2879,0.2017,2.6,0.7714,0.9953,0.8649,0.7716,0.7875
2026-08-06,-74.29,52.94,0.7468,0.8397,0.7938,0.7988,14.64,319.7,-18.5,0.1296,0.1289,1.4,0.7714,0.9953,0.7919,0.7667,0.8183
2026-08-06,-74.29,74.12,0.7669,0.835,0.7739,0.8139,14.69,115.2,-18.0,0.0504,-0.002,0.5,0.7714,0.9953,0.7332,0.8179,0.8628
2026-08-06,-74.29,95.29,0.8171,0.812,0.757,0.8174,15.58,127.9,-20.7,0.3805,0.0567,-0.5,0.7714,0.9953,0.7201,0.7674,0.7511
2026-08-06,-74.29,116.47,0.7246,0.7142,0.7869,0.7198,11.45,219.6,-20.4,0.3912,0.1741,-0.3,0.7714,0.9953,0.6998,0.7598,0.7767
2026-08-06,-74.29,137.65,0.6507,0.6733,0.7334,0.7707,7.17,26.3,-19.1,0.2693,0.0468,0.4,0.7714,0.9953,0.7709,0.7662,0.7527
2026-08-06,-74.29,158.82,0.7194,0.6777,0.7187,0.668,11.7,113.7,-22.6,0.1756,-0.1282,-0.4,0.7714,0.9953,0.6702,0.6592,0.6177
2026-08-06,-74.29,180.0,0.6606,0.648,0.6054,0.5883,9.27,296.5,-18.1,0.3972,0.0114,1.2,0.7714,0.9953,0.6234,0.6322,0.6426
2026-08-06,-72.86,-180.0,0.6317,0.5742,0.6327,0.6197,5.88,58.6,-21.4,0.0548,-0.1,1.5,0.7143,0.9953,0.5181,0.565,0.5909
2026-08-06,-72.86,-158.82,0.5495,0.567,0.6014,0.5218,11.81,14.0,-22.7,0.4151,-0.0863,0.1,0.7143,0.9953,0.5498,0.5546,0.5591
2026-08-06,-72.86,-137.65,0.5789,0.4784,0.5338,0.5471,7.34,126.1,-20.4,0.1287,-0.0139,1.7,0.7143,0.9953,0.5856,0.5805,0.5269
2026-08-06,-72.86,-116.47,0.5236,0.5669,0.5574,0.5315,5.02,79.9,-15.1,0.0851,0.054,1.1,0.7143,0.9953,0.6107,0.4826,0.5033
2026-08-06,-72.86,-95.29,0.5258,0.5612,0.5263,0.5396,14.21,104.7,-17.8,0.2481,0.1008,2.3,0.7143,0.9953,0.4968,0.5782,0.558
2026-08-06,-72.86,-74.12,0.5952,0.5727,0.5791,0.6014,17.59,231.5,-18.5,0.3897,-0.2239,0.3,0.7143,0.9953,0.5983,0.5283,0.5797
2026-08-06,-72.86,-52.94,0.6467,0.6368,0.5544,0.6065,5.89,66.0,-22.5,0.3348,0.1388,1.0,0.7143,0.9953,0.6123,0.5905,0.6104
2026-08-06,-72.86,-31.76,0.5834,0.6579,0.6624,0.679,12.08,197.1,-20.0,0.1869,-0.1736,0.1,0.7143,0.9953,0.6263,0.6316,0.6607
2026-08-06,-72.86,-10.59,0.6437,0.672,0.6705,0.6451,11.71,229.8,-20.9,0.3408,0.1464,2.4,0.7143,0.9953,0.6853,0.6646,0.6854
2026-08-06,-72.86,10.59,0.693,0.714,0.7009,0.6336,5.02,110.5,-23.8,0.172,0.0059,0.3,0.7143,0.9953,0.7403,0.7791,0.7223
2026-08-06,-72.86,31.76,0.7312,0.7424,0.7841,0.7066,9.62,50.5,-15.0,0.3883,0.1268,0.5,0.7143,0.9953,0.7233,0.7549,0.7395
2026-08-06,-72.86,52.94,0.7222,0.7254,0.7526,0.7568,14.85,265.6,-16.1,0.0816,-0.1165,1.9,0.7143,0.9953,0.7562,0.7413,0.7613
2026-08-06,-72.86,74.12,0.742,0.6392,0.7278,0.7074,12.03,57.6,-16.4,0.1929,0.008,1.0,0.7143,0.9953,0.6746,0.7525,0.7401
2026-08-06,-72.86,95.29,0.7304,0.7662,0.8011,0.7153,14.91,356.0,-15.9,0.4412,-0.0792,1.7,0.7143,0.9953,0.7465,0.7144,0.6426
2026-08-06,-72.86,116.47,0.6374,0.6784,0.6761,0.7256,12.35,331.0,-18.9,0.342,-0.0958,1.0,0.7143,0.9953,0.728,0.725,0.7442
2026-08-06,-72.86,137.65,0.7229,0.7049,0.701,0.6366,14.7,45.5,-19.4,0.0709,-0.1545,0.2,0.7143,0.9953,0.6253,0.672,0.6238
2026-08-06,-72.86,158.82,0.6469,0.5965,0.5944,0.642,5.72,157.7,-22.0,0.4461,0.0217,2.0,0.7143,0.9953,0.5776,0.5843,0.6515
2026-08-06,-72.86,180.0,0.6156,0.6194,0.5509,0.5933,7.58,199.5,-23.0,0.2924,-0.0266,1.0,0.7143,0.9953,0.6987,0.5578,0.5613
2026-08-06,-71.43,-180.0,0.4945,0.5896,0.4957,0.558,10.43,59.4,-18.0,0.3805,0.0309,1.6,0.6571,0.9953,0.5275,0.5153,0.5373
2026-08-06,-71.43,-158.82,0.4947,0.4738,0.5476,0.4587,17.82,203.1,-19.1,0.2018,0.1475,1.1,0.6571,0.9953,0.5834,0.4851,0.5175
2026-08-06,-71.43,-137.65,0.4345,0.5109,0.475,0.5204,13.64,215.2,-24.9,0.4115,-0.0538,2.1,0.6571,0.9953,0.5023,0.4905,0.4928
2026-08-06,-71.43,-116.47,0.5138,0.5341,0.5265,0.5093,13.24,97.3,-23.5,0.416,0.1076,3.6,0.6571,0.9953,0.5176,0.4486,0.4848
2026-08-06,-71.43,-95.29,0.461,0.4723,0.4909,0.5141,10.93,176.9,-25.3,0.4492,-0.0771,2.0,0.6571,0.9953,0.5526,0.4614,0.526
2026-08-06,-71.43,-74.12,0.5519,0.5917,0.523,0.4691,16.44,284.4,-20.0,0.0607,0.2263,0.2,0.6571,0.9953,0.5444,0.5681,0.538
2026-08-06,-71.43,-52.94,0.535,0.5154,0.5129,0.6557,7.1,294.5,-16.2,0.0567,0.1883,0.6,0.6571,0.9953,0.4822,0.5275,0.6062
2026-08-06,-71.43,-31.76,0.5092,0.5249,0.5927,0.5617,13.72,189.5,-17.3,0.3576,0.0642,1.8,0.6571,0.9953,0.5877,0.5585,0.6066
2026-08-06,-71.43,-10.59,0.6063,0.6017,0.7066,0.6025,11.12,211.4,-13.2,0.445,0.0149,2.8,0.6571,0.9953,0.6298,0.5941,0.6378
2026-08-06,-71.43,10.59,0.6839,0.7165,0.6681,0.613,9.61,76.0,-16.0,0.1193,-0.2222,0.7,0.6571,0.9953,0.6237,0.6273,0.6543
2026-08-06,-71.43,31.76,0.7237,0.6642,0.7235,0.644,9.92,15.0,-19.0,0.382,0.0961,1.4,0.6571,0.9953,0.5739,0.6045,0.6543
2026-08-06,-71.43,52.94,0.6973,0.7248,0.6755,0.6401,7.3,68.6,-14.6,0.113,0.154,0.1,0.6571,0.9953,0.7037,0.6816,0.6913
2026-08-06,-71.43,74.12,0.7451,0.7004,0.7482,0.642,14.75,339.8,-23.0,0.2503,-0.0789,0.5,0.6571,0.9953,0.722,0.6802,0.6714
2026-08-06,-71.43,95.29,0.6313,0.6568,0.6429,0.6589,15.54,341.4,-14.5,0.1302,0.0637,1.8,0.6571,0.9953,0.6589,0.6608,0.6281
2026-08-06,-71.43,116.47,0.6534,0.6165,0.6598,0.6127,11.69,190.0,-14.3,0.3193,0.0786,4.0,0.6571,0.9953,0.6253,0.6428,0.6387
2026-08-06,-71.43,137.65,0.6339,0.6398,0.6469,0.6198,8.57,108.6,-16.1,0.3371,0.2855,1.2,0.6571,0.9953,0.6588,0.6242,0.611
2026-08-06,-71.43,158.82,0.5991,0.5864,0.6006,0.6128,8.1,17.7,-21.2,0.4409,-0.1344,1.0,0.6571,0.9953,0.4963,0.5898,0.5332
2026-08-06,-71.43,180.0,0.6153,0.527,0.5436,0.6047,15.22,264.1,-17.9,0.0805,-0.2091,2.0,0.6571,0.9953,0.5036,0.4806,0.502
2026-08-06,-70.0,-180.0,0.5053,0.5304,0.4691,0.5244,15.11,47.8,-20.1,0.3933,-0.1978,3.0,0.6,0.9953,0.5075,0.5934,0.4935
2026-08-06,-70.0,-158.82,0.4409,0.4074,0.4715,0.5146,7.46,200.4,-22.4,0.3432,-0.0434,0.5,0.6,0.9953,0.4066,0.5087,0.4605
2026-08-06,-70.0,-137.65,0.4487,0.4438,0.474,0.4322,9.63,217.9,-19.2,0.2333,-0.3244,2.3,0.6,0.9953,0.4642,0.4792,0.4784
2026-08-06,-70.0,-116.47,0.4618,0.476,0.4251,0.4481,15.33,62.1,-15.1,0.342,-0.2302,3.5,0.6,0.9953,0.4866,0.442,0.366
2026-08-06,-70.0,-95.29,0.476,0.4387,0.4241,0.4386,9.37,296.9,-17.7,0.3388,-0.2354,3.4,0.6,0.9953,0.3588,0.4663,0.4466
2026-08-06,-70.0,-74.12,0.5297,0.4265,0.462,0.4492,17.63,18.7,-17.8,0.0637,-0.0081,3.3,0.6,0.9953,0.5078,0.4989,0.4355
2026-08-06,-70.0,-52.94,0.5788,0.4568,0.5252,0.4327,5.77,348.7,-19.9,0.1256,-0.1383,2.5,0.6,0.9953,0.4808,0.5073,0.5256
2026-08-06,-70.0,-31.76,0.6192,0.5312,0.4693,0.4873,14.15,154.3,-19.0,0.4411,0.235,4.3,0.6,0.9953,0.5553,0.5682,0.5236
2026-08-06,-70.0,-10.59,0.568,0.6368,0.5717,0.6012,9.43,11.4,-17.7,0.3312,-0.0973,-0.2,0.6,0.9953,0.5502,0.5199,0.5531
2026-08-06,-70.0,10.59,0.5599,0.6201,0.5261,0.6101,17.31,152.0,-15.6,0.1644,-0.0194,0.2,0.6,0.9953,0.5539,0.5915,0.5876
2026-08-06,-70.0,31.76,0.5977,0.5886,0.6453,0.6461,16.9,152.5,-22.5,0.3213,0.1685,0.9,0.6,0.9953,0.6832,0.6747,0.6297
2026-08-06,-70.0,52.94,0.6156,0.6364,0.6904,0.7279,9.44,86.4,-25.0,0.1432,-0.0335,2.7,0.6,0.9953,0.6175,0.6173,0.609
2026-08-06,-70.0,74.12,0.6119,0.6237,0.6146,0.6534,11.75,110.3,-15.1,0.3647,0.1139,2.4,0.6,0.9953,0.5993,0.6828,0.5806
2026-08-06,-70.0,95.29,0.6087,0.6638,0.6131,0.6025,10.8,232.0,-21.0,0.3772,-0.0001,1.3,0.6,0.9953,0.6515,0.6166,0.6766
2026-08-06,-70.0,116.47,0.5858,0.595,0.5161,0.5756,15.75,306.0,-17.5,0.2212,0.1232,3.5,0.6,0.9953,0.5926,0.5674,0.6425
2026-08-06,-70.0,137.65,0.5636,0.6034,0.5806,0.586,17.64,32.5,-17.6,0.3853,-0.1767,0.5,0.6,0.9953,0.5471,0.5788,0.5982
2026-08-06,-70.0,158.82,0.4825,0.5435,0.5686,0.4911,10.86,215.7,-13.4,0.0583,-0.033,1.4,0.6,0.9953,0.4815,0.5733,0.5264
2026-08-06,-70.0,180.0,0.4868,0.512,0.5152,0.5512,9.35,172.3,-21.8,0.4438,0.1956,0.4,0.6,0.9953,0.5135,0.5111,0.4832
2026-08-06,-68.57,-180.0,0.4569,0.3791,0.4677,0.3297,13.64,254.7,-20.3,0.4011,-0.0941,2.5,0.5429,0.9953,0.4719,0.4514,0.4708
2026-08-06,-68.57,-158.82,0.4003,0.4219,0.3797,0.4828,7.49,354.9,-17.9,0.2636,0.0598,1.9,0.5429,0.9953,0.4108,0.4225,0.4335
2026-08-06,-68.57,-137.65,0.3674,0.4015,0.4647,0.4491,9.64,79.2,-17.3,0.2134,-0.0026,2.7,0.5429,0.9953,0.4238,0.3544,0.4045
2026-08-06,-68.57,-116.47,0.4679,0.3992,0.3141,0.343,13.41,40.8,-13.9,0.403,-0.2456,2.4,0.5429,0.9953,0.4008,0.4315,0.3542
2026-08-06,-68.57,-95.29,0.3948,0.3991,0.5322,0.385,13.97,337.9,-15.6,0.1901,-0.2525,1.7,0.5429,0.9953,0.4307,0.4163,0.4482
2026-08-06,-68.57,-74.12,0.3934,0.3495,0.2709,0.4826,12.54,22.5,-11.5,0.41,0.0882,1.0,0.5429,0.9953,0.4644,0.4406,0.4057
2026-08-06,-68.57,-52.94,0.4367,0.4563,0.4892,0.4588,8.11,253.2,-18.9,0.1929,0.0719,2.1,0.5429,0.9953,0.3772,0.4242,0.4687
2026-08-06,-68.57,-31.76,0.5247,0.5122,0.4652,0.5596,11.89,92.7,-14.1,0.2513,0.1044,3.7,0.5429,0.9953,0.562,0.4787,0.4745
2026-08-06,-68.57,-10.59,0.5334,0.5056,0.523,0.5443,10.55,55.5,-16.1,0.307,0.1531,1.7,0.5429,0.9953,0.5138,0.5219,0.4711
2026-08-06,-68.57,10.59,0.5084,0.4382,0.5627,0.5991,7.72,204.9,-9.5,0.2405,0.0935,2.2,0.5429,0.9953,0.6288,0.5347,0.6511
2026-08-06,-68.57,31.76,0.536,0.571,0.5915,0.6157,7.83,339.9,-18.7,0.2577,-0.1745,2.5,0.5429,0.9953,0.5636,0.5956,0.5593
2026-08-06,-68.57,52.94,0.5158,0.5844,0.5493,0.6357,9.56,170.9,-16.9,0.4498,-0.0912,1.1,0.5429,0.9953,0.5603,0.5385,0.5871
2026-08-06,-68.57,74.12,0.5268,0.519,0.6535,0.5758,15.82,273.6,-19.3,0.3439,-0.2129,3.8,0.5429,0.9953,0.6434,0.5394,0.6176
2026-08-06,-68.57,95.29,0.6343,0.5332,0.6448,0.5569,13.48,41.1,-13.5,0.2431,-0.1008,1.3,0.5429,0.9953,0.5695,0.6134,0.5568
2026-08-06,-68.57,116.47,0.5774,0.5628,0.5116,0.607,8.09,87.2,-17.7,0.3997,-0.0966,4.4,0.5429,0.9953,0.5802,0.5071,0.5563
2026-08-06,-68.57,137.65,0.47,0.5817,0.4722,0.4809,8.73,328.1,-15.4,0.0618,0.0007,2.5,0.5429,0.9953,0.5373,0.5768,0.5399
2026-08-06,-68.57,158.82,0.4892,0.4923,0.5163,0.5418,7.57,234.4,-17.7,0.249,-0.1346,3.3,0.5429,0.9953,0.4584,0.4757,0.4056
2026-08-06,-68.57,180.0,0.4422,0.4095,0.4271,0.4381,5.93,83.0,-17.2,0.2207,-0.07,0.3,0.5429,0.9953,0.4403,0.5396,0.4077
2026-08-06,-67.14,-180.0,0.3882,0.3493,0.4119,0.3325,12.71,309.5,-12.3,0.3926,0.3635,1.0,0.4857,0.9953,0.3799,0.4266,0.3705
2026-08-06,-67.14,-158.82,0.378,0.338,0.3845,0.3707,7.65,176.1,-14.5,0.1518,-0.0828,1.2,0.4857,0.9953,0.3791,0.3566,0.3375
2026-08-06,-67.14,-137.65,0.3329,0.311,0.3988,0.3485,11.45,120.4,-13.0,0.092,-0.1332,4.2,0.4857,0.9953,0.3176,0.3604,0.2885
2026-08-06,-67.14,-116.47,0.3827,0.3081,0.2827,0.3191,6.94,110.8,-11.9,0.2102,-0.1811,1.6,0.4857,0.9953,0.2833,0.4312,0.3633
2026-08-06,-67.14,-95.29,0.3886,0.311,0.3294,0.3791,10.77,242.4,-9.8,0.2192,-0.2555,2.3,0.4857,0.9953,0.3452,0.3291,0.3761
2026-08-06,-67.14,-74.12,0.2766,0.3784,0.3446,0.3233,11.49,53.3,-13.2,0.2735,0.0344,3.6,0.4857,0.9953,0.3846,0.3169,0.367
2026-08-06,-67.14,-52.94,0.3465,0.3945,0.4017,0.4008,12.28,258.8,-18.3,0.133,-0.1111,3.0,0.4857,0.9953,0.4041,0.359,0.3279
2026-08-06,-67.14,-31.76,0.4252,0.4035,0.4774,0.4323,9.26,311.3,-13.7,0.4175,0.2405,3.0,0.4857,0.9953,0.427,0.4386,0.4124
2026-08-06,-67.14,-10.59,0.473,0.4849,0.4625,0.4422,10.22,110.3,-15.0,0.2539,0.1303,3.6,0.4857,0.9953,0.4447,0.4823,0.4082
2026-08-06,-67.14,10.59,0.4837,0.5572,0.5798,0.5261,5.08,339.6,-20.7,0.3444,0.1503,1.1,0.4857,0.9953,0.4858,0.4287,0.5344
2026-08-06,-67.14,31.76,0.5208,0.5108,0.608,0.5814,11.79,129.5,-13.9,0.3961,0.104,3.2,0.4857,0.9953,0.4776,0.5195,0.5557
2026-08-06,-67.14,52.94,0.5917,0.4605,0.5633,0.4962,8.77,215.4,-11.3,0.3315,-0.1199,0.7,0.4857,0.9953,0.4957,0.5994,0.5352
2026-08-06,-67.14,74.12,0.5111,0.5108,0.5573,0.5063,12.09,292.3,-17.4,0.1243,-0.0647,3.6,0.4857,0.9953,0.519,0.5601,0.5328
2026-08-06,-67.14,95.29,0.5405,0.493,0.5759,0.5612,9.64,156.5,-14.3,0.0507,0.0938,4.9,0.4857,0.9953,0.5261,0.5539,0.5322
2026-08-06,-67.14,116.47,0.4858,0.5379,0.5031,0.5093,6.14,247.1,-15.7,0.0928,0.1434,4.2,0.4857,0.9953,0.4969,0.423,0.4211
2026-08-06,-67.14,137.65,0.4608,0.4173,0.4597,0.402,13.56,335.7,-15.4,0.3491,0.0413,2.2,0.4857,0.9953,0.5007,0.4629,0.4801
2026-08-06,-67.14,158.82,0.4283,0.4366,0.3954,0.4227,5.48,42.9,-22.2,0.2696,-0.0616,2.6,0.4857,0.9953,0.3855,0.3659,0.4533
2026-08-06,-67.14,180.0,0.4089,0.4861,0.3921,0.4165,13.04,257.9,-13.0,0.167,-0.167,3.7,0.4857,0.9953,0.3187,0.4209,0.3612
2026-08-06,-65.71,-180.0,0.2596,0.3441,0.3234,0.2912,17.88,322.4,-16.2,0.1535,0.1698,2.7,0.4286,0.9953,0.3935,0.2658,0.3477
2026-08-06,-65.71,-158.82,0.3124,0.3491,0.2588,0.3113,11.43,131.5,-11.5,0.3808,-0.1753,4.4,0.4286,0.9953,0.3337,0.3164,0.3428
2026-08-06,-65.71,-137.65,0.3523,0.267,0.3239,0.2728,14.49,347.3,-18.3,0.1951,-0.0044,3.4,0.4286,0.9953,0.304,0.2585,0.2993
2026-08-06,-65.71,-116.47,0.2148,0.3012,0.2696,0.239,13.3,333.3,-17.9,0.2826,0.2386,3.8,0.4286,0.9953,0.3606,0.2873,0.3061
2026-08-06,-65.71,-95.29,0.2693,0.2962,0.2381,0.2478,16.28,56.7,-20.0,0.4343,-0.1515,2.6,0.4286,0.9953,0.3111,0.2776,0.2295
2026-08-06,-65.71,-74.12,0.2777,0.35,0.2839,0.3465,7.18,311.8,-13.9,0.087,0.1724,3.3,0.4286,0.9953,0.2804,0.2696,0.2862
2026-08-06,-65.71,-52.94,0.3864,0.3203,0.353,0.3558,11.95,56.7,-13.3,0.4431,0.039,2.9,0.4286,0.9953,0.3497,0.3868,0.3954
2026-08-06,-65.71,-31.76,0.3746,0.3099,0.382,0.3565,18.0,253.7,-12.6,0.072,0.285,3.5,0.4286,0.9953,0.3859,0.3564,0.421
2026-08-06,-65.71,-10.59,0.3564,0.4251,0.4063,0.4038,5.37,146.1,-14.6,0.4374,0.0947,4.2,0.4286,0.9953,0.4669,0.4156,0.42
2026-08-06,-65.71,10.59,0.4983,0.4564,0.4959,0.4663,11.35,340.5,-18.6,0.1049,-0.1615,3.0,0.4286,0.9953,0.4622,0.4423,0.4493
2026-08-06,-65.71,31.76,0.474,0.4228,0.4091,0.3785,9.99,215.6,-14.7,0.1559,0.1658,3.9,0.4286,0.9953,0.4886,0.5091,0.4466
2026-08-06,-65.71,52.94,0.538,0.4679,0.4267,0.427,12.67,278.4,-14.4,0.375,0.0712,2.6,0.4286,0.9953,0.5261,0.4578,0.5418
2026-08-06,-65.71,74.12,0.5326,0.5163,0.5291,0.5248,6.72,99.9,-6.2,0.2203,-0.1385,2.8,0.4286,0.9953,0.4479,0.4627,0.4359
2026-08-06,-65.71,95.29,0.4009,0.4447,0.4496,0.4851,8.25,55.9,-13.0,0.2733,-0.0803,3.8,0.4286,0.9953,0.4633,0.3807,0.458
2026-08-06,-65.71,116.47,0.4086,0.4939,0.458,0.4086,7.55,23.7,-15.9,0.4142,0.0189,4.6,0.4286,0.9953,0.4335,0.41,0.474
2026-08-06,-65.71,137.65,0.3602,0.3563,0.3804,0.43,12.51,78.8,-11.0,0.1823,0.1245,2.9,0.4286,0.9953,0.4808,0.4425,0.4459
2026-08-06,-65.71,158.82,0.299,0.3677,0.3926,0.3894,6.72,46.4,-11.6,0.1147,-0.1471,3.0,0.4286,0.9953,0.4119,0.3816,0.3717
2026-08-06,-65.71,180.0,0.2986,0.3493,0.4021,0.3188,14.73,161.6,-11.0,0.1508,0.1654,4.3,0.4286,0.9953,0.3574,0.3541,0.3519
2026-08-06,-64.29,-180.0,0.2573,0.2757,0.3017,0.2297,10.67,107.8,-13.4,0.1435,-0.0324,3.8,0.3714,0.9953,0.3274,0.26,0.3079
2026-08-06,-64.29,-158.82,0.1844,0.2841,0.2262,0.2351,6.2,79.7,-10.5,0.3693,0.0074,3.4,0.3714,0.9953,0.2945,0.2126,0.2156
2026-08-06,-64.29,-137.65,0.2324,0.1772,0.1743,0.2294,16.82,263.7,-9.0,0.077,0.1678,3.6,0.3714,0.9953,0.277,0.2015,0.35
2026-08-06,-64.29,-116.47,0.2734,0.1671,0.268,0.2596,7.88,120.2,-8.1,0.2764,0.1304,3.8,0.3714,0.9953,0.2886,0.2874,0.2886
2026-08-06,-64.29,-95.29,0.3153,0.2704,0.3081,0.2111,10.88,212.4,-12.6,0.1551,0.2677,3.7,0.3714,0.9953,0.2702,0.223,0.2637
2026-08-06,-64.29,-74.12,0.3043,0.2816,0.2652,0.2454,17.02,296.3,-15.4,0.3562,-0.0465,5.9,0.3714,0.9953,0.206,0.1949,0.2323
2026-08-06,-64.29,-52.94,0.288,0.2299,0.2556,0.3201,11.86,132.1,-16.8,0.0745,0.0737,3.6,0.3714,0.9953,0.2883,0.342,0.2877
2026-08-06,-64.29,-31.76,0.3055,0.2604,0.3535,0.3525,17.49,120.6,-19.0,0.0865,-0.0641,5.8,0.3714,0.9953,0.3793,0.309,0.3578
2026-08-06,-64.29,-10.59,0.337,0.3819,0.391,0.4066,8.48,247.1,-13.0,0.3516,-0.0319,4.0,0.3714,0.9953,0.3272,0.3764,0.3411
2026-08-06,-64.29,10.59,0.3357,0.3584,0.4481,0.3882,12.88,36.3,-9.4,0.2685,0.0635,5.2,0.3714,0.9953,0.4942,0.3427,0.4174
2026-08-06,-64.29,31.76,0.3904,0.38,0.4331,0.343,11.86,190.6,-10.7,0.3183,-0.0292,3.1,0.3714,0.9953,0.4641,0.4132,0.444
2026-08-06,-64.29,52.94,0.4402,0.3897,0.4398,0.3875,10.23,306.0,-5.0,0.0584,0.0754,5.6,0.3714,0.9953,0.4014,0.3991,0.4361
2026-08-06,-64.29,74.12,0.4351,0.4959,0.4683,0.3702,12.35,264.1,-13.7,0.0911,0.0072,3.1,0.3714,0.9953,0.4143,0.3407,0.4804
2026-08-06,-64.29,95.29,0.4933,0.4649,0.3806,0.3739,12.73,64.0,-14.5,0.3964,-0.3264,2.8,0.3714,0.9953,0.4204,0.4556,0.4998
2026-08-06,-64.29,116.47,0.4125,0.4203,0.3932,0.4157,9.4,3.4,-15.3,0.1696,0.0615,5.0,0.3714,0.9953,0.394,0.4264,0.3453
2026-08-06,-64.29,137.65,0.4554,0.4063,0.3306,0.394,5.26,80.6,-8.7,0.3431,0.2398,5.5,0.3714,0.9953,0.3955,0.3319,0.3836
2026-08-06,-64.29,158.82,0.358,0.2778,0.3432,0.2315,11.8,22.7,-12.9,0.1247,0.0713,4.4,0.3714,0.9953,0.3116,0.2776,0.3507
2026-08-06,-64.29,180.0,0.2528,0.2452,0.3289,0.3568,12.88,245.2,-11.3,0.0646,-0.1526,3.9,0.3714,0.9953,0.2396,0.3087,0.3475
2026-08-06,-62.86,-180.0,0.1821,0.2745,0.2523,0.233,7.16,217.6,-15.6,0.3991,0.0366,5.2,0.3143,0.9953,0.2285,0.1741,0.1876
2026-08-06,-62.86,-158.82,0.1963,0.1621,0.208,0.1504,7.57,51.4,-13.5,0.427,-0.0711,5.5,0.3143,0.9953,0.1457,0.1585,0.1538
2026-08-06,-62.86,-137.65,0.1641,0.1021,0.1302,0.1506,6.74,170.4,-11.3,0.0775,-0.3853,3.0,0.3143,0.9953,0.2375,0.1754,0.1724
2026-08-06,-62.86,-116.47,0.2273,0.1451,0.0944,0.2268,12.84,126.7,-8.7,0.3716,0.1904,2.3,0.3143,0.9953,0.1567,0.1832,0.1901
2026-08-06,-62.86,-95.29,0.22,0.1993,0.1553,0.2172,5.47,151.6,-10.8,0.157,-0.1101,4.3,0.3143,0.9953,0.0888,0.1747,0.199
2026-08-06,-62.86,-74.12,0.2102,0.1781,0.225,0.2336,15.86,139.5,-9.3,0.2633,-0.0622,6.2,0.3143,0.9953,0.2763,0.2155,0.2359
2026-08-06,-62.86,-52.94,0.3479,0.2925,0.3044,0.2283,13.18,123.8,-11.3,0.2082,0.2828,4.6,0.3143,0.9953,0.2534,0.2319,0.2649
2026-08-06,-62.86,-31.76,0.2833,0.278,0.2758,0.2457,10.67,253.4,-17.0,0.3671,0.0061,3.7,0.3143,0.9953,0.2373,0.3157,0.1907
2026-08-06,-62.86,-10.59,0.2546,0.3314,0.3561,0.3388,15.81,83.2,-14.8,0.3548,0.0322,5.7,0.3143,0.9953,0.3185,0.2556,0.3401
2026-08-06,-62.86,10.59,0.3655,0.4072,0.3924,0.3276,6.57,282.9,-9.2,0.3516,0.101,4.5,0.3143,0.9953,0.3759,0.295,0.403
2026-08-06,-62.86,31.76,0.4099,0.4022,0.2695,0.3754,16.11,322.1,-9.4,0.2499,0.096,3.7,0.3143,0.9953,0.4194,0.3436,0.344
2026-08-06,-62.86,52.94,0.4369,0.3842,0.4331,0.4218,15.62,163.1,-15.4,0.3796,0.249,5.6,0.3143,0.9953,0.4494,0.4151,0.5046
2026-08-06,-62.86,74.12,0.3439,0.4435,0.3658,0.3547,16.71,36.9,-10.7,0.2983,0.0346,6.7,0.3143,0.9953,0.415,0.3604,0.4518
2026-08-06,-62.86,95.29,0.2903,0.297,0.2865,0.3258,6.73,208.6,-17.3,0.1171,-0.1661,4.4,0.3143,0.9953,0.328,0.3286,0.3423
2026-08-06,-62.86,116.47,0.3292,0.3081,0.3613,0.344,7.11,274.6,-15.6,0.252,0.1216,6.0,0.3143,0.9953,0.3117,0.2824,0.2842
2026-08-06,-62.86,137.65,0.3062,0.2789,0.3821,0.3048,12.53,40.0,-15.6,0.2777,-0.0305,5.1,0.3143,0.9953,0.3458,0.3001,0.3417
2026-08-06,-62.86,158.82,0.2565,0.2379,0.3423,0.2205,10.64,325.5,-14.0,0.2601,0.202,3.5,0.3143,0.9953,0.2837,0.1957,0.1999
2026-08-06,-62.86,180.0,0.2392,0.2181,0.2041,0.2011,14.41,288.8,-3.1,0.4052,-0.1395,5.1,0.3143,0.9953,0.2308,0.1468,0.2394
2026-08-06,-61.43,-180.0,0.1187,0.1405,0.1665,0.1696,14.3,354.1,-10.5,0.2983,0.0362,3.8,0.2571,0.9953,0.2659,0.255,0.1631
2026-08-06,-61.43,-158.82,0.2132,0.1774,0.2062,0.1621,12.64,311.0,-12.0,0.1166,-0.167,6.2,0.2571,0.9953,0.1942,0.142,0.1572
2026-08-06,-61.43,-137.65,0.1742,0.1172,0.125,0.1817,9.41,40.5,-9.6,0.1963,0.092,6.6,0.2571,0.9953,0.1191,0.1254,0.1625
2026-08-06,-61.43,-116.47,0.1442,0.1309,0.0834,0.1315,6.68,289.1,-9.3,0.2643,0.304,4.8,0.2571,0.9953,0.0686,0.2012,0.2263
2026-08-06,-61.43,-95.29,0.121,0.1392,0.1789,0.1389,8.36,230.6,-11.4,0.4244,-0.0161,6.0,0.2571,0.9953,0.2533,0.0887,0.1614
2026-08-06,-61.43,-74.12,0.1965,0.2079,0.1306,0.183,17.65,71.0,-10.3,0.2674,-0.0138,5.2,0.2571,0.9953,0.1881,0.1658,0.1567
2026-08-06,-61.43,-52.94,0.1816,0.1161,0.2115,0.1957,9.39,50.3,-10.7,0.4374,0.029,4.6,0.2571,0.9953,0.1845,0.1731,0.2307
2026-08-06,-61.43,-31.76,0.2412,0.2589,0.2284,0.2332,16.39,109.7,-11.4,0.2489,0.12,6.1,0.2571,0.9953,0.2377,0.2248,0.2422
2026-08-06,-61.43,-10.59,0.2918,0.2047,0.1915,0.2925,5.21,53.5,-12.8,0.1484,0.0623,5.5,0.2571,0.9953,0.2803,0.2527,0.295
2026-08-06,-61.43,10.59,0.3084,0.2361,0.3367,0.2205,9.59,72.8,-6.2,0.0599,0.1914,4.7,0.2571,0.9953,0.2857,0.3533,0.3142
2026-08-06,-61.43,31.76,0.3729,0.3566,0.348,0.2698,10.3,358.2,-6.8,0.3146,-0.1254,5.7,0.2571,0.9953,0.2765,0.2797,0.281
2026-08-06,-61.43,52.94,0.3145,0.2913,0.3883,0.2674,7.63,213.2,-8.4,0.2587,0.1283,6.1,0.2571,0.9953,0.3591,0.2989,0.3377
2026-08-06,-61.43,74.12,0.3357,0.3179,0.3508,0.3564,9.43,87.7,-12.1,0.3318,0.2924,7.4,0.2571,0.9953,0.3465,0.2932,0.3062
2026-08-06,-61.43,95.29,0.3367,0.3947,0.3111,0.2999,15.46,98.7,-7.3,0.2641,0.2549,5.3,0.2571,0.9953,0.3077,0.3428,0.3497
2026-08-06,-61.43,116.47,0.3714,0.2927,0.3382,0.347,7.89,176.7,-13.3,0.3873,0.1343,5.1,0.2571,0.9953,0.2869,0.2725,0.2518
2026-08-06,-61.43,137.65,0.2726,0.3173,0.2505,0.2485,13.33,245.3,-11.1,0.3041,0.0446,6.0,0.2571,0.9953,0.3067,0.244,0.3215
2026-08-06,-61.43,158.82,0.1771,0.2186,0.2193,0.2492,5.39,48.8,-6.0,0.2065,-0.0629,5.3,0.2571,0.9953,0.2023,0.2202,0.2065
2026-08-06,-61.43,180.0,0.2346,0.1646,0.217,0.1406,12.94,129.1,-1.0,0.3826,-0.1233,4.3,0.2571,0.9953,0.1534,0.1584,0.0977
2026-08-06,-60.0,-180.0,0.1333,0.1282,0.1714,0.1177,14.24,218.2,-13.2,0.0782,0.0099,5.9,0.2,0.9953,0.196,0.1666,0.0687
2026-08-06,-60.0,-158.82,0.0721,0.0416,0.0864,0.1493,6.95,26.9,-5.0,0.4056,0.1474,6.7,0.2,0.9953,0.1597,0.128,0.118
2026-08-06,-60.0,-137.65,0.0,0.0449,0.0642,0.0826,7.92,79.1,-10.5,0.0626,-0.0133,5.1,0.2,0.9953,0.1284,0.1254,0.1043
2026-08-06,-60.0,-116.47,0.0603,0.0234,0.0421,0.0423,16.52,41.4,-6.5,0.2323,-0.0572,5.9,0.2,0.9953,0.0345,0.079,0.0935
2026-08-06,-60.0,-95.29,0.0972,0.0829,0.1572,0.0889,14.12,327.3,-7.5,0.3,0.0004,4.0,0.2,0.9953,0.0793,0.0746,0.1136
2026-08-06,-60.0,-74.12,0.118,0.0959,0.1265,0.0746,15.55,337.6,-4.0,0.122,-0.1707,6.3,0.2,0.9953,0.075,0.0286,0.0902
2026-08-06,-60.0,-52.94,0.1297,0.1335,0.2065,0.1857,17.86,28.8,-8.8,0.2637,-0.0129,6.5,0.2,0.9953,0.1537,0.1936,0.1248
2026-08-06,-60.0,-31.76,0.1676,0.1063,0.1383,0.2114,14.58,152.8,-8.7,0.09,0.0516,7.7,0.2,0.9953,0.2218,0.1969,0.1682
2026-08-06,-60.0,-10.59,0.2572,0.2029,0.2134,0.153,10.02,25.1,-4.9,0.0526,0.0665,4.3,0.2,0.9953,0.2312,0.2234,0.2156
2026-08-06,-60.0,10.59,0.2848,0.2233,0.2074,0.2411,5.67,208.1,-6.1,0.0897,-0.0804,6.8,0.2,0.9953,0.1646,0.1938,0.2265
2026-08-06,-60.0,31.76,0.3759,0.249,0.2376,0.3237,17.71,102.7,-3.9,0.3103,0.0883,4.8,0.2,0.9953,0.2455,0.3069,0.3198
2026-08-06,-60.0,52.94,0.3184,0.2876,0.2731,0.2085,16.54,73.6,-12.0,0.4024,-0.2427,4.7,0.2,0.9953,0.274,0.2958,0.2412
2026-08-06,-60.0,74.12,0.2677,0.2949,0.2481,0.3605,7.99,11.1,-15.4,0.183,0.2244,4.5,0.2,0.9953,0.2049,0.2372,0.3164
2026-08-06,-60.0,95.29,0.2495,0.3045,0.2714,0.2643,13.09,330.5,-6.1,0.0571,0.025,8.3,0.2,0.9953,0.2441,0.2701,0.2626
2026-08-06,-60.0,116.47,0.2181,0.2616,0.1471,0.2409,9.96,179.2,-5.2,0.2696,-0.06,8.0,0.2,0.9953,0.2862,0.2348,0.217
2026-08-06,-60.0,137.65,0.19,0.1499,0.1957,0.2165,6.58,1.0,-9.0,0.2993,-0.0749,6.3,0.2,0.9953,0.1757,0.1915,0.2231
2026-08-06,-60.0,158.82,0.1715,0.1025,0.1857,0.1615,16.55,307.2,-7.3,0.0779,0.0869,6.2,0.2,0.9953,0.1518,0.0921,0.1912
2026-08-06,-60.0,180.0,0.126,0.1008,0.1191,0.143,11.93,108.7,-7.9,0.165,-0.0935,6.2,0.2,0.9953,0.0901,0.1346,0.197
2026-08-07,-80.0,-180.0,0.8599,0.8181,0.8589,0.8862,7.88,249.1,-29.1,0.245,0.0279,-3.5,1.0,0.994,0.8419,0.9125,0.8151
2026-08-07,-80.0,-158.82,0.7887,0.7973,0.7677,0.8611,14.62,232.6,-26.8,0.3485,-0.0635,-2.6,1.0,0.994,0.7734,0.8855,0.8187
2026-08-07,-80.0,-137.65,0.7472,0.8505,0.8403,0.8087,10.58,186.1,-24.9,0.4232,-0.0832,-2.5,1.0,0.994,0.7913,0.7765,0.7692
2026-08-07,-80.0,-116.47,0.9055,0.7437,0.7204,0.8202,8.21,354.1,-16.7,0.3985,-0.0818,-3.3,1.0,0.994,0.7715,0.8015,0.783
2026-08-07,-80.0,-95.29,0.7939,0.7802,0.7965,0.8208,8.32,333.1,-28.7,0.4264,0.0323,-1.9,1.0,0.994,0.8293,0.8074,0.7352
2026-08-07,-80.0,-74.12,0.8192,0.7822,0.8207,0.8054,12.47,280.0,-32.1,0.1813,0.1584,-2.4,1.0,0.994,0.8022,0.8377,0.8372
2026-08-07,-80.0,-52.94,0.9345,0.8815,0.8858,0.868,16.72,194.0,-21.8,0.3454,0.0487,-2.1,1.0,0.994,0.8732,0.8586,0.9179
2026-08-07,-80.0,-31.76,0.8792,0.833,0.8766,0.8855,6.91,64.3,-27.1,0.3283,0.1036,-1.6,1.0,0.994,0.8519,0.8138,0.8387
2026-08-07,-80.0,-10.59,0.9092,1.0,1.0,0.855,12.2,66.3,-23.4,0.1432,0.0833,-3.6,1.0,0.994,0.9919,0.995,0.9187
2026-08-07,-80.0,10.59,0.9135,0.9426,1.0,0.8754,11.64,30.4,-29.1,0.0702,-0.1186,-4.9,1.0,0.994,1.0,0.9336,0.9193
2026-08-07,-80.0,31.76,0.9745,1.0,0.9892,1.0,11.44,175.2,-26.1,0.2232,0.0216,-1.9,1.0,0.994,1.0,0.9675,0.9356
2026-08-07,-80.0,52.94,0.9813,0.9666,0.9794,0.9676,9.03,354.8,-24.3,0.2492,0.1214,-2.4,1.0,0.994,0.9885,0.952,1.0
2026-08-07,-80.0,74.12,0.9577,0.9684,0.9419,1.0,11.73,224.7,-21.3,0.4224,0.0878,-2.7,1.0,0.994,1.0,1.0,0.9779
2026-08-07,-80.0,95.29,0.9286,1.0,0.984,1.0,5.72,179.7,-26.7,0.1875,-0.1029,-2.5,1.0,0.994,0.9335,1.0,0.972
2026-08-07,-80.0,116.47,1.0,0.878,0.9245,0.9484,17.55,201.3,-28.3,0.3967,-0.3098,-2.6,1.0,0.994,1.0,0.9593,1.0
2026-08-07,-80.0,137.65,0.9134,0.9671,0.922,0.9293,7.93,51.0,-22.4,0.2433,0.1867,-2.9,1.0,0.994,0.9203,0.9575,0.9121
2026-08-07,-80.0,158.82,0.8633,0.8951,0.8604,0.8866,6.37,155.0,-20.3,0.2462,0.0504,-2.4,1.0,0.994,0.8846,0.8524,0.9106
2026-08-07,-80.0,180.0,0.858,0.8331,0.8518,0.8484,5.66,261.4,-20.7,0.1908,0.136,-0.8,1.0,0.994,0.8142,0.8545,0.8762
2026-08-07,-78.57,-180.0,0.7113,0.7524,0.7275,0.8592,16.4,24.0,-20.5,0.4332,0.1176,-0.6,0.9429,0.994,0.7758,0.7992,0.7766
2026-08-07,-78.57,-158.82,0.7643,0.7752,0.7706,0.8572,11.53,284.0,-15.6,0.1587,-0.0307,-1.4,0.9429,0.994,0.7616,0.7364,0.7896
2026-08-07,-78.57,-137.65,0.7572,0.7816,0.7668,0.7472,17.01,261.5,-23.8,0.3123,-0.2254,-1.5,0.9429,0.994,0.8896,0.7653,0.6916
2026-08-07,-78.57,-116.47,0.7195,0.8143,0.7574,0.7806,9.02,227.0,-20.7,0.297,-0.1366,-1.7,0.9429,0.994,0.676,0.726,0.7048
2026-08-07,-78.57,-95.29,0.7932,0.7503,0.891,0.6987,13.96,99.2,-20.1,0.3401,0.1682,-0.5,0.9429,0.994,0.7232,0.7893,0.7446
2026-08-07,-78.57,-74.12,0.8006,0.7302,0.8108,0.7277,15.31,340.6,-27.9,0.3955,0.1107,-1.0,0.9429,0.994,0.7832,0.7209,0.7556
2026-08-07,-78.57,-52.94,0.8126,0.8017,0.7506,0.806,9.3,66.0,-20.6,0.1507,-0.1316,-1.6,0.9429,0.994,0.765,0.7151,0.8753
2026-08-07,-78.57,-31.76,0.8728,0.8194,0.83,0.7782,15.82,352.1,-25.0,0.1111,0.1362,-1.2,0.9429,0.994,0.8962,0.8554,0.8787
2026-08-07,-78.57,-10.59,0.8595,0.8639,0.8505,0.8533,16.0,177.3,-26.4,0.1263,-0.1466,-0.3,0.9429,0.994,0.8214,0.8289,0.9657
2026-08-07,-78.57,10.59,0.953,0.8468,0.8944,0.9701,13.45,247.8,-24.7,0.3365,-0.199,-1.4,0.9429,0.994,0.9419,0.9249,0.8403
2026-08-07,-78.57,31.76,0.9421,0.915,0.9244,0.885,5.9,57.5,-24.0,0.3509,-0.1699,-1.6,0.9429,0.994,0.9253,0.8979,0.9155
2026-08-07,-78.57,52.94,0.9295,0.8763,0.9924,0.963,10.75,324.0,-18.5,0.3229,-0.0893,-0.9,0.9429,0.994,0.8686,0.9135,0.9291
2026-08-07,-78.57,74.12,0.9414,1.0,0.949,0.9311,9.05,299.0,-25.1,0.3074,0.2731,-4.2,0.9429,0.994,0.9164,1.0,0.8983
2026-08-07,-78.57,95.29,0.9575,0.9324,0.9605,0.9154,6.89,46.6,-26.9,0.1443,0.0449,-0.8,0.9429,0.994,0.9318,0.9492,0.9804
2026-08-07,-78.57,116.47,0.979,0.9077,0.8577,0.9375,17.3,322.4,-26.3,0.164,0.42,-0.3,0.9429,0.994,0.8903,0.8791,0.9326
2026-08-07,-78.57,137.65,0.8711,0.8883,0.869,0.8745,12.16,273.0,-21.1,0.3741,-0.1534,-1.8,0.9429,0.994,0.8526,0.9003,0.7994
2026-08-07,-78.57,158.82,0.7259,0.7874,0.8596,0.8127,5.65,114.7,-24.1,0.2506,0.0201,-3.7,0.9429,0.994,0.8409,0.7918,0.7996
2026-08-07,-78.57,180.0,0.7778,0.7894,0.7442,0.8368,14.72,253.0,-24.9,0.2202,-0.125,-0.6,0.9429,0.994,0.7847,0.8165,0.727
2026-08-07,-77.14,-180.0,0.7125,0.791,0.711,0.7568,17.4,277.3,-24.0,0.3169,0.082,-0.3,0.8857,0.994,0.7349,0.7326,0.7264
2026-08-07,-77.14,-158.82,0.7042,0.7513,0.7384,0.6693,17.49,17.9,-20.3,0.3286,-0.229,0.2,0.8857,0.994,0.784,0.7331,0.7384
2026-08-07,-77.14,-137.65,0.7514,0.6826,0.7045,0.7229,11.97,100.9,-19.2,0.3535,0.0011,-0.7,0.8857,0.994,0.694,0.6909,0.7044
2026-08-07,-77.14,-116.47,0.6305,0.6935,0.7212,0.7408,6.72,180.4,-24.6,0.2215,-0.1438,-0.4,0.8857,0.994,0.7167,0.6877,0.7104
2026-08-07,-77.14,-95.29,0.7121,0.7157,0.7597,0.7364,17.98,170.5,-20.7,0.3756,0.1777,-1.9,0.8857,0.994,0.6532,0.7169,0.6801
2026-08-07,-77.14,-74.12,0.7567,0.6648,0.7222,0.7078,5.45,167.3,-21.0,0.0613,0.2782,-0.6,0.8857,0.994,0.6799,0.6224,0.7085
2026-08-07,-77.14,-52.94,0.7336,0.6811,0.7955,0.782,5.52,285.4,-26.2,0.085,-0.0217,-0.2,0.8857,0.994,0.8188,0.7277,0.761
2026-08-07,-77.14,-31.76,0.7977,0.7887,0.7915,0.8759,14.32,23.1,-23.4,0.0503,0.0762,0.5,0.8857,0.994,0.7207,0.7537,0.7381
2026-08-07,-77.14,-10.59,0.8349,0.8555,0.8383,0.7748,11.97,238.3,-18.5,0.392,-0.1293,-0.9,0.8857,0.994,0.8066,0.7984,0.7868
2026-08-07,-77.14,10.59,0.8285,0.8006,0.8291,0.8572,8.23,213.0,-28.4,0.3455,0.0916,-1.9,0.8857,0.994,0.8522,0.8715,0.8479
2026-08-07,-77.14,31.76,0.8985,0.8832,0.8526,0.8831,10.75,110.0,-21.7,0.1291,-0.1604,-1.0,0.8857,0.994,0.8953,0.907,0.8708
2026-08-07,-77.14,52.94,0.8588,0.8905,0.9132,0.9285,17.09,61.2,-21.4,0.2764,0.0538,0.1,0.8857,0.994,0.8682,0.8765,0.877
2026-08-07,-77.14,74.12,0.892,0.8627,0.8503,0.8331,8.26,340.8,-20.5,0.1217,0.2428,-2.1,0.8857,0.994,0.9087,0.8809,0.92
2026-08-07,-77.14,95.29,0.8999,0.8611,0.927,0.8897,17.12,49.7,-21.3,0.3473,0.0431,0.3,0.8857,0.994,0.9239,0.86,0.9051
2026-08-07,-77.14,116.47,0.8348,0.8564,0.8401,0.8572,17.66,215.7,-22.8,0.2763,0.0436,0.3,0.8857,0.994,0.8399,0.843,0.8866
2026-08-07,-77.14,137.65,0.8313,0.8461,0.7509,0.8342,14.21,174.0,-22.1,0.1974,-0.1934,1.3,0.8857,0.994,0.8469,0.8473,0.8124
2026-08-07,-77.14,158.82,0.7964,0.7953,0.7877,0.7461,5.33,198.3,-25.4,0.0947,-0.1089,-1.6,0.8857,0.994,0.8208,0.754,0.7827
2026-08-07,-77.14,180.0,0.7415,0.8035,0.6601,0.7498,15.9,73.8,-22.4,0.2162,0.0158,0.4,0.8857,0.994,0.7412,0.7581,0.7936
2026-08-07,-75.71,-180.0,0.7497,0.742,0.6425,0.6983,6.89,24.0,-23.7,0.4101,0.1561,-0.2,0.8286,0.994,0.7172,0.7179,0.7061
2026-08-07,-75.71,-158.82,0.6401,0.6269,0.664,0.6365,16.8,296.3,-23.2,0.292,0.2462,-1.5,0.8286,0.994,0.5919,0.6824,0.6204
2026-08-07,-75.71,-137.65,0.6371,0.6449,0.6646,0.6243,16.96,353.0,-18.7,0.3708,0.1405,1.0,0.8286,0.994,0.7091,0.6552,0.5952
2026-08-07,-75.71,-116.47,0.5711,0.677,0.5994,0.6974,17.22,2.8,-22.2,0.0783,-0.0586,0.5,0.8286,0.994,0.6795,0.6267,0.6347
2026-08-07,-75.71,-95.29,0.6778,0.6518,0.6507,0.6853,6.63,289.8,-20.0,0.085,0.1885,-1.2,0.8286,0.994,0.6591,0.7025,0.5973
2026-08-07,-75.71,-74.12,0.6517,0.6943,0.6406,0.616,13.09,328.8,-16.8,0.3474,0.2675,-0.1,0.8286,0.994,0.6871,0.621,0.762
2026-08-07,-75.71,-52.94,0.7847,0.6763,0.7119,0.6915,7.29,50.2,-18.4,0.2032,-0.4162,0.3,0.8286,0.994,0.6737,0.7544,0.6946
2026-08-07,-75.71,-31.76,0.772,0.6541,0.8004,0.7201,12.27,219.1,-21.9,0.1959,-0.0858,-1.2,0.8286,0.994,0.7118,0.7315,0.7904
2026-08-07,-75.71,-10.59,0.6983,0.7042,0.8007,0.7296,14.92,215.6,-19.0,0.3734,-0.0529,0.8,0.8286,0.994,0.7494,0.7638,0.8104
2026-08-07,-75.71,10.59,0.7587,0.7907,0.7894,0.7842,10.47,186.5,-11.8,0.1138,-0.15,1.2,0.8286,0.994,0.8133,0.7252,0.8902
2026-08-07,-75.71,31.76,0.8051,0.8523,0.8436,0.8216,15.34,21.3,-23.2,0.3401,0.072,-0.8,0.8286,0.994,0.8787,0.8241,0.8453
2026-08-07,-75.71,52.94,0.8306,0.9283,0.9423,0.8487,8.48,232.1,-23.9,0.2544,0.0457,0.1,0.8286,0.994,0.8511,0.8591,0.9042
2026-08-07,-75.71,74.12,0.8145,0.7871,0.9193,0.8197,10.89,28.1,-23.8,0.2128,0.0093,1.1,0.8286,0.994,0.9311,0.8488,0.8327
2026-08-07,-75.71,95.29,0.7974,0.8836,0.851,1.0,5.73,73.2,-18.3,0.2115,0.1733,0.3,0.8286,0.994,0.8413,0.8299,0.848
2026-08-07,-75.71,116.47,0.7842,0.8215,0.7609,0.7949,9.08,90.5,-24.6,0.3463,0.0231,-1.4,0.8286,0.994,0.8519,0.822,0.7309
2026-08-07,-75.71,137.65,0.7411,0.7804,0.731,0.7945,14.5,339.1,-21.9,0.417,0.0349,1.6,0.8286,0.994,0.7769,0.7256,0.732
2026-08-07,-75.71,158.82,0.7817,0.7408,0.7653,0.6583,13.87,47.7,-23.4,0.3514,-0.2044,-0.4,0.8286,0.994,0.7294,0.7433,0.7525
2026-08-07,-75.71,180.0,0.8005,0.6494,0.6467,0.7078,14.07,357.0,-20.2,0.1496,0.0646,0.0,0.8286,0.994,0.6943,0.6901,0.6238
2026-08-07,-74.29,-180.0,0.6056,0.5822,0.6537,0.5909,16.75,189.1,-20.0,0.2611,-0.0162,0.0,0.7714,0.994,0.5837,0.6527,0.664
2026-08-07,-74.29,-158.82,0.7108,0.6577,0.5613,0.6428,6.32,39.4,-23.5,0.0819,0.1331,1.5,0.7714,0.994,0.6138,0.6301,0.6326
2026-08-07,-74.29,-137.65,0.6054,0.5961,0.6279,0.6258,15.2,35.0,-26.1,0.1761,-0.0256,-0.2,0.7714,0.994,0.5543,0.5722,0.6247
2026-08-07,-74.29,-116.47,0.606,0.5529,0.6016,0.5615,16.77,237.5,-13.0,0.2745,0.0072,-1.1,0.7714,0.994,0.6025,0.5764,0.5274
2026-08-07,-74.29,-95.29,0.614,0.6541,0.5936,0.6223,6.07,328.8,-23.1,0.2691,0.1807,0.2,0.7714,0.994,0.597,0.553,0.5933
2026-08-07,-74.29,-74.12,0.6242,0.6207,0.6506,0.599,17.1,353.2,-23.3,0.4064,-0.0761,-0.7,0.7714,0.994,0.6508,0.6016,0.7334
2026-08-07,-74.29,-52.94,0.6613,0.64,0.5599,0.5689,17.56,254.8,-19.9,0.2253,0.063,-0.9,0.7714,0.994,0.6514,0.6272,0.7032
2026-08-07,-74.29,-31.76,0.6857,0.7276,0.6779,0.6491,17.21,181.0,-22.1,0.3137,-0.013,0.6,0.7714,0.994,0.7493,0.7019,0.7217
2026-08-07,-74.29,-10.59,0.7323,0.7427,0.7116,0.7056,16.58,231.3,-16.6,0.1784,-0.0656,0.9,0.7714,0.994,0.7194,0.7743,0.7351
2026-08-07,-74.29,10.59,0.7522,0.7686,0.6462,0.7743,10.67,254.6,-21.9,0.1546,-0.128,2.0,0.7714,0.994,0.7684,0.7315,0.7803
2026-08-07,-74.29,31.76,0.8776,0.6768,0.7176,0.7855,8.77,195.5,-19.2,0.1146,0.0006,-1.6,0.7714,0.994,0.8646,0.7712,0.7871
2026-08-07,-74.29,52.94,0.7465,0.8395,0.7936,0.7988,17.42,170.7,-23.5,0.2761,-0.219,-0.2,0.7714,0.994,0.7916,0.7664,0.8179
2026-08-07,-74.29,74.12,0.7666,0.8348,0.7737,0.8139,7.5,291.8,-22.4,0.4002,-0.252,0.9,0.7714,0.994,0.7329,0.8176,0.8624
2026-08-07,-74.29,95.29,0.8168,0.8117,0.7567,0.8173,10.65,63.0,-17.4,0.0853,-0.0426,1.7,0.7714,0.994,0.7198,0.767,0.7507
2026-08-07,-74.29,116.47,0.7243,0.7139,0.7866,0.7197,9.42,102.6,-14.8,0.4065,-0.0225,0.2,0.7714,0.994,0.6994,0.7595,0.7763
2026-08-07,-74.29,137.65,0.6504,0.6731,0.7332,0.7706,17.94,201.0,-26.0,0.0799,-0.0752,0.8,0.7714,0.994,0.7706,0.7658,0.7523
2026-08-07,-74.29,158.82,0.7191,0.6774,0.7185,0.6679,14.31,265.3,-25.1,0.3979,0.0417,1.5,0.7714,0.994,0.6699,0.6588,0.6173
2026-08-07,-74.29,180.0,0.6603,0.6477,0.6052,0.5883,9.67,124.4,-14.1,0.4261,0.0431,0.5,0.7714,0.994,0.6231,0.6318,0.6422
2026-08-07,-72.86,-180.0,0.6314,0.5739,0.6325,0.6196,5.33,237.0,-16.0,0.2478,0.2739,0.1,0.7143,0.994,0.5178,0.5647,0.5905
2026-08-07,-72.86,-158.82,0.5492,0.5667,0.6012,0.5218,8.16,208.3,-15.2,0.3502,-0.1671,1.2,0.7143,0.994,0.5494,0.5543,0.5587
2026-08-07,-72.86,-137.65,0.5786,0.4781,0.5336,0.547,17.79,282.2,-21.4,0.1063,-0.1003,-1.2,0.7143,0.994,0.5853,0.5802,0.5265
2026-08-07,-72.86,-116.47,0.5234,0.5666,0.5572,0.5315,5.48,75.7,-17.0,0.1014,0.0915,0.1,0.7143,0.994,0.6104,0.4823,0.5029
2026-08-07,-72.86,-95.29,0.5256,0.5609,0.5261,0.5395,11.41,89.7,-21.5,0.2303,-0.3327,1.2,0.7143,0.994,0.4965,0.5779,0.5577
2026-08-07,-72.86,-74.12,0.595,0.5725,0.5789,0.6013,11.6,215.8,-20.7,0.3761,0.2462,0.2,0.7143,0.994,0.598,0.528,0.5794
2026-08-07,-72.86,-52.94,0.6465,0.6366,0.5542,0.6065,16.38,33.4,-17.5,0.2285,-0.339,0.7,0.7143,0.994,0.612,0.5902,0.61
2026-08-07,-72.86,-31.76,0.5831,0.6576,0.6622,0.679,17.52,252.1,-18.1,0.4287,-0.1362,1.2,0.7143,0.994,0.626,0.6312,0.6603
2026-08-07,-72.86,-10.59,0.6435,0.6717,0.6703,0.645,7.09,178.2,-20.7,0.2841,-0.0112,2.5,0.7143,0.994,0.685,0.6642,0.685
2026-08-07,-72.86,10.59,0.6927,0.7138,0.7007,0.6335,10.21,346.1,-22.6,0.3236,0.1425,1.0,0.7143,0.994,0.74,0.7788,0.7219
2026-08-07,-72.86,31.76,0.7309,0.7422,0.7839,0.7065,11.53,182.2,-18.1,0.2079,0.1417,0.7,0.7143,0.994,0.723,0.7545,0.7391
2026-08-07,-72.86,52.94,0.722,0.7252,0.7524,0.7567,10.23,110.0,-17.2,0.1133,0.1037,-0.8,0.7143,0.994,0.7559,0.741,0.7609
2026-08-07,-72.86,74.12,0.7418,0.639,0.7276,0.7074,5.03,175.8,-19.2,0.2871,-0.0015,1.0,0.7143,0.994,0.6743,0.7522,0.7397
2026-08-07,-72.86,95.29,0.7302,0.766,0.8009,0.7153,14.23,113.5,-17.9,0.4174,0.1064,2.7,0.7143,0.994,0.7462,0.714,0.6422
2026-08-07,-72.86,116.47,0.6372,0.6782,0.6759,0.7256,13.3,218.4,-22.8,0.1949,-0.0021,0.9,0.7143,0.994,0.7277,0.7247,0.7438
2026-08-07,-72.86,137.65,0.7227,0.7047,0.7008,0.6366,6.64,0.3,-17.6,0.4101,0.0283,1.3,0.7143,0.994,0.625,0.6716,0.6235
2026-08-07,-72.86,158.82,0.6466,0.5963,0.5942,0.642,14.55,90.4,-18.4,0.0695,0.0255,-1.3,0.7143,0.994,0.5773,0.5839,0.6511
2026-08-07,-72.86,180.0,0.6153,0.6191,0.5507,0.5933,17.05,46.1,-15.5,0.1404,0.1101,1.8,0.7143,0.994,0.6984,0.5574,0.561
2026-08-07,-71.43,-180.0,0.4943,0.5893,0.4955,0.5579,14.37,304.1,-15.4,0.2247,-0.0641,1.9,0.6571,0.994,0.5272,0.515,0.537
2026-08-07,-71.43,-158.82,0.4945,0.4735,0.5474,0.4587,9.53,317.7,-18.4,0.2123,0.0128,1.3,0.6571,0.994,0.5831,0.4848,0.5172
2026-08-07,-71.43,-137.65,0.4342,0.5107,0.4748,0.5204,6.93,96.3,-12.8,0.3284,-0.0836,1.9,0.6571,0.994,0.502,0.4902,0.4925
2026-08-07,-71.43,-116.47,0.5135,0.5339,0.5263,0.5092,15.33,18.0,-16.2,0.3585,0.1145,-0.4,0.6571,0.994,0.5173,0.4483,0.4845
2026-08-07,-71.43,-95.29,0.4607,0.4721,0.4907,0.5141,8.59,115.5,-21.0,0.0872,0.0471,0.7,0.6571,0.994,0.5523,0.4611,0.5257
2026-08-07,-71.43,-74.12,0.5516,0.5915,0.5228,0.4691,6.26,250.3,-20.3,0.2691,-0.1515,1.3,0.6571,0.994,0.5441,0.5678,0.5377
2026-08-07,-71.43,-52.94,0.5348,0.5152,0.5127,0.6557,17.62,181.2,-19.1,0.2031,0.1358,1.9,0.6571,0.994,0.4819,0.5272,0.6059
2026-08-07,-71.43,-31.76,0.509,0.5247,0.5925,0.5617,5.67,352.4,-22.8,0.2939,0.0316,2.6,0.6571,0.994,0.5874,0.5582,0.6063
2026-08-07,-71.43,-10.59,0.6061,0.6015,0.7064,0.6025,7.01,257.6,-20.6,0.1383,0.096,3.1,0.6571,0.994,0.6296,0.5938,0.6374
2026-08-07,-71.43,10.59,0.6836,0.7162,0.6679,0.6129,15.87,155.0,-21.7,0.1061,0.0968,1.6,0.6571,0.994,0.6234,0.627,0.654
2026-08-07,-71.43,31.76,0.7234,0.6639,0.7233,0.6439,10.8,283.8,-17.1,0.4349,0.3095,3.4,0.6571,0.994,0.5737,0.6042,0.6539
2026-08-07,-71.43,52.94,0.6971,0.7245,0.6754,0.6401,8.65,34.5,-16.9,0.2412,0.0124,0.3,0.6571,0.994,0.7035,0.6813,0.6909
2026-08-07,-71.43,74.12,0.7449,0.7002,0.748,0.6419,13.49,58.8,-20.2,0.109,-0.0923,1.1,0.6571,0.994,0.7217,0.6799,0.6711
2026-08-07,-71.43,95.29,0.631,0.6566,0.6427,0.6588,5.54,84.1,-22.6,0.2278,-0.1218,2.4,0.6571,0.994,0.6586,0.6605,0.6278
2026-08-07,-71.43,116.47,0.6532,0.6163,0.6596,0.6127,12.86,173.8,-15.3,0.1818,-0.106,1.2,0.6571,0.994,0.625,0.6425,0.6384
2026-08-07,-71.43,137.65,0.6336,0.6396,0.6467,0.6198,6.37,270.3,-16.8,0.1493,-0.0511,1.3,0.6571,0.994,0.6585,0.6238,0.6106
2026-08-07,-71.43,158.82,0.5989,0.5861,0.6004,0.6127,15.13,166.0,-16.0,0.3781,0.413,0.7,0.6571,0.994,0.496,0.5895,0.5329
2026-08-07,-71.43,180.0,0.6151,0.5268,0.5434,0.6047,17.48,206.6,-19.5,0.2016,0.2403,2.5,0.6571,0.994,0.5033,0.4803,0.5017
2026-08-07,-70.0,-180.0,0.5051,0.5302,0.469,0.5244,14.26,112.9,-18.6,0.3751,0.0272,1.2,0.6,0.994,0.5073,0.5932,0.4932
2026-08-07,-70.0,-158.82,0.4407,0.4072,0.4713,0.5145,7.41,193.5,-18.1,0.1754,0.033,1.8,0.6,0.994,0.4064,0.5084,0.4602
2026-08-07,-70.0,-137.65,0.4485,0.4436,0.4738,0.4321,8.68,284.0,-14.9,0.1155,0.1603,1.7,0.6,0.994,0.4639,0.4789,0.4781
2026-08-07,-70.0,-116.47,0.4616,0.4758,0.4249,0.4481,9.66,217.9,-16.6,0.2209,-0.1306,3.3,0.6,0.994,0.4864,0.4417,0.3657
2026-08-07,-70.0,-95.29,0.4758,0.4385,0.4239,0.4385,9.07,108.2,-19.5,0.4194,0.1788,2.6,0.6,0.994,0.3585,0.466,0.4463
2026-08-07,-70.0,-74.12,0.5295,0.4263,0.4618,0.4492,11.51,89.1,-17.0,0.3135,-0.1919,2.0,0.6,0.994,0.5075,0.4986,0.4351
2026-08-07,-70.0,-52.94,0.5785,0.4566,0.525,0.4326,10.21,316.5,-16.2,0.1886,-0.0619,2.8,0.6,0.994,0.4805,0.507,0.5253
2026-08-07,-70.0,-31.76,0.6189,0.531,0.4692,0.4873,9.38,258.8,-22.9,0.3504,-0.0129,3.1,0.6,0.994,0.5551,0.5679,0.5233
2026-08-07,-70.0,-10.59,0.5678,0.6366,0.5715,0.6012,10.59,110.9,-19.3,0.3649,-0.0386,2.6,0.6,0.994,0.55,0.5197,0.5528
2026-08-07,-70.0,10.59,0.5597,0.6199,0.526,0.6101,17.99,299.3,-14.8,0.2526,-0.0995,2.6,0.6,0.994,0.5536,0.5912,0.5873
2026-08-07,-70.0,31.76,0.5975,0.5884,0.6451,0.6461,17.45,326.2,-17.4,0.3261,0.0336,3.6,0.6,0.994,0.683,0.6745,0.6294
2026-08-07,-70.0,52.94,0.6154,0.6362,0.6903,0.7279,9.21,135.5,-17.4,0.3062,0.2254,2.5,0.6,0.994,0.6173,0.617,0.6087
2026-08-07,-70.0,74.12,0.6117,0.6235,0.6145,0.6533,17.0,343.4,-14.9,0.4487,0.1242,2.6,0.6,0.994,0.5991,0.6825,0.5803
2026-08-07,-70.0,95.29,0.6085,0.6636,0.6129,0.6024,11.39,140.5,-22.5,0.1679,-0.0829,2.1,0.6,0.994,0.6512,0.6163,0.6763
2026-08-07,-70.0,116.47,0.5856,0.5948,0.5159,0.5756,17.37,180.8,-15.2,0.066,-0.0219,3.4,0.6,0.994,0.5924,0.5671,0.6422
2026-08-07,-70.0,137.65,0.5634,0.6032,0.5804,0.586,7.59,342.4,-15.5,0.3788,-0.033,1.9,0.6,0.994,0.5469,0.5785,0.5979
2026-08-07,-70.0,158.82,0.4823,0.5433,0.5685,0.491,8.29,6.3,-21.4,0.1028,-0.1202,1.2,0.6,0.994,0.4812,0.573,0.5261
2026-08-07,-70.0,180.0,0.4866,0.5118,0.515,0.5511,13.38,298.2,-17.5,0.3121,-0.0631,2.1,0.6,0.994,0.5132,0.5108,0.4828
2026-08-07,-68.57,-180.0,0.4567,0.3789,0.4676,0.3297,13.92,24.8,-14.1,0.3077,-0.0449,2.8,0.5429,0.994,0.4717,0.4511,0.4705
2026-08-07,-68.57,-158.82,0.4001,0.4217,0.3796,0.4828,8.03,239.0,-14.5,0.2074,0.2088,2.0,0.5429,0.994,0.4106,0.4222,0.4332
2026-08-07,-68.57,-137.65,0.3671,0.4014,0.4646,0.4491,11.41,166.2,-12.3,0.0913,0.1525,2.8,0.5429,0.994,0.4236,0.3541,0.4042
2026-08-07,-68.57,-116.47,0.4677,0.399,0.3139,0.343,12.57,243.4,-20.1,0.1442,-0.1085,2.4,0.5429,0.994,0.4006,0.4312,0.354
2026-08-07,-68.57,-95.29,0.3946,0.399,0.532,0.385,15.93,237.2,-18.4,0.0882,0.1774,3.2,0.5429,0.994,0.4305,0.4161,0.448
2026-08-07,-68.57,-74.12,0.3932,0.3493,0.2708,0.4826,11.06,65.1,-15.8,0.115,-0.1224,3.6,0.5429,0.994,0.4642,0.4404,0.4054
2026-08-07,-68.57,-52.94,0.4365,0.4562,0.489,0.4588,6.28,237.6,-16.4,0.3984,-0.1171,2.6,0.5429,0.994,0.377,0.424,0.4684
2026-08-07,-68.57,-31.76,0.5245,0.512,0.465,0.5596,12.6,44.8,-12.8,0.3397,0.054,2.1,0.5429,0.994,0.5618,0.4785,0.4742
2026-08-07,-68.57,-10.59,0.5332,0.5054,0.5228,0.5443,16.46,225.3,-13.4,0.1311,-0.0463,1.7,0.5429,0.994,0.5136,0.5217,0.4708
2026-08-07,-68.57,10.59,0.5082,0.438,0.5625,0.599,5.45,318.2,-17.8,0.1673,0.0654,3.8,0.5429,0.994,0.6286,0.5345,0.6508
2026-08-07,-68.57,31.76,0.5357,0.5708,0.5914,0.6157,17.58,85.0,-15.0,0.1977,0.0366,1.5,0.5429,0.994,0.5633,0.5953,0.559
2026-08-07,-68.57,52.94,0.5156,0.5842,0.5491,0.6356,14.02,255.8,-19.9,0.0664,-0.0027,2.9,0.5429,0.994,0.5601,0.5382,0.5868
2026-08-07,-68.57,74.12,0.5266,0.5188,0.6533,0.5758,13.63,39.6,-18.6,0.1595,-0.2609,2.2,0.5429,0.994,0.6432,0.5392,0.6173
2026-08-07,-68.57,95.29,0.6341,0.533,0.6446,0.5569,15.09,85.7,-16.2,0.37,0.0595,4.7,0.5429,0.994,0.5693,0.6131,0.5565
2026-08-07,-68.57,116.47,0.5772,0.5627,0.5115,0.6069,11.87,224.0,-13.6,0.0967,-0.0355,1.6,0.5429,0.994,0.58,0.5068,0.5561
2026-08-07,-68.57,137.65,0.4697,0.5815,0.472,0.4809,9.42,68.5,-17.3,0.1878,0.0827,2.6,0.5429,0.994,0.537,0.5766,0.5396
2026-08-07,-68.57,158.82,0.489,0.4922,0.5161,0.5418,9.78,270.5,-15.4,0.1502,-0.2282,0.3,0.5429,0.994,0.4582,0.4754,0.4053
2026-08-07,-68.57,180.0,0.442,0.4094,0.427,0.438,14.73,279.5,-17.6,0.2668,-0.1687,2.0,0.5429,0.994,0.4401,0.5393,0.4074
2026-08-07,-67.14,-180.0,0.3881,0.3491,0.4117,0.3325,12.36,71.1,-14.9,0.2639,0.1893,2.5,0.4857,0.994,0.3797,0.4264,0.3703
2026-08-07,-67.14,-158.82,0.3778,0.3378,0.3843,0.3706,16.94,101.5,-15.7,0.1195,-0.1134,4.6,0.4857,0.994,0.3789,0.3563,0.3373
2026-08-07,-67.14,-137.65,0.3327,0.3109,0.3987,0.3485,16.17,31.0,-9.2,0.2007,0.1273,3.0,0.4857,0.994,0.3174,0.3601,0.2882
2026-08-07,-67.14,-116.47,0.3825,0.308,0.2825,0.319,16.36,44.8,-19.7,0.4151,0.2016,3.8,0.4857,0.994,0.2831,0.431,0.363
2026-08-07,-67.14,-95.29,0.3884,0.3108,0.3293,0.379,17.47,58.4,-11.3,0.2811,0.1231,3.6,0.4857,0.994,0.345,0.3289,0.3759
2026-08-07,-67.14,-74.12,0.2764,0.3783,0.3445,0.3232,15.34,54.1,-19.3,0.0965,0.0302,3.6,0.4857,0.994,0.3844,0.3167,0.3667
2026-08-07,-67.14,-52.94,0.3463,0.3943,0.4015,0.4007,9.98,186.5,-12.6,0.0753,-0.1602,2.9,0.4857,0.994,0.4038,0.3588,0.3277
2026-08-07,-67.14,-31.76,0.4251,0.4033,0.4773,0.4323,13.99,354.9,-13.6,0.3122,0.1964,3.9,0.4857,0.994,0.4268,0.4384,0.4122
2026-08-07,-67.14,-10.59,0.4728,0.4847,0.4623,0.4422,11.09,118.6,-15.2,0.241,-0.1182,3.0,0.4857,0.994,0.4444,0.482,0.4079
2026-08-07,-67.14,10.59,0.4835,0.557,0.5796,0.526,15.13,143.0,-19.5,0.3419,-0.1875,3.3,0.4857,0.994,0.4856,0.4284,0.5342
2026-08-07,-67.14,31.76,0.5206,0.5107,0.6078,0.5814,14.17,104.8,-16.1,0.2331,0.1453,0.4,0.4857,0.994,0.4774,0.5193,0.5555
2026-08-07,-67.14,52.94,0.5915,0.4603,0.5632,0.4962,7.95,143.6,-8.7,0.3285,-0.3054,2.9,0.4857,0.994,0.4955,0.5992,0.535
2026-08-07,-67.14,74.12,0.5109,0.5106,0.5571,0.5063,15.79,298.6,-14.5,0.1644,-0.207,2.8,0.4857,0.994,0.5187,0.5599,0.5325
2026-08-07,-67.14,95.29,0.5403,0.4928,0.5758,0.5611,11.64,141.4,-16.8,0.1703,-0.0113,4.5,0.4857,0.994,0.5259,0.5537,0.532
2026-08-07,-67.14,116.47,0.4856,0.5377,0.5029,0.5093,10.57,150.4,-16.0,0.336,-0.0052,2.5,0.4857,0.994,0.4967,0.4228,0.4208
2026-08-07,-67.14,137.65,0.4606,0.4172,0.4595,0.402,6.55,162.8,-13.5,0.3309,-0.1514,4.3,0.4857,0.994,0.5005,0.4626,0.4799
2026-08-07,-67.14,158.82,0.4281,0.4365,0.3953,0.4226,10.03,324.0,-13.4,0.1698,-0.0787,3.7,0.4857,0.994,0.3853,0.3657,0.4531
2026-08-07,-67.14,180.0,0.4087,0.4859,0.3919,0.4165,16.86,219.3,-17.7,0.4222,0.0815,3.5,0.4857,0.994,0.3185,0.4207,0.361
2026-08-07,-65.71,-180.0,0.2594,0.344,0.3232,0.2911,13.46,132.9,-17.1,0.4037,-0.3839,5.1,0.4286,0.994,0.3934,0.2656,0.3475
2026-08-07,-65.71,-158.82,0.3122,0.349,0.2587,0.3113,16.54,116.5,-15.7,0.2602,0.154,3.2,0.4286,0.994,0.3336,0.3162,0.3425
2026-08-07,-65.71,-137.65,0.3521,0.2669,0.3237,0.2728,7.87,81.9,-19.4,0.3099,-0.0619,4.5,0.4286,0.994,0.3038,0.2583,0.2991
2026-08-07,-65.71,-116.47,0.2147,0.301,0.2694,0.239,7.46,165.8,-15.3,0.2825,0.0145,4.1,0.4286,0.994,0.3604,0.2871,0.3058
2026-08-07,-65.71,-95.29,0.2691,0.2961,0.238,0.2478,11.0,62.2,-15.2,0.3736,0.1596,1.9,0.4286,0.994,0.3109,0.2774,0.2293
2026-08-07,-65.71,-74.12,0.2775,0.3499,0.2838,0.3465,5.28,208.8,-11.6,0.3243,-0.0464,1.7,0.4286,0.994,0.2802,0.2694,0.286
2026-08-07,-65.71,-52.94,0.3862,0.3202,0.3528,0.3558,16.86,219.3,-16.5,0.4222,0.0815,4.1,0.4286,0.994,0.3495,0.3866,0.3951
2026-08-07,-65.71,-31.76,0.3744,0.3097,0.3818,0.3564,5.48,308.0,-16.0,0.4395,-0.0462,3.5,0.4286,0.994,0.3858,0.3562,0.4208
2026-08-07,-65.71,-10.59,0.3562,0.4249,0.4062,0.4038,6.55,162.8,-12.4,0.3309,-0.1514,4.8,0.4286,0.994,0.4667,0.4154,0.4198
2026-08-07,-65.71,10.59,0.4981,0.4562,0.4958,0.4663,10.57,150.4,-14.8,0.336,-0.0052,3.1,0.4286,0.994,0.462,0.4421,0.4491
2026-08-07,-65.71,31.76,0.4738,0.4226,0.409,0.3784,11.17,320.9,-16.7,0.3185,-0.1603,1.9,0.4286,0.994,0.4884,0.5089,0.4464
2026-08-07,-65.71,52.94,0.5378,0.4677,0.4265,0.4269,15.79,298.6,-13.4,0.1644,-0.207,3.3,0.4286,0.994,0.5259,0.4576,0.5416
2026-08-07,-65.71,74.12,0.5324,0.5161,0.5289,0.5247,7.95,143.6,-7.5,0.3285,-0.3054,3.5,0.4286,0.994,0.4477,0.4625,0.4356
2026-08-07,-65.71,95.29,0.4007,0.4445,0.4495,0.4851,14.17,104.8,-15.0,0.2331,0.1453,0.9,0.4286,0.994,0.4632,0.3805,0.4577
2026-08-07,-65.71,116.47,0.4085,0.4937,0.4579,0.4085,15.13,143.0,-18.3,0.3419,-0.1875,3.8,0.4286,0.994,0.4333,0.4098,0.4738
2026-08-07,-65.71,137.65,0.36,0.3561,0.3802,0.43,11.09,118.6,-14.0,0.241,-0.1182,3.5,0.4286,0.994,0.4806,0.4423,0.4457
2026-08-07,-65.71,158.82,0.2989,0.3676,0.3925,0.3894,13.99,354.9,-12.5,0.3122,0.1964,4.4,0.4286,0.994,0.4118,0.3814,0.3715
2026-08-07,-65.71,180.0,0.2985,0.3491,0.402,0.3188,9.98,186.5,-11.5,0.0753,-0.1602,3.4,0.4286,0.994,0.3572,0.3539,0.3516
2026-08-07,-64.29,-180.0,0.2572,0.2756,0.3016,0.2297,16.73,49.9,-14.3,0.3066,0.1381,6.2,0.3714,0.994,0.3272,0.2598,0.3077
2026-08-07,-64.29,-158.82,0.1842,0.284,0.2261,0.2351,12.44,113.7,-23.1,0.1947,0.1467,3.7,0.3714,0.994,0.2943,0.2124,0.2154
2026-08-07,-64.29,-137.65,0.2322,0.1771,0.1742,0.2294,6.29,188.8,-5.4,0.0518,-0.1476,2.9,0.3714,0.994,0.2769,0.2013,0.3498
2026-08-07,-64.29,-116.47,0.2733,0.167,0.2679,0.2596,7.96,288.5,-10.4,0.1528,0.0286,6.7,0.3714,0.994,0.2884,0.2872,0.2884
2026-08-07,-64.29,-95.29,0.3152,0.2702,0.308,0.2111,9.45,69.6,-17.9,0.3109,-0.0422,3.3,0.3714,0.994,0.2701,0.2228,0.2635
2026-08-07,-64.29,-74.12,0.3042,0.2814,0.265,0.2454,17.53,154.7,-17.9,0.3487,0.0224,2.1,0.3714,0.994,0.2059,0.1948,0.2321
2026-08-07,-64.29,-52.94,0.2878,0.2297,0.2555,0.3201,14.73,279.5,-14.2,0.2668,-0.1687,3.7,0.3714,0.994,0.2881,0.3419,0.2875
2026-08-07,-64.29,-31.76,0.3054,0.2602,0.3534,0.3524,9.78,270.5,-12.0,0.1502,-0.2282,2.0,0.3714,0.994,0.3791,0.3088,0.3577
2026-08-07,-64.29,-10.59,0.3369,0.3818,0.3909,0.4066,9.42,68.5,-13.9,0.1878,0.0827,4.3,0.3714,0.994,0.327,0.3762,0.3409
2026-08-07,-64.29,10.59,0.3356,0.3582,0.448,0.3882,11.87,224.0,-10.2,0.0967,-0.0355,3.3,0.3714,0.994,0.4941,0.3425,0.4172
2026-08-07,-64.29,31.76,0.3903,0.3799,0.433,0.343,15.09,85.7,-12.7,0.37,0.0595,6.4,0.3714,0.994,0.464,0.413,0.4438
2026-08-07,-64.29,52.94,0.44,0.3896,0.4397,0.3875,13.63,39.6,-15.2,0.1595,-0.2609,3.9,0.3714,0.994,0.4012,0.399,0.436
2026-08-07,-64.29,74.12,0.4349,0.4958,0.4682,0.3702,14.02,255.8,-16.5,0.0664,-0.0027,4.6,0.3714,0.994,0.4141,0.3405,0.4802
2026-08-07,-64.29,95.29,0.4932,0.4648,0.3805,0.3739,17.58,85.0,-11.6,0.1977,0.0366,3.2,0.3714,0.994,0.4202,0.4554,0.4996
2026-08-07,-64.29,116.47,0.4124,0.4202,0.3931,0.4156,5.45,318.2,-14.4,0.1673,0.0654,5.5,0.3714,0.994,0.3938,0.4262,0.3452
2026-08-07,-64.29,137.65,0.4553,0.4062,0.3305,0.394,15.54,70.7,-5.6,0.3705,0.0983,2.8,0.3714,0.994,0.3954,0.3317,0.3834
2026-08-07,-64.29,158.82,0.3579,0.2777,0.3431,0.2314,12.6,44.8,-9.4,0.3397,0.054,3.8,0.3714,0.994,0.3114,0.2774,0.3505
2026-08-07,-64.29,180.0,0.2526,0.2451,0.3288,0.3568,6.28,237.6,-13.0,0.3984,-0.1171,4.4,0.3714,0.994,0.2395,0.3085,0.3473
2026-08-07,-62.86,-180.0,0.1819,0.2744,0.2522,0.2329,7.86,44.1,-12.4,0.3996,0.1237,4.2,0.3143,0.994,0.2283,0.1739,0.1874
2026-08-07,-62.86,-158.82,0.1962,0.162,0.208,0.1504,11.94,255.4,-11.0,0.3245,0.1145,3.9,0.3143,0.994,0.1456,0.1583,0.1536
2026-08-07,-62.86,-137.65,0.1639,0.102,0.1302,0.1505,17.67,23.1,-12.5,0.1786,0.0955,4.0,0.3143,0.994,0.2373,0.1753,0.1722
2026-08-07,-62.86,-116.47,0.2272,0.145,0.0943,0.2268,16.41,89.9,-13.2,0.1773,-0.1338,4.6,0.3143,0.994,0.1566,0.183,0.1899
2026-08-07,-62.86,-95.29,0.2199,0.1992,0.1552,0.2171,16.96,280.7,-9.3,0.1596,0.042,4.1,0.3143,0.994,0.0886,0.1745,0.1988
2026-08-07,-62.86,-74.12,0.2101,0.178,0.2249,0.2335,9.02,137.5,-10.5,0.0661,0.0172,3.9,0.3143,0.994,0.2762,0.2154,0.2357
2026-08-07,-62.86,-52.94,0.3478,0.2924,0.3043,0.2283,8.23,301.2,-14.4,0.0787,-0.049,6.6,0.3143,0.994,0.2533,0.2317,0.2647
2026-08-07,-62.86,-31.76,0.2832,0.2779,0.2757,0.2457,8.29,6.3,-15.7,0.1028,-0.1202,4.1,0.3143,0.994,0.2372,0.3156,0.1905
2026-08-07,-62.86,-10.59,0.2544,0.3313,0.356,0.3388,7.59,342.4,-9.8,0.3788,-0.033,4.8,0.3143,0.994,0.3184,0.2555,0.3399
2026-08-07,-62.86,10.59,0.3654,0.4071,0.3923,0.3276,8.23,152.2,-8.1,0.072,0.0104,6.5,0.3143,0.994,0.3758,0.2949,0.4029
2026-08-07,-62.86,31.76,0.4098,0.4021,0.2694,0.3754,11.39,140.5,-16.8,0.1679,-0.0829,5.0,0.3143,0.994,0.4192,0.3435,0.3438
2026-08-07,-62.86,52.94,0.4368,0.3841,0.433,0.4218,17.0,343.4,-9.2,0.4487,0.1242,5.5,0.3143,0.994,0.4492,0.4149,0.5044
2026-08-07,-62.86,74.12,0.3438,0.4433,0.3657,0.3547,12.35,104.7,-12.6,0.0506,-0.167,4.0,0.3143,0.994,0.4148,0.3603,0.4517
2026-08-07,-62.86,95.29,0.2902,0.2969,0.2865,0.3258,17.45,326.2,-11.7,0.3261,0.0336,6.4,0.3143,0.994,0.3279,0.3285,0.3421
2026-08-07,-62.86,116.47,0.329,0.308,0.3612,0.3439,17.99,299.3,-9.1,0.2526,-0.0995,5.4,0.3143,0.994,0.3116,0.2822,0.2841
2026-08-07,-62.86,137.65,0.3061,0.2788,0.382,0.3047,10.59,110.9,-13.6,0.3649,-0.0386,5.5,0.3143,0.994,0.3457,0.3,0.3416
2026-08-07,-62.86,158.82,0.2564,0.2378,0.3422,0.2205,9.38,258.8,-17.1,0.3504,-0.0129,6.0,0.3143,0.994,0.2835,0.1955,0.1997
2026-08-07,-62.86,180.0,0.2391,0.218,0.204,0.2011,10.21,316.5,-10.5,0.1886,-0.0619,5.7,0.3143,0.994,0.2307,0.1467,0.2392
2026-08-07,-61.43,-180.0,0.1186,0.1404,0.1664,0.1696,13.02,221.1,-10.9,0.0722,0.243,3.9,0.2571,0.994,0.2658,0.2549,0.163
2026-08-07,-61.43,-158.82,0.2131,0.1773,0.2061,0.1621,15.86,281.9,-15.2,0.2392,0.0473,4.3,0.2571,0.994,0.194,0.1419,0.1571
2026-08-07,-61.43,-137.65,0.1741,0.1171,0.1249,0.1817,15.89,89.4,-11.4,0.3608,-0.4409,5.6,0.2571,0.994,0.119,0.1253,0.1623
2026-08-07,-61.43,-116.47,0.1441,0.1309,0.0833,0.1315,11.67,53.9,-10.2,0.3776,-0.026,6.3,0.2571,0.994,0.0685,0.2011,0.2262
2026-08-07,-61.43,-95.29,0.1209,0.1391,0.1788,0.1388,13.04,301.8,-12.3,0.2225,-0.0003,6.4,0.2571,0.994,0.2532,0.0886,0.1613
2026-08-07,-61.43,-74.12,0.1964,0.2078,0.1305,0.183,5.0,156.5,-11.8,0.2301,-0.0372,5.7,0.2571,0.994,0.188,0.1657,0.1566
2026-08-07,-61.43,-52.94,0.1815,0.116,0.2114,0.1956,6.75,322.5,-10.8,0.3309,-0.3106,4.9,0.2571,0.994,0.1844,0.173,0.2306
2026-08-07,-61.43,-31.76,0.2411,0.2588,0.2284,0.2332,15.13,166.0,-8.0,0.3781,0.413,4.7,0.2571,0.994,0.2376,0.2247,0.242
2026-08-07,-61.43,-10.59,0.2917,0.2046,0.1914,0.2925,6.37,270.3,-8.8,0.1493,-0.0511,5.3,0.2571,0.994,0.2802,0.2525,0.2948
2026-08-07,-61.43,10.59,0.3083,0.236,0.3366,0.2204,12.86,173.8,-7.3,0.1818,-0.106,5.2,0.2571,0.994,0.2856,0.3532,0.314
2026-08-07,-61.43,31.76,0.3728,0.3565,0.3479,0.2698,5.54,84.1,-14.6,0.2278,-0.1218,6.4,0.2571,0.994,0.2764,0.2796,0.2808
2026-08-07,-61.43,52.94,0.3144,0.2912,0.3882,0.2674,13.49,58.8,-12.2,0.109,-0.0923,5.1,0.2571,0.994,0.359,0.2987,0.3376
2026-08-07,-61.43,74.12,0.3356,0.3178,0.3508,0.3564,8.65,34.5,-8.9,0.2412,0.0124,4.3,0.2571,0.994,0.3464,0.2931,0.3061
2026-08-07,-61.43,95.29,0.3366,0.3946,0.311,0.2999,10.8,283.8,-9.1,0.4349,0.3095,7.4,0.2571,0.994,0.3076,0.3426,0.3496
2026-08-07,-61.43,116.47,0.3713,0.2927,0.3382,0.347,15.87,155.0,-13.7,0.1061,0.0968,5.6,0.2571,0.994,0.2868,0.2723,0.2517
2026-08-07,-61.43,137.65,0.2725,0.3172,0.2504,0.2485,7.01,257.6,-12.6,0.1383,0.096,7.1,0.2571,0.994,0.3066,0.2439,0.3214
2026-08-07,-61.43,158.82,0.177,0.2185,0.2192,0.2492,5.67,352.4,-14.8,0.2939,0.0316,6.6,0.2571,0.994,0.2022,0.2201,0.2064
2026-08-07,-61.43,180.0,0.2345,0.1645,0.217,0.1406,5.67,194.9,-6.9,0.3205,-0.0205,4.3,0.2571,0.994,0.1533,0.1583,0.0976
2026-08-07,-60.0,-180.0,0.1333,0.1282,0.1713,0.1177,7.24,353.5,-9.2,0.1576,-0.1653,7.0,0.2,0.994,0.1959,0.1665,0.0686
2026-08-07,-60.0,-158.82,0.0721,0.0416,0.0864,0.1493,11.85,4.7,-8.5,0.4044,-0.0118,6.5,0.2,0.994,0.1596,0.1279,0.1179
2026-08-07,-60.0,-137.65,0.0,0.0449,0.0641,0.0825,5.12,80.6,-10.0,0.1215,0.0431,6.2,0.2,0.994,0.1283,0.1254,0.1042
2026-08-07,-60.0,-116.47,0.0602,0.0233,0.0421,0.0423,16.58,217.4,-6.7,0.2416,0.0071,5.4,0.2,0.994,0.0345,0.0789,0.0934
2026-08-07,-60.0,-95.29,0.0971,0.0828,0.1571,0.0889,12.69,174.5,-6.6,0.0632,0.2615,5.0,0.2,0.994,0.0792,0.0745,0.1135
2026-08-07,-60.0,-74.12,0.118,0.0959,0.1264,0.0746,15.09,300.2,-7.8,0.3418,0.0074,6.0,0.2,0.994,0.0749,0.0285,0.0901
2026-08-07,-60.0,-52.94,0.1296,0.1334,0.2064,0.1856,17.05,46.1,-5.2,0.1404,0.1101,7.0,0.2,0.994,0.1536,0.1935,0.1247
2026-08-07,-60.0,-31.76,0.1675,0.1062,0.1383,0.2114,14.55,90.4,-8.1,0.0695,0.0255,3.8,0.2,0.994,0.2217,0.1968,0.1681
2026-08-07,-60.0,-10.59,0.2572,0.2028,0.2133,0.153,6.64,0.3,-7.3,0.4101,0.0283,6.4,0.2,0.994,0.2311,0.2234,0.2155
2026-08-07,-60.0,10.59,0.2847,0.2232,0.2074,0.2411,13.3,218.4,-12.5,0.1949,-0.0021,6.0,0.2,0.994,0.1645,0.1937,0.2264
2026-08-07,-60.0,31.76,0.3758,0.2489,0.2375,0.3237,14.23,113.5,-7.7,0.4174,0.1064,7.8,0.2,0.994,0.2454,0.3069,0.3197
2026-08-07,-60.0,52.94,0.3183,0.2875,0.2731,0.2085,15.0,263.3,-12.6,0.2711,-0.102,4.5,0.2,0.994,0.2739,0.2958,0.2411
2026-08-07,-60.0,74.12,0.2677,0.2949,0.248,0.3605,10.23,110.0,-7.0,0.1133,0.1037,4.4,0.2,0.994,0.2048,0.2371,0.3163
2026-08-07,-60.0,95.29,0.2495,0.3044,0.2713,0.2643,11.53,182.2,-7.8,0.2079,0.1417,5.9,0.2,0.994,0.244,0.27,0.2625
2026-08-07,-60.0,116.47,0.218,0.2615,0.147,0.2409,10.54,0.8,-9.6,0.413,-0.1221,4.7,0.2,0.994,0.2861,0.2347,0.2169
2026-08-07,-60.0,137.65,0.19,0.1498,0.1956,0.2165,7.09,178.2,-10.4,0.2841,-0.0112,7.6,0.2,0.994,0.1756,0.1914,0.223
2026-08-07,-60.0,158.82,0.1714,0.1024,0.1856,0.1615,17.52,252.1,-7.8,0.4287,-0.1362,6.3,0.2,0.994,0.1517,0.092,0.1911
2026-08-07,-60.0,180.0,0.126,0.1007,0.119,0.143,13.54,45.2,-11.3,0.2879,-0.1206,6.3,0.2,0.994,0.09,0.1345,0.1969
2026-08-08,-80.0,-180.0,0.8595,0.8177,0.8585,0.8861,10.07,209.7,-24.6,0.1445,0.3195,-1.7,1.0,0.9926,0.8414,0.912,0.8146
2026-08-08,-80.0,-158.82,0.7883,0.7969,0.7673,0.861,11.2,144.7,-25.7,0.3374,-0.0706,-2.0,1.0,0.9926,0.773,0.8849,0.8181
2026-08-08,-80.0,-137.65,0.7468,0.8501,0.84,0.8086,5.88,36.9,-24.8,0.2543,0.2032,-1.9,1.0,0.9926,0.7908,0.776,0.7686
2026-08-08,-80.0,-116.47,0.905,0.7433,0.72,0.8201,11.4,313.1,-27.8,0.2208,0.3338,-1.7,1.0,0.9926,0.7711,0.801,0.7825
2026-08-08,-80.0,-95.29,0.7934,0.7798,0.7961,0.8207,12.77,246.7,-25.0,0.1188,-0.0257,-2.8,1.0,0.9926,0.8289,0.8069,0.7347
2026-08-08,-80.0,-74.12,0.8188,0.7818,0.8204,0.8053,16.32,163.7,-25.2,0.2604,-0.2239,-1.6,1.0,0.9926,0.8017,0.8372,0.8367
2026-08-08,-80.0,-52.94,0.9341,0.8811,0.8854,0.8679,12.08,227.5,-27.1,0.3535,0.0483,-1.0,1.0,0.9926,0.8727,0.8581,0.9173
2026-08-08,-80.0,-31.76,0.8788,0.8326,0.8763,0.8854,12.06,342.9,-30.4,0.359,-0.1026,-1.6,1.0,0.9926,0.8514,0.8133,0.8382
2026-08-08,-80.0,-10.59,0.9088,1.0,1.0,0.8548,11.83,217.3,-20.5,0.371,0.1987,-2.9,1.0,0.9926,0.9914,0.9945,0.9181
2026-08-08,-80.0,10.59,0.9131,0.9422,1.0,0.8753,15.47,83.3,-22.8,0.2072,-0.277,0.7,1.0,0.9926,1.0,0.9331,0.9188
2026-08-08,-80.0,31.76,0.9741,1.0,0.9888,1.0,7.3,277.2,-29.3,0.4229,0.1945,-0.3,1.0,0.9926,1.0,0.967,0.935
2026-08-08,-80.0,52.94,0.9808,0.9662,0.9791,0.9675,17.96,159.7,-24.7,0.2537,-0.0855,-1.9,1.0,0.9926,0.988,0.9515,1.0
2026-08-08,-80.0,74.12,0.9573,0.968,0.9415,1.0,13.92,197.5,-29.5,0.2511,-0.0002,-1.3,1.0,0.9926,1.0,1.0,0.9773
2026-08-08,-80.0,95.29,0.9281,1.0,0.9837,1.0,17.65,284.0,-22.2,0.2996,0.072,-1.8,1.0,0.9926,0.933,1.0,0.9715
2026-08-08,-80.0,116.47,1.0,0.8776,0.9242,0.9483,17.3,347.7,-27.9,0.4268,0.058,-1.1,1.0,0.9926,1.0,0.9588,1.0
2026-08-08,-80.0,137.65,0.913,0.9667,0.9217,0.9292,15.06,242.0,-22.0,0.1942,-0.22,-1.4,1.0,0.9926,0.9199,0.957,0.9115
2026-08-08,-80.0,158.82,0.8629,0.8948,0.8601,0.8865,7.01,227.6,-25.4,0.4413,-0.0396,-2.2,1.0,0.9926,0.8841,0.8519,0.9101
2026-08-08,-80.0,180.0,0.8576,0.8327,0.8515,0.8483,9.06,167.9,-18.1,0.273,0.0061,-2.3,1.0,0.9926,0.8138,0.854,0.8757
2026-08-08,-78.57,-180.0,0.7109,0.752,0.7271,0.8591,6.4,60.1,-24.4,0.2032,0.0654,-1.3,0.9429,0.9926,0.7754,0.7987,0.7761
2026-08-08,-78.57,-158.82,0.7639,0.7748,0.7703,0.8571,10.36,55.9,-26.5,0.3076,0.2305,-2.4,0.9429,0.9926,0.7612,0.7359,0.7891
2026-08-08,-78.57,-137.65,0.7568,0.7812,0.7665,0.7471,6.89,180.0,-20.9,0.3737,-0.0815,-0.3,0.9429,0.9926,0.8891,0.7648,0.6911
2026-08-08,-78.57,-116.47,0.7191,0.8139,0.7571,0.7805,8.15,64.2,-23.5,0.1003,-0.0871,-1.3,0.9429,0.9926,0.6756,0.7255,0.7043
2026-08-08,-78.57,-95.29,0.7928,0.75,0.8907,0.6986,12.44,186.0,-27.8,0.0728,0.0662,-2.3,0.9429,0.9926,0.7227,0.7888,0.7441
2026-08-08,-78.57,-74.12,0.8002,0.7298,0.8105,0.7276,7.6,198.2,-23.7,0.3533,0.1747,-2.2,0.9429,0.9926,0.7828,0.7204,0.7551
2026-08-08,-78.57,-52.94,0.8122,0.8013,0.7502,0.8059,9.71,4.2,-31.6,0.2645,0.1505,-2.0,0.9429,0.9926,0.7646,0.7146,0.8748
2026-08-08,-78.57,-31.76,0.8724,0.819,0.8297,0.7781,7.55,30.6,-28.6,0.316,0.1827,-3.0,0.9429,0.9926,0.8958,0.8549,0.8782
2026-08-08,-78.57,-10.59,0.8591,0.8635,0.8502,0.8531,14.48,243.6,-24.8,0.1652,-0.0338,-1.6,0.9429,0.9926,0.821,0.8284,0.9651
2026-08-08,-78.57,10.59,0.9526,0.8465,0.8941,0.97,6.63,337.2,-26.0,0.3622,0.4519,-2.0,0.9429,0.9926,0.9415,0.9244,0.8398
2026-08-08,-78.57,31.76,0.9417,0.9146,0.9241,0.8849,14.86,42.5,-23.2,0.2919,0.1698,-1.4,0.9429,0.9926,0.9248,0.8974,0.915
2026-08-08,-78.57,52.94,0.9291,0.8759,0.9921,0.9629,14.65,297.6,-24.4,0.1588,0.1432,-1.2,0.9429,0.9926,0.8681,0.9131,0.9285
2026-08-08,-78.57,74.12,0.941,1.0,0.9487,0.931,11.01,207.9,-23.7,0.427,0.1853,-1.9,0.9429,0.9926,0.916,1.0,0.8978
2026-08-08,-78.57,95.29,0.9571,0.9321,0.9602,0.9153,16.45,325.1,-30.6,0.1387,0.1451,-2.3,0.9429,0.9926,0.9313,0.9488,0.9799
2026-08-08,-78.57,116.47,0.9786,0.9074,0.8574,0.9373,14.43,259.0,-28.1,0.1427,-0.0879,-2.0,0.9429,0.9926,0.8899,0.8786,0.9321
2026-08-08,-78.57,137.65,0.8707,0.888,0.8687,0.8744,16.1,221.2,-22.5,0.2902,0.0742,-2.1,0.9429,0.9926,0.8522,0.8998,0.7989
2026-08-08,-78.57,158.82,0.7255,0.787,0.8593,0.8126,11.07,216.9,-19.6,0.0836,0.0827,-0.1,0.9429,0.9926,0.8404,0.7913,0.7991
2026-08-08,-78.57,180.0,0.7774,0.789,0.7439,0.8367,14.23,106.6,-23.4,0.1337,-0.1283,-0.2,0.9429,0.9926,0.7842,0.8161,0.7264
2026-08-08,-77.14,-180.0,0.7121,0.7907,0.7107,0.7567,16.54,20.7,-18.9,0.4379,0.1489,0.4,0.8857,0.9926,0.7344,0.7321,0.7259
2026-08-08,-77.14,-158.82,0.7038,0.751,0.7381,0.6692,16.9,256.2,-21.2,0.3024,-0.039,-2.1,0.8857,0.9926,0.7836,0.7327,0.7379
2026-08-08,-77.14,-137.65,0.751,0.6823,0.7042,0.7228,17.24,359.6,-24.0,0.439,-0.0724,-1.1,0.8857,0.9926,0.6936,0.6905,0.7039
2026-08-08,-77.14,-116.47,0.6301,0.6931,0.7209,0.7407,5.31,259.6,-22.9,0.1693,-0.0981,-1.1,0.8857,0.9926,0.7163,0.6873,0.7099
2026-08-08,-77.14,-95.29,0.7118,0.7153,0.7594,0.7364,5.22,236.9,-19.7,0.2866,0.1268,0.9,0.8857,0.9926,0.6528,0.7165,0.6796
2026-08-08,-77.14,-74.12,0.7563,0.6645,0.7219,0.7077,15.35,238.4,-25.9,0.2931,0.1202,-0.6,0.8857,0.9926,0.6795,0.6219,0.708
2026-08-08,-77.14,-52.94,0.7332,0.6807,0.7952,0.7819,13.34,100.8,-25.0,0.1911,0.0577,-2.5,0.8857,0.9926,0.8184,0.7272,0.7605
2026-08-08,-77.14,-31.76,0.7973,0.7884,0.7912,0.8758,17.45,91.0,-19.4,0.0865,0.0181,-2.4,0.8857,0.9926,0.7203,0.7532,0.7376
2026-08-08,-77.14,-10.59,0.8345,0.8552,0.838,0.7747,7.18,137.5,-20.2,0.1519,0.1474,-0.0,0.8857,0.9926,0.8062,0.798,0.7863
2026-08-08,-77.14,10.59,0.8282,0.8003,0.8288,0.8571,12.01,348.4,-24.5,0.2071,0.039,-1.5,0.8857,0.9926,0.8518,0.871,0.8474
2026-08-08,-77.14,31.76,0.8981,0.8829,0.8523,0.883,7.64,75.9,-20.2,0.145,0.1312,1.1,0.8857,0.9926,0.8949,0.9066,0.8704
2026-08-08,-77.14,52.94,0.8584,0.8902,0.9129,0.9284,9.53,214.5,-22.0,0.0596,0.0986,-0.8,0.8857,0.9926,0.8678,0.8761,0.8765
2026-08-08,-77.14,74.12,0.8917,0.8624,0.85,0.8331,9.76,71.7,-26.6,0.3113,0.2171,-2.5,0.8857,0.9926,0.9083,0.8805,0.9195
2026-08-08,-77.14,95.29,0.8995,0.8607,0.9267,0.8896,16.67,249.3,-23.1,0.3299,0.2338,-1.2,0.8857,0.9926,0.9234,0.8596,0.9046
2026-08-08,-77.14,116.47,0.8345,0.856,0.8398,0.8571,12.29,159.6,-25.1,0.4151,0.2762,-0.9,0.8857,0.9926,0.8394,0.8425,0.8861
2026-08-08,-77.14,137.65,0.8309,0.8457,0.7506,0.8341,14.33,317.3,-21.7,0.3946,0.1281,-1.0,0.8857,0.9926,0.8465,0.8468,0.812
2026-08-08,-77.14,158.82,0.796,0.795,0.7874,0.746,14.22,246.7,-24.2,0.2978,0.1699,-2.3,0.8857,0.9926,0.8204,0.7536,0.7822
2026-08-08,-77.14,180.0,0.7411,0.8031,0.6598,0.7497,9.17,302.1,-19.6,0.1958,0.0731,-1.9,0.8857,0.9926,0.7408,0.7576,0.7931
2026-08-08,-75.71,-180.0,0.7494,0.7417,0.6422,0.6982,12.95,73.6,-19.4,0.3214,0.2004,-0.0,0.8286,0.9926,0.7168,0.7175,0.7057
2026-08-08,-75.71,-158.82,0.6398,0.6266,0.6637,0.6364,17.03,139.9,-20.8,0.1639,-0.0869,0.7,0.8286,0.9926,0.5915,0.682,0.6199
2026-08-08,-75.71,-137.65,0.6368,0.6446,0.6643,0.6243,16.06,339.0,-24.3,0.1017,-0.1476,0.3,0.8286,0.9926,0.7087,0.6548,0.5948
2026-08-08,-75.71,-116.47,0.5708,0.6767,0.5991,0.6973,16.21,349.4,-21.5,0.3562,-0.1948,1.1,0.8286,0.9926,0.6792,0.6262,0.6343
2026-08-08,-75.71,-95.29,0.6775,0.6515,0.6504,0.6852,8.93,148.0,-18.9,0.4341,0.0227,-0.5,0.8286,0.9926,0.6588,0.7021,0.5969
2026-08-08,-75.71,-74.12,0.6513,0.694,0.6403,0.6159,9.01,161.1,-22.3,0.4201,-0.2437,0.7,0.8286,0.9926,0.6867,0.6206,0.7615
2026-08-08,-75.71,-52.94,0.7844,0.676,0.7116,0.6915,9.48,39.2,-21.0,0.3685,-0.0722,-1.7,0.8286,0.9926,0.6733,0.754,0.6942
2026-08-08,-75.71,-31.76,0.7716,0.6538,0.8001,0.72,8.74,281.5,-20.6,0.3177,0.3313,-1.3,0.8286,0.9926,0.7114,0.7311,0.7899
2026-08-08,-75.71,-10.59,0.6979,0.7039,0.8004,0.7295,6.99,333.0,-24.9,0.348,0.1132,-0.6,0.8286,0.9926,0.749,0.7633,0.81
2026-08-08,-75.71,10.59,0.7584,0.7904,0.7891,0.7841,17.74,86.1,-18.4,0.076,0.1543,0.2,0.8286,0.9926,0.8129,0.7248,0.8897
2026-08-08,-75.71,31.76,0.8048,0.852,0.8433,0.8215,16.82,29.9,-21.2,0.3793,0.0513,0.6,0.8286,0.9926,0.8783,0.8237,0.8448
2026-08-08,-75.71,52.94,0.8303,0.928,0.942,0.8486,13.94,141.0,-21.8,0.0595,0.2111,0.5,0.8286,0.9926,0.8507,0.8587,0.9037
2026-08-08,-75.71,74.12,0.8141,0.7868,0.919,0.8196,16.1,20.5,-21.5,0.3116,0.2633,-1.2,0.8286,0.9926,0.9307,0.8483,0.8322
2026-08-08,-75.71,95.29,0.7971,0.8833,0.8507,1.0,15.22,249.1,-20.2,0.1823,0.0526,-1.7,0.8286,0.9926,0.8409,0.8295,0.8475
2026-08-08,-75.71,116.47,0.7838,0.8212,0.7606,0.7948,10.86,163.1,-20.0,0.374,-0.1402,0.1,0.8286,0.9926,0.8515,0.8216,0.7304
2026-08-08,-75.71,137.65,0.7408,0.78,0.7307,0.7944,6.9,303.5,-20.9,0.3551,0.0462,-0.6,0.8286,0.9926,0.7765,0.7252,0.7316
2026-08-08,-75.71,158.82,0.7814,0.7405,0.765,0.6582,7.44,266.9,-21.7,0.2819,0.2074,-0.7,0.8286,0.9926,0.729,0.7429,0.752
2026-08-08,-75.71,180.0,0.8002,0.649,0.6464,0.7077,10.27,253.3,-22.0,0.2984,0.0084,-2.2,0.8286,0.9926,0.6939,0.6896,0.6234
2026-08-08,-74.29,-180.0,0.6053,0.5819,0.6535,0.5908,8.98,111.5,-19.1,0.4078,0.0992,0.6,0.7714,0.9926,0.5834,0.6523,0.6636
2026-08-08,-74.29,-158.82,0.7105,0.6574,0.5611,0.6427,9.99,264.1,-23.1,0.1264,-0.0486,0.1,0.7714,0.9926,0.6134,0.6297,0.6322
2026-08-08,-74.29,-137.65,0.6051,0.5958,0.6277,0.6257,11.03,6.8,-20.0,0.2243,-0.0789,1.0,0.7714,0.9926,0.5539,0.5718,0.6243
2026-08-08,-74.29,-116.47,0.6057,0.5526,0.6014,0.5614,17.64,79.1,-18.5,0.3262,0.0606,-0.5,0.7714,0.9926,0.6022,0.576,0.527
2026-08-08,-74.29,-95.29,0.6137,0.6538,0.5934,0.6222,12.96,269.8,-23.1,0.1186,-0.1256,0.9,0.7714,0.9926,0.5966,0.5526,0.5929
2026-08-08,-74.29,-74.12,0.6239,0.6204,0.6503,0.599,6.64,309.2,-21.5,0.1797,-0.2467,-0.7,0.7714,0.9926,0.6505,0.6012,0.7329
2026-08-08,-74.29,-52.94,0.6609,0.6397,0.5596,0.5688,14.53,78.9,-20.6,0.1597,-0.0202,0.0,0.7714,0.9926,0.6511,0.6269,0.7028
2026-08-08,-74.29,-31.76,0.6853,0.7273,0.6776,0.649,7.93,83.7,-19.0,0.328,0.3051,1.2,0.7714,0.9926,0.749,0.7015,0.7213
2026-08-08,-74.29,-10.59,0.7319,0.7425,0.7113,0.7056,16.59,185.0,-24.7,0.14,-0.3232,0.2,0.7714,0.9926,0.7191,0.7739,0.7347
2026-08-08,-74.29,10.59,0.7518,0.7683,0.646,0.7742,9.53,218.0,-16.5,0.3091,-0.2886,1.5,0.7714,0.9926,0.768,0.7311,0.7799
2026-08-08,-74.29,31.76,0.8773,0.6765,0.7173,0.7855,13.52,10.8,-25.7,0.2491,-0.1743,1.2,0.7714,0.9926,0.8642,0.7708,0.7866
2026-08-08,-74.29,52.94,0.7462,0.8392,0.7934,0.7987,16.92,353.8,-18.7,0.3509,-0.1145,-1.4,0.7714,0.9926,0.7912,0.766,0.8174
2026-08-08,-74.29,74.12,0.7663,0.8345,0.7734,0.8138,9.38,42.6,-18.3,0.2861,0.051,0.6,0.7714,0.9926,0.7325,0.8172,0.862
2026-08-08,-74.29,95.29,0.8165,0.8114,0.7565,0.8172,7.13,241.0,-22.3,0.0794,-0.13,2.3,0.7714,0.9926,0.7194,0.7666,0.7503
2026-08-08,-74.29,116.47,0.724,0.7136,0.7864,0.7197,14.4,315.2,-18.1,0.4448,0.2081,0.4,0.7714,0.9926,0.6991,0.7591,0.7759
2026-08-08,-74.29,137.65,0.6501,0.6728,0.7329,0.7705,12.47,270.0,-18.9,0.1138,0.4143,1.2,0.7714,0.9926,0.7702,0.7654,0.7519
2026-08-08,-74.29,158.82,0.7187,0.6771,0.7183,0.6678,17.83,254.8,-21.0,0.1631,-0.1373,2.2,0.7714,0.9926,0.6696,0.6585,0.6169
2026-08-08,-74.29,180.0,0.6599,0.6475,0.605,0.5882,11.96,154.4,-20.0,0.2813,-0.1891,-1.2,0.7714,0.9926,0.6227,0.6314,0.6418
2026-08-08,-72.86,-180.0,0.6311,0.5736,0.6322,0.6195,14.5,298.7,-18.6,0.395,-0.161,2.6,0.7143,0.9926,0.5175,0.5643,0.5901
2026-08-08,-72.86,-158.82,0.5489,0.5665,0.6009,0.5217,9.83,137.9,-22.4,0.1489,-0.0994,-0.3,0.7143,0.9926,0.5491,0.5539,0.5584
2026-08-08,-72.86,-137.65,0.5783,0.4779,0.5333,0.5469,16.72,76.8,-25.9,0.2034,-0.2083,0.4,0.7143,0.9926,0.585,0.5798,0.5261
2026-08-08,-72.86,-116.47,0.5231,0.5664,0.5569,0.5314,15.78,301.0,-22.1,0.2185,0.0237,0.6,0.7143,0.9926,0.6101,0.4819,0.5025
2026-08-08,-72.86,-95.29,0.5253,0.5607,0.5259,0.5395,7.34,142.8,-19.7,0.3489,-0.0788,0.5,0.7143,0.9926,0.4962,0.5775,0.5573
2026-08-08,-72.86,-74.12,0.5947,0.5722,0.5786,0.6012,6.69,160.7,-16.0,0.0978,0.097,0.5,0.7143,0.9926,0.5977,0.5276,0.579
2026-08-08,-72.86,-52.94,0.6462,0.6363,0.554,0.6064,13.53,205.4,-19.1,0.1327,0.0262,2.2,0.7143,0.9926,0.6117,0.5898,0.6096
2026-08-08,-72.86,-31.76,0.5828,0.6574,0.662,0.6789,16.55,307.2,-17.6,0.0779,0.0869,1.1,0.7143,0.9926,0.6257,0.6309,0.6599
2026-08-08,-72.86,-10.59,0.6432,0.6714,0.67,0.645,6.58,1.0,-19.3,0.2993,-0.0749,1.1,0.7143,0.9926,0.6846,0.6639,0.6846
2026-08-08,-72.86,10.59,0.6924,0.7135,0.7005,0.6334,9.62,225.4,-19.3,0.3417,-0.0268,0.8,0.7143,0.9926,0.7397,0.7784,0.7215
2026-08-08,-72.86,31.76,0.7306,0.7419,0.7837,0.7064,13.09,330.5,-16.3,0.0571,0.025,3.2,0.7143,0.9926,0.7226,0.7542,0.7387
2026-08-08,-72.86,52.94,0.7217,0.7249,0.7522,0.7567,7.99,11.1,-25.7,0.183,0.2244,-0.6,0.7143,0.9926,0.7555,0.7406,0.7606
2026-08-08,-72.86,74.12,0.7415,0.6387,0.7273,0.7073,5.96,28.2,-21.3,0.2454,-0.1939,2.4,0.7143,0.9926,0.674,0.7518,0.7393
2026-08-08,-72.86,95.29,0.7299,0.7657,0.8007,0.7152,17.71,102.7,-14.2,0.3103,0.0883,-0.4,0.7143,0.9926,0.7459,0.7137,0.6418
2026-08-08,-72.86,116.47,0.6369,0.6779,0.6756,0.7255,5.67,208.1,-16.4,0.0897,-0.0804,1.7,0.7143,0.9926,0.7273,0.7243,0.7434
2026-08-08,-72.86,137.65,0.7224,0.7044,0.7006,0.6365,10.02,25.1,-15.2,0.0526,0.0665,-0.9,0.7143,0.9926,0.6246,0.6713,0.6231
2026-08-08,-72.86,158.82,0.6463,0.596,0.5939,0.6419,14.58,152.8,-19.0,0.09,0.0516,2.6,0.7143,0.9926,0.5769,0.5836,0.6507
2026-08-08,-72.86,180.0,0.615,0.6189,0.5505,0.5932,17.86,28.8,-19.1,0.2637,-0.0129,1.4,0.7143,0.9926,0.6981,0.5571,0.5606
2026-08-08,-71.43,-180.0,0.494,0.5891,0.4953,0.5579,5.1,203.9,-17.4,0.2558,-0.1758,2.3,0.6571,0.9926,0.5269,0.5147,0.5366
2026-08-08,-71.43,-158.82,0.4942,0.4733,0.5472,0.4586,12.86,115.7,-18.1,0.2593,0.0184,1.3,0.6571,0.9926,0.5828,0.4845,0.5168
2026-08-08,-71.43,-137.65,0.434,0.5104,0.4746,0.5203,15.76,234.4,-18.2,0.2041,-0.0851,-0.2,0.6571,0.9926,0.5017,0.4899,0.4921
2026-08-08,-71.43,-116.47,0.5132,0.5337,0.5261,0.5091,12.79,183.9,-15.6,0.1513,-0.2009,3.0,0.6571,0.9926,0.517,0.448,0.4841
2026-08-08,-71.43,-95.29,0.4605,0.4718,0.4905,0.514,7.91,309.6,-22.3,0.0898,-0.0086,1.7,0.6571,0.9926,0.552,0.4608,0.5253
2026-08-08,-71.43,-74.12,0.5513,0.5912,0.5226,0.469,10.61,218.2,-19.9,0.0674,-0.0745,0.5,0.6571,0.9926,0.5438,0.5675,0.5373
2026-08-08,-71.43,-52.94,0.5345,0.5149,0.5125,0.6556,15.47,89.9,-17.1,0.3478,0.0035,2.4,0.6571,0.9926,0.4816,0.5269,0.6055
2026-08-08,-71.43,-31.76,0.5087,0.5244,0.5923,0.5616,5.39,48.8,-14.0,0.2065,-0.0629,1.3,0.6571,0.9926,0.5871,0.5579,0.6059
2026-08-08,-71.43,-10.59,0.6058,0.6012,0.7062,0.6024,13.33,245.3,-19.1,0.3041,0.0446,2.0,0.6571,0.9926,0.6292,0.5934,0.6371
2026-08-08,-71.43,10.59,0.6833,0.716,0.6677,0.6129,7.89,176.7,-21.3,0.3873,0.1343,1.1,0.6571,0.9926,0.6231,0.6267,0.6536
2026-08-08,-71.43,31.76,0.7231,0.6637,0.7231,0.6439,15.46,98.7,-15.3,0.2641,0.2549,1.3,0.6571,0.9926,0.5734,0.6039,0.6536
2026-08-08,-71.43,52.94,0.6968,0.7243,0.6751,0.64,9.43,87.7,-20.1,0.3318,0.2924,3.4,0.6571,0.9926,0.7032,0.681,0.6906
2026-08-08,-71.43,74.12,0.7446,0.7,0.7478,0.6419,7.63,213.2,-16.4,0.2587,0.1283,2.1,0.6571,0.9926,0.7214,0.6796,0.6707
2026-08-08,-71.43,95.29,0.6308,0.6563,0.6425,0.6588,10.3,358.2,-14.8,0.3146,-0.1254,1.7,0.6571,0.9926,0.6583,0.6601,0.6275
2026-08-08,-71.43,116.47,0.6529,0.616,0.6594,0.6126,9.59,72.8,-14.2,0.0599,0.1914,0.7,0.6571,0.9926,0.6247,0.6422,0.638
2026-08-08,-71.43,137.65,0.6334,0.6393,0.6465,0.6197,5.21,53.5,-20.8,0.1484,0.0623,1.5,0.6571,0.9926,0.6582,0.6235,0.6103
2026-08-08,-71.43,158.82,0.5986,0.5859,0.6002,0.6126,16.39,109.7,-19.4,0.2489,0.12,2.1,0.6571,0.9926,0.4957,0.5891,0.5325
2026-08-08,-71.43,180.0,0.6148,0.5266,0.5431,0.6046,5.37,195.6,-19.7,0.0516,-0.0872,1.3,0.6571,0.9926,0.503,0.4799,0.5013
2026-08-08,-70.0,-180.0,0.5048,0.5299,0.4688,0.5243,16.62,209.9,-17.4,0.3033,-0.3622,1.7,0.6,0.9926,0.507,0.5928,0.4929
2026-08-08,-70.0,-158.82,0.4404,0.407,0.4711,0.5145,16.59,310.9,-15.8,0.1918,-0.1563,-0.0,0.6,0.9926,0.4061,0.5081,0.4599
2026-08-08,-70.0,-137.65,0.4482,0.4433,0.4736,0.4321,11.26,345.8,-19.8,0.0934,-0.2004,1.3,0.6,0.9926,0.4637,0.4786,0.4777
2026-08-08,-70.0,-116.47,0.4614,0.4755,0.4247,0.448,7.75,114.2,-19.6,0.4181,-0.2752,2.6,0.6,0.9926,0.4861,0.4414,0.3654
2026-08-08,-70.0,-95.29,0.4756,0.4383,0.4237,0.4385,7.23,269.8,-17.7,0.2916,0.0545,2.1,0.6,0.9926,0.3582,0.4657,0.446
2026-08-08,-70.0,-74.12,0.5293,0.426,0.4616,0.4491,9.12,263.3,-16.9,0.3614,0.048,3.6,0.6,0.9926,0.5073,0.4983,0.4348
2026-08-08,-70.0,-52.94,0.5783,0.4564,0.5248,0.4326,14.41,288.8,-8.8,0.4052,-0.1395,2.2,0.6,0.9926,0.4803,0.5067,0.5249
2026-08-08,-70.0,-31.76,0.6187,0.5308,0.469,0.4872,10.64,325.5,-19.7,0.2601,0.202,0.6,0.6,0.9926,0.5548,0.5676,0.5229
2026-08-08,-70.0,-10.59,0.5675,0.6363,0.5713,0.6011,12.53,40.0,-21.3,0.2777,-0.0305,2.2,0.6,0.9926,0.5497,0.5193,0.5524
2026-08-08,-70.0,10.59,0.5594,0.6197,0.5258,0.61,7.11,274.6,-21.3,0.252,0.1216,3.1,0.6,0.9926,0.5533,0.5909,0.587
2026-08-08,-70.0,31.76,0.5972,0.5882,0.6449,0.646,6.73,208.6,-23.0,0.1171,-0.1661,1.5,0.6,0.9926,0.6827,0.6742,0.6291
2026-08-08,-70.0,52.94,0.6151,0.636,0.6901,0.7278,9.25,312.6,-20.8,0.2184,0.2818,3.1,0.6,0.9926,0.617,0.6167,0.6084
2026-08-08,-70.0,74.12,0.6114,0.6232,0.6143,0.6533,15.62,163.1,-21.1,0.3796,0.249,2.8,0.6,0.9926,0.5988,0.6822,0.5799
2026-08-08,-70.0,95.29,0.6082,0.6634,0.6127,0.6024,16.11,322.1,-15.1,0.2499,0.096,0.9,0.6,0.9926,0.651,0.616,0.6759
2026-08-08,-70.0,116.47,0.5854,0.5946,0.5157,0.5755,12.28,93.8,-14.7,0.0957,-0.1463,3.8,0.6,0.9926,0.5921,0.5668,0.6419
2026-08-08,-70.0,137.65,0.5632,0.603,0.5802,0.5859,15.81,83.2,-20.5,0.3548,0.0322,2.8,0.6,0.9926,0.5466,0.5782,0.5975
2026-08-08,-70.0,158.82,0.4821,0.5431,0.5683,0.4909,10.67,253.4,-22.7,0.3671,0.0061,0.8,0.6,0.9926,0.4809,0.5727,0.5258
2026-08-08,-70.0,180.0,0.4863,0.5115,0.5148,0.5511,13.55,138.8,-17.9,0.1162,-0.0052,0.7,0.6,0.9926,0.5129,0.5105,0.4825
2026-08-08,-68.57,-180.0,0.4564,0.3787,0.4674,0.3296,12.44,217.5,-17.9,0.0853,-0.1435,2.6,0.5429,0.9926,0.4714,0.4508,0.4702
2026-08-08,-68.57,-158.82,0.3999,0.4215,0.3794,0.4828,6.6,300.4,-11.4,0.2433,0.1176,3.4,0.5429,0.9926,0.4103,0.4219,0.4329
2026-08-08,-68.57,-137.65,0.3669,0.4011,0.4644,0.449,12.08,138.8,-17.9,0.3821,-0.1223,2.6,0.5429,0.9926,0.4234,0.3539,0.4039
2026-08-08,-68.57,-116.47,0.4675,0.3988,0.3137,0.3429,11.03,115.1,-13.0,0.1151,0.0248,4.2,0.5429,0.9926,0.4003,0.431,0.3537
2026-08-08,-68.57,-95.29,0.3944,0.3988,0.5319,0.3849,14.22,302.2,-18.0,0.378,-0.0762,2.8,0.5429,0.9926,0.4302,0.4158,0.4477
2026-08-08,-68.57,-74.12,0.3929,0.3491,0.2706,0.4825,12.62,125.7,-15.0,0.1154,0.0317,3.1,0.5429,0.9926,0.464,0.4401,0.4051
2026-08-08,-68.57,-52.94,0.4363,0.4559,0.4888,0.4587,12.88,245.2,-14.7,0.0646,-0.1526,2.2,0.5429,0.9926,0.3767,0.4237,0.4681
2026-08-08,-68.57,-31.76,0.5243,0.5118,0.4648,0.5595,11.8,22.7,-16.4,0.1247,0.0713,2.7,0.5429,0.9926,0.5615,0.4782,0.4739
2026-08-08,-68.57,-10.59,0.533,0.5052,0.5227,0.5442,17.8,82.2,-13.3,0.2738,-0.1546,2.0,0.5429,0.9926,0.5133,0.5214,0.4705
2026-08-08,-68.57,10.59,0.508,0.4378,0.5624,0.599,9.4,3.4,-18.8,0.1696,0.0615,3.2,0.5429,0.9926,0.6283,0.5342,0.6505
2026-08-08,-68.57,31.76,0.5355,0.5706,0.5912,0.6156,12.73,64.0,-17.9,0.3964,-0.3264,1.1,0.5429,0.9926,0.5631,0.595,0.5587
2026-08-08,-68.57,52.94,0.5153,0.584,0.549,0.6356,12.35,264.1,-17.2,0.0911,0.0072,1.4,0.5429,0.9926,0.5598,0.5379,0.5865
2026-08-08,-68.57,74.12,0.5263,0.5186,0.6531,0.5757,10.23,306.0,-8.5,0.0584,0.0754,3.9,0.5429,0.9926,0.6429,0.5389,0.617
2026-08-08,-68.57,95.29,0.6339,0.5328,0.6445,0.5568,11.86,190.6,-14.1,0.3183,-0.0292,1.4,0.5429,0.9926,0.569,0.6128,0.5562
2026-08-08,-68.57,116.47,0.5769,0.5624,0.5113,0.6069,12.88,36.3,-12.8,0.2685,0.0635,3.5,0.5429,0.9926,0.5797,0.5066,0.5558
2026-08-08,-68.57,137.65,0.4695,0.5813,0.4718,0.4808,8.48,247.1,-16.5,0.3516,-0.0319,2.2,0.5429,0.9926,0.5368,0.5763,0.5393
2026-08-08,-68.57,158.82,0.4888,0.492,0.516,0.5417,17.49,120.6,-22.4,0.0865,-0.0641,4.1,0.5429,0.9926,0.4579,0.4752,0.405
2026-08-08,-68.57,180.0,0.4418,0.4092,0.4268,0.438,11.86,132.1,-20.2,0.0745,0.0737,1.9,0.5429,0.9926,0.4399,0.539,0.4071
2026-08-08,-67.14,-180.0,0.3878,0.3489,0.4116,0.3324,10.39,79.3,-13.4,0.2137,0.0802,3.1,0.4857,0.9926,0.3794,0.4261,0.37
2026-08-08,-67.14,-158.82,0.3776,0.3376,0.3842,0.3706,8.29,86.7,-14.4,0.0964,0.1336,3.2,0.4857,0.9926,0.3787,0.3561,0.337
2026-08-08,-67.14,-137.65,0.3325,0.3107,0.3985,0.3484,7.47,275.5,-13.5,0.0908,-0.0911,2.4,0.4857,0.9926,0.3171,0.3599,0.288
2026-08-08,-67.14,-116.47,0.3823,0.3078,0.2824,0.319,11.19,221.0,-12.7,0.3154,-0.0343,2.8,0.4857,0.9926,0.2829,0.4307,0.3628
2026-08-08,-67.14,-95.29,0.3882,0.3106,0.3291,0.379,12.51,134.6,-12.6,0.1776,-0.0964,2.9,0.4857,0.9926,0.3448,0.3286,0.3756
2026-08-08,-67.14,-74.12,0.2762,0.3781,0.3443,0.3232,7.08,175.8,-16.7,0.1153,0.013,4.3,0.4857,0.9926,0.3842,0.3164,0.3665
2026-08-08,-67.14,-52.94,0.3461,0.3941,0.4014,0.4007,14.73,161.6,-12.1,0.1508,0.1654,3.7,0.4857,0.9926,0.4036,0.3585,0.3274
2026-08-08,-67.14,-31.76,0.4249,0.4031,0.4771,0.4323,6.72,46.4,-12.7,0.1147,-0.1471,2.5,0.4857,0.9926,0.4266,0.4381,0.4119
2026-08-08,-67.14,-10.59,0.4726,0.4845,0.4622,0.4421,12.51,78.8,-12.1,0.1823,0.1245,2.3,0.4857,0.9926,0.4442,0.4818,0.4077
2026-08-08,-67.14,10.59,0.4833,0.5568,0.5795,0.526,7.55,23.7,-17.1,0.4142,0.0189,4.0,0.4857,0.9926,0.4854,0.4282,0.5339
2026-08-08,-67.14,31.76,0.5204,0.5105,0.6077,0.5813,8.25,55.9,-14.1,0.2733,-0.0803,3.2,0.4857,0.9926,0.4772,0.519,0.5552
2026-08-08,-67.14,52.94,0.5913,0.4601,0.563,0.4962,6.72,99.9,-7.3,0.2203,-0.1385,2.2,0.4857,0.9926,0.4953,0.5989,0.5347
2026-08-08,-67.14,74.12,0.5107,0.5104,0.557,0.5062,12.67,278.4,-15.5,0.375,0.0712,2.0,0.4857,0.9926,0.5185,0.5597,0.5322
2026-08-08,-67.14,95.29,0.5401,0.4926,0.5756,0.5611,10.04,309.1,-17.2,0.1989,0.2052,3.9,0.4857,0.9926,0.5257,0.5535,0.5317
2026-08-08,-67.14,116.47,0.4854,0.5375,0.5028,0.5093,11.35,340.5,-19.7,0.1049,-0.1615,2.4,0.4857,0.9926,0.4965,0.4225,0.4205
2026-08-08,-67.14,137.65,0.4604,0.417,0.4594,0.402,5.37,146.1,-15.7,0.4374,0.0947,3.6,0.4857,0.9926,0.5002,0.4624,0.4796
2026-08-08,-67.14,158.82,0.4279,0.4363,0.3951,0.4226,10.14,244.4,-13.9,0.1039,0.0873,3.7,0.4857,0.9926,0.3851,0.3655,0.4528
2026-08-08,-67.14,180.0,0.4085,0.4858,0.3918,0.4165,11.95,56.7,-14.4,0.4431,0.039,2.3,0.4857,0.9926,0.3183,0.4205,0.3607
2026-08-08,-65.71,-180.0,0.2592,0.3438,0.3231,0.2911,12.99,342.6,-14.4,0.0916,-0.0032,2.1,0.4286,0.9926,0.3932,0.2654,0.3473
2026-08-08,-65.71,-158.82,0.3121,0.3488,0.2585,0.3112,6.38,217.1,-19.4,0.1197,-0.1109,1.9,0.4286,0.9926,0.3334,0.316,0.3423
2026-08-08,-65.71,-137.65,0.3519,0.2667,0.3236,0.2728,10.45,202.4,-11.0,0.3963,0.1561,4.0,0.4286,0.9926,0.3036,0.258,0.2989
2026-08-08,-65.71,-116.47,0.2145,0.3009,0.2693,0.2389,14.75,44.6,-11.1,0.0823,0.0064,3.7,0.4286,0.9926,0.3602,0.2869,0.3056
2026-08-08,-65.71,-95.29,0.2689,0.2959,0.2379,0.2478,9.28,135.7,-17.2,0.3668,0.0537,4.9,0.4286,0.9926,0.3107,0.2772,0.2291
2026-08-08,-65.71,-74.12,0.2773,0.3497,0.2836,0.3464,16.05,88.2,-15.4,0.1481,-0.1416,4.3,0.4286,0.9926,0.28,0.2692,0.2858
2026-08-08,-65.71,-52.94,0.386,0.32,0.3527,0.3557,13.04,257.9,-11.9,0.167,-0.167,4.3,0.4286,0.9926,0.3493,0.3863,0.3949
2026-08-08,-65.71,-31.76,0.3742,0.3096,0.3817,0.3564,9.5,51.7,-11.8,0.1073,0.2336,3.6,0.4286,0.9926,0.3856,0.356,0.4206
2026-08-08,-65.71,-10.59,0.356,0.4248,0.406,0.4037,13.56,335.7,-14.3,0.3491,0.0413,2.8,0.4286,0.9926,0.4665,0.4152,0.4196
2026-08-08,-65.71,10.59,0.4979,0.4561,0.4957,0.4662,6.14,247.1,-14.5,0.0928,0.1434,4.8,0.4286,0.9926,0.4618,0.4419,0.4488
2026-08-08,-65.71,31.76,0.4736,0.4225,0.4089,0.3784,6.16,279.8,-15.5,0.1219,-0.0919,4.2,0.4286,0.9926,0.4882,0.5087,0.4461
2026-08-08,-65.71,52.94,0.5377,0.4676,0.4264,0.4269,12.09,292.3,-16.3,0.1243,-0.0647,4.2,0.4286,0.9926,0.5257,0.4574,0.5413
2026-08-08,-65.71,74.12,0.5322,0.516,0.5288,0.5247,8.77,215.4,-10.1,0.3315,-0.1199,1.3,0.4286,0.9926,0.4475,0.4622,0.4354
2026-08-08,-65.71,95.29,0.4005,0.4444,0.4493,0.485,11.79,129.5,-12.8,0.3961,0.104,3.8,0.4286,0.9926,0.463,0.3803,0.4575
2026-08-08,-65.71,116.47,0.4083,0.4936,0.4577,0.4085,5.08,339.6,-19.5,0.3444,0.1503,1.7,0.4286,0.9926,0.4331,0.4096,0.4735
2026-08-08,-65.71,137.65,0.3598,0.356,0.3801,0.4299,10.22,110.3,-13.8,0.2539,0.1303,4.2,0.4286,0.9926,0.4804,0.4421,0.4455
2026-08-08,-65.71,158.82,0.2987,0.3674,0.3923,0.3893,9.26,311.3,-12.5,0.4175,0.2405,3.5,0.4286,0.9926,0.4116,0.3811,0.3712
2026-08-08,-65.71,180.0,0.2983,0.349,0.4018,0.3187,12.28,258.8,-17.2,0.133,-0.1111,3.6,0.4286,0.9926,0.357,0.3537,0.3514
2026-08-08,-64.29,-180.0,0.257,0.2755,0.3015,0.2297,15.55,235.3,-11.1,0.3089,0.075,4.7,0.3714,0.9926,0.327,0.2597,0.3075
2026-08-08,-64.29,-158.82,0.1841,0.2839,0.2259,0.235,16.9,219.5,-17.5,0.1611,0.3099,5.9,0.3714,0.9926,0.2942,0.2122,0.2152
2026-08-08,-64.29,-137.65,0.2321,0.1769,0.1741,0.2293,15.06,211.4,-8.6,0.2698,0.0878,5.9,0.3714,0.9926,0.2767,0.2011,0.3496
2026-08-08,-64.29,-116.47,0.2731,0.1668,0.2678,0.2595,17.93,170.1,-3.6,0.2548,0.3549,4.5,0.3714,0.9926,0.2883,0.287,0.2882
2026-08-08,-64.29,-95.29,0.315,0.2701,0.3078,0.2111,6.02,159.3,-13.1,0.1117,-0.1491,4.6,0.3714,0.9926,0.2699,0.2226,0.2633
2026-08-08,-64.29,-74.12,0.3041,0.2813,0.2649,0.2454,15.72,335.6,-8.1,0.2439,0.269,3.5,0.3714,0.9926,0.2057,0.1946,0.2319
2026-08-08,-64.29,-52.94,0.2877,0.2296,0.2553,0.3201,5.93,83.0,-13.8,0.2207,-0.07,2.0,0.3714,0.9926,0.2879,0.3417,0.2873
2026-08-08,-64.29,-31.76,0.3053,0.2601,0.3533,0.3524,7.57,234.4,-14.3,0.249,-0.1346,5.0,0.3714,0.9926,0.379,0.3086,0.3575
2026-08-08,-64.29,-10.59,0.3367,0.3816,0.3908,0.4065,8.73,328.1,-11.9,0.0618,0.0007,4.2,0.3714,0.9926,0.3268,0.376,0.3407
2026-08-08,-64.29,10.59,0.3354,0.3581,0.4478,0.3882,8.09,87.2,-14.3,0.3997,-0.0966,6.1,0.3714,0.9926,0.4939,0.3423,0.417
2026-08-08,-64.29,31.76,0.3901,0.3797,0.4328,0.3429,13.48,41.1,-10.1,0.2431,-0.1008,3.0,0.3714,0.9926,0.4638,0.4128,0.4436
2026-08-08,-64.29,52.94,0.4399,0.3895,0.4395,0.3875,15.82,273.6,-15.8,0.3439,-0.2129,5.5,0.3714,0.9926,0.4011,0.3988,0.4357
2026-08-08,-64.29,74.12,0.4348,0.4956,0.4681,0.3702,9.56,170.9,-13.4,0.4498,-0.0912,2.8,0.3714,0.9926,0.414,0.3403,0.48
2026-08-08,-64.29,95.29,0.493,0.4646,0.3803,0.3738,7.83,339.9,-15.3,0.2577,-0.1745,4.2,0.3714,0.9926,0.42,0.4552,0.4994
2026-08-08,-64.29,116.47,0.4122,0.42,0.393,0.4156,7.72,204.9,-6.1,0.2405,0.0935,3.9,0.3714,0.9926,0.3937,0.426,0.3449
2026-08-08,-64.29,137.65,0.4551,0.4061,0.3304,0.394,5.11,208.9,-11.3,0.3044,-0.1441,4.7,0.3714,0.9926,0.3952,0.3316,0.3832
2026-08-08,-64.29,158.82,0.3577,0.2775,0.3429,0.2314,11.89,92.7,-10.7,0.2513,0.1044,5.4,0.3714,0.9926,0.3112,0.2772,0.3503
2026-08-08,-64.29,180.0,0.2525,0.245,0.3287,0.3567,8.11,253.2,-15.5,0.1929,0.0719,3.8,0.3714,0.9926,0.2393,0.3083,0.3471
2026-08-08,-62.86,-180.0,0.1818,0.2743,0.2521,0.2329,15.1,89.7,-14.9,0.3927,0.0282,5.8,0.3143,0.9926,0.2282,0.1738,0.1873
2026-08-08,-62.86,-158.82,0.1961,0.1619,0.2078,0.1504,7.35,131.7,-15.2,0.0727,0.0324,4.1,0.3143,0.9926,0.1454,0.1582,0.1535
2026-08-08,-62.86,-137.65,0.1638,0.1019,0.1301,0.1505,17.83,241.8,-9.7,0.0758,0.2332,5.2,0.3143,0.9926,0.2372,0.1751,0.172
2026-08-08,-62.86,-116.47,0.2271,0.1449,0.0942,0.2267,12.66,333.8,-14.0,0.1303,0.0445,4.3,0.3143,0.9926,0.1564,0.1829,0.1897
2026-08-08,-62.86,-95.29,0.2198,0.1991,0.1551,0.2171,16.26,135.0,-4.1,0.4113,0.2228,4.1,0.3143,0.9926,0.0885,0.1744,0.1986
2026-08-08,-62.86,-74.12,0.21,0.1779,0.2248,0.2335,9.67,282.0,-11.5,0.15,-0.0351,4.8,0.3143,0.9926,0.2761,0.2152,0.2355
2026-08-08,-62.86,-52.94,0.3476,0.2922,0.3042,0.2283,12.02,246.2,-15.2,0.2013,-0.0369,4.6,0.3143,0.9926,0.2532,0.2316,0.2646
2026-08-08,-62.86,-31.76,0.2831,0.2777,0.2756,0.2457,10.86,215.7,-7.7,0.0583,-0.033,4.2,0.3143,0.9926,0.237,0.3154,0.1903
2026-08-08,-62.86,-10.59,0.2543,0.3312,0.3559,0.3388,17.64,32.5,-11.9,0.3853,-0.1767,3.4,0.3143,0.9926,0.3183,0.2553,0.3398
2026-08-08,-62.86,10.59,0.3652,0.407,0.3922,0.3276,10.91,57.2,-10.2,0.2477,-0.0628,5.6,0.3143,0.9926,0.3757,0.2947,0.4027
2026-08-08,-62.86,31.76,0.4097,0.402,0.2693,0.3754,10.8,232.0,-15.3,0.3772,-0.0001,4.1,0.3143,0.9926,0.4191,0.3433,0.3437
2026-08-08,-62.86,52.94,0.4367,0.384,0.4329,0.4218,11.75,110.3,-9.4,0.3647,0.1139,5.3,0.3143,0.9926,0.4491,0.4148,0.5043
2026-08-08,-62.86,74.12,0.3437,0.4432,0.3656,0.3547,5.63,216.9,-11.9,0.1112,0.2117,5.2,0.3143,0.9926,0.4147,0.3601,0.4515
2026-08-08,-62.86,95.29,0.29,0.2967,0.2863,0.3258,16.9,152.5,-16.8,0.3213,0.1685,3.7,0.3143,0.9926,0.3278,0.3283,0.3419
2026-08-08,-62.86,116.47,0.3289,0.3079,0.3611,0.3439,17.31,152.0,-9.9,0.1644,-0.0194,3.1,0.3143,0.9926,0.3114,0.2821,0.2839
2026-08-08,-62.86,137.65,0.306,0.2787,0.3819,0.3047,9.43,11.4,-12.0,0.3312,-0.0973,2.7,0.3143,0.9926,0.3456,0.2998,0.3414
2026-08-08,-62.86,158.82,0.2563,0.2377,0.3421,0.2204,14.15,154.3,-13.2,0.4411,0.235,7.2,0.3143,0.9926,0.2834,0.1954,0.1995
2026-08-08,-62.86,180.0,0.2389,0.2179,0.2039,0.201,5.77,348.7,-14.2,0.1256,-0.1383,5.3,0.3143,0.9926,0.2306,0.1465,0.239
2026-08-08,-61.43,-180.0,0.1185,0.1403,0.1663,0.1696,12.51,263.1,-10.2,0.3336,0.0848,5.1,0.2571,0.9926,0.2656,0.2548,0.1629
2026-08-08,-61.43,-158.82,0.213,0.1772,0.206,0.162,16.49,128.0,-6.4,0.3655,-0.0709,4.6,0.2571,0.9926,0.1939,0.1417,0.157
2026-08-08,-61.43,-137.65,0.174,0.1171,0.1248,0.1816,5.51,63.1,-12.6,0.4467,0.0853,5.6,0.2571,0.9926,0.1189,0.1252,0.1622
2026-08-08,-61.43,-116.47,0.144,0.1308,0.0833,0.1314,12.83,6.3,-8.0,0.3693,-0.1278,5.5,0.2571,0.9926,0.0684,0.2009,0.226
2026-08-08,-61.43,-95.29,0.1208,0.139,0.1787,0.1388,5.47,130.1,-9.6,0.1199,-0.0465,4.2,0.2571,0.9926,0.2531,0.0884,0.1611
2026-08-08,-61.43,-74.12,0.1962,0.2077,0.1305,0.183,13.83,284.8,-11.1,0.1808,0.1209,6.5,0.2571,0.9926,0.1878,0.1656,0.1564
2026-08-08,-61.43,-52.94,0.1814,0.1159,0.2113,0.1956,8.49,8.5,-8.5,0.4137,0.0479,6.6,0.2571,0.9926,0.1843,0.1729,0.2304
2026-08-08,-61.43,-31.76,0.241,0.2587,0.2283,0.2332,8.1,17.7,-13.2,0.4409,-0.1344,5.0,0.2571,0.9926,0.2375,0.2246,0.2419
2026-08-08,-61.43,-10.59,0.2916,0.2045,0.1913,0.2925,8.57,108.6,-8.1,0.3371,0.2855,5.2,0.2571,0.9926,0.2801,0.2524,0.2947
2026-08-08,-61.43,10.59,0.3081,0.2359,0.3365,0.2204,11.69,190.0,-6.3,0.3193,0.0786,8.0,0.2571,0.9926,0.2855,0.3531,0.3139
2026-08-08,-61.43,31.76,0.3727,0.3564,0.3479,0.2697,15.54,341.4,-6.5,0.1302,0.0637,5.8,0.2571,0.9926,0.2763,0.2794,0.2807
2026-08-08,-61.43,52.94,0.3143,0.2911,0.3881,0.2673,14.75,339.8,-15.0,0.2503,-0.0789,4.5,0.2571,0.9926,0.3589,0.2986,0.3374
2026-08-08,-61.43,74.12,0.3354,0.3177,0.3507,0.3564,7.3,68.6,-6.6,0.113,0.154,4.1,0.2571,0.9926,0.3462,0.293,0.3059
2026-08-08,-61.43,95.29,0.3365,0.3945,0.311,0.2999,9.92,15.0,-11.0,0.382,0.0961,5.4,0.2571,0.9926,0.3075,0.3425,0.3494
2026-08-08,-61.43,116.47,0.3712,0.2926,0.3381,0.3469,9.61,76.0,-8.0,0.1193,-0.2222,4.7,0.2571,0.9926,0.2866,0.2722,0.2515
2026-08-08,-61.43,137.65,0.2724,0.3171,0.2503,0.2484,11.12,211.4,-5.2,0.445,0.0149,6.8,0.2571,0.9926,0.3065,0.2438,0.3212
2026-08-08,-61.43,158.82,0.1769,0.2184,0.2191,0.2492,13.72,189.5,-9.3,0.3576,0.0642,5.8,0.2571,0.9926,0.2021,0.2199,0.2062
2026-08-08,-61.43,180.0,0.2344,0.1644,0.2169,0.1406,10.13,42.4,-11.9,0.29,-0.0648,4.4,0.2571,0.9926,0.1532,0.1582,0.0974
2026-08-08,-60.0,-180.0,0.1332,0.1281,0.1712,0.1177,5.6,216.8,-10.4,0.1149,0.0835,5.7,0.2,0.9926,0.1958,0.1664,0.0685
2026-08-08,-60.0,-158.82,0.072,0.0415,0.0863,0.1493,9.82,13.2,-15.3,0.3775,-0.1988,7.5,0.2,0.9926,0.1595,0.1278,0.1178
2026-08-08,-60.0,-137.65,0.0,0.0448,0.064,0.0825,10.03,221.0,-8.5,0.058,0.0854,6.5,0.2,0.9926,0.1282,0.1253,0.1041
2026-08-08,-60.0,-116.47,0.0602,0.0233,0.042,0.0422,5.37,148.8,-9.0,0.358,0.238,6.8,0.2,0.9926,0.0344,0.0788,0.0933
2026-08-08,-60.0,-95.29,0.0971,0.0827,0.1571,0.0888,17.79,80.1,-9.5,0.3672,-0.0823,6.3,0.2,0.9926,0.0791,0.0744,0.1134
2026-08-08,-60.0,-74.12,0.1179,0.0958,0.1264,0.0746,10.69,64.5,-9.3,0.3225,0.0315,7.4,0.2,0.9926,0.0748,0.0284,0.09
2026-08-08,-60.0,-52.94,0.1296,0.1333,0.2064,0.1856,7.58,199.5,-12.7,0.2924,-0.0266,6.2,0.2,0.9926,0.1535,0.1934,0.1246
2026-08-08,-60.0,-31.76,0.1674,0.1061,0.1382,0.2114,5.72,157.7,-11.7,0.4461,0.0217,7.2,0.2,0.9926,0.2216,0.1967,0.168
2026-08-08,-60.0,-10.59,0.2571,0.2028,0.2133,0.1529,14.7,45.5,-9.1,0.0709,-0.1545,5.3,0.2,0.9926,0.231,0.2232,0.2154
2026-08-08,-60.0,10.59,0.2846,0.2231,0.2073,0.2411,12.35,331.0,-8.6,0.342,-0.0958,6.1,0.2,0.9926,0.1644,0.1936,0.2263
2026-08-08,-60.0,31.76,0.3757,0.2489,0.2374,0.3236,14.91,356.0,-5.6,0.4412,-0.0792,6.8,0.2,0.9926,0.2453,0.3068,0.3196
2026-08-08,-60.0,52.94,0.3182,0.2874,0.273,0.2085,6.15,63.7,-6.6,0.3413,-0.1619,6.7,0.2,0.9926,0.2738,0.2957,0.241
2026-08-08,-60.0,74.12,0.2676,0.2948,0.2479,0.3605,14.85,265.6,-5.8,0.0816,-0.1165,7.0,0.2,0.9926,0.2047,0.237,0.3162
2026-08-08,-60.0,95.29,0.2494,0.3043,0.2713,0.2643,9.62,50.5,-4.7,0.3883,0.1268,5.7,0.2,0.9926,0.2439,0.2699,0.2624
2026-08-08,-60.0,116.47,0.2179,0.2615,0.147,0.2409,8.72,39.4,-9.0,0.3806,-0.0258,5.9,0.2,0.9926,0.286,0.2346,0.2168
2026-08-08,-60.0,137.65,0.1899,0.1497,0.1956,0.2165,11.71,229.8,-10.7,0.3408,0.1464,7.6,0.2,0.9926,0.1755,0.1913,0.2229
2026-08-08,-60.0,158.82,0.1714,0.1024,0.1855,0.1615,12.08,197.1,-9.7,0.1869,-0.1736,5.3,0.2,0.9926,0.1516,0.0919,0.191
2026-08-08,-60.0,180.0,0.1259,0.1006,0.1189,0.143,5.98,70.2,-10.5,0.1577,-0.1015,4.1,0.2,0.9926,0.0899,0.1344,0.1968
2026-08-09,-80.0,-180.0,0.859,0.8173,0.8582,0.886,13.38,35.6,-26.4,0.0613,0.118,-2.3,1.0,0.9911,0.8409,0.9115,0.814
2026-08-09,-80.0,-158.82,0.7878,0.7965,0.7669,0.8608,5.65,66.8,-28.8,0.056,-0.2033,-1.5,1.0,0.9911,0.7724,0.8844,0.8175
2026-08-09,-80.0,-137.65,0.7463,0.8497,0.8396,0.8084,10.12,342.0,-26.2,0.2679,0.148,-0.9,1.0,0.9911,0.7903,0.7754,0.768
2026-08-09,-80.0,-116.47,0.9046,0.7429,0.7197,0.8199,15.37,355.8,-23.2,0.3614,0.1058,-3.8,1.0,0.9911,0.7706,0.8004,0.7819
2026-08-09,-80.0,-95.29,0.793,0.7794,0.7958,0.8205,13.44,249.1,-24.5,0.3348,-0.0835,-2.2,1.0,0.9911,0.8284,0.8063,0.7341
2026-08-09,-80.0,-74.12,0.8183,0.7814,0.82,0.8051,17.4,144.2,-29.5,0.259,0.0216,-2.7,1.0,0.9911,0.8012,0.8366,0.8361
2026-08-09,-80.0,-52.94,0.9336,0.8807,0.8851,0.8677,16.95,93.3,-28.4,0.2243,-0.0475,-3.3,1.0,0.9911,0.8722,0.8575,0.9167
2026-08-09,-80.0,-31.76,0.8783,0.8322,0.8759,0.8852,11.52,51.7,-22.4,0.2483,-0.194,-2.1,1.0,0.9911,0.8509,0.8127,0.8376
2026-08-09,-80.0,-10.59,0.9084,1.0,1.0,0.8547,16.6,197.4,-25.1,0.1224,0.0157,-0.8,1.0,0.9911,0.9909,0.9939,0.9176
2026-08-09,-80.0,10.59,0.9126,0.9418,1.0,0.8751,16.11,206.0,-30.4,0.3534,0.0166,-1.6,1.0,0.9911,1.0,0.9326,0.9182
2026-08-09,-80.0,31.76,0.9736,1.0,0.9885,1.0,17.32,224.5,-26.8,0.427,-0.0757,-1.4,1.0,0.9911,1.0,0.9665,0.9344
2026-08-09,-80.0,52.94,0.9804,0.9658,0.9787,0.9673,13.57,297.6,-29.2,0.263,0.2166,-3.0,1.0,0.9911,0.9875,0.951,1.0
2026-08-09,-80.0,74.12,0.9568,0.9676,0.9412,1.0,17.47,274.9,-29.0,0.0914,0.2033,-0.8,1.0,0.9911,1.0,1.0,0.9767
2026-08-09,-80.0,95.29,0.9277,1.0,0.9833,1.0,12.38,166.0,-29.1,0.0623,-0.1567,-5.5,1.0,0.9911,0.9325,1.0,0.9709
2026-08-09,-80.0,116.47,1.0,0.8772,0.9238,0.9481,13.48,58.5,-18.3,0.1292,-0.0125,-0.6,1.0,0.9911,1.0,0.9582,1.0
2026-08-09,-80.0,137.65,0.9125,0.9663,0.9213,0.929,10.52,223.6,-30.8,0.317,-0.1563,-2.1,1.0,0.9911,0.9194,0.9564,0.9109
2026-08-09,-80.0,158.82,0.8624,0.8943,0.8597,0.8864,5.69,305.3,-28.9,0.3608,0.0764,-0.6,1.0,0.9911,0.8836,0.8513,0.9095
2026-08-09,-80.0,180.0,0.8571,0.8323,0.8511,0.8481,8.58,71.2,-23.1,0.2435,0.0842,-4.0,1.0,0.9911,0.8133,0.8534,0.8751
2026-08-09,-78.57,-180.0,0.7105,0.7516,0.7268,0.8589,9.71,345.0,-24.3,0.1863,-0.0724,-1.4,0.9429,0.9911,0.7749,0.7982,0.7755
2026-08-09,-78.57,-158.82,0.7635,0.7744,0.7699,0.857,6.63,162.6,-24.4,0.3212,-0.0811,-2.0,0.9429,0.9911,0.7607,0.7354,0.7886
2026-08-09,-78.57,-137.65,0.7563,0.7808,0.7661,0.747,13.16,260.0,-23.3,0.4361,0.0212,-1.3,0.9429,0.9911,0.8886,0.7643,0.6905
2026-08-09,-78.57,-116.47,0.7187,0.8135,0.7567,0.7803,6.0,310.3,-27.7,0.0524,0.0081,-0.4,0.9429,0.9911,0.6751,0.725,0.7037
2026-08-09,-78.57,-95.29,0.7924,0.7496,0.8903,0.6985,12.61,331.2,-30.9,0.4087,-0.1356,-4.0,0.9429,0.9911,0.7222,0.7883,0.7435
2026-08-09,-78.57,-74.12,0.7997,0.7294,0.8101,0.7274,17.13,4.8,-25.5,0.3204,-0.1986,-1.5,0.9429,0.9911,0.7823,0.7199,0.7545
2026-08-09,-78.57,-52.94,0.8117,0.8009,0.7499,0.8057,11.58,52.6,-24.5,0.3112,-0.3174,-2.7,0.9429,0.9911,0.7641,0.7141,0.8742
2026-08-09,-78.57,-31.76,0.872,0.8186,0.8293,0.778,7.18,243.2,-22.3,0.4443,0.0458,-0.1,0.9429,0.9911,0.8953,0.8544,0.8776
2026-08-09,-78.57,-10.59,0.8587,0.8631,0.8498,0.853,5.23,245.1,-25.9,0.1913,-0.0486,-3.3,0.9429,0.9911,0.8205,0.8279,0.9646
2026-08-09,-78.57,10.59,0.9521,0.8461,0.8937,0.9698,10.59,78.9,-22.7,0.0532,0.0398,-1.7,0.9429,0.9911,0.941,0.9239,0.8392
2026-08-09,-78.57,31.76,0.9413,0.9142,0.9237,0.8847,14.59,271.0,-21.9,0.3556,0.0279,1.3,0.9429,0.9911,0.9243,0.8969,0.9144
2026-08-09,-78.57,52.94,0.9287,0.8755,0.9917,0.9627,7.66,95.2,-29.8,0.2449,0.0145,-0.1,0.9429,0.9911,0.8676,0.9125,0.928
2026-08-09,-78.57,74.12,0.9405,1.0,0.9483,0.9309,12.32,189.5,-20.1,0.0673,0.3782,-1.0,0.9429,0.9911,0.9155,1.0,0.8973
2026-08-09,-78.57,95.29,0.9567,0.9317,0.9598,0.9152,8.68,14.7,-24.4,0.3525,-0.0705,-3.3,0.9429,0.9911,0.9309,0.9483,0.9793
2026-08-09,-78.57,116.47,0.9781,0.907,0.857,0.9372,15.98,156.7,-22.7,0.2433,-0.177,-0.7,0.9429,0.9911,0.8894,0.8781,0.9315
2026-08-09,-78.57,137.65,0.8702,0.8876,0.8683,0.8743,13.71,60.4,-28.7,0.2845,0.2241,-0.6,0.9429,0.9911,0.8517,0.8993,0.7983
2026-08-09,-78.57,158.82,0.725,0.7866,0.8589,0.8124,8.97,170.1,-29.5,0.3345,-0.0402,-3.4,0.9429,0.9911,0.84,0.7908,0.7985
2026-08-09,-78.57,180.0,0.777,0.7886,0.7435,0.8366,7.99,250.7,-26.5,0.1903,0.0798,-1.8,0.9429,0.9911,0.7838,0.8155,0.7259
2026-08-09,-77.14,-180.0,0.7117,0.7903,0.7104,0.7566,5.33,171.4,-25.1,0.2659,0.0302,0.4,0.8857,0.9911,0.734,0.7316,0.7254
2026-08-09,-77.14,-158.82,0.7034,0.7506,0.7378,0.6691,8.95,356.7,-21.4,0.2179,-0.1093,-1.5,0.8857,0.9911,0.7831,0.7322,0.7374
2026-08-09,-77.14,-137.65,0.7506,0.6819,0.7039,0.7227,10.28,132.1,-18.2,0.1123,0.0488,-2.0,0.8857,0.9911,0.6932,0.69,0.7034
2026-08-09,-77.14,-116.47,0.6297,0.6928,0.7206,0.7406,15.88,130.0,-24.0,0.3411,-0.0253,-0.0,0.8857,0.9911,0.7158,0.6868,0.7094
2026-08-09,-77.14,-95.29,0.7114,0.715,0.7591,0.7362,17.08,265.3,-28.0,0.1461,-0.0804,-0.2,0.8857,0.9911,0.6523,0.716,0.6791
2026-08-09,-77.14,-74.12,0.7559,0.6641,0.7215,0.7076,14.44,303.3,-25.5,0.423,0.065,-1.6,0.8857,0.9911,0.679,0.6214,0.7075
2026-08-09,-77.14,-52.94,0.7328,0.6804,0.7949,0.7818,7.65,335.5,-27.1,0.1921,-0.0013,-1.3,0.8857,0.9911,0.8179,0.7267,0.76
2026-08-09,-77.14,-31.76,0.7969,0.788,0.7909,0.8756,10.1,302.6,-22.7,0.4475,-0.0532,-0.9,0.8857,0.9911,0.7198,0.7527,0.7371
2026-08-09,-77.14,-10.59,0.8341,0.8548,0.8377,0.7746,8.69,147.1,-27.0,0.2039,0.0947,-2.6,0.8857,0.9911,0.8057,0.7975,0.7857
2026-08-09,-77.14,10.59,0.8278,0.7999,0.8285,0.8569,14.96,311.3,-18.1,0.1237,0.0421,-0.1,0.8857,0.9911,0.8513,0.8705,0.8469
2026-08-09,-77.14,31.76,0.8977,0.8825,0.8519,0.8828,13.99,174.8,-28.9,0.2404,0.0067,-0.0,0.8857,0.9911,0.8945,0.9061,0.8698
2026-08-09,-77.14,52.94,0.858,0.8898,0.9125,0.9283,16.37,231.2,-17.9,0.2494,-0.2638,0.5,0.8857,0.9911,0.8673,0.8756,0.876
2026-08-09,-77.14,74.12,0.8912,0.862,0.8497,0.8329,7.08,206.0,-22.8,0.1792,-0.0976,-2.7,0.8857,0.9911,0.9079,0.88,0.919
2026-08-09,-77.14,95.29,0.8991,0.8603,0.9264,0.8895,12.87,77.2,-22.9,0.1349,-0.0038,0.1,0.8857,0.9911,0.923,0.8591,0.904
2026-08-09,-77.14,116.47,0.8341,0.8557,0.8395,0.857,15.6,83.2,-25.2,0.1548,0.0679,-1.5,0.8857,0.9911,0.839,0.842,0.8856
2026-08-09,-77.14,137.65,0.8305,0.8454,0.7503,0.8339,17.19,148.8,-25.9,0.2529,0.0513,-2.1,0.8857,0.9911,0.846,0.8463,0.8114
2026-08-09,-77.14,158.82,0.7956,0.7946,0.7871,0.7458,8.94,84.5,-19.3,0.187,0.0498,0.6,0.8857,0.9911,0.82,0.7531,0.7817
2026-08-09,-77.14,180.0,0.7407,0.8028,0.6595,0.7495,17.54,152.0,-27.2,0.187,-0.0522,-1.4,0.8857,0.9911,0.7403,0.7571,0.7926
2026-08-09,-75.71,-180.0,0.749,0.7414,0.6419,0.6981,13.76,202.3,-23.5,0.2397,0.3936,-1.2,0.8286,0.9911,0.7164,0.7171,0.7052
2026-08-09,-75.71,-158.82,0.6394,0.6262,0.6634,0.6363,14.32,132.2,-21.2,0.3634,-0.1499,0.7,0.8286,0.9911,0.5911,0.6815,0.6194
2026-08-09,-75.71,-137.65,0.6364,0.6443,0.664,0.6241,17.3,340.7,-25.3,0.1707,-0.0583,1.7,0.8286,0.9911,0.7083,0.6543,0.5943
2026-08-09,-75.71,-116.47,0.5704,0.6764,0.5988,0.6972,11.16,22.5,-17.3,0.2719,0.2148,-1.5,0.8286,0.9911,0.6787,0.6258,0.6338
2026-08-09,-75.71,-95.29,0.6771,0.6511,0.6501,0.6851,16.6,39.1,-19.7,0.2253,0.1993,-0.2,0.8286,0.9911,0.6583,0.7017,0.5964
2026-08-09,-75.71,-74.12,0.651,0.6936,0.64,0.6158,15.26,84.6,-16.8,0.1023,0.0095,0.1,0.8286,0.9911,0.6863,0.6201,0.761
2026-08-09,-75.71,-52.94,0.784,0.6757,0.7113,0.6913,15.18,208.6,-19.4,0.3208,0.2533,-0.0,0.8286,0.9911,0.6729,0.7535,0.6937
2026-08-09,-75.71,-31.76,0.7713,0.6535,0.7998,0.7199,5.93,280.5,-24.1,0.1954,-0.1505,0.4,0.8286,0.9911,0.711,0.7306,0.7894
2026-08-09,-75.71,-10.59,0.6976,0.7035,0.8001,0.7293,9.85,229.2,-21.6,0.16,0.0755,0.5,0.8286,0.9911,0.7486,0.7629,0.8095
2026-08-09,-75.71,10.59,0.758,0.79,0.7888,0.7839,14.85,30.2,-23.1,0.3654,0.132,0.3,0.8286,0.9911,0.8125,0.7244,0.8892
2026-08-09,-75.71,31.76,0.8044,0.8516,0.843,0.8214,9.46,111.9,-20.6,0.0684,-0.0028,1.3,0.8286,0.9911,0.8779,0.8232,0.8443
2026-08-09,-75.71,52.94,0.8299,0.9277,0.9417,0.8485,14.88,173.6,-24.7,0.3142,0.081,-1.3,0.8286,0.9911,0.8503,0.8583,0.9033
2026-08-09,-75.71,74.12,0.8138,0.7864,0.9187,0.8195,17.1,184.5,-17.9,0.2509,-0.1977,-0.3,0.8286,0.9911,0.9303,0.8479,0.8317
2026-08-09,-75.71,95.29,0.7967,0.883,0.8504,1.0,14.82,191.1,-22.3,0.1767,-0.154,-0.8,0.8286,0.9911,0.8405,0.829,0.847
2026-08-09,-75.71,116.47,0.7834,0.8208,0.7603,0.7947,5.13,79.4,-20.4,0.2348,-0.0015,0.5,0.8286,0.9911,0.851,0.8212,0.7299
2026-08-09,-75.71,137.65,0.7404,0.7797,0.7304,0.7943,15.11,127.0,-21.0,0.1245,-0.0001,-2.3,0.8286,0.9911,0.776,0.7248,0.7311
2026-08-09,-75.71,158.82,0.781,0.7402,0.7647,0.658,8.96,269.5,-21.5,0.3676,0.0454,0.8,0.8286,0.9911,0.7286,0.7424,0.7515
2026-08-09,-75.71,180.0,0.7998,0.6487,0.6461,0.7075,8.24,172.9,-23.6,0.3697,-0.0487,-1.4,0.8286,0.9911,0.6935,0.6892,0.6229
2026-08-09,-74.29,-180.0,0.6049,0.5816,0.6532,0.5907,8.7,180.4,-21.9,0.1938,-0.0013,-0.5,0.7714,0.9911,0.583,0.6519,0.6631
2026-08-09,-74.29,-158.82,0.7101,0.6571,0.5608,0.6426,6.63,40.3,-19.9,0.3641,-0.3467,0.2,0.7714,0.9911,0.613,0.6293,0.6318
2026-08-09,-74.29,-137.65,0.6047,0.5954,0.6274,0.6256,10.49,55.2,-21.9,0.4422,-0.1611,-0.8,0.7714,0.9911,0.5535,0.5714,0.6238
2026-08-09,-74.29,-116.47,0.6053,0.5523,0.6011,0.5613,16.73,33.5,-19.4,0.2929,0.0651,0.7,0.7714,0.9911,0.6018,0.5756,0.5265
2026-08-09,-74.29,-95.29,0.6133,0.6535,0.5931,0.622,17.22,235.9,-20.4,0.3639,0.0996,0.5,0.7714,0.9911,0.5962,0.5522,0.5924
2026-08-09,-74.29,-74.12,0.6235,0.6201,0.65,0.5988,17.69,51.0,-16.4,0.2883,-0.0656,0.4,0.7714,0.9911,0.6501,0.6008,0.7325
2026-08-09,-74.29,-52.94,0.6606,0.6394,0.5593,0.5687,17.05,127.0,-20.2,0.3274,0.0085,0.2,0.7714,0.9911,0.6507,0.6264,0.7024
2026-08-09,-74.29,-31.76,0.685,0.727,0.6774,0.6489,17.62,30.3,-23.1,0.3574,0.0473,-0.5,0.7714,0.9911,0.7486,0.7011,0.7208
2026-08-09,-74.29,-10.59,0.7316,0.7421,0.711,0.7054,13.83,54.1,-20.1,0.1755,-0.1186,0.1,0.7714,0.9911,0.7187,0.7735,0.7342
2026-08-09,-74.29,10.59,0.7515,0.768,0.6457,0.7741,13.89,23.1,-24.4,0.2415,0.2604,0.7,0.7714,0.9911,0.7676,0.7306,0.7794
2026-08-09,-74.29,31.76,0.877,0.6762,0.717,0.7853,11.54,219.0,-22.4,0.3875,0.2128,0.7,0.7714,0.9911,0.8638,0.7704,0.7862
2026-08-09,-74.29,52.94,0.7458,0.8389,0.7931,0.7986,13.43,315.9,-16.0,0.3211,0.032,-0.3,0.7714,0.9911,0.7908,0.7655,0.817
2026-08-09,-74.29,74.12,0.766,0.8342,0.7731,0.8137,8.32,229.0,-17.8,0.3309,-0.036,-0.9,0.7714,0.9911,0.7321,0.8167,0.8615
2026-08-09,-74.29,95.29,0.8161,0.8111,0.7562,0.8171,11.15,308.8,-20.2,0.0773,-0.0839,-0.2,0.7714,0.9911,0.719,0.7662,0.7498
2026-08-09,-74.29,116.47,0.7236,0.7133,0.7861,0.7195,10.6,344.2,-13.8,0.1016,0.0924,0.3,0.7714,0.9911,0.6987,0.7587,0.7755
2026-08-09,-74.29,137.65,0.6498,0.6725,0.7326,0.7704,12.82,267.7,-18.7,0.3849,-0.1236,1.8,0.7714,0.9911,0.7698,0.765,0.7514
2026-08-09,-74.29,158.82,0.7184,0.6768,0.718,0.6677,13.7,246.7,-27.6,0.3427,0.0587,-0.3,0.7714,0.9911,0.6692,0.658,0.6165
2026-08-09,-74.29,180.0,0.6596,0.6471,0.6047,0.5881,5.22,348.5,-21.9,0.2648,0.0019,0.7,0.7714,0.9911,0.6223,0.631,0.6413
2026-08-09,-72.86,-180.0,0.6308,0.5733,0.632,0.6194,5.91,280.2,-15.7,0.1329,-0.1828,1.7,0.7143,0.9911,0.5171,0.5639,0.5897
2026-08-09,-72.86,-158.82,0.5486,0.5662,0.6006,0.5216,12.11,202.4,-15.6,0.1468,-0.13,0.9,0.7143,0.9911,0.5488,0.5535,0.5579
2026-08-09,-72.86,-137.65,0.578,0.4776,0.5331,0.5468,17.48,150.0,-14.2,0.2839,-0.1538,0.6,0.7143,0.9911,0.5846,0.5794,0.5257
2026-08-09,-72.86,-116.47,0.5227,0.5661,0.5567,0.5313,15.79,350.8,-19.1,0.3643,0.1498,-0.2,0.7143,0.9911,0.6097,0.4815,0.5021
2026-08-09,-72.86,-95.29,0.5249,0.5604,0.5256,0.5394,8.58,97.7,-22.4,0.2316,-0.1278,0.8,0.7143,0.9911,0.4958,0.5771,0.5568
2026-08-09,-72.86,-74.12,0.5943,0.5719,0.5784,0.6011,17.54,123.8,-13.1,0.3757,0.0265,1.2,0.7143,0.9911,0.5973,0.5272,0.5786
2026-08-09,-72.86,-52.94,0.6458,0.636,0.5537,0.6063,7.97,168.8,-18.8,0.1057,0.2332,-0.4,0.7143,0.9911,0.6113,0.5894,0.6092
2026-08-09,-72.86,-31.76,0.5825,0.6571,0.6617,0.6788,11.17,83.8,-15.2,0.379,0.0471,0.6,0.7143,0.9911,0.6253,0.6305,0.6595
2026-08-09,-72.86,-10.59,0.6428,0.6711,0.6698,0.6449,5.43,25.7,-20.5,0.0688,0.1784,1.2,0.7143,0.9911,0.6843,0.6635,0.6842
2026-08-09,-72.86,10.59,0.6921,0.7132,0.7002,0.6333,13.77,215.2,-19.4,0.2338,0.0193,2.2,0.7143,0.9911,0.7393,0.778,0.7211
2026-08-09,-72.86,31.76,0.7303,0.7416,0.7834,0.7063,15.31,348.4,-22.9,0.0715,0.1372,2.5,0.7143,0.9911,0.7223,0.7538,0.7383
2026-08-09,-72.86,52.94,0.7213,0.7246,0.7519,0.7566,9.77,328.7,-23.8,0.1534,-0.0297,1.4,0.7143,0.9911,0.7552,0.7402,0.7601
2026-08-09,-72.86,74.12,0.7411,0.6384,0.7271,0.7072,9.97,75.9,-20.8,0.1032,0.0036,1.4,0.7143,0.9911,0.6737,0.7514,0.7389
2026-08-09,-72.86,95.29,0.7295,0.7654,0.8004,0.7151,5.22,43.8,-21.1,0.3547,-0.0978,1.1,0.7143,0.9911,0.7455,0.7133,0.6414
2026-08-09,-72.86,116.47,0.6365,0.6776,0.6754,0.7254,7.85,285.7,-16.9,0.1457,-0.1897,1.5,0.7143,0.9911,0.727,0.7239,0.743
2026-08-09,-72.86,137.65,0.722,0.7041,0.7003,0.6364,14.44,151.3,-22.5,0.3427,-0.0989,0.6,0.7143,0.9911,0.6243,0.6709,0.6226
2026-08-09,-72.86,158.82,0.646,0.5957,0.5936,0.6418,15.3,300.1,-25.2,0.3532,-0.034,0.2,0.7143,0.9911,0.5766,0.5832,0.6503
2026-08-09,-72.86,180.0,0.6147,0.6186,0.5502,0.5931,12.22,239.2,-15.4,0.3954,0.1357,1.8,0.7143,0.9911,0.6977,0.5567,0.5601
2026-08-09,-71.43,-180.0,0.4937,0.5888,0.4951,0.5578,5.86,146.6,-20.1,0.317,0.0827,1.2,0.6571,0.9911,0.5266,0.5143,0.5362
2026-08-09,-71.43,-158.82,0.4939,0.473,0.5469,0.4585,7.37,189.7,-16.9,0.2251,-0.0246,2.1,0.6571,0.9911,0.5825,0.4841,0.5164
2026-08-09,-71.43,-137.65,0.4337,0.5101,0.4743,0.5202,17.62,310.6,-19.6,0.3652,0.0127,0.8,0.6571,0.9911,0.5014,0.4895,0.4917
2026-08-09,-71.43,-116.47,0.5129,0.5334,0.5259,0.509,12.78,99.7,-18.7,0.2169,-0.0524,1.4,0.6571,0.9911,0.5167,0.4476,0.4837
2026-08-09,-71.43,-95.29,0.4601,0.4715,0.4902,0.5139,12.72,197.6,-23.8,0.1266,-0.0386,0.9,0.6571,0.9911,0.5516,0.4604,0.5249
2026-08-09,-71.43,-74.12,0.551,0.591,0.5224,0.4689,5.65,48.0,-13.6,0.2076,-0.0646,1.0,0.6571,0.9911,0.5435,0.5671,0.5369
2026-08-09,-71.43,-52.94,0.5342,0.5147,0.5122,0.6555,16.32,0.0,-16.7,0.1765,0.0046,2.4,0.6571,0.9911,0.4813,0.5265,0.6051
2026-08-09,-71.43,-31.76,0.5084,0.5241,0.5921,0.5615,12.02,220.3,-15.8,0.1802,0.0019,0.5,0.6571,0.9911,0.5867,0.5575,0.6056
2026-08-09,-71.43,-10.59,0.6055,0.6009,0.706,0.6023,9.99,162.3,-10.8,0.2759,0.1779,0.4,0.6571,0.9911,0.6289,0.5931,0.6367
2026-08-09,-71.43,10.59,0.683,0.7157,0.6675,0.6128,15.22,242.1,-22.1,0.129,-0.1551,0.6,0.6571,0.9911,0.6227,0.6263,0.6533
2026-08-09,-71.43,31.76,0.7228,0.6634,0.7229,0.6438,13.62,292.7,-16.5,0.2598,0.1252,0.6,0.6571,0.9911,0.573,0.6035,0.6532
2026-08-09,-71.43,52.94,0.6965,0.724,0.6749,0.6399,8.46,293.0,-18.3,0.4102,-0.1511,2.0,0.6571,0.9911,0.7028,0.6806,0.6902
2026-08-09,-71.43,74.12,0.7443,0.6997,0.7476,0.6418,11.83,344.9,-22.0,0.0514,0.0612,-0.8,0.6571,0.9911,0.7211,0.6792,0.6703
2026-08-09,-71.43,95.29,0.6304,0.6561,0.6423,0.6587,6.74,277.6,-15.7,0.4372,0.1838,1.8,0.6571,0.9911,0.6579,0.6598,0.6271
2026-08-09,-71.43,116.47,0.6526,0.6157,0.6591,0.6125,10.5,79.7,-19.1,0.1813,-0.1965,2.3,0.6571,0.9911,0.6244,0.6418,0.6376
2026-08-09,-71.43,137.65,0.6331,0.639,0.6462,0.6196,5.11,143.0,-16.3,0.2926,-0.0074,1.4,0.6571,0.9911,0.6579,0.6232,0.6099
2026-08-09,-71.43,158.82,0.5983,0.5856,0.6,0.6125,10.78,45.4,-17.5,0.231,0.0023,-0.2,0.6571,0.9911,0.4954,0.5888,0.5321
2026-08-09,-71.43,180.0,0.6145,0.5263,0.5429,0.6045,15.78,264.0,-18.0,0.1739,-0.0435,0.9,0.6571,0.9911,0.5027,0.4796,0.5009
2026-08-09,-70.0,-180.0,0.5046,0.5297,0.4685,0.5242,14.35,65.0,-22.9,0.2232,-0.0043,1.0,0.6,0.9911,0.5067,0.5925,0.4925
2026-08-09,-70.0,-158.82,0.4402,0.4067,0.4709,0.5144,13.49,124.2,-20.7,0.1725,0.0559,2.5,0.6,0.9911,0.4058,0.5078,0.4595
2026-08-09,-70.0,-137.65,0.4479,0.4431,0.4734,0.432,6.66,257.4,-17.4,0.2815,-0.0568,2.7,0.6,0.9911,0.4634,0.4783,0.4774
2026-08-09,-70.0,-116.47,0.4611,0.4753,0.4245,0.4479,14.43,284.2,-19.0,0.3813,-0.1263,0.1,0.6,0.9911,0.4858,0.4411,0.365
2026-08-09,-70.0,-95.29,0.4753,0.438,0.4235,0.4384,16.98,235.9,-15.4,0.1405,0.022,1.0,0.6,0.9911,0.3579,0.4654,0.4456
2026-08-09,-70.0,-74.12,0.529,0.4258,0.4614,0.449,16.84,279.9,-13.8,0.1635,0.1674,2.3,0.6,0.9911,0.507,0.498,0.4345
2026-08-09,-70.0,-52.94,0.578,0.4561,0.5246,0.4325,10.75,284.0,-20.1,0.1182,0.1295,1.4,0.6,0.9911,0.48,0.5064,0.5246
2026-08-09,-70.0,-31.76,0.6184,0.5306,0.4687,0.4871,8.37,330.2,-19.0,0.2009,0.0913,0.9,0.6,0.9911,0.5545,0.5673,0.5226
2026-08-09,-70.0,-10.59,0.5673,0.6361,0.5711,0.601,16.37,318.7,-18.9,0.3115,0.1661,0.3,0.6,0.9911,0.5494,0.519,0.5521
2026-08-09,-70.0,10.59,0.5591,0.6194,0.5256,0.6099,11.07,195.3,-17.4,0.0509,-0.2194,1.8,0.6,0.9911,0.553,0.5906,0.5866
2026-08-09,-70.0,31.76,0.5969,0.5879,0.6447,0.6459,17.31,131.6,-18.5,0.2596,-0.1651,2.0,0.6,0.9911,0.6824,0.6738,0.6287
2026-08-09,-70.0,52.94,0.6148,0.6357,0.6898,0.7277,11.17,212.9,-18.6,0.1038,0.1082,0.8,0.6,0.9911,0.6167,0.6164,0.608
2026-08-09,-70.0,74.12,0.6112,0.623,0.6141,0.6532,11.31,110.8,-19.4,0.4214,0.0383,0.4,0.6,0.9911,0.5985,0.6818,0.5796
2026-08-09,-70.0,95.29,0.608,0.6631,0.6125,0.6023,14.71,176.8,-17.3,0.2388,0.0884,2.9,0.6,0.9911,0.6506,0.6157,0.6756
2026-08-09,-70.0,116.47,0.5851,0.5943,0.5155,0.5754,14.8,21.2,-15.7,0.2877,0.037,2.1,0.6,0.9911,0.5918,0.5665,0.6415
2026-08-09,-70.0,137.65,0.5629,0.6028,0.58,0.5858,11.89,116.4,-17.9,0.4329,0.0406,3.4,0.6,0.9911,0.5463,0.5779,0.5972
2026-08-09,-70.0,158.82,0.4818,0.5428,0.5681,0.4909,17.76,154.3,-14.4,0.3547,0.3815,2.1,0.6,0.9911,0.4806,0.5724,0.5255
2026-08-09,-70.0,180.0,0.4861,0.5113,0.5146,0.551,14.34,109.7,-16.2,0.1149,-0.0014,0.0,0.6,0.9911,0.5126,0.5101,0.4822
2026-08-09,-68.57,-180.0,0.4562,0.3785,0.4672,0.3295,15.8,91.4,-14.2,0.2011,0.1901,1.9,0.5429,0.9911,0.4711,0.4505,0.4699
2026-08-09,-68.57,-158.82,0.3996,0.4213,0.3792,0.4827,8.27,227.2,-19.3,0.3592,0.0852,2.6,0.5429,0.9911,0.41,0.4216,0.4326
2026-08-09,-68.57,-137.65,0.3667,0.4009,0.4642,0.4489,6.97,192.9,-19.2,0.1057,-0.3173,4.0,0.5429,0.9911,0.4231,0.3536,0.4036
2026-08-09,-68.57,-116.47,0.4673,0.3985,0.3135,0.3429,10.66,340.8,-16.0,0.382,-0.2397,4.2,0.5429,0.9911,0.4,0.4307,0.3533
2026-08-09,-68.57,-95.29,0.3941,0.3985,0.5317,0.3848,7.36,178.3,-17.2,0.3476,-0.3904,3.1,0.5429,0.9911,0.43,0.4155,0.4473
2026-08-09,-68.57,-74.12,0.3927,0.3489,0.2704,0.4824,17.52,139.7,-16.6,0.3174,-0.0367,0.1,0.5429,0.9911,0.4637,0.4398,0.4048
2026-08-09,-68.57,-52.94,0.436,0.4557,0.4886,0.4586,10.24,93.5,-16.9,0.1992,-0.223,3.5,0.5429,0.9911,0.3765,0.4234,0.4678
2026-08-09,-68.57,-31.76,0.524,0.5116,0.4646,0.5594,8.54,246.9,-17.0,0.0567,-0.1994,1.7,0.5429,0.9911,0.5612,0.4779,0.4736
2026-08-09,-68.57,-10.59,0.5327,0.505,0.5225,0.5441,11.61,54.3,-15.2,0.4066,-0.1817,3.6,0.5429,0.9911,0.513,0.5211,0.4702
2026-08-09,-68.57,10.59,0.5077,0.4376,0.5621,0.5989,8.43,230.2,-16.9,0.3475,-0.1213,2.0,0.5429,0.9911,0.6281,0.5339,0.6502
2026-08-09,-68.57,31.76,0.5353,0.5704,0.591,0.6156,13.15,7.7,-11.6,0.4485,-0.1355,2.3,0.5429,0.9911,0.5628,0.5947,0.5584
2026-08-09,-68.57,52.94,0.5151,0.5838,0.5488,0.6355,17.89,82.0,-13.9,0.138,0.0928,3.7,0.5429,0.9911,0.5596,0.5376,0.5862
2026-08-09,-68.57,74.12,0.5261,0.5184,0.6529,0.5756,14.08,122.6,-16.2,0.0811,-0.0701,0.2,0.5429,0.9911,0.6427,0.5386,0.6167
2026-08-09,-68.57,95.29,0.6336,0.5325,0.6443,0.5567,12.72,223.1,-14.3,0.3597,-0.1988,4.6,0.5429,0.9911,0.5688,0.6125,0.5559
2026-08-09,-68.57,116.47,0.5767,0.5622,0.5111,0.6068,17.72,181.1,-15.8,0.3515,-0.118,3.4,0.5429,0.9911,0.5795,0.5063,0.5554
2026-08-09,-68.57,137.65,0.4693,0.5811,0.4716,0.4808,6.33,126.4,-16.8,0.1238,0.134,3.4,0.5429,0.9911,0.5365,0.576,0.539
2026-08-09,-68.57,158.82,0.4885,0.4917,0.5158,0.5416,5.35,141.6,-16.5,0.3695,-0.0619,2.7,0.5429,0.9911,0.4576,0.4749,0.4047
2026-08-09,-68.57,180.0,0.4416,0.4089,0.4266,0.4379,11.68,57.2,-18.8,0.2372,0.1595,2.3,0.5429,0.9911,0.4396,0.5387,0.4068
2026-08-09,-67.14,-180.0,0.3876,0.3487,0.4114,0.3323,9.53,227.8,-23.9,0.441,-0.1031,4.5,0.4857,0.9911,0.3792,0.4259,0.3697
2026-08-09,-67.14,-158.82,0.3774,0.3374,0.384,0.3705,13.17,73.0,-18.8,0.0861,-0.2539,3.5,0.4857,0.9911,0.3784,0.3558,0.3367
2026-08-09,-67.14,-137.65,0.3323,0.3105,0.3983,0.3483,17.72,261.3,-19.1,0.2853,-0.0085,3.0,0.4857,0.9911,0.3169,0.3596,0.2877
2026-08-09,-67.14,-116.47,0.382,0.3076,0.2822,0.3189,7.27,99.7,-11.3,0.4471,-0.0382,1.6,0.4857,0.9911,0.2826,0.4304,0.3625
2026-08-09,-67.14,-95.29,0.388,0.3104,0.3289,0.3789,13.6,204.3,-17.3,0.085,0.0955,3.0,0.4857,0.9911,0.3446,0.3284,0.3753
2026-08-09,-67.14,-74.12,0.276,0.3779,0.3441,0.3231,17.44,124.1,-13.9,0.1753,0.1908,2.7,0.4857,0.9911,0.3839,0.3162,0.3662
2026-08-09,-67.14,-52.94,0.3459,0.3939,0.4012,0.4006,6.93,176.3,-13.6,0.1907,-0.2706,3.7,0.4857,0.9911,0.4034,0.3582,0.3271
2026-08-09,-67.14,-31.76,0.4246,0.4029,0.4769,0.4322,9.42,93.2,-14.4,0.2812,-0.0107,3.0,0.4857,0.9911,0.4263,0.4379,0.4116
2026-08-09,-67.14,-10.59,0.4724,0.4843,0.462,0.4421,11.41,304.5,-15.3,0.2176,-0.0322,3.8,0.4857,0.9911,0.444,0.4815,0.4074
2026-08-09,-67.14,10.59,0.483,0.5566,0.5793,0.5259,12.54,268.5,-17.5,0.0566,-0.0584,2.0,0.4857,0.9911,0.4851,0.4279,0.5336
2026-08-09,-67.14,31.76,0.5202,0.5103,0.6075,0.5813,13.55,187.3,-14.8,0.0811,-0.0249,3.0,0.4857,0.9911,0.477,0.5188,0.5549
2026-08-09,-67.14,52.94,0.5911,0.4599,0.5629,0.4961,11.11,217.0,-10.6,0.271,0.196,3.5,0.4857,0.9911,0.495,0.5987,0.5344
2026-08-09,-67.14,74.12,0.5105,0.5102,0.5568,0.5061,11.17,85.0,-15.6,0.2609,0.2707,3.4,0.4857,0.9911,0.5183,0.5594,0.532
2026-08-09,-67.14,95.29,0.5399,0.4924,0.5755,0.561,8.51,80.1,-9.7,0.2429,-0.1503,1.9,0.4857,0.9911,0.5255,0.5532,0.5314
2026-08-09,-67.14,116.47,0.4852,0.5373,0.5026,0.5092,15.21,355.6,-10.2,0.3812,-0.1299,2.3,0.4857,0.9911,0.4962,0.4222,0.4203
2026-08-09,-67.14,137.65,0.4602,0.4168,0.4592,0.4019,14.34,320.0,-15.5,0.0823,-0.0596,3.8,0.4857,0.9911,0.5,0.4621,0.4793
2026-08-09,-67.14,158.82,0.4277,0.4361,0.395,0.4225,6.01,101.9,-21.0,0.1198,-0.2078,1.7,0.4857,0.9911,0.3848,0.3652,0.4525
2026-08-09,-67.14,180.0,0.4082,0.4855,0.3916,0.4164,10.38,275.0,-15.0,0.1876,0.0421,4.5,0.4857,0.9911,0.318,0.4202,0.3604
2026-08-09,-65.71,-180.0,0.259,0.3437,0.3229,0.291,6.79,356.5,-8.9,0.302,-0.2542,4.8,0.4286,0.9911,0.3929,0.2652,0.347
2026-08-09,-65.71,-158.82,0.3119,0.3486,0.2584,0.3112,17.45,219.5,-16.5,0.1096,-0.0634,4.6,0.4286,0.9911,0.3331,0.3157,0.342
2026-08-09,-65.71,-137.65,0.3517,0.2665,0.3234,0.2727,15.96,279.8,-13.4,0.3889,-0.0787,3.9,0.4286,0.9911,0.3034,0.2578,0.2986
2026-08-09,-65.71,-116.47,0.2143,0.3007,0.2691,0.2389,12.64,167.5,-11.8,0.29,-0.2956,4.1,0.4286,0.9911,0.36,0.2867,0.3053
2026-08-09,-65.71,-95.29,0.2687,0.2957,0.2377,0.2477,13.74,3.9,-14.9,0.1513,0.0501,3.3,0.4286,0.9911,0.3105,0.277,0.2288
2026-08-09,-65.71,-74.12,0.2771,0.3495,0.2835,0.3464,7.39,14.4,-13.9,0.2272,0.1051,5.0,0.4286,0.9911,0.2798,0.269,0.2855
2026-08-09,-65.71,-52.94,0.3858,0.3199,0.3525,0.3557,6.55,352.5,-14.7,0.1136,0.1125,4.8,0.4286,0.9911,0.3491,0.3861,0.3946
2026-08-09,-65.71,-31.76,0.374,0.3094,0.3815,0.3563,12.87,32.7,-18.2,0.1757,-0.2079,3.5,0.4286,0.9911,0.3853,0.3558,0.4203
2026-08-09,-65.71,-10.59,0.3558,0.4246,0.4059,0.4037,13.47,2.4,-14.4,0.2903,0.0427,3.0,0.4286,0.9911,0.4663,0.415,0.4193
2026-08-09,-65.71,10.59,0.4977,0.4559,0.4955,0.4662,6.22,269.1,-16.4,0.3586,0.0063,1.9,0.4286,0.9911,0.4616,0.4416,0.4486
2026-08-09,-65.71,31.76,0.4734,0.4223,0.4087,0.3783,14.19,58.6,-15.5,0.1188,-0.2058,2.2,0.4286,0.9911,0.488,0.5085,0.4459
2026-08-09,-65.71,52.94,0.5375,0.4674,0.4262,0.4268,5.93,293.8,-13.2,0.1286,0.0798,4.0,0.4286,0.9911,0.5255,0.4572,0.5411
2026-08-09,-65.71,74.12,0.532,0.5158,0.5286,0.5246,11.34,200.9,-14.3,0.0524,0.0069,4.8,0.4286,0.9911,0.4473,0.462,0.4352
2026-08-09,-65.71,95.29,0.4003,0.4442,0.4492,0.485,8.91,357.6,-17.1,0.3767,0.1661,4.9,0.4286,0.9911,0.4627,0.38,0.4573
2026-08-09,-65.71,116.47,0.4081,0.4934,0.4575,0.4084,13.14,75.4,-12.6,0.1571,0.0746,4.3,0.4286,0.9911,0.4329,0.4094,0.4733
2026-08-09,-65.71,137.65,0.3596,0.3558,0.3799,0.4299,5.6,252.6,-12.7,0.2996,0.001,3.6,0.4286,0.9911,0.4802,0.4419,0.4452
2026-08-09,-65.71,158.82,0.2985,0.3672,0.3922,0.3893,12.49,8.0,-14.1,0.0653,-0.1206,4.0,0.4286,0.9911,0.4113,0.3809,0.371
2026-08-09,-65.71,180.0,0.2981,0.3488,0.4017,0.3186,5.24,73.4,-20.0,0.3427,0.3364,6.1,0.4286,0.9911,0.3568,0.3534,0.3512
2026-08-09,-64.29,-180.0,0.2568,0.2753,0.3013,0.2296,14.77,3.7,-10.0,0.3371,-0.0074,3.8,0.3714,0.9911,0.3268,0.2595,0.3073
2026-08-09,-64.29,-158.82,0.1839,0.2837,0.2258,0.235,17.98,150.2,-5.3,0.1454,0.0613,2.7,0.3714,0.9911,0.294,0.212,0.215
2026-08-09,-64.29,-137.65,0.2319,0.1768,0.1739,0.2293,12.48,39.7,-9.3,0.2838,0.0803,5.4,0.3714,0.9911,0.2765,0.2009,0.3493
2026-08-09,-64.29,-116.47,0.273,0.1667,0.2676,0.2595,11.18,262.7,-10.2,0.237,-0.1257,3.8,0.3714,0.9911,0.2881,0.2868,0.288
2026-08-09,-64.29,-95.29,0.3148,0.2699,0.3077,0.211,13.58,102.6,-13.5,0.1443,-0.0854,4.2,0.3714,0.9911,0.2697,0.2224,0.2631
2026-08-09,-64.29,-74.12,0.3039,0.2811,0.2648,0.2453,6.81,43.4,-11.3,0.0786,0.002,3.2,0.3714,0.9911,0.2055,0.1944,0.2317
2026-08-09,-64.29,-52.94,0.2875,0.2294,0.2552,0.32,17.13,3.0,-10.4,0.3528,-0.225,4.7,0.3714,0.9911,0.2877,0.3415,0.287
2026-08-09,-64.29,-31.76,0.3051,0.26,0.3532,0.3523,8.95,109.5,-17.5,0.3048,-0.1937,4.6,0.3714,0.9911,0.3788,0.3084,0.3572
2026-08-09,-64.29,-10.59,0.3365,0.3815,0.3906,0.4065,9.2,265.0,-13.1,0.0839,-0.1102,3.5,0.3714,0.9911,0.3267,0.3758,0.3404
2026-08-09,-64.29,10.59,0.3352,0.358,0.4477,0.3881,6.37,266.6,-17.5,0.1104,-0.0589,2.0,0.3714,0.9911,0.4937,0.3421,0.4168
2026-08-09,-64.29,31.76,0.3899,0.3796,0.4327,0.3429,11.14,140.3,-16.1,0.138,0.027,3.9,0.3714,0.9911,0.4636,0.4126,0.4434
2026-08-09,-64.29,52.94,0.4397,0.3893,0.4394,0.3874,8.55,150.5,-12.4,0.4284,0.174,6.0,0.3714,0.9911,0.4009,0.3986,0.4355
2026-08-09,-64.29,74.12,0.4346,0.4955,0.4679,0.3701,14.42,310.7,-16.0,0.1613,0.0255,4.1,0.3714,0.9911,0.4138,0.3401,0.4798
2026-08-09,-64.29,95.29,0.4929,0.4645,0.3802,0.3738,10.75,35.1,-16.2,0.0981,0.141,5.0,0.3714,0.9911,0.4199,0.455,0.4991
2026-08-09,-64.29,116.47,0.412,0.4199,0.3928,0.4155,10.83,165.9,-15.1,0.1037,-0.0689,5.3,0.3714,0.9911,0.3935,0.4258,0.3447
2026-08-09,-64.29,137.65,0.455,0.4059,0.3302,0.3939,16.56,129.5,-12.0,0.3454,0.1492,0.8,0.3714,0.9911,0.395,0.3313,0.383
2026-08-09,-64.29,158.82,0.3576,0.2774,0.3428,0.2313,5.1,179.9,-10.9,0.1904,0.1708,5.2,0.3714,0.9911,0.311,0.277,0.3501
2026-08-09,-64.29,180.0,0.2523,0.2448,0.3286,0.3567,9.62,210.2,-12.1,0.3184,0.0348,6.6,0.3714,0.9911,0.2391,0.3081,0.3469
2026-08-09,-62.86,-180.0,0.1817,0.2741,0.252,0.2329,9.3,79.7,-12.0,0.1471,0.0505,3.5,0.3143,0.9911,0.228,0.1736,0.1871
2026-08-09,-62.86,-158.82,0.1959,0.1617,0.2077,0.1503,5.41,242.4,-6.3,0.358,0.1289,4.4,0.3143,0.9911,0.1453,0.158,0.1533
2026-08-09,-62.86,-137.65,0.1637,0.1017,0.1299,0.1505,9.54,248.8,-11.6,0.2167,0.0697,5.3,0.3143,0.9911,0.237,0.1749,0.1718
2026-08-09,-62.86,-116.47,0.2269,0.1448,0.0941,0.2267,11.94,299.0,-5.7,0.0635,-0.1551,4.2,0.3143,0.9911,0.1563,0.1827,0.1896
2026-08-09,-62.86,-95.29,0.2196,0.199,0.155,0.2171,9.21,125.1,-7.9,0.353,0.0542,5.2,0.3143,0.9911,0.0883,0.1742,0.1984
2026-08-09,-62.86,-74.12,0.2099,0.1777,0.2246,0.2335,16.84,287.6,-8.5,0.2606,0.2033,3.4,0.3143,0.9911,0.2759,0.215,0.2353
2026-08-09,-62.86,-52.94,0.3475,0.2921,0.304,0.2282,15.47,241.4,-10.5,0.3421,0.0439,4.8,0.3143,0.9911,0.253,0.2314,0.2644
2026-08-09,-62.86,-31.76,0.2829,0.2776,0.2755,0.2456,14.7,261.5,-4.7,0.4278,0.1774,4.3,0.3143,0.9911,0.2369,0.3152,0.1901
2026-08-09,-62.86,-10.59,0.2542,0.331,0.3558,0.3387,11.74,277.6,-9.9,0.3794,-0.1256,4.6,0.3143,0.9911,0.3181,0.2552,0.3396
2026-08-09,-62.86,10.59,0.3651,0.4068,0.3921,0.3275,10.28,248.8,-11.3,0.1771,-0.3641,2.8,0.3143,0.9911,0.3755,0.2946,0.4025
2026-08-09,-62.86,31.76,0.4095,0.4019,0.2691,0.3753,10.42,154.2,-13.5,0.1809,-0.3404,3.8,0.3143,0.9911,0.4189,0.3431,0.3435
2026-08-09,-62.86,52.94,0.4365,0.3839,0.4328,0.4217,9.86,84.2,-12.9,0.4298,-0.0377,5.4,0.3143,0.9911,0.4489,0.4146,0.5041
2026-08-09,-62.86,74.12,0.3435,0.4431,0.3655,0.3546,10.13,330.6,-8.9,0.0998,-0.0704,4.2,0.3143,0.9911,0.4145,0.3599,0.4513
2026-08-09,-62.86,95.29,0.2899,0.2966,0.2862,0.3257,10.02,225.0,-16.7,0.11,0.0986,6.0,0.3143,0.9911,0.3276,0.3281,0.3417
2026-08-09,-62.86,116.47,0.3288,0.3078,0.361,0.3439,10.45,60.0,-13.5,0.3214,-0.1122,3.5,0.3143,0.9911,0.3113,0.2819,0.2837
2026-08-09,-62.86,137.65,0.3058,0.2785,0.3818,0.3046,17.34,83.5,-12.5,0.4415,0.0759,6.7,0.3143,0.9911,0.3454,0.2996,0.3412
2026-08-09,-62.86,158.82,0.2561,0.2376,0.3419,0.2204,15.44,176.1,-8.6,0.2619,0.1172,3.3,0.3143,0.9911,0.2832,0.1952,0.1993
2026-08-09,-62.86,180.0,0.2388,0.2178,0.2038,0.201,17.9,228.8,-9.3,0.0902,0.3063,4.5,0.3143,0.9911,0.2304,0.1463,0.2388
2026-08-09,-61.43,-180.0,0.1184,0.1402,0.1662,0.1695,17.17,265.3,-11.5,0.2536,0.0606,6.2,0.2571,0.9911,0.2655,0.2546,0.1627
2026-08-09,-61.43,-158.82,0.2129,0.1771,0.2059,0.162,10.52,289.5,-9.9,0.3858,-0.019,6.8,0.2571,0.9911,0.1938,0.1416,0.1568
2026-08-09,-61.43,-137.65,0.1739,0.1169,0.1247,0.1816,14.07,145.1,-12.7,0.3295,-0.1159,5.5,0.2571,0.9911,0.1188,0.125,0.162
2026-08-09,-61.43,-116.47,0.1439,0.1307,0.0832,0.1314,12.18,141.3,-12.8,0.3245,-0.1715,5.7,0.2571,0.9911,0.0683,0.2008,0.2259
2026-08-09,-61.43,-95.29,0.1207,0.1389,0.1786,0.1388,13.56,332.4,-5.0,0.0727,0.0572,4.3,0.2571,0.9911,0.253,0.0883,0.161
2026-08-09,-61.43,-74.12,0.1961,0.2076,0.1304,0.1829,11.66,188.7,-12.3,0.0755,0.1661,5.9,0.2571,0.9911,0.1877,0.1655,0.1563
2026-08-09,-61.43,-52.94,0.1813,0.1158,0.2112,0.1956,14.37,288.1,-9.4,0.0667,0.2406,5.5,0.2571,0.9911,0.1842,0.1727,0.2303
2026-08-09,-61.43,-31.76,0.2409,0.2586,0.2282,0.2331,10.82,191.7,-9.7,0.2902,-0.1588,5.7,0.2571,0.9911,0.2374,0.2244,0.2418
2026-08-09,-61.43,-10.59,0.2915,0.2044,0.1912,0.2924,11.81,224.3,-10.1,0.2116,0.0084,6.1,0.2571,0.9911,0.2799,0.2523,0.2945
2026-08-09,-61.43,10.59,0.308,0.2358,0.3364,0.2204,11.56,185.6,-7.7,0.1897,0.0207,5.5,0.2571,0.9911,0.2853,0.3529,0.3138
2026-08-09,-61.43,31.76,0.3726,0.3563,0.3478,0.2697,15.08,321.6,-11.9,0.2259,-0.0811,7.4,0.2571,0.9911,0.2762,0.2793,0.2805
2026-08-09,-61.43,52.94,0.3141,0.291,0.388,0.2673,9.74,75.9,-15.0,0.3116,0.0786,5.8,0.2571,0.9911,0.3587,0.2985,0.3373
2026-08-09,-61.43,74.12,0.3353,0.3176,0.3506,0.3564,5.39,184.4,-10.4,0.1562,0.1153,5.9,0.2571,0.9911,0.3461,0.2928,0.3058
2026-08-09,-61.43,95.29,0.3363,0.3944,0.3109,0.2998,7.29,214.1,-11.6,0.1885,0.145,5.0,0.2571,0.9911,0.3074,0.3424,0.3493
2026-08-09,-61.43,116.47,0.371,0.2925,0.338,0.3469,5.2,326.6,-8.6,0.4483,-0.0065,4.9,0.2571,0.9911,0.2865,0.2721,0.2514
2026-08-09,-61.43,137.65,0.2723,0.317,0.2502,0.2484,17.58,226.3,-9.2,0.0828,0.3146,5.2,0.2571,0.9911,0.3063,0.2436,0.3211
2026-08-09,-61.43,158.82,0.1768,0.2183,0.219,0.2491,11.79,202.0,-2.3,0.2249,0.0194,4.2,0.2571,0.9911,0.2019,0.2198,0.2061
2026-08-09,-61.43,180.0,0.2343,0.1643,0.2168,0.1405,11.15,40.0,-14.3,0.3435,0.1466,6.6,0.2571,0.9911,0.153,0.1581,0.0973
2026-08-09,-60.0,-180.0,0.1331,0.128,0.1712,0.1177,6.19,125.9,-6.7,0.2257,0.1414,5.2,0.2,0.9911,0.1957,0.1663,0.0684
2026-08-09,-60.0,-158.82,0.0719,0.0414,0.0862,0.1492,9.8,152.1,-6.5,0.0979,-0.0278,8.5,0.2,0.9911,0.1594,0.1277,0.1177
2026-08-09,-60.0,-137.65,0.0,0.0447,0.064,0.0825,17.77,161.7,-7.7,0.2483,0.0053,2.9,0.2,0.9911,0.1281,0.1251,0.1039
2026-08-09,-60.0,-116.47,0.0601,0.0232,0.0419,0.0422,11.73,309.8,-12.7,0.161,-0.1814,5.8,0.2,0.9911,0.0343,0.0787,0.0932
2026-08-09,-60.0,-95.29,0.097,0.0827,0.157,0.0888,5.67,23.5,-4.8,0.337,-0.0817,6.5,0.2,0.9911,0.079,0.0743,0.1133
2026-08-09,-60.0,-74.12,0.1178,0.0957,0.1263,0.0745,9.8,137.0,-8.7,0.1669,0.1463,3.9,0.2,0.9911,0.0747,0.0283,0.0899
2026-08-09,-60.0,-52.94,0.1295,0.1332,0.2063,0.1856,11.79,254.3,-6.4,0.1033,-0.3059,5.9,0.2,0.9911,0.1534,0.1932,0.1245
2026-08-09,-60.0,-31.76,0.1673,0.1061,0.1381,0.2114,5.26,346.7,-16.5,0.411,0.0262,6.5,0.2,0.9911,0.2215,0.1966,0.1679
2026-08-09,-60.0,-10.59,0.257,0.2027,0.2132,0.1529,17.74,128.4,-5.4,0.286,0.2005,6.8,0.2,0.9911,0.2309,0.2231,0.2153
2026-08-09,-60.0,10.59,0.2845,0.223,0.2072,0.2411,8.4,327.3,-9.0,0.2847,-0.0738,3.8,0.2,0.9911,0.1643,0.1934,0.2262
2026-08-09,-60.0,31.76,0.3756,0.2488,0.2374,0.3236,9.06,87.8,-13.2,0.1501,-0.0282,6.3,0.2,0.9911,0.2452,0.3066,0.3195
2026-08-09,-60.0,52.94,0.3181,0.2873,0.2729,0.2085,14.93,146.0,-6.1,0.2481,-0.0106,6.2,0.2,0.9911,0.2737,0.2955,0.2409
2026-08-09,-60.0,74.12,0.2675,0.2947,0.2479,0.3604,14.09,193.4,-11.6,0.1926,-0.0385,5.9,0.2,0.9911,0.2046,0.2369,0.3161
2026-08-09,-60.0,95.29,0.2493,0.3043,0.2712,0.2643,10.21,62.4,-9.4,0.2944,-0.0599,5.3,0.2,0.9911,0.2438,0.2698,0.2623
2026-08-09,-60.0,116.47,0.2178,0.2614,0.1469,0.2408,11.69,331.1,-8.7,0.0818,-0.0691,4.8,0.2,0.9911,0.2859,0.2345,0.2167
2026-08-09,-60.0,137.65,0.1898,0.1496,0.1955,0.2165,10.76,264.3,-6.9,0.4055,0.0936,6.4,0.2,0.9911,0.1754,0.1912,0.2227
2026-08-09,-60.0,158.82,0.1713,0.1023,0.1855,0.1615,9.52,291.5,-6.1,0.3931,-0.1919,5.2,0.2,0.9911,0.1515,0.0918,0.1908
2026-08-09,-60.0,180.0,0.1258,0.1005,0.1189,0.143,12.44,276.0,-7.5,0.2867,0.0563,8.3,0.2,0.9911,0.0898,0.1343,0.1967
2026-08-10,-80.0,-180.0,0.8585,0.8168,0.8577,0.8858,5.3,319.7,-29.7,0.1745,0.2764,-0.5,1.0,0.9894,0.8404,0.9109,0.8133
2026-08-10,-80.0,-158.82,0.7873,0.796,0.7665,0.8606,17.9,21.0,-25.8,0.2758,0.1629,-0.9,1.0,0.9894,0.7719,0.8838,0.8169
2026-08-10,-80.0,-137.65,0.7458,0.8492,0.8392,0.8082,9.76,291.3,-23.7,0.1396,-0.1432,-1.0,1.0,0.9894,0.7898,0.7748,0.7674
2026-08-10,-80.0,-116.47,0.9041,0.7424,0.7192,0.8197,7.35,307.0,-23.3,0.2737,-0.142,0.1,1.0,0.9894,0.77,0.7998,0.7812
2026-08-10,-80.0,-95.29,0.7925,0.779,0.7953,0.8203,14.1,322.6,-30.9,0.072,0.1266,-3.5,1.0,0.9894,0.8278,0.8057,0.7335
2026-08-10,-80.0,-74.12,0.8178,0.7809,0.8196,0.8049,11.36,291.2,-23.9,0.3401,0.0828,-2.0,1.0,0.9894,0.8006,0.836,0.8355
2026-08-10,-80.0,-52.94,0.9331,0.8802,0.8846,0.8675,15.09,147.5,-24.8,0.1762,-0.1169,-3.0,1.0,0.9894,0.8716,0.8569,0.9161
2026-08-10,-80.0,-31.76,0.8778,0.8317,0.8755,0.885,16.19,311.9,-21.7,0.0981,-0.0302,-2.9,1.0,0.9894,0.8503,0.8122,0.8369
2026-08-10,-80.0,-10.59,0.9079,1.0,1.0,0.8545,13.79,50.1,-24.2,0.3883,0.3144,-1.6,1.0,0.9894,0.9904,0.9933,0.9169
2026-08-10,-80.0,10.59,0.9121,0.9413,1.0,0.8749,11.65,168.7,-30.4,0.0974,-0.027,-3.1,1.0,0.9894,1.0,0.932,0.9176
2026-08-10,-80.0,31.76,0.9731,1.0,0.988,1.0,9.75,312.3,-24.9,0.1287,-0.2446,-2.6,1.0,0.9894,1.0,0.9659,0.9338
2026-08-10,-80.0,52.94,0.9799,0.9653,0.9783,0.9671,6.47,25.9,-25.7,0.1284,-0.1258,-3.0,1.0,0.9894,0.987,0.9504,1.0
2026-08-10,-80.0,74.12,0.9563,0.9672,0.9407,1.0,17.06,138.7,-25.9,0.3176,0.1602,-1.8,1.0,0.9894,1.0,1.0,0.9761
2026-08-10,-80.0,95.29,0.9272,1.0,0.9829,1.0,16.16,153.3,-25.4,0.2384,0.1213,-1.5,1.0,0.9894,0.932,1.0,0.9703
2026-08-10,-80.0,116.47,1.0,0.8767,0.9234,0.9479,8.93,355.4,-26.1,0.0546,-0.2995,-2.7,1.0,0.9894,1.0,0.9576,1.0
2026-08-10,-80.0,137.65,0.912,0.9658,0.9209,0.9288,8.14,292.5,-27.2,0.2626,0.4003,-3.2,1.0,0.9894,0.9188,0.9558,0.9103
2026-08-10,-80.0,158.82,0.8619,0.8939,0.8593,0.8862,12.81,25.1,-27.1,0.1165,-0.0497,-1.6,1.0,0.9894,0.883,0.8507,0.9088
2026-08-10,-80.0,180.0,0.8566,0.8319,0.8507,0.8479,14.16,271.1,-25.3,0.179,0.2174,-3.3,1.0,0.9894,0.8127,0.8528,0.8745
2026-08-10,-78.57,-180.0,0.71,0.7512,0.7264,0.8587,17.72,354.3,-17.0,0.21,0.3515,-4.2,0.9429,0.9894,0.7744,0.7976,0.7749
2026-08-10,-78.57,-158.82,0.763,0.774,0.7695,0.8568,5.65,226.4,-18.7,0.1518,0.2474,-1.3,0.9429,0.9894,0.7602,0.7348,0.788
2026-08-10,-78.57,-137.65,0.7559,0.7804,0.7657,0.7468,13.23,153.9,-21.6,0.2367,0.0128,-1.4,0.9429,0.9894,0.8881,0.7637,0.6899
2026-08-10,-78.57,-116.47,0.7182,0.8131,0.7563,0.7801,7.91,261.0,-26.9,0.1846,0.0829,-1.0,0.9429,0.9894,0.6746,0.7244,0.7031
2026-08-10,-78.57,-95.29,0.7919,0.7491,0.8899,0.6983,14.07,131.4,-21.6,0.3334,-0.2304,-1.5,0.9429,0.9894,0.7217,0.7877,0.7429
2026-08-10,-78.57,-74.12,0.7993,0.729,0.8098,0.7272,14.19,143.5,-28.2,0.37,-0.2568,0.1,0.9429,0.9894,0.7818,0.7193,0.7539
2026-08-10,-78.57,-52.94,0.8112,0.8005,0.7495,0.8055,13.33,95.0,-20.2,0.2517,-0.0107,0.4,0.9429,0.9894,0.7636,0.7135,0.8736
2026-08-10,-78.57,-31.76,0.8715,0.8182,0.8289,0.7778,14.29,184.3,-26.6,0.0948,-0.0098,-0.9,0.9429,0.9894,0.8948,0.8539,0.877
2026-08-10,-78.57,-10.59,0.8582,0.8627,0.8494,0.8528,10.21,29.3,-27.5,0.0748,0.0349,-3.1,0.9429,0.9894,0.82,0.8274,0.964
2026-08-10,-78.57,10.59,0.9516,0.8456,0.8933,0.9696,15.37,65.4,-19.9,0.3771,0.0284,-1.0,0.9429,0.9894,0.9405,0.9233,0.8386
2026-08-10,-78.57,31.76,0.9408,0.9138,0.9233,0.8845,13.66,34.1,-25.0,0.3332,-0.3867,0.4,0.9429,0.9894,0.9238,0.8963,0.9138
2026-08-10,-78.57,52.94,0.9282,0.8751,0.9913,0.9625,10.93,60.0,-27.1,0.2577,-0.0877,-1.8,0.9429,0.9894,0.8671,0.912,0.9274
2026-08-10,-78.57,74.12,0.94,1.0,0.9479,0.9307,7.85,193.2,-21.3,0.2038,-0.1659,-1.8,0.9429,0.9894,0.915,1.0,0.8967
2026-08-10,-78.57,95.29,0.9562,0.9313,0.9594,0.915,9.39,76.5,-30.0,0.1171,-0.0042,-1.8,0.9429,0.9894,0.9303,0.9477,0.9787
2026-08-10,-78.57,116.47,0.9776,0.9065,0.8566,0.937,6.71,163.2,-22.5,0.3326,-0.0498,-2.7,0.9429,0.9894,0.8889,0.8775,0.9309
2026-08-10,-78.57,137.65,0.8698,0.8871,0.8679,0.8741,12.55,224.1,-27.3,0.4455,-0.096,-0.8,0.9429,0.9894,0.8512,0.8987,0.7977
2026-08-10,-78.57,158.82,0.7245,0.7862,0.8585,0.8122,13.66,18.0,-28.5,0.051,0.0088,-3.1,0.9429,0.9894,0.8394,0.7902,0.7979
2026-08-10,-78.57,180.0,0.7765,0.7882,0.7431,0.8364,9.3,342.7,-24.9,0.3263,0.2295,-0.9,0.9429,0.9894,0.7832,0.815,0.7253
2026-08-10,-77.14,-180.0,0.7113,0.7899,0.71,0.7564,7.84,22.2,-24.4,0.3356,-0.1106,-1.0,0.8857,0.9894,0.7335,0.7311,0.7248
2026-08-10,-77.14,-158.82,0.7029,0.7502,0.7374,0.6689,10.99,97.9,-25.6,0.2649,-0.1177,-0.4,0.8857,0.9894,0.7827,0.7317,0.7368
2026-08-10,-77.14,-137.65,0.7502,0.6815,0.7035,0.7225,12.51,45.9,-27.7,0.324,0.014,-2.3,0.8857,0.9894,0.6927,0.6895,0.7028
2026-08-10,-77.14,-116.47,0.6293,0.6923,0.7202,0.7404,16.49,273.2,-17.1,0.1981,0.0136,-0.8,0.8857,0.9894,0.7154,0.6863,0.7088
2026-08-10,-77.14,-95.29,0.7109,0.7145,0.7587,0.736,10.35,333.6,-23.5,0.2101,0.0061,-1.8,0.8857,0.9894,0.6519,0.7155,0.6786
2026-08-10,-77.14,-74.12,0.7555,0.6637,0.7212,0.7074,10.03,234.2,-23.8,0.3484,-0.3284,-2.6,0.8857,0.9894,0.6785,0.6209,0.707
2026-08-10,-77.14,-52.94,0.7324,0.68,0.7945,0.7816,17.66,131.9,-25.5,0.2003,0.0448,-0.2,0.8857,0.9894,0.8174,0.7262,0.7595
2026-08-10,-77.14,-31.76,0.7965,0.7876,0.7905,0.8755,5.11,226.2,-18.0,0.3178,0.0924,0.3,0.8857,0.9894,0.7194,0.7522,0.7365
2026-08-10,-77.14,-10.59,0.8336,0.8544,0.8373,0.7744,15.36,255.6,-26.1,0.3531,-0.0407,0.7,0.8857,0.9894,0.8052,0.797,0.7852
2026-08-10,-77.14,10.59,0.8273,0.7995,0.8281,0.8567,14.41,81.0,-19.3,0.1917,0.1212,-2.5,0.8857,0.9894,0.8508,0.87,0.8463
2026-08-10,-77.14,31.76,0.8973,0.8821,0.8516,0.8827,15.05,352.3,-23.6,0.3131,-0.3118,-1.5,0.8857,0.9894,0.894,0.9055,0.8693
2026-08-10,-77.14,52.94,0.8576,0.8894,0.9122,0.9281,12.25,229.5,-22.0,0.0785,0.0419,-0.6,0.8857,0.9894,0.8668,0.8751,0.8754
2026-08-10,-77.14,74.12,0.8908,0.8616,0.8493,0.8327,15.06,158.0,-20.5,0.3289,-0.2927,-2.2,0.8857,0.9894,0.9074,0.8795,0.9184
2026-08-10,-77.14,95.29,0.8987,0.8599,0.926,0.8893,13.25,93.0,-26.0,0.247,0.1195,2.4,0.8857,0.9894,0.9225,0.8586,0.9035
2026-08-10,-77.14,116.47,0.8336,0.8553,0.8391,0.8568,15.9,141.2,-24.3,0.244,0.0954,-0.1,0.8857,0.9894,0.8385,0.8415,0.885
2026-08-10,-77.14,137.65,0.8301,0.845,0.7499,0.8338,16.26,314.9,-19.8,0.2139,-0.1282,-2.0,0.8857,0.9894,0.8455,0.8458,0.8109
2026-08-10,-77.14,158.82,0.7952,0.7942,0.7867,0.7456,14.79,192.5,-23.6,0.1442,0.0442,-0.8,0.8857,0.9894,0.8195,0.7525,0.7811
2026-08-10,-77.14,180.0,0.7403,0.8024,0.6591,0.7494,15.11,77.7,-21.9,0.3186,0.1008,-0.3,0.8857,0.9894,0.7399,0.7566,0.792
2026-08-10,-75.71,-180.0,0.7486,0.741,0.6416,0.6979,6.83,204.2,-19.2,0.2683,-0.1041,3.3,0.8286,0.9894,0.7159,0.7166,0.7046
2026-08-10,-75.71,-158.82,0.639,0.6259,0.6631,0.6361,15.41,87.4,-22.8,0.2089,0.0082,-0.8,0.8286,0.9894,0.5907,0.681,0.6189
2026-08-10,-75.71,-137.65,0.636,0.6439,0.6637,0.624,7.83,105.6,-18.9,0.1038,-0.0798,0.1,0.8286,0.9894,0.7078,0.6538,0.5937
2026-08-10,-75.71,-116.47,0.57,0.676,0.5985,0.697,13.37,188.3,-16.5,0.2874,0.0689,-0.3,0.8286,0.9894,0.6783,0.6253,0.6333
2026-08-10,-75.71,-95.29,0.6767,0.6508,0.6498,0.685,16.87,145.7,-18.1,0.0882,0.0949,-2.1,0.8286,0.9894,0.6579,0.7012,0.5959
2026-08-10,-75.71,-74.12,0.6505,0.6932,0.6396,0.6156,7.9,81.7,-22.3,0.1695,-0.0897,0.9,0.8286,0.9894,0.6859,0.6196,0.7605
2026-08-10,-75.71,-52.94,0.7836,0.6753,0.7109,0.6912,11.12,210.1,-16.3,0.4097,0.0606,0.5,0.8286,0.9894,0.6724,0.753,0.6932
2026-08-10,-75.71,-31.76,0.7708,0.6531,0.7995,0.7197,16.04,340.3,-21.9,0.1808,-0.0396,0.2,0.8286,0.9894,0.7105,0.7301,0.7889
2026-08-10,-75.71,-10.59,0.6971,0.7031,0.7997,0.7292,14.5,70.3,-15.1,0.2947,0.1538,1.0,0.8286,0.9894,0.7482,0.7624,0.809
2026-08-10,-75.71,10.59,0.7576,0.7896,0.7885,0.7838,9.41,286.6,-23.7,0.3396,0.0589,-1.7,0.8286,0.9894,0.812,0.7239,0.8887
2026-08-10,-75.71,31.76,0.804,0.8512,0.8427,0.8212,6.01,319.7,-22.9,0.3559,0.1727,-0.4,0.8286,0.9894,0.8775,0.8227,0.8438
2026-08-10,-75.71,52.94,0.8295,0.9273,0.9414,0.8483,17.25,192.5,-18.1,0.2316,-0.0923,-0.2,0.8286,0.9894,0.8498,0.8578,0.9027
2026-08-10,-75.71,74.12,0.8133,0.786,0.9184,0.8193,15.85,214.8,-19.2,0.0672,-0.1442,0.8,0.8286,0.9894,0.9299,0.8474,0.8312
2026-08-10,-75.71,95.29,0.7963,0.8826,0.85,1.0,10.78,208.2,-16.7,0.1794,-0.0893,-0.2,0.8286,0.9894,0.84,0.8285,0.8465
2026-08-10,-75.71,116.47,0.783,0.8204,0.76,0.7945,7.32,221.2,-24.4,0.2977,0.2573,0.9,0.8286,0.9894,0.8506,0.8207,0.7294
2026-08-10,-75.71,137.65,0.74,0.7793,0.73,0.7941,10.11,85.0,-19.4,0.1997,0.159,-0.1,0.8286,0.9894,0.7756,0.7243,0.7306
2026-08-10,-75.71,158.82,0.7806,0.7398,0.7644,0.6579,12.01,259.6,-15.8,0.3067,-0.139,-0.2,0.8286,0.9894,0.7282,0.7419,0.751
2026-08-10,-75.71,180.0,0.7994,0.6483,0.6457,0.7074,5.64,353.0,-22.1,0.1681,0.0364,1.4,0.8286,0.9894,0.6931,0.6887,0.6224
2026-08-10,-74.29,-180.0,0.6045,0.5812,0.6529,0.5905,9.03,45.9,-16.2,0.4482,-0.0604,3.4,0.7714,0.9894,0.5825,0.6514,0.6626
2026-08-10,-74.29,-158.82,0.7097,0.6568,0.5605,0.6425,14.94,240.5,-21.1,0.1482,0.0231,2.1,0.7714,0.9894,0.6126,0.6288,0.6313
2026-08-10,-74.29,-137.65,0.6043,0.5951,0.6271,0.6255,15.36,301.9,-24.1,0.2139,-0.1667,0.4,0.7714,0.9894,0.5531,0.5709,0.6233
2026-08-10,-74.29,-116.47,0.6049,0.5519,0.6008,0.5611,12.14,357.8,-22.0,0.3206,-0.0534,0.1,0.7714,0.9894,0.6013,0.5751,0.526
2026-08-10,-74.29,-95.29,0.613,0.6532,0.5927,0.6219,5.85,324.2,-16.9,0.1037,0.0211,0.4,0.7714,0.9894,0.5958,0.5517,0.5919
2026-08-10,-74.29,-74.12,0.6231,0.6197,0.6497,0.5987,7.37,140.0,-17.6,0.4365,0.0215,-1.7,0.7714,0.9894,0.6497,0.6003,0.732
2026-08-10,-74.29,-52.94,0.6602,0.639,0.559,0.5686,5.26,140.2,-18.1,0.4452,0.0724,0.2,0.7714,0.9894,0.6502,0.626,0.7019
2026-08-10,-74.29,-31.76,0.6846,0.7267,0.677,0.6487,16.02,211.8,-22.7,0.0733,-0.0668,-0.4,0.7714,0.9894,0.7481,0.7006,0.7204
2026-08-10,-74.29,-10.59,0.7312,0.7418,0.7107,0.7053,11.28,245.8,-20.2,0.1758,0.0441,0.7,0.7714,0.9894,0.7183,0.7731,0.7337
2026-08-10,-74.29,10.59,0.7511,0.7676,0.6454,0.7739,14.05,113.7,-18.7,0.1228,0.0705,-0.5,0.7714,0.9894,0.7672,0.7302,0.7789
2026-08-10,-74.29,31.76,0.8766,0.6759,0.7167,0.7852,13.08,7.1,-18.6,0.0537,0.0203,0.1,0.7714,0.9894,0.8634,0.77,0.7857
2026-08-10,-74.29,52.94,0.7454,0.8385,0.7927,0.7984,13.8,145.1,-24.3,0.2789,-0.0663,-0.5,0.7714,0.9894,0.7904,0.7651,0.8165
2026-08-10,-74.29,74.12,0.7656,0.8338,0.7728,0.8135,11.12,316.2,-18.0,0.4198,0.1259,1.7,0.7714,0.9894,0.7317,0.8163,0.861
2026-08-10,-74.29,95.29,0.8158,0.8107,0.7559,0.817,14.07,87.5,-20.3,0.3979,-0.1152,-0.2,0.7714,0.9894,0.7186,0.7657,0.7493
2026-08-10,-74.29,116.47,0.7233,0.7129,0.7858,0.7194,10.0,65.1,-21.1,0.1032,0.1466,-1.1,0.7714,0.9894,0.6983,0.7582,0.775
2026-08-10,-74.29,137.65,0.6494,0.6721,0.7323,0.7702,8.53,19.1,-18.1,0.0555,-0.1542,1.7,0.7714,0.9894,0.7694,0.7645,0.7509
2026-08-10,-74.29,158.82,0.718,0.6764,0.7176,0.6675,5.46,326.3,-22.4,0.2005,0.0635,0.6,0.7714,0.9894,0.6687,0.6576,0.616
2026-08-10,-74.29,180.0,0.6592,0.6468,0.6043,0.5879,13.18,264.3,-17.7,0.1496,-0.0619,0.2,0.7714,0.9894,0.6219,0.6305,0.6408
2026-08-10,-72.86,-180.0,0.6304,0.573,0.6317,0.6193,14.27,340.8,-21.9,0.0526,-0.0042,2.1,0.7143,0.9894,0.5167,0.5635,0.5892
2026-08-10,-72.86,-158.82,0.5483,0.5658,0.6003,0.5215,15.77,42.6,-19.5,0.3643,-0.1311,0.1,0.7143,0.9894,0.5484,0.5531,0.5575
2026-08-10,-72.86,-137.65,0.5776,0.4772,0.5328,0.5467,14.12,355.2,-19.5,0.1938,-0.0673,1.1,0.7143,0.9894,0.5843,0.579,0.5252
2026-08-10,-72.86,-116.47,0.5224,0.5657,0.5564,0.5311,12.51,291.4,-14.3,0.3442,0.0523,1.2,0.7143,0.9894,0.6093,0.4811,0.5016
2026-08-10,-72.86,-95.29,0.5246,0.56,0.5253,0.5392,7.04,276.0,-22.6,0.4259,0.1172,0.4,0.7143,0.9894,0.4954,0.5767,0.5564
2026-08-10,-72.86,-74.12,0.594,0.5716,0.5781,0.601,7.91,335.4,-19.6,0.4187,-0.0222,0.6,0.7143,0.9894,0.597,0.5268,0.5781
2026-08-10,-72.86,-52.94,0.6455,0.6357,0.5534,0.6062,16.58,168.8,-21.5,0.3844,-0.1001,0.4,0.7143,0.9894,0.6109,0.589,0.6088
2026-08-10,-72.86,-31.76,0.5822,0.6567,0.6614,0.6786,8.62,55.2,-23.4,0.3764,0.0153,2.2,0.7143,0.9894,0.6249,0.6301,0.6591
2026-08-10,-72.86,-10.59,0.6425,0.6708,0.6695,0.6447,7.64,177.0,-17.2,0.0674,0.1551,-0.1,0.7143,0.9894,0.6839,0.6631,0.6837
2026-08-10,-72.86,10.59,0.6917,0.7129,0.6999,0.6332,11.55,320.8,-21.5,0.071,-0.5775,0.3,0.7143,0.9894,0.7389,0.7776,0.7207
2026-08-10,-72.86,31.76,0.7299,0.7413,0.7831,0.7062,13.28,334.9,-15.0,0.31,0.0896,2.6,0.7143,0.9894,0.7219,0.7534,0.7379
2026-08-10,-72.86,52.94,0.721,0.7243,0.7516,0.7564,8.13,344.7,-20.3,0.2595,-0.1635,1.0,0.7143,0.9894,0.7548,0.7398,0.7597
2026-08-10,-72.86,74.12,0.7408,0.6381,0.7268,0.7071,8.02,133.4,-18.3,0.3237,-0.0517,1.4,0.7143,0.9894,0.6733,0.751,0.7384
2026-08-10,-72.86,95.29,0.7292,0.7651,0.8001,0.715,7.81,277.0,-19.4,0.1115,-0.0592,2.5,0.7143,0.9894,0.7451,0.7129,0.6409
2026-08-10,-72.86,116.47,0.6362,0.6773,0.6751,0.7253,7.43,217.5,-17.8,0.1054,-0.1748,1.7,0.7143,0.9894,0.7266,0.7235,0.7426
2026-08-10,-72.86,137.65,0.7217,0.7038,0.7,0.6363,14.93,284.2,-15.0,0.3356,-0.0344,1.6,0.7143,0.9894,0.6239,0.6704,0.6222
2026-08-10,-72.86,158.82,0.6456,0.5954,0.5933,0.6417,8.81,140.8,-20.4,0.3583,0.1354,2.4,0.7143,0.9894,0.5762,0.5827,0.6499
2026-08-10,-72.86,180.0,0.6143,0.6182,0.5499,0.5929,13.74,167.2,-17.3,0.2271,0.3186,-0.8,0.7143,0.9894,0.6973,0.5563,0.5597
2026-08-10,-71.43,-180.0,0.4934,0.5885,0.4948,0.5576,16.65,143.5,-16.9,0.1646,0.3133,-0.4,0.6571,0.9894,0.5262,0.5139,0.5358
2026-08-10,-71.43,-158.82,0.4935,0.4727,0.5467,0.4584,6.65,169.6,-16.2,0.3632,-0.0066,0.7,0.6571,0.9894,0.5821,0.4837,0.516
2026-08-10,-71.43,-137.65,0.4333,0.5098,0.4741,0.52,8.63,309.7,-13.7,0.3898,-0.2042,1.0,0.6571,0.9894,0.501,0.4891,0.4913
2026-08-10,-71.43,-116.47,0.5126,0.5331,0.5256,0.5089,9.06,25.3,-17.1,0.2846,0.4225,1.1,0.6571,0.9894,0.5163,0.4472,0.4833
2026-08-10,-71.43,-95.29,0.4598,0.4712,0.4899,0.5138,5.58,244.0,-15.4,0.1306,-0.0088,-0.9,0.6571,0.9894,0.5513,0.4601,0.5245
2026-08-10,-71.43,-74.12,0.5507,0.5907,0.5221,0.4687,6.87,36.0,-16.1,0.2828,0.0608,-0.3,0.6571,0.9894,0.5431,0.5667,0.5365
2026-08-10,-71.43,-52.94,0.5339,0.5143,0.5119,0.6554,12.66,131.8,-13.3,0.2539,-0.0913,2.1,0.6571,0.9894,0.4809,0.5261,0.6047
2026-08-10,-71.43,-31.76,0.508,0.5238,0.5918,0.5614,8.27,352.4,-14.6,0.2559,0.3262,2.0,0.6571,0.9894,0.5864,0.5571,0.6051
2026-08-10,-71.43,-10.59,0.6052,0.6006,0.7057,0.6022,12.68,163.8,-17.1,0.1075,-0.0428,0.2,0.6571,0.9894,0.6286,0.5927,0.6362
2026-08-10,-71.43,10.59,0.6827,0.7154,0.6672,0.6126,12.98,103.5,-14.8,0.3611,-0.0183,4.1,0.6571,0.9894,0.6224,0.6259,0.6528
2026-08-10,-71.43,31.76,0.7225,0.6631,0.7226,0.6436,10.98,10.7,-19.9,0.1314,-0.0159,1.3,0.6571,0.9894,0.5727,0.6032,0.6528
2026-08-10,-71.43,52.94,0.6961,0.7237,0.6746,0.6398,16.71,307.4,-19.4,0.4444,0.0617,1.7,0.6571,0.9894,0.7025,0.6802,0.6898
2026-08-10,-71.43,74.12,0.744,0.6994,0.7473,0.6416,16.46,95.3,-21.3,0.1191,-0.1966,-0.5,0.6571,0.9894,0.7207,0.6788,0.6699
2026-08-10,-71.43,95.29,0.6301,0.6558,0.642,0.6585,16.96,4.3,-21.7,0.2813,-0.2748,2.6,0.6571,0.9894,0.6576,0.6594,0.6266
2026-08-10,-71.43,116.47,0.6523,0.6154,0.6588,0.6124,6.04,352.0,-12.5,0.1763,0.0768,1.0,0.6571,0.9894,0.624,0.6414,0.6372
2026-08-10,-71.43,137.65,0.6327,0.6387,0.646,0.6195,10.75,37.8,-21.9,0.1928,0.2155,0.9,0.6571,0.9894,0.6575,0.6228,0.6095
2026-08-10,-71.43,158.82,0.598,0.5853,0.5997,0.6124,12.0,203.1,-19.2,0.4399,0.0014,3.0,0.6571,0.9894,0.495,0.5884,0.5317
2026-08-10,-71.43,180.0,0.6142,0.526,0.5426,0.6044,12.26,352.6,-17.4,0.1349,-0.0015,0.1,0.6571,0.9894,0.5023,0.4792,0.5005
2026-08-10,-70.0,-180.0,0.5042,0.5294,0.4683,0.5241,11.08,307.0,-17.9,0.3498,-0.3297,2.1,0.6,0.9894,0.5064,0.5922,0.4922
2026-08-10,-70.0,-158.82,0.4399,0.4065,0.4706,0.5143,14.89,307.9,-17.7,0.3662,0.1776,2.5,0.6,0.9894,0.4055,0.5074,0.4592
2026-08-10,-70.0,-137.65,0.4476,0.4428,0.4731,0.4319,9.68,125.5,-21.2,0.114,-0.2608,2.1,0.6,0.9894,0.463,0.4779,0.477
2026-08-10,-70.0,-116.47,0.4608,0.475,0.4242,0.4478,6.07,193.6,-15.8,0.0551,-0.0993,0.5,0.6,0.9894,0.4854,0.4407,0.3647
2026-08-10,-70.0,-95.29,0.475,0.4378,0.4233,0.4383,17.49,213.9,-15.1,0.3652,-0.081,1.1,0.6,0.9894,0.3576,0.465,0.4453
2026-08-10,-70.0,-74.12,0.5287,0.4255,0.4611,0.4489,15.46,291.5,-11.9,0.1089,0.0873,3.3,0.6,0.9894,0.5066,0.4976,0.4341
2026-08-10,-70.0,-52.94,0.5777,0.4559,0.5244,0.4324,6.42,120.4,-15.0,0.3054,-0.0544,2.5,0.6,0.9894,0.4796,0.506,0.5242
2026-08-10,-70.0,-31.76,0.6181,0.5303,0.4685,0.487,9.76,43.3,-18.8,0.2072,0.0017,0.9,0.6,0.9894,0.5541,0.5669,0.5222
2026-08-10,-70.0,-10.59,0.567,0.6358,0.5708,0.6009,13.66,32.8,-15.3,0.2145,-0.1086,1.6,0.6,0.9894,0.5491,0.5187,0.5517
2026-08-10,-70.0,10.59,0.5588,0.6192,0.5253,0.6098,5.26,32.0,-17.5,0.1369,-0.2897,3.2,0.6,0.9894,0.5527,0.5902,0.5862
2026-08-10,-70.0,31.76,0.5966,0.5876,0.6444,0.6458,10.24,331.9,-12.7,0.3324,0.0669,2.9,0.6,0.9894,0.682,0.6735,0.6283
2026-08-10,-70.0,52.94,0.6145,0.6354,0.6896,0.7276,7.28,359.8,-14.8,0.0516,-0.1888,3.2,0.6,0.9894,0.6163,0.616,0.6076
2026-08-10,-70.0,74.12,0.6109,0.6227,0.6138,0.653,10.69,351.3,-13.7,0.421,-0.0153,1.2,0.6,0.9894,0.5982,0.6815,0.5792
2026-08-10,-70.0,95.29,0.6077,0.6628,0.6122,0.6022,9.36,291.4,-19.4,0.245,0.1378,3.1,0.6,0.9894,0.6503,0.6153,0.6752
2026-08-10,-70.0,116.47,0.5848,0.594,0.5152,0.5753,14.61,153.1,-14.6,0.202,0.1528,2.2,0.6,0.9894,0.5914,0.5661,0.6411
2026-08-10,-70.0,137.65,0.5626,0.6025,0.5797,0.5857,13.04,57.1,-11.9,0.253,-0.1161,1.6,0.6,0.9894,0.546,0.5775,0.5968
2026-08-10,-70.0,158.82,0.4815,0.5425,0.5678,0.4907,7.08,357.9,-13.5,0.2863,0.0998,1.6,0.6,0.9894,0.4803,0.572,0.5251
2026-08-10,-70.0,180.0,0.4858,0.511,0.5143,0.5509,5.81,282.9,-16.9,0.2738,-0.3004,2.6,0.6,0.9894,0.5123,0.5098,0.4818
2026-08-10,-68.57,-180.0,0.4559,0.3782,0.467,0.3294,10.94,233.7,-14.3,0.0918,-0.002,1.5,0.5429,0.9894,0.4708,0.4502,0.4695
2026-08-10,-68.57,-158.82,0.3993,0.421,0.379,0.4826,13.52,182.3,-16.8,0.1415,0.1149,3.3,0.5429,0.9894,0.4097,0.4213,0.4322
2026-08-10,-68.57,-137.65,0.3664,0.4007,0.4639,0.4488,9.43,259.5,-14.8,0.1502,-0.2048,2.2,0.5429,0.9894,0.4228,0.3532,0.4033
2026-08-10,-68.57,-116.47,0.467,0.3983,0.3133,0.3427,14.32,155.6,-21.3,0.3379,-0.0809,1.6,0.5429,0.9894,0.3997,0.4303,0.353
2026-08-10,-68.57,-95.29,0.3938,0.3983,0.5314,0.3847,7.79,241.7,-11.1,0.2242,0.1514,1.5,0.5429,0.9894,0.4297,0.4152,0.447
2026-08-10,-68.57,-74.12,0.3924,0.3486,0.2702,0.4823,5.86,163.5,-18.8,0.338,-0.1803,2.8,0.5429,0.9894,0.4634,0.4395,0.4045
2026-08-10,-68.57,-52.94,0.4357,0.4555,0.4884,0.4585,16.81,341.3,-13.6,0.3848,-0.0462,4.6,0.5429,0.9894,0.3762,0.4231,0.4674
2026-08-10,-68.57,-31.76,0.5237,0.5113,0.4644,0.5593,7.53,61.7,-22.8,0.1261,-0.0948,3.4,0.5429,0.9894,0.5609,0.4776,0.4732
2026-08-10,-68.57,-10.59,0.5325,0.5047,0.5222,0.544,14.0,214.9,-14.0,0.1962,0.0187,1.0,0.5429,0.9894,0.5127,0.5208,0.4699
2026-08-10,-68.57,10.59,0.5074,0.4373,0.5619,0.5988,10.19,147.1,-14.3,0.2384,0.2715,2.9,0.5429,0.9894,0.6278,0.5336,0.6498
2026-08-10,-68.57,31.76,0.535,0.5701,0.5907,0.6155,7.64,343.4,-19.9,0.1066,-0.229,3.4,0.5429,0.9894,0.5625,0.5944,0.558
2026-08-10,-68.57,52.94,0.5148,0.5835,0.5485,0.6354,13.58,49.1,-21.9,0.1591,-0.1242,1.6,0.5429,0.9894,0.5593,0.5373,0.5859
2026-08-10,-68.57,74.12,0.5258,0.5182,0.6527,0.5755,11.69,37.9,-17.5,0.1811,0.0648,3.0,0.5429,0.9894,0.6424,0.5383,0.6163
2026-08-10,-68.57,95.29,0.6333,0.5323,0.644,0.5566,5.23,136.1,-20.4,0.0559,-0.007,2.2,0.5429,0.9894,0.5685,0.6122,0.5556
2026-08-10,-68.57,116.47,0.5764,0.562,0.5109,0.6067,6.29,46.6,-16.5,0.4088,0.0436,2.1,0.5429,0.9894,0.5792,0.5059,0.5551
2026-08-10,-68.57,137.65,0.469,0.5809,0.4714,0.4806,5.13,302.9,-20.7,0.0972,-0.0081,3.0,0.5429,0.9894,0.5362,0.5757,0.5386
2026-08-10,-68.57,158.82,0.4883,0.4915,0.5155,0.5415,12.39,20.7,-14.0,0.2271,0.1022,1.7,0.5429,0.9894,0.4573,0.4745,0.4043
2026-08-10,-68.57,180.0,0.4413,0.4087,0.4264,0.4378,16.05,256.1,-15.4,0.3328,-0.145,1.4,0.5429,0.9894,0.4393,0.5384,0.4065
2026-08-10,-67.14,-180.0,0.3874,0.3485,0.4112,0.3322,11.23,309.9,-14.7,0.0566,0.1146,2.8,0.4857,0.9894,0.3789,0.4256,0.3694
2026-08-10,-67.14,-158.82,0.3772,0.3372,0.3838,0.3704,14.33,94.8,-16.4,0.3428,-0.439,3.5,0.4857,0.9894,0.3782,0.3555,0.3364
2026-08-10,-67.14,-137.65,0.332,0.3103,0.3981,0.3482,10.45,136.0,-13.8,0.3339,0.2391,3.5,0.4857,0.9894,0.3166,0.3593,0.2874
2026-08-10,-67.14,-116.47,0.3818,0.3073,0.282,0.3188,5.18,286.4,-14.9,0.4241,0.0029,3.6,0.4857,0.9894,0.2824,0.4302,0.3622
2026-08-10,-67.14,-95.29,0.3878,0.3102,0.3287,0.3788,15.63,161.5,-14.6,0.4296,-0.0236,3.1,0.4857,0.9894,0.3443,0.3281,0.375
2026-08-10,-67.14,-74.12,0.2757,0.3777,0.3439,0.323,12.75,74.0,-15.1,0.071,-0.1231,-0.3,0.4857,0.9894,0.3837,0.3159,0.3659
2026-08-10,-67.14,-52.94,0.3456,0.3937,0.401,0.4005,14.45,74.3,-17.8,0.3163,-0.304,4.2,0.4857,0.9894,0.4031,0.358,0.3268
2026-08-10,-67.14,-31.76,0.4244,0.4027,0.4767,0.4321,10.3,167.0,-11.5,0.4167,-0.0424,4.4,0.4857,0.9894,0.4261,0.4376,0.4113
2026-08-10,-67.14,-10.59,0.4721,0.4841,0.4618,0.442,10.16,6.2,-18.1,0.2886,-0.1111,2.3,0.4857,0.9894,0.4437,0.4812,0.4071
2026-08-10,-67.14,10.59,0.4828,0.5564,0.5791,0.5258,7.84,119.5,-17.2,0.2561,-0.1196,3.0,0.4857,0.9894,0.4849,0.4276,0.5333
2026-08-10,-67.14,31.76,0.52,0.5101,0.6073,0.5812,11.35,288.4,-12.2,0.169,-0.0172,2.1,0.4857,0.9894,0.4767,0.5185,0.5546
2026-08-10,-67.14,52.94,0.5908,0.4597,0.5626,0.496,7.06,180.6,-12.0,0.3121,-0.1378,4.1,0.4857,0.9894,0.4948,0.5984,0.5341
2026-08-10,-67.14,74.12,0.5102,0.51,0.5566,0.506,9.99,171.6,-14.0,0.1089,-0.2025,2.9,0.4857,0.9894,0.518,0.5591,0.5316
2026-08-10,-67.14,95.29,0.5397,0.4922,0.5753,0.5609,10.9,271.6,-14.3,0.1626,0.1327,4.7,0.4857,0.9894,0.5252,0.5529,0.5311
2026-08-10,-67.14,116.47,0.485,0.5371,0.5024,0.5091,5.89,192.8,-14.5,0.1105,0.0329,4.4,0.4857,0.9894,0.496,0.422,0.4199
2026-08-10,-67.14,137.65,0.46,0.4166,0.459,0.4018,6.97,32.0,-10.3,0.2169,0.0044,2.8,0.4857,0.9894,0.4997,0.4618,0.479
2026-08-10,-67.14,158.82,0.4274,0.4359,0.3948,0.4224,12.44,38.6,-18.4,0.4313,-0.0287,3.7,0.4857,0.9894,0.3845,0.3649,0.4522
2026-08-10,-67.14,180.0,0.408,0.4853,0.3914,0.4163,6.43,343.6,-14.0,0.2705,-0.0095,3.4,0.4857,0.9894,0.3177,0.4199,0.3601
2026-08-10,-65.71,-180.0,0.2588,0.3435,0.3227,0.2909,17.79,90.9,-17.3,0.2052,0.234,5.4,0.4286,0.9894,0.3927,0.2649,0.3468
2026-08-10,-65.71,-158.82,0.3116,0.3484,0.2582,0.3111,8.52,202.1,-12.3,0.1811,-0.0689,2.4,0.4286,0.9894,0.3329,0.3155,0.3418
2026-08-10,-65.71,-137.65,0.3515,0.2663,0.3233,0.2726,16.01,40.5,-10.0,0.3929,-0.1479,5.4,0.4286,0.9894,0.3032,0.2575,0.2984
2026-08-10,-65.71,-116.47,0.2141,0.3005,0.269,0.2388,17.56,1.2,-16.3,0.2509,0.2241,2.9,0.4286,0.9894,0.3598,0.2864,0.3051
2026-08-10,-65.71,-95.29,0.2685,0.2955,0.2375,0.2476,14.34,119.3,-12.8,0.1647,0.0411,2.6,0.4286,0.9894,0.3103,0.2767,0.2285
2026-08-10,-65.71,-74.12,0.2769,0.3493,0.2833,0.3463,15.31,297.5,-12.9,0.1116,-0.0334,3.5,0.4286,0.9894,0.2795,0.2687,0.2853
2026-08-10,-65.71,-52.94,0.3856,0.3197,0.3524,0.3556,10.08,31.6,-10.6,0.2926,-0.1674,3.6,0.4286,0.9894,0.3489,0.3858,0.3944
2026-08-10,-65.71,-31.76,0.3738,0.3092,0.3813,0.3562,17.78,103.6,-16.2,0.1885,-0.012,3.0,0.4286,0.9894,0.3851,0.3555,0.4201
2026-08-10,-65.71,-10.59,0.3556,0.4244,0.4057,0.4036,5.17,347.9,-12.8,0.1233,0.0715,4.6,0.4286,0.9894,0.466,0.4147,0.4191
2026-08-10,-65.71,10.59,0.4975,0.4557,0.4953,0.4661,5.95,335.0,-11.1,0.1201,0.2634,5.3,0.4286,0.9894,0.4614,0.4414,0.4483
2026-08-10,-65.71,31.76,0.4732,0.4221,0.4085,0.3782,13.23,298.2,-13.7,0.1588,-0.054,2.2,0.4286,0.9894,0.4877,0.5082,0.4456
2026-08-10,-65.71,52.94,0.5373,0.4672,0.426,0.4267,16.94,295.7,-16.8,0.2898,0.1026,4.5,0.4286,0.9894,0.5253,0.4569,0.5408
2026-08-10,-65.71,74.12,0.5318,0.5156,0.5285,0.5245,7.52,80.3,-10.4,0.0521,-0.227,4.2,0.4286,0.9894,0.4471,0.4617,0.4349
2026-08-10,-65.71,95.29,0.4001,0.444,0.449,0.4849,8.72,287.8,-12.5,0.1113,-0.0408,1.4,0.4286,0.9894,0.4625,0.3798,0.457
2026-08-10,-65.71,116.47,0.4079,0.4932,0.4574,0.4083,13.91,220.9,-11.2,0.3823,-0.0381,4.6,0.4286,0.9894,0.4326,0.4091,0.473
2026-08-10,-65.71,137.65,0.3594,0.3556,0.3797,0.4298,11.44,3.6,-11.5,0.2787,-0.1725,3.4,0.4286,0.9894,0.4799,0.4416,0.445
2026-08-10,-65.71,158.82,0.2983,0.367,0.392,0.3892,5.25,109.0,-16.1,0.0649,0.0043,3.1,0.4286,0.9894,0.4111,0.3807,0.3707
2026-08-10,-65.71,180.0,0.2979,0.3486,0.4015,0.3186,8.76,212.4,-14.2,0.3968,0.1851,3.6,0.4286,0.9894,0.3565,0.3532,0.3509
2026-08-10,-64.29,-180.0,0.2566,0.2751,0.3012,0.2295,12.53,107.6,-13.2,0.3972,0.1276,3.7,0.3714,0.9894,0.3266,0.2592,0.307
2026-08-10,-64.29,-158.82,0.1837,0.2835,0.2256,0.2349,13.42,271.0,-15.3,0.3977,0.0476,4.5,0.3714,0.9894,0.2938,0.2118,0.2147
2026-08-10,-64.29,-137.65,0.2317,0.1766,0.1738,0.2292,10.48,245.3,-8.4,0.1287,0.1218,4.5,0.3714,0.9894,0.2763,0.2007,0.3491
2026-08-10,-64.29,-116.47,0.2728,0.1665,0.2675,0.2594,8.89,41.3,-11.3,0.0717,0.1713,6.4,0.3714,0.9894,0.2879,0.2866,0.2878
2026-08-10,-64.29,-95.29,0.3147,0.2698,0.3075,0.2109,7.38,253.1,-13.0,0.171,-0.144,3.2,0.3714,0.9894,0.2695,0.2222,0.2629
2026-08-10,-64.29,-74.12,0.3037,0.281,0.2646,0.2452,9.13,262.0,-14.4,0.3124,-0.0991,4.5,0.3714,0.9894,0.2053,0.1942,0.2315
2026-08-10,-64.29,-52.94,0.2873,0.2293,0.255,0.3199,12.99,141.5,-15.2,0.0794,0.0541,5.8,0.3714,0.9894,0.2875,0.3413,0.2868
2026-08-10,-64.29,-31.76,0.3049,0.2598,0.353,0.3523,15.98,10.9,-14.1,0.1599,0.0387,5.4,0.3714,0.9894,0.3786,0.3082,0.357
2026-08-10,-64.29,-10.59,0.3363,0.3813,0.3905,0.4064,9.97,197.9,-12.1,0.2712,0.1904,4.2,0.3714,0.9894,0.3264,0.3756,0.3402
2026-08-10,-64.29,10.59,0.335,0.3578,0.4475,0.388,8.41,254.7,-16.7,0.3716,0.0975,2.8,0.3714,0.9894,0.4935,0.3419,0.4166
2026-08-10,-64.29,31.76,0.3897,0.3794,0.4325,0.3428,16.35,38.4,-12.3,0.2793,0.109,5.1,0.3714,0.9894,0.4634,0.4124,0.4431
2026-08-10,-64.29,52.94,0.4395,0.3892,0.4392,0.3873,12.59,145.6,-14.9,0.07,-0.0049,3.8,0.3714,0.9894,0.4007,0.3983,0.4353
2026-08-10,-64.29,74.12,0.4344,0.4953,0.4678,0.37,6.77,210.0,-11.9,0.1466,0.0615,5.0,0.3714,0.9894,0.4136,0.3399,0.4796
2026-08-10,-64.29,95.29,0.4927,0.4643,0.38,0.3737,13.26,332.4,-7.9,0.3967,-0.093,5.0,0.3714,0.9894,0.4196,0.4548,0.4989
2026-08-10,-64.29,116.47,0.4118,0.4197,0.3927,0.4155,9.36,20.1,-16.0,0.3897,-0.1144,3.6,0.3714,0.9894,0.3933,0.4256,0.3445
2026-08-10,-64.29,137.65,0.4548,0.4057,0.3301,0.3938,17.81,4.5,-7.1,0.2305,0.1665,3.7,0.3714,0.9894,0.3948,0.3311,0.3827
2026-08-10,-64.29,158.82,0.3574,0.2772,0.3426,0.2313,9.85,220.0,-11.6,0.3614,0.1764,6.0,0.3714,0.9894,0.3108,0.2768,0.3498
2026-08-10,-64.29,180.0,0.2521,0.2446,0.3284,0.3566,17.14,320.7,-11.1,0.1901,-0.1583,4.7,0.3714,0.9894,0.2389,0.3079,0.3466
2026-08-10,-62.86,-180.0,0.1815,0.274,0.2518,0.2328,14.62,17.6,-8.6,0.4393,0.0859,4.5,0.3143,0.9894,0.2279,0.1734,0.1869
2026-08-10,-62.86,-158.82,0.1958,0.1616,0.2076,0.1502,9.54,24.5,-15.2,0.2447,0.1028,5.3,0.3143,0.9894,0.1451,0.1578,0.1531
2026-08-10,-62.86,-137.65,0.1635,0.1016,0.1298,0.1504,13.38,147.9,-8.4,0.3049,0.2424,5.6,0.3143,0.9894,0.2369,0.1747,0.1716
2026-08-10,-62.86,-116.47,0.2267,0.1446,0.094,0.2266,10.02,146.7,-14.1,0.3264,0.1211,4.6,0.3143,0.9894,0.1561,0.1825,0.1894
2026-08-10,-62.86,-95.29,0.2195,0.1988,0.1548,0.217,17.81,165.6,-12.3,0.3115,-0.2882,3.3,0.3143,0.9894,0.0881,0.174,0.1982
2026-08-10,-62.86,-74.12,0.2097,0.1776,0.2245,0.2334,17.82,259.3,-14.4,0.3282,-0.0684,6.6,0.3143,0.9894,0.2757,0.2149,0.2351
2026-08-10,-62.86,-52.94,0.3473,0.292,0.3039,0.2282,9.6,220.3,-9.6,0.0776,0.2234,4.4,0.3143,0.9894,0.2528,0.2312,0.2642
2026-08-10,-62.86,-31.76,0.2827,0.2775,0.2753,0.2455,16.31,11.9,-12.5,0.4218,0.2863,4.7,0.3143,0.9894,0.2367,0.315,0.1899
2026-08-10,-62.86,-10.59,0.254,0.3309,0.3556,0.3386,6.55,94.4,-8.3,0.4056,0.0247,3.5,0.3143,0.9894,0.3179,0.255,0.3394
2026-08-10,-62.86,10.59,0.3649,0.4067,0.3919,0.3275,8.11,232.0,-12.1,0.1886,-0.2577,4.8,0.3143,0.9894,0.3753,0.2944,0.4023
2026-08-10,-62.86,31.76,0.4094,0.4017,0.269,0.3752,7.25,206.6,-11.8,0.1679,0.0206,5.0,0.3143,0.9894,0.4188,0.3429,0.3433
2026-08-10,-62.86,52.94,0.4363,0.3837,0.4327,0.4217,9.93,359.5,-15.4,0.2986,-0.0947,5.6,0.3143,0.9894,0.4488,0.4144,0.5039
2026-08-10,-62.86,74.12,0.3434,0.443,0.3653,0.3546,11.19,222.0,-11.4,0.0867,0.2885,6.3,0.3143,0.9894,0.4144,0.3598,0.4511
2026-08-10,-62.86,95.29,0.2897,0.2965,0.2861,0.3257,6.15,253.2,-12.7,0.4367,0.2007,3.8,0.3143,0.9894,0.3274,0.328,0.3415
2026-08-10,-62.86,116.47,0.3286,0.3076,0.3608,0.3438,13.25,206.2,-10.2,0.3415,0.3357,3.6,0.3143,0.9894,0.3111,0.2817,0.2835
2026-08-10,-62.86,137.65,0.3056,0.2784,0.3817,0.3046,17.01,110.6,-16.6,0.1517,-0.0913,4.8,0.3143,0.9894,0.3452,0.2995,0.341
2026-08-10,-62.86,158.82,0.256,0.2374,0.3418,0.2203,13.29,123.3,-7.9,0.0582,-0.0128,4.1,0.3143,0.9894,0.283,0.195,0.1991
2026-08-10,-62.86,180.0,0.2386,0.2176,0.2037,0.2009,15.55,158.9,-11.6,0.3244,-0.1393,5.8,0.3143,0.9894,0.2302,0.1461,0.2386
2026-08-10,-61.43,-180.0,0.1183,0.1401,0.1661,0.1695,13.83,109.7,-11.7,0.388,-0.1349,4.9,0.2571,0.9894,0.2654,0.2545,0.1625
2026-08-10,-61.43,-158.82,0.2128,0.177,0.2058,0.162,10.88,15.5,-5.9,0.0942,0.1233,5.4,0.2571,0.9894,0.1937,0.1415,0.1566
2026-08-10,-61.43,-137.65,0.1738,0.1168,0.1246,0.1815,7.98,5.9,-9.0,0.2299,0.1473,6.6,0.2571,0.9894,0.1186,0.1249,0.1619
2026-08-10,-61.43,-116.47,0.1438,0.1305,0.083,0.1314,15.45,168.5,-13.0,0.0696,0.2903,5.7,0.2571,0.9894,0.0681,0.2006,0.2257
2026-08-10,-61.43,-95.29,0.1205,0.1387,0.1785,0.1387,11.15,352.9,-7.5,0.2517,-0.0438,5.6,0.2571,0.9894,0.2528,0.0881,0.1608
2026-08-10,-61.43,-74.12,0.196,0.2075,0.1302,0.1829,9.72,359.2,-11.0,0.4404,0.1799,6.1,0.2571,0.9894,0.1876,0.1653,0.1561
2026-08-10,-61.43,-52.94,0.1811,0.1157,0.2111,0.1955,17.06,97.4,-13.9,0.1703,-0.1382,6.5,0.2571,0.9894,0.184,0.1726,0.2301
2026-08-10,-61.43,-31.76,0.2408,0.2585,0.2281,0.2331,12.81,242.6,-6.3,0.2716,-0.0551,6.4,0.2571,0.9894,0.2372,0.2243,0.2416
2026-08-10,-61.43,-10.59,0.2914,0.2043,0.1911,0.2924,5.69,59.1,-8.6,0.2745,-0.0115,5.0,0.2571,0.9894,0.2798,0.2521,0.2944
2026-08-10,-61.43,10.59,0.3079,0.2356,0.3363,0.2203,5.9,22.2,-9.2,0.311,0.2225,4.2,0.2571,0.9894,0.2852,0.3528,0.3136
2026-08-10,-61.43,31.76,0.3725,0.3562,0.3476,0.2696,12.99,251.0,-10.9,0.1174,0.1793,7.5,0.2571,0.9894,0.276,0.2791,0.2804
2026-08-10,-61.43,52.94,0.314,0.2908,0.3879,0.2672,17.98,357.8,-9.1,0.0862,0.244,6.3,0.2571,0.9894,0.3586,0.2983,0.3371
2026-08-10,-61.43,74.12,0.3352,0.3175,0.3505,0.3563,6.48,335.5,-10.9,0.2542,-0.1126,3.9,0.2571,0.9894,0.346,0.2927,0.3056
2026-08-10,-61.43,95.29,0.3362,0.3943,0.3107,0.2998,8.16,304.3,-5.7,0.115,-0.1304,5.1,0.2571,0.9894,0.3072,0.3422,0.3491
2026-08-10,-61.43,116.47,0.3709,0.2923,0.3379,0.3468,6.9,272.5,-5.3,0.1596,-0.0671,6.0,0.2571,0.9894,0.2864,0.2719,0.2512
2026-08-10,-61.43,137.65,0.2721,0.3169,0.2501,0.2483,6.76,208.9,-9.5,0.1704,-0.0947,4.3,0.2571,0.9894,0.3062,0.2435,0.3209
2026-08-10,-61.43,158.82,0.1767,0.2182,0.2189,0.2491,15.9,274.3,-10.7,0.3656,0.3329,4.2,0.2571,0.9894,0.2018,0.2196,0.2059
2026-08-10,-61.43,180.0,0.2341,0.1642,0.2167,0.1405,15.33,66.1,-8.2,0.3974,0.0816,5.9,0.2571,0.9894,0.1529,0.1579,0.0971
2026-08-10,-60.0,-180.0,0.133,0.1279,0.1711,0.1176,10.08,360.0,-11.6,0.3403,0.1351,6.7,0.2,0.9894,0.1956,0.1661,0.0683
2026-08-10,-60.0,-158.82,0.0718,0.0413,0.0861,0.1492,13.89,278.6,-4.7,0.3007,-0.048,6.9,0.2,0.9894,0.1593,0.1275,0.1175
2026-08-10,-60.0,-137.65,0.0,0.0446,0.0639,0.0825,5.62,280.3,-7.0,0.2635,0.0711,5.7,0.2,0.9894,0.128,0.125,0.1038
2026-08-10,-60.0,-116.47,0.06,0.0231,0.0418,0.0422,16.57,287.8,-9.7,0.399,0.4456,5.4,0.2,0.9894,0.0342,0.0786,0.0931
2026-08-10,-60.0,-95.29,0.0969,0.0826,0.1569,0.0888,15.98,137.2,-8.4,0.4391,0.2334,5.2,0.2,0.9894,0.0789,0.0742,0.1132
2026-08-10,-60.0,-74.12,0.1177,0.0956,0.1262,0.0745,6.73,312.9,-9.0,0.0746,-0.038,4.2,0.2,0.9894,0.0746,0.0281,0.0898
2026-08-10,-60.0,-52.94,0.1294,0.1331,0.2062,0.1855,15.64,230.6,-8.5,0.2628,-0.1266,6.8,0.2,0.9894,0.1533,0.1931,0.1243
2026-08-10,-60.0,-31.76,0.1672,0.106,0.1381,0.2113,6.93,335.8,-8.9,0.247,0.0897,7.7,0.2,0.9894,0.2214,0.1965,0.1678
2026-08-10,-60.0,-10.59,0.2569,0.2026,0.2131,0.1529,14.1,10.4,-10.0,0.2774,-0.1198,6.1,0.2,0.9894,0.2308,0.223,0.2152
2026-08-10,-60.0,10.59,0.2844,0.2229,0.2072,0.241,8.64,45.9,-10.8,0.3065,0.0717,3.4,0.2,0.9894,0.1642,0.1933,0.226
2026-08-10,-60.0,31.76,0.3755,0.2487,0.2373,0.3236,5.84,283.9,-9.3,0.4073,0.0316,4.9,0.2,0.9894,0.2451,0.3065,0.3193
2026-08-10,-60.0,52.94,0.318,0.2873,0.2729,0.2084,11.83,8.3,-6.2,0.2405,0.1615,4.9,0.2,0.9894,0.2736,0.2954,0.2408
2026-08-10,-60.0,74.12,0.2674,0.2946,0.2478,0.3604,8.32,10.2,-6.8,0.4174,0.2156,5.3,0.2,0.9894,0.2045,0.2368,0.3159
2026-08-10,-60.0,95.29,0.2492,0.3042,0.2711,0.2642,7.81,270.0,-10.7,0.2258,-0.3812,4.9,0.2,0.9894,0.2437,0.2696,0.2621
2026-08-10,-60.0,116.47,0.2177,0.2613,0.1468,0.2408,9.9,27.4,-6.6,0.2407,-0.1678,7.5,0.2,0.9894,0.2858,0.2343,0.2166
2026-08-10,-60.0,137.65,0.1897,0.1495,0.1954,0.2164,12.71,177.8,-6.9,0.2213,0.0208,6.9,0.2,0.9894,0.1753,0.191,0.2226
2026-08-10,-60.0,158.82,0.1712,0.1022,0.1854,0.1614,17.04,130.8,-9.2,0.4457,0.08,6.5,0.2,0.9894,0.1514,0.0917,0.1907
2026-08-10,-60.0,180.0,0.1257,0.1004,0.1188,0.1429,5.79,216.3,-7.4,0.3656,-0.2079,7.5,0.2,0.9894,0.0897,0.1342,0.1965
2026-08-11,-80.0,-180.0,0.858,0.8163,0.8573,0.8855,17.76,137.1,-26.9,0.3701,0.1028,-2.6,1.0,0.9875,0.8398,0.9102,0.8127
2026-08-11,-80.0,-158.82,0.7868,0.7955,0.7661,0.8604,17.57,51.0,-23.6,0.147,-0.234,-1.4,1.0,0.9875,0.7713,0.8832,0.8162
2026-08-11,-80.0,-137.65,0.7453,0.8487,0.8387,0.808,7.44,118.7,-29.1,0.0911,0.126,-1.9,1.0,0.9875,0.7892,0.7742,0.7667
2026-08-11,-80.0,-116.47,0.9035,0.7419,0.7188,0.8195,13.09,223.6,-26.2,0.4061,-0.1399,-1.1,1.0,0.9875,0.7694,0.7992,0.7806
2026-08-11,-80.0,-95.29,0.7919,0.7784,0.7949,0.8201,13.15,327.2,-24.9,0.4324,0.3903,-2.3,1.0,0.9875,0.8272,0.8051,0.7328
2026-08-11,-80.0,-74.12,0.8172,0.7804,0.8191,0.8047,10.95,75.2,-21.4,0.1934,-0.2055,-1.2,1.0,0.9875,0.8,0.8354,0.8348
2026-08-11,-80.0,-52.94,0.9326,0.8797,0.8842,0.8673,6.48,260.3,-26.0,0.2839,-0.1694,-1.2,1.0,0.9875,0.8711,0.8563,0.9154
2026-08-11,-80.0,-31.76,0.8773,0.8312,0.8751,0.8848,14.78,272.0,-28.2,0.2313,0.0196,-3.5,1.0,0.9875,0.8497,0.8115,0.8362
2026-08-11,-80.0,-10.59,0.9073,1.0,1.0,0.8542,17.49,17.4,-28.9,0.3679,0.1436,-1.6,1.0,0.9875,0.9898,0.9927,0.9162
2026-08-11,-80.0,10.59,0.9116,0.9408,1.0,0.8747,7.93,161.9,-30.4,0.1735,0.0383,-3.5,1.0,0.9875,1.0,0.9314,0.9169
2026-08-11,-80.0,31.76,0.9726,1.0,0.9876,1.0,7.36,69.6,-22.4,0.193,-0.3739,-2.5,1.0,0.9875,1.0,0.9652,0.9331
2026-08-11,-80.0,52.94,0.9793,0.9648,0.9778,0.9669,8.55,279.9,-25.7,0.311,0.2893,-3.3,1.0,0.9875,0.9864,0.9497,1.0
2026-08-11,-80.0,74.12,0.9558,0.9667,0.9403,1.0,14.77,343.1,-23.7,0.2922,-0.2103,-1.9,1.0,0.9875,1.0,1.0,0.9754
2026-08-11,-80.0,95.29,0.9266,1.0,0.9824,1.0,17.21,222.9,-24.4,0.4451,-0.1497,-3.0,1.0,0.9875,0.9314,1.0,0.9696
2026-08-11,-80.0,116.47,1.0,0.8762,0.9229,0.9477,10.43,292.5,-26.0,0.2337,0.067,-1.6,1.0,0.9875,1.0,0.957,1.0
2026-08-11,-80.0,137.65,0.9114,0.9653,0.9204,0.9286,17.94,345.6,-24.4,0.13,0.0434,-1.3,1.0,0.9875,0.9182,0.9552,0.9096
2026-08-11,-80.0,158.82,0.8614,0.8934,0.8588,0.8859,7.53,326.0,-25.4,0.1771,-0.1016,-1.8,1.0,0.9875,0.8824,0.8501,0.9082
2026-08-11,-80.0,180.0,0.8561,0.8313,0.8502,0.8477,17.11,199.8,-20.3,0.3902,-0.0568,-1.5,1.0,0.9875,0.8121,0.8522,0.8738
2026-08-11,-78.57,-180.0,0.7095,0.7507,0.7259,0.8585,15.73,320.5,-23.9,0.3051,0.1256,0.0,0.9429,0.9875,0.7738,0.797,0.7743
2026-08-11,-78.57,-158.82,0.7625,0.7735,0.7691,0.8566,5.34,244.2,-26.7,0.1368,0.0817,-0.6,0.9429,0.9875,0.7596,0.7342,0.7873
2026-08-11,-78.57,-137.65,0.7553,0.7799,0.7653,0.7465,7.51,16.1,-18.5,0.2067,-0.0871,-1.9,0.9429,0.9875,0.8876,0.7631,0.6893
2026-08-11,-78.57,-116.47,0.7177,0.8126,0.7559,0.7799,17.44,253.7,-21.4,0.2623,0.0133,-1.2,0.9429,0.9875,0.674,0.7238,0.7025
2026-08-11,-78.57,-95.29,0.7914,0.7486,0.8895,0.698,13.27,317.1,-26.5,0.3062,-0.0683,-1.7,0.9429,0.9875,0.7212,0.7871,0.7422
2026-08-11,-78.57,-74.12,0.7987,0.7285,0.8093,0.727,16.05,81.5,-27.3,0.1711,-0.0551,-1.9,0.9429,0.9875,0.7812,0.7187,0.7533
2026-08-11,-78.57,-52.94,0.8107,0.8,0.7491,0.8053,11.48,56.5,-24.0,0.0575,-0.1114,0.4,0.9429,0.9875,0.763,0.7129,0.873
2026-08-11,-78.57,-31.76,0.871,0.8177,0.8285,0.7776,10.8,255.2,-28.7,0.2354,-0.2854,-0.9,0.9429,0.9875,0.8942,0.8533,0.8764
2026-08-11,-78.57,-10.59,0.8577,0.8622,0.849,0.8526,12.99,65.9,-24.5,0.1956,-0.1106,-0.1,0.9429,0.9875,0.8194,0.8268,0.9633
2026-08-11,-78.57,10.59,0.9511,0.8451,0.8929,0.9694,9.96,140.6,-18.4,0.4456,0.2249,-1.4,0.9429,0.9875,0.9399,0.9227,0.838
2026-08-11,-78.57,31.76,0.9403,0.9133,0.9229,0.8843,7.59,144.1,-24.4,0.0994,0.1885,-2.0,0.9429,0.9875,0.9233,0.8957,0.9132
2026-08-11,-78.57,52.94,0.9277,0.8746,0.9909,0.9623,9.34,179.2,-19.7,0.3907,0.2984,-0.8,0.9429,0.9875,0.8666,0.9114,0.9267
2026-08-11,-78.57,74.12,0.9395,1.0,0.9475,0.9305,5.45,30.3,-24.0,0.2925,0.1129,-1.0,0.9429,0.9875,0.9144,1.0,0.896
2026-08-11,-78.57,95.29,0.9557,0.9308,0.959,0.9148,8.12,206.5,-24.5,0.101,0.2606,-0.3,0.9429,0.9875,0.9298,0.9471,0.9781
2026-08-11,-78.57,116.47,0.9771,0.9061,0.8562,0.9368,10.68,191.8,-23.3,0.2584,-0.2092,-0.7,0.9429,0.9875,0.8883,0.8769,0.9303
2026-08-11,-78.57,137.65,0.8692,0.8867,0.8675,0.8738,11.3,239.8,-25.8,0.3988,-0.2302,-1.7,0.9429,0.9875,0.8506,0.8981,0.7971
2026-08-11,-78.57,158.82,0.724,0.7857,0.8581,0.812,6.78,304.5,-26.9,0.118,0.0377,-1.2,0.9429,0.9875,0.8389,0.7896,0.7973
2026-08-11,-78.57,180.0,0.776,0.7877,0.7427,0.8361,16.07,264.0,-19.1,0.1322,-0.1165,0.1,0.9429,0.9875,0.7827,0.8144,0.7246
2026-08-11,-77.14,-180.0,0.7108,0.7895,0.7096,0.7562,5.38,52.5,-19.9,0.1608,0.0028,-1.0,0.8857,0.9875,0.733,0.7305,0.7242
2026-08-11,-77.14,-158.82,0.7024,0.7498,0.737,0.6687,16.98,140.5,-25.4,0.436,0.1797,0.1,0.8857,0.9875,0.7821,0.7311,0.7362
2026-08-11,-77.14,-137.65,0.7497,0.6811,0.7031,0.7223,15.68,102.6,-24.2,0.0548,0.0331,-0.2,0.8857,0.9875,0.6921,0.6889,0.7022
2026-08-11,-77.14,-116.47,0.6288,0.6919,0.7198,0.7402,7.51,9.7,-14.9,0.0912,-0.276,-2.1,0.8857,0.9875,0.7148,0.6857,0.7082
2026-08-11,-77.14,-95.29,0.7104,0.7141,0.7583,0.7358,6.46,309.2,-22.8,0.171,-0.0432,-1.3,0.8857,0.9875,0.6513,0.7149,0.6779
2026-08-11,-77.14,-74.12,0.755,0.6633,0.7207,0.7072,13.81,8.7,-25.1,0.2932,-0.1165,-0.4,0.8857,0.9875,0.678,0.6203,0.7064
2026-08-11,-77.14,-52.94,0.7319,0.6795,0.7941,0.7814,17.27,188.8,-23.8,0.4102,-0.4383,0.7,0.8857,0.9875,0.8169,0.7256,0.7589
2026-08-11,-77.14,-31.76,0.796,0.7872,0.7901,0.8753,12.42,149.0,-23.9,0.0827,0.085,-0.2,0.8857,0.9875,0.7188,0.7517,0.7359
2026-08-11,-77.14,-10.59,0.8331,0.854,0.8369,0.7742,13.9,294.9,-19.7,0.3548,0.1439,-2.8,0.8857,0.9875,0.8047,0.7964,0.7846
2026-08-11,-77.14,10.59,0.8268,0.7991,0.8277,0.8565,8.37,278.0,-26.9,0.2628,0.2166,-1.4,0.8857,0.9875,0.8503,0.8694,0.8457
2026-08-11,-77.14,31.76,0.8968,0.8816,0.8512,0.8824,17.84,346.3,-25.0,0.2892,0.2989,-0.2,0.8857,0.9875,0.8934,0.905,0.8687
2026-08-11,-77.14,52.94,0.8571,0.8889,0.9117,0.9279,10.66,14.4,-22.3,0.4495,-0.3459,-0.7,0.8857,0.9875,0.8663,0.8745,0.8748
2026-08-11,-77.14,74.12,0.8903,0.8611,0.8489,0.8325,13.0,206.7,-22.9,0.0526,0.0485,-0.2,0.8857,0.9875,0.9069,0.8789,0.9178
2026-08-11,-77.14,95.29,0.8982,0.8595,0.9256,0.8891,14.76,97.0,-25.7,0.2474,0.0314,0.4,0.8857,0.9875,0.922,0.858,0.9029
2026-08-11,-77.14,116.47,0.8331,0.8548,0.8387,0.8566,14.17,335.3,-24.1,0.3217,-0.2972,-1.2,0.8857,0.9875,0.838,0.8409,0.8844
2026-08-11,-77.14,137.65,0.8296,0.8445,0.7495,0.8335,7.84,85.2,-22.0,0.2944,0.3021,0.4,0.8857,0.9875,0.845,0.8452,0.8103
2026-08-11,-77.14,158.82,0.7947,0.7937,0.7863,0.7454,9.69,117.4,-20.6,0.263,-0.0322,-0.1,0.8857,0.9875,0.819,0.752,0.7805
2026-08-11,-77.14,180.0,0.7398,0.8019,0.6587,0.7491,9.06,248.4,-19.3,0.1863,0.0784,-1.6,0.8857,0.9875,0.7393,0.756,0.7914
2026-08-11,-75.71,-180.0,0.7481,0.7405,0.6412,0.6977,17.66,123.6,-24.5,0.2062,-0.1122,-1.3,0.8286,0.9875,0.7154,0.716,0.7041
2026-08-11,-75.71,-158.82,0.6385,0.6254,0.6627,0.6359,16.66,41.5,-22.2,0.3091,0.1372,0.7,0.8286,0.9875,0.5902,0.6805,0.6183
2026-08-11,-75.71,-137.65,0.6355,0.6435,0.6633,0.6238,8.12,171.8,-21.4,0.0889,0.2694,-0.4,0.8286,0.9875,0.7073,0.6533,0.5932
2026-08-11,-75.71,-116.47,0.5695,0.6756,0.5981,0.6968,9.57,30.5,-18.8,0.3457,-0.195,0.4,0.8286,0.9875,0.6778,0.6248,0.6327
2026-08-11,-75.71,-95.29,0.6762,0.6503,0.6494,0.6848,17.5,132.6,-25.3,0.3744,-0.0586,-1.6,0.8286,0.9875,0.6574,0.7006,0.5953
2026-08-11,-75.71,-74.12,0.6501,0.6928,0.6392,0.6154,8.57,136.6,-17.5,0.2324,0.024,-0.7,0.8286,0.9875,0.6854,0.6191,0.7599
2026-08-11,-75.71,-52.94,0.7831,0.6748,0.7105,0.691,16.74,221.1,-23.6,0.1935,0.0759,0.6,0.8286,0.9875,0.6719,0.7525,0.6926
2026-08-11,-75.71,-31.76,0.7704,0.6527,0.7991,0.7195,8.68,152.9,-22.8,0.3168,-0.0338,-0.3,0.8286,0.9875,0.71,0.7296,0.7883
2026-08-11,-75.71,-10.59,0.6967,0.7027,0.7993,0.729,13.15,238.5,-16.5,0.3467,0.1173,-0.5,0.8286,0.9875,0.7477,0.7619,0.8084
2026-08-11,-75.71,10.59,0.7571,0.7892,0.7881,0.7836,8.34,100.4,-17.6,0.0891,-0.0956,-0.1,0.8286,0.9875,0.8115,0.7233,0.8881
2026-08-11,-75.71,31.76,0.8035,0.8508,0.8423,0.821,7.27,257.6,-18.8,0.3329,0.0784,-0.5,0.8286,0.9875,0.877,0.8222,0.8433
2026-08-11,-75.71,52.94,0.829,0.9269,0.941,0.8481,5.1,138.9,-24.0,0.2492,0.1818,-0.8,0.8286,0.9875,0.8493,0.8572,0.9022
2026-08-11,-75.71,74.12,0.8129,0.7856,0.918,0.8191,9.84,245.5,-21.9,0.2173,-0.047,-0.3,0.8286,0.9875,0.9294,0.8469,0.8306
2026-08-11,-75.71,95.29,0.7958,0.8821,0.8496,1.0,13.52,231.9,-15.9,0.0864,-0.2032,-0.4,0.8286,0.9875,0.8395,0.828,0.8459
2026-08-11,-75.71,116.47,0.7826,0.82,0.7596,0.7943,8.04,339.2,-16.1,0.0685,0.0572,0.1,0.8286,0.9875,0.8501,0.8201,0.7288
2026-08-11,-75.71,137.65,0.7395,0.7789,0.7296,0.7939,5.59,101.5,-19.5,0.1214,0.0915,-0.7,0.8286,0.9875,0.7751,0.7237,0.73
2026-08-11,-75.71,158.82,0.7801,0.7394,0.764,0.6577,16.84,262.0,-18.5,0.2246,-0.2085,1.0,0.8286,0.9875,0.7277,0.7414,0.7504
2026-08-11,-75.71,180.0,0.7989,0.6479,0.6453,0.7072,11.21,131.1,-23.2,0.4252,0.1902,-0.5,0.8286,0.9875,0.6926,0.6882,0.6218
2026-08-11,-74.29,-180.0,0.6041,0.5808,0.6525,0.5903,10.7,4.0,-20.0,0.2473,-0.2142,-0.3,0.7714,0.9875,0.5821,0.6509,0.6621
2026-08-11,-74.29,-158.82,0.7093,0.6564,0.5601,0.6423,14.31,58.7,-17.4,0.234,-0.0326,-0.8,0.7714,0.9875,0.6121,0.6283,0.6307
2026-08-11,-74.29,-137.65,0.6039,0.5947,0.6267,0.6253,7.43,349.3,-20.9,0.3852,0.0852,-0.6,0.7714,0.9875,0.5527,0.5704,0.6228
2026-08-11,-74.29,-116.47,0.6045,0.5515,0.6004,0.5609,11.22,60.9,-23.2,0.3369,0.0818,0.4,0.7714,0.9875,0.6009,0.5746,0.5255
2026-08-11,-74.29,-95.29,0.6125,0.6528,0.5924,0.6217,15.95,216.8,-21.8,0.3522,0.0059,-1.3,0.7714,0.9875,0.5953,0.5512,0.5914
2026-08-11,-74.29,-74.12,0.6227,0.6193,0.6493,0.5985,13.53,217.2,-16.4,0.2228,-0.1316,0.4,0.7714,0.9875,0.6492,0.5998,0.7315
2026-08-11,-74.29,-52.94,0.6598,0.6387,0.5586,0.5684,6.4,118.8,-19.9,0.0992,-0.0163,0.9,0.7714,0.9875,0.6498,0.6255,0.7013
2026-08-11,-74.29,-31.76,0.6842,0.7263,0.6767,0.6486,12.88,261.1,-18.4,0.225,-0.0377,1.8,0.7714,0.9875,0.7477,0.7002,0.7198
2026-08-11,-74.29,-10.59,0.7308,0.7414,0.7103,0.7051,6.83,148.8,-22.3,0.27,-0.1408,0.0,0.7714,0.9875,0.7178,0.7726,0.7332
2026-08-11,-74.29,10.59,0.7507,0.7672,0.645,0.7737,12.56,5.7,-19.8,0.0612,0.031,1.5,0.7714,0.9875,0.7667,0.7297,0.7784
2026-08-11,-74.29,31.76,0.8761,0.6755,0.7164,0.785,12.69,280.0,-24.0,0.1487,0.0997,-2.7,0.7714,0.9875,0.8629,0.7695,0.7852
2026-08-11,-74.29,52.94,0.745,0.8381,0.7924,0.7982,7.3,108.7,-21.1,0.1168,-0.0505,-0.1,0.7714,0.9875,0.79,0.7646,0.816
2026-08-11,-74.29,74.12,0.7651,0.8334,0.7725,0.8133,6.23,208.4,-16.1,0.2265,-0.0556,1.3,0.7714,0.9875,0.7312,0.8158,0.8605
2026-08-11,-74.29,95.29,0.8153,0.8103,0.7555,0.8168,16.13,107.2,-14.6,0.3286,0.0148,0.5,0.7714,0.9875,0.7181,0.7652,0.7488
2026-08-11,-74.29,116.47,0.7228,0.7125,0.7854,0.7192,15.43,225.1,-18.9,0.1099,0.0396,1.7,0.7714,0.9875,0.6978,0.7577,0.7744
2026-08-11,-74.29,137.65,0.6489,0.6717,0.7319,0.7701,13.18,309.1,-18.3,0.2408,-0.0162,0.1,0.7714,0.9875,0.769,0.764,0.7504
2026-08-11,-74.29,158.82,0.7176,0.6761,0.7173,0.6674,17.58,205.2,-24.6,0.253,0.2609,0.5,0.7714,0.9875,0.6683,0.6571,0.6154
2026-08-11,-74.29,180.0,0.6588,0.6464,0.604,0.5877,5.2,232.0,-18.8,0.3279,0.0727,0.1,0.7714,0.9875,0.6214,0.63,0.6403
2026-08-11,-72.86,-180.0,0.63,0.5727,0.6313,0.6191,11.25,182.0,-19.9,0.0908,-0.0285,1.0,0.7143,0.9875,0.5163,0.5631,0.5888
2026-08-11,-72.86,-158.82,0.5479,0.5655,0.6,0.5213,17.78,257.4,-15.7,0.0817,0.3001,0.6,0.7143,0.9875,0.5479,0.5526,0.557
2026-08-11,-72.86,-137.65,0.5772,0.4769,0.5324,0.5465,15.89,114.1,-19.4,0.217,0.1213,3.0,0.7143,0.9875,0.5838,0.5786,0.5248
2026-08-11,-72.86,-116.47,0.522,0.5654,0.556,0.5309,6.79,197.9,-17.1,0.394,0.0694,1.9,0.7143,0.9875,0.6089,0.4806,0.5011
2026-08-11,-72.86,-95.29,0.5242,0.5597,0.525,0.539,12.35,151.2,-19.1,0.0541,-0.0286,0.7,0.7143,0.9875,0.495,0.5763,0.5559
2026-08-11,-72.86,-74.12,0.5936,0.5712,0.5777,0.6008,14.03,172.9,-19.1,0.3253,0.2592,-1.0,0.7143,0.9875,0.5965,0.5263,0.5776
2026-08-11,-72.86,-52.94,0.6451,0.6353,0.5531,0.606,7.08,69.5,-22.0,0.3853,-0.2311,1.3,0.7143,0.9875,0.6105,0.5885,0.6083
2026-08-11,-72.86,-31.76,0.5818,0.6564,0.6611,0.6785,7.14,117.6,-16.7,0.267,-0.2119,1.8,0.7143,0.9875,0.6245,0.6296,0.6586
2026-08-11,-72.86,-10.59,0.6421,0.6705,0.6691,0.6445,7.11,176.3,-22.1,0.2752,-0.016,1.2,0.7143,0.9875,0.6835,0.6626,0.6832
2026-08-11,-72.86,10.59,0.6913,0.7125,0.6996,0.633,11.87,269.5,-19.0,0.3668,0.1219,0.3,0.7143,0.9875,0.7385,0.7772,0.7202
2026-08-11,-72.86,31.76,0.7295,0.7409,0.7828,0.706,11.78,38.5,-16.0,0.1438,0.3301,-0.1,0.7143,0.9875,0.7214,0.7529,0.7374
2026-08-11,-72.86,52.94,0.7206,0.7239,0.7513,0.7562,17.78,9.7,-17.4,0.4342,0.0096,-0.3,0.7143,0.9875,0.7543,0.7393,0.7592
2026-08-11,-72.86,74.12,0.7404,0.6377,0.7264,0.7069,11.16,243.6,-16.3,0.0926,0.2873,1.1,0.7143,0.9875,0.6728,0.7505,0.7379
2026-08-11,-72.86,95.29,0.7288,0.7647,0.7998,0.7148,16.77,55.0,-22.1,0.1379,0.0233,-0.6,0.7143,0.9875,0.7447,0.7124,0.6404
2026-08-11,-72.86,116.47,0.6358,0.6769,0.6747,0.7251,15.53,190.4,-20.9,0.3451,-0.1311,1.0,0.7143,0.9875,0.7262,0.7231,0.7421
2026-08-11,-72.86,137.65,0.7213,0.7034,0.6997,0.6361,9.25,297.1,-21.9,0.1928,-0.0648,0.8,0.7143,0.9875,0.6235,0.67,0.6217
2026-08-11,-72.86,158.82,0.6452,0.595,0.593,0.6415,14.28,108.9,-19.8,0.2188,0.0107,0.2,0.7143,0.9875,0.5757,0.5823,0.6494
2026-08-11,-72.86,180.0,0.614,0.6179,0.5496,0.5928,8.99,12.1,-14.3,0.3684,-0.0456,1.4,0.7143,0.9875,0.6969,0.5558,0.5592
2026-08-11,-71.43,-180.0,0.493,0.5882,0.4945,0.5575,14.95,34.0,-21.7,0.3194,0.0475,3.2,0.6571,0.9875,0.5258,0.5135,0.5354
2026-08-11,-71.43,-158.82,0.4932,0.4724,0.5464,0.4582,13.08,23.2,-21.5,0.0602,0.0977,2.5,0.6571,0.9875,0.5817,0.4833,0.5156
2026-08-11,-71.43,-137.65,0.433,0.5095,0.4738,0.5199,14.03,323.2,-14.4,0.0859,-0.0998,1.4,0.6571,0.9875,0.5006,0.4887,0.4909
2026-08-11,-71.43,-116.47,0.5122,0.5327,0.5253,0.5087,5.32,154.3,-18.6,0.3842,-0.0665,1.1,0.6571,0.9875,0.5159,0.4468,0.4828
2026-08-11,-71.43,-95.29,0.4595,0.4709,0.4896,0.5136,11.67,31.3,-16.4,0.3355,0.0589,1.1,0.6571,0.9875,0.5509,0.4596,0.524
2026-08-11,-71.43,-74.12,0.5503,0.5903,0.5218,0.4686,7.55,300.3,-18.6,0.0579,0.1324,0.6,0.6571,0.9875,0.5427,0.5663,0.536
2026-08-11,-71.43,-52.94,0.5335,0.514,0.5116,0.6552,16.02,293.9,-15.6,0.1588,0.3409,1.2,0.6571,0.9875,0.4805,0.5257,0.6043
2026-08-11,-71.43,-31.76,0.5077,0.5235,0.5915,0.5612,17.43,175.2,-24.4,0.167,-0.249,2.6,0.6571,0.9875,0.586,0.5567,0.6047
2026-08-11,-71.43,-10.59,0.6048,0.6003,0.7054,0.602,11.77,311.1,-18.8,0.3015,-0.1756,3.8,0.6571,0.9875,0.6282,0.5922,0.6358
2026-08-11,-71.43,10.59,0.6823,0.7151,0.6669,0.6125,13.07,53.8,-15.3,0.2701,0.2166,1.3,0.6571,0.9875,0.622,0.6255,0.6524
2026-08-11,-71.43,31.76,0.7221,0.6628,0.7223,0.6435,15.13,162.3,-15.8,0.1886,0.014,1.7,0.6571,0.9875,0.5723,0.6027,0.6523
2026-08-11,-71.43,52.94,0.6958,0.7234,0.6743,0.6396,16.6,118.7,-17.5,0.2408,0.2828,1.6,0.6571,0.9875,0.7021,0.6798,0.6893
2026-08-11,-71.43,74.12,0.7436,0.6991,0.747,0.6415,7.8,332.8,-17.4,0.3485,-0.1118,1.5,0.6571,0.9875,0.7203,0.6784,0.6695
2026-08-11,-71.43,95.29,0.6297,0.6554,0.6417,0.6584,10.5,23.8,-20.5,0.0633,-0.1893,0.7,0.6571,0.9875,0.6572,0.659,0.6262
2026-08-11,-71.43,116.47,0.6519,0.6151,0.6585,0.6122,10.2,117.4,-18.2,0.1463,-0.1688,0.4,0.6571,0.9875,0.6236,0.641,0.6368
2026-08-11,-71.43,137.65,0.6324,0.6384,0.6457,0.6193,7.95,224.6,-20.0,0.3832,-0.0065,0.4,0.6571,0.9875,0.6571,0.6223,0.609
2026-08-11,-71.43,158.82,0.5976,0.585,0.5994,0.6123,10.01,76.2,-19.9,0.3586,-0.0128,0.9,0.6571,0.9875,0.4946,0.588,0.5312
2026-08-11,-71.43,180.0,0.6138,0.5256,0.5423,0.6042,15.21,312.1,-14.9,0.0919,-0.0001,1.5,0.6571,0.9875,0.5019,0.4788,0.5001
2026-08-11,-70.0,-180.0,0.5039,0.5291,0.468,0.524,7.27,322.9,-14.6,0.2292,-0.1007,2.5,0.6,0.9875,0.506,0.5918,0.4917
2026-08-11,-70.0,-158.82,0.4395,0.4062,0.4704,0.5141,15.71,13.8,-20.9,0.3556,-0.1818,1.6,0.6,0.9875,0.4051,0.5071,0.4588
2026-08-11,-70.0,-137.65,0.4473,0.4425,0.4729,0.4317,9.76,141.9,-17.9,0.3936,-0.0625,1.8,0.6,0.9875,0.4627,0.4775,0.4766
2026-08-11,-70.0,-116.47,0.4605,0.4747,0.424,0.4477,16.55,27.9,-17.7,0.1111,0.3655,-0.3,0.6,0.9875,0.4851,0.4403,0.3643
2026-08-11,-70.0,-95.29,0.4746,0.4375,0.423,0.4381,14.96,125.3,-16.1,0.0709,0.2053,3.2,0.6,0.9875,0.3573,0.4647,0.4449
2026-08-11,-70.0,-74.12,0.5283,0.4252,0.4608,0.4488,6.5,266.7,-18.9,0.3285,-0.1744,0.8,0.6,0.9875,0.5063,0.4972,0.4337
2026-08-11,-70.0,-52.94,0.5774,0.4556,0.5241,0.4322,12.67,175.1,-17.4,0.3073,0.1997,2.3,0.6,0.9875,0.4793,0.5056,0.5238
2026-08-11,-70.0,-31.76,0.6178,0.53,0.4682,0.4868,13.06,270.9,-16.1,0.3906,0.2683,2.3,0.6,0.9875,0.5538,0.5666,0.5218
2026-08-11,-70.0,-10.59,0.5666,0.6355,0.5706,0.6008,17.21,321.1,-13.5,0.1939,0.0414,0.3,0.6,0.9875,0.5487,0.5183,0.5513
2026-08-11,-70.0,10.59,0.5585,0.6189,0.525,0.6096,9.89,298.0,-16.6,0.3832,-0.3094,3.2,0.6,0.9875,0.5523,0.5898,0.5858
2026-08-11,-70.0,31.76,0.5963,0.5873,0.6442,0.6457,5.81,65.4,-19.0,0.3768,0.0525,1.4,0.6,0.9875,0.6817,0.6731,0.6279
2026-08-11,-70.0,52.94,0.6142,0.6351,0.6893,0.7274,5.56,176.1,-19.5,0.2286,0.3488,2.6,0.6,0.9875,0.616,0.6156,0.6072
2026-08-11,-70.0,74.12,0.6105,0.6224,0.6135,0.6529,7.82,197.1,-20.3,0.3905,-0.0853,2.4,0.6,0.9875,0.5978,0.6811,0.5788
2026-08-11,-70.0,95.29,0.6073,0.6625,0.6119,0.602,13.37,42.2,-20.9,0.0795,-0.0923,1.4,0.6,0.9875,0.65,0.615,0.6748
2026-08-11,-70.0,116.47,0.5844,0.5937,0.5149,0.5752,15.99,214.5,-15.1,0.1236,0.1292,2.6,0.6,0.9875,0.5911,0.5657,0.6407
2026-08-11,-70.0,137.65,0.5622,0.6022,0.5795,0.5855,12.05,259.6,-18.4,0.2096,-0.0621,1.8,0.6,0.9875,0.5456,0.5772,0.5964
2026-08-11,-70.0,158.82,0.4812,0.5422,0.5675,0.4906,13.83,162.0,-13.4,0.359,-0.1435,2.3,0.6,0.9875,0.4799,0.5717,0.5247
2026-08-11,-70.0,180.0,0.4854,0.5107,0.514,0.5507,14.51,173.0,-17.0,0.1752,0.0061,1.8,0.6,0.9875,0.512,0.5094,0.4814
2026-08-11,-68.57,-180.0,0.4556,0.378,0.4667,0.3293,15.14,98.7,-14.2,0.1325,-0.1761,1.7,0.5429,0.9875,0.4705,0.4499,0.4692
2026-08-11,-68.57,-158.82,0.399,0.4207,0.3787,0.4824,13.53,278.9,-18.3,0.2593,0.0327,2.5,0.5429,0.9875,0.4094,0.421,0.4319
2026-08-11,-68.57,-137.65,0.3661,0.4004,0.4637,0.4487,13.96,83.8,-14.4,0.2688,0.3291,1.1,0.5429,0.9875,0.4225,0.3529,0.4029
2026-08-11,-68.57,-116.47,0.4667,0.398,0.313,0.3426,14.3,319.4,-12.6,0.2529,0.3413,2.4,0.5429,0.9875,0.3994,0.43,0.3526
2026-08-11,-68.57,-95.29,0.3935,0.398,0.5312,0.3846,17.04,26.8,-13.2,0.4032,-0.0051,3.7,0.5429,0.9875,0.4293,0.4148,0.4466
2026-08-11,-68.57,-74.12,0.3921,0.3484,0.2699,0.4822,16.34,39.4,-12.9,0.4494,0.1663,0.9,0.5429,0.9875,0.4631,0.4392,0.4041
2026-08-11,-68.57,-52.94,0.4354,0.4552,0.4882,0.4584,11.58,312.2,-17.2,0.4111,-0.0643,3.5,0.5429,0.9875,0.3758,0.4227,0.467
2026-08-11,-68.57,-31.76,0.5234,0.511,0.4642,0.5592,10.73,235.1,-17.4,0.4219,-0.111,2.3,0.5429,0.9875,0.5606,0.4772,0.4729
2026-08-11,-68.57,-10.59,0.5322,0.5045,0.522,0.5439,6.18,190.3,-21.6,0.2263,-0.1441,1.1,0.5429,0.9875,0.5124,0.5204,0.4695
2026-08-11,-68.57,10.59,0.5071,0.437,0.5617,0.5987,12.8,196.9,-20.0,0.0789,-0.0601,3.2,0.5429,0.9875,0.6274,0.5332,0.6494
2026-08-11,-68.57,31.76,0.5347,0.5698,0.5905,0.6153,17.08,128.6,-13.4,0.3449,-0.1873,0.3,0.5429,0.9875,0.5622,0.5941,0.5576
2026-08-11,-68.57,52.94,0.5145,0.5832,0.5483,0.6353,9.35,4.1,-17.9,0.3692,0.0761,1.6,0.5429,0.9875,0.5589,0.537,0.5855
2026-08-11,-68.57,74.12,0.5255,0.5179,0.6524,0.5754,15.97,249.3,-8.6,0.0968,-0.0951,2.9,0.5429,0.9875,0.642,0.5379,0.6159
2026-08-11,-68.57,95.29,0.633,0.532,0.6438,0.5565,7.58,274.1,-18.4,0.2125,-0.1899,1.8,0.5429,0.9875,0.5681,0.6119,0.5552
2026-08-11,-68.57,116.47,0.5761,0.5617,0.5106,0.6065,8.99,216.2,-16.6,0.06,-0.16,3.0,0.5429,0.9875,0.5788,0.5056,0.5547
2026-08-11,-68.57,137.65,0.4687,0.5806,0.4712,0.4805,5.74,5.2,-14.4,0.2752,-0.1125,2.7,0.5429,0.9875,0.5359,0.5753,0.5382
2026-08-11,-68.57,158.82,0.488,0.4912,0.5153,0.5414,6.76,39.1,-14.7,0.1823,0.1085,2.4,0.5429,0.9875,0.457,0.4742,0.4039
2026-08-11,-68.57,180.0,0.441,0.4084,0.4261,0.4376,13.12,105.8,-17.1,0.1791,0.0652,1.2,0.5429,0.9875,0.439,0.5381,0.4061
2026-08-11,-67.14,-180.0,0.3871,0.3482,0.411,0.3321,12.84,344.3,-16.7,0.2232,-0.0575,3.6,0.4857,0.9875,0.3786,0.4253,0.3691
2026-08-11,-67.14,-158.82,0.3769,0.3369,0.3835,0.3703,9.88,60.1,-22.3,0.143,-0.0933,2.6,0.4857,0.9875,0.3779,0.3552,0.3361
2026-08-11,-67.14,-137.65,0.3317,0.31,0.3979,0.3481,6.05,35.0,-17.6,0.3791,0.0017,3.8,0.4857,0.9875,0.3163,0.359,0.287
2026-08-11,-67.14,-116.47,0.3815,0.3071,0.2818,0.3187,11.78,154.0,-12.4,0.3267,0.1365,6.0,0.4857,0.9875,0.2821,0.4298,0.3618
2026-08-11,-67.14,-95.29,0.3875,0.3099,0.3285,0.3787,5.47,11.9,-14.8,0.4461,-0.0407,3.9,0.4857,0.9875,0.344,0.3278,0.3747
2026-08-11,-67.14,-74.12,0.2755,0.3774,0.3437,0.3229,14.5,234.2,-15.8,0.1083,-0.1139,3.9,0.4857,0.9875,0.3834,0.3156,0.3655
2026-08-11,-67.14,-52.94,0.3454,0.3934,0.4008,0.4004,12.7,49.1,-18.3,0.1125,0.2916,2.3,0.4857,0.9875,0.4028,0.3577,0.3265
2026-08-11,-67.14,-31.76,0.4241,0.4024,0.4765,0.432,5.04,260.9,-17.8,0.1308,-0.1261,4.2,0.4857,0.9875,0.4258,0.4373,0.411
2026-08-11,-67.14,-10.59,0.4719,0.4838,0.4616,0.4418,17.02,359.6,-20.7,0.1573,0.1242,3.9,0.4857,0.9875,0.4434,0.4809,0.4067
2026-08-11,-67.14,10.59,0.4825,0.5561,0.5789,0.5257,7.15,124.1,-17.0,0.1134,0.2509,4.0,0.4857,0.9875,0.4846,0.4273,0.533
2026-08-11,-67.14,31.76,0.5197,0.5098,0.6071,0.581,12.63,355.4,-20.7,0.3696,-0.04,0.9,0.4857,0.9875,0.4764,0.5182,0.5543
2026-08-11,-67.14,52.94,0.5905,0.4594,0.5624,0.4959,7.51,182.9,-17.2,0.181,0.1752,2.9,0.4857,0.9875,0.4945,0.5981,0.5338
2026-08-11,-67.14,74.12,0.51,0.5097,0.5564,0.5059,10.25,233.9,-18.4,0.31,-0.0431,1.4,0.4857,0.9875,0.5177,0.5588,0.5313
2026-08-11,-67.14,95.29,0.5394,0.492,0.575,0.5608,6.31,283.2,-11.8,0.3079,-0.2761,3.9,0.4857,0.9875,0.5249,0.5526,0.5308
2026-08-11,-67.14,116.47,0.4847,0.5369,0.5021,0.509,8.82,7.0,-18.8,0.0953,-0.1487,2.5,0.4857,0.9875,0.4957,0.4216,0.4196
2026-08-11,-67.14,137.65,0.4597,0.4163,0.4588,0.4017,7.3,18.9,-17.3,0.0856,-0.0552,3.6,0.4857,0.9875,0.4994,0.4615,0.4787
2026-08-11,-67.14,158.82,0.4272,0.4356,0.3945,0.4223,10.07,294.3,-15.4,0.3591,-0.1313,3.3,0.4857,0.9875,0.3843,0.3646,0.4519
2026-08-11,-67.14,180.0,0.4077,0.4851,0.3911,0.4162,17.51,137.9,-14.0,0.3012,0.2103,3.0,0.4857,0.9875,0.3175,0.4196,0.3598
2026-08-11,-65.71,-180.0,0.2586,0.3432,0.3225,0.2908,12.54,46.1,-13.0,0.0597,0.0333,3.4,0.4286,0.9875,0.3924,0.2647,0.3465
2026-08-11,-65.71,-158.82,0.3114,0.3482,0.258,0.311,14.24,177.9,-9.0,0.1402,0.2171,1.0,0.4286,0.9875,0.3327,0.3152,0.3415
2026-08-11,-65.71,-137.65,0.3513,0.2661,0.3231,0.2725,13.91,74.0,-12.9,0.1778,0.1494,4.2,0.4286,0.9875,0.3029,0.2573,0.2981
2026-08-11,-65.71,-116.47,0.2138,0.3003,0.2688,0.2387,13.08,210.2,-15.4,0.2327,0.041,3.8,0.4286,0.9875,0.3595,0.2862,0.3048
2026-08-11,-65.71,-95.29,0.2683,0.2953,0.2373,0.2475,15.84,105.5,-14.1,0.3559,-0.1456,4.3,0.4286,0.9875,0.31,0.2764,0.2282
2026-08-11,-65.71,-74.12,0.2767,0.3491,0.2831,0.3462,10.07,29.7,-16.1,0.1114,-0.1554,3.0,0.4286,0.9875,0.2793,0.2684,0.285
2026-08-11,-65.71,-52.94,0.3854,0.3194,0.3522,0.3555,6.66,248.5,-15.7,0.4189,0.3496,4.8,0.4286,0.9875,0.3486,0.3856,0.3941
2026-08-11,-65.71,-31.76,0.3736,0.309,0.3811,0.3561,8.63,181.0,-13.7,0.2701,-0.0282,3.3,0.4286,0.9875,0.3849,0.3552,0.4198
2026-08-11,-65.71,-10.59,0.3554,0.4242,0.4055,0.4035,15.98,310.1,-16.2,0.3215,-0.2756,3.9,0.4286,0.9875,0.4658,0.4144,0.4188
2026-08-11,-65.71,10.59,0.4973,0.4555,0.4951,0.466,10.46,243.1,-16.8,0.4352,-0.1858,4.2,0.4286,0.9875,0.4611,0.4411,0.448
2026-08-11,-65.71,31.76,0.473,0.4219,0.4083,0.3781,6.83,290.4,-12.0,0.0972,0.3483,6.1,0.4286,0.9875,0.4875,0.5079,0.4453
2026-08-11,-65.71,52.94,0.537,0.467,0.4258,0.4266,5.36,202.4,-16.8,0.0546,0.0643,5.0,0.4286,0.9875,0.525,0.4566,0.5405
2026-08-11,-65.71,74.12,0.5316,0.5154,0.5283,0.5244,13.8,61.7,-15.4,0.3242,-0.3428,4.2,0.4286,0.9875,0.4468,0.4615,0.4346
2026-08-11,-65.71,95.29,0.3999,0.4438,0.4488,0.4848,6.21,302.6,-15.3,0.297,0.2928,4.7,0.4286,0.9875,0.4623,0.3795,0.4567
2026-08-11,-65.71,116.47,0.4076,0.493,0.4572,0.4082,5.51,175.2,-15.1,0.4255,-0.1127,2.7,0.4286,0.9875,0.4324,0.4088,0.4727
2026-08-11,-65.71,137.65,0.3592,0.3554,0.3795,0.4297,8.88,357.7,-12.3,0.3554,0.1572,3.8,0.4286,0.9875,0.4797,0.4413,0.4447
2026-08-11,-65.71,158.82,0.298,0.3668,0.3918,0.3891,14.41,130.0,-7.8,0.2931,-0.0724,4.8,0.4286,0.9875,0.4108,0.3804,0.3704
2026-08-11,-65.71,180.0,0.2976,0.3484,0.4013,0.3185,16.17,285.3,-15.9,0.317,0.0843,5.5,0.4286,0.9875,0.3563,0.3529,0.3506
2026-08-11,-64.29,-180.0,0.2564,0.2749,0.301,0.2294,13.39,210.5,-12.7,0.1677,-0.2621,5.2,0.3714,0.9875,0.3264,0.259,0.3068
2026-08-11,-64.29,-158.82,0.1835,0.2833,0.2255,0.2348,11.95,130.2,-3.9,0.3874,0.0866,3.9,0.3714,0.9875,0.2935,0.2116,0.2145
2026-08-11,-64.29,-137.65,0.2315,0.1764,0.1736,0.2291,11.9,167.0,-7.9,0.059,-0.2769,4.6,0.3714,0.9875,0.2761,0.2005,0.3488
2026-08-11,-64.29,-116.47,0.2726,0.1663,0.2673,0.2593,15.18,330.5,-11.0,0.0889,0.0044,4.3,0.3714,0.9875,0.2876,0.2863,0.2875
2026-08-11,-64.29,-95.29,0.3145,0.2696,0.3074,0.2108,17.65,18.7,-9.8,0.1247,-0.2198,3.9,0.3714,0.9875,0.2693,0.222,0.2626
2026-08-11,-64.29,-74.12,0.3035,0.2808,0.2645,0.2452,17.94,279.6,-20.8,0.3809,-0.0001,2.9,0.3714,0.9875,0.2051,0.1939,0.2312
2026-08-11,-64.29,-52.94,0.2871,0.2291,0.2549,0.3198,16.23,207.3,-15.2,0.3656,0.0206,4.6,0.3714,0.9875,0.2873,0.341,0.2866
2026-08-11,-64.29,-31.76,0.3047,0.2596,0.3528,0.3522,7.78,175.3,-12.0,0.4366,0.0377,2.8,0.3714,0.9875,0.3783,0.3079,0.3567
2026-08-11,-64.29,-10.59,0.3361,0.3811,0.3903,0.4063,15.65,1.5,-9.5,0.2446,0.1592,5.1,0.3714,0.9875,0.3262,0.3754,0.3399
2026-08-11,-64.29,10.59,0.3348,0.3576,0.4474,0.3879,11.44,9.7,-10.5,0.2667,-0.0149,5.5,0.3714,0.9875,0.4933,0.3417,0.4163
2026-08-11,-64.29,31.76,0.3895,0.3792,0.4324,0.3427,6.93,191.3,-14.0,0.2167,-0.073,4.6,0.3714,0.9875,0.4632,0.4122,0.4429
2026-08-11,-64.29,52.94,0.4393,0.389,0.4391,0.3872,11.74,242.4,-9.7,0.254,-0.0982,6.5,0.3714,0.9875,0.4004,0.3981,0.435
2026-08-11,-64.29,74.12,0.4342,0.4951,0.4676,0.3699,12.53,213.1,-12.2,0.2244,-0.2988,4.1,0.3714,0.9875,0.4133,0.3396,0.4793
2026-08-11,-64.29,95.29,0.4925,0.4641,0.3799,0.3736,12.11,136.4,-14.5,0.1718,0.0298,3.8,0.3714,0.9875,0.4194,0.4546,0.4987
2026-08-11,-64.29,116.47,0.4116,0.4195,0.3925,0.4154,9.33,22.8,-6.1,0.3243,0.0196,4.9,0.3714,0.9875,0.3931,0.4254,0.3442
2026-08-11,-64.29,137.65,0.4546,0.4056,0.3299,0.3937,10.25,323.1,-11.0,0.3716,-0.1835,3.6,0.3714,0.9875,0.3946,0.3309,0.3825
2026-08-11,-64.29,158.82,0.3572,0.277,0.3425,0.2312,17.82,300.5,-12.8,0.337,0.0511,5.2,0.3714,0.9875,0.3106,0.2766,0.3496
2026-08-11,-64.29,180.0,0.2519,0.2444,0.3282,0.3565,14.7,167.8,-23.9,0.2971,0.1435,5.7,0.3714,0.9875,0.2387,0.3076,0.3464
2026-08-11,-62.86,-180.0,0.1813,0.2738,0.2517,0.2327,6.12,275.8,-12.0,0.3577,0.1256,4.5,0.3143,0.9875,0.2277,0.1732,0.1867
2026-08-11,-62.86,-158.82,0.1956,0.1614,0.2075,0.1502,8.28,357.9,-10.1,0.2847,-0.2628,4.7,0.3143,0.9875,0.1449,0.1576,0.1529
2026-08-11,-62.86,-137.65,0.1633,0.1014,0.1297,0.1503,12.47,12.5,-10.1,0.1016,0.1855,6.6,0.3143,0.9875,0.2367,0.1745,0.1714
2026-08-11,-62.86,-116.47,0.2266,0.1445,0.0938,0.2265,13.35,20.9,-7.9,0.2801,0.1916,4.5,0.3143,0.9875,0.1559,0.1823,0.1891
2026-08-11,-62.86,-95.29,0.2193,0.1987,0.1547,0.2169,9.03,187.4,-9.2,0.3904,-0.0653,6.4,0.3143,0.9875,0.088,0.1738,0.198
2026-08-11,-62.86,-74.12,0.2095,0.1774,0.2244,0.2333,8.92,167.1,-16.5,0.0702,-0.1944,6.4,0.3143,0.9875,0.2755,0.2147,0.2349
2026-08-11,-62.86,-52.94,0.3471,0.2918,0.3038,0.2281,8.22,313.6,-5.5,0.2197,-0.0712,3.0,0.3143,0.9875,0.2526,0.231,0.264
2026-08-11,-62.86,-31.76,0.2826,0.2773,0.2752,0.2455,8.32,8.2,-13.7,0.4132,-0.187,4.0,0.3143,0.9875,0.2365,0.3148,0.1897
2026-08-11,-62.86,-10.59,0.2538,0.3307,0.3555,0.3386,15.75,295.9,-13.2,0.3642,0.2413,4.1,0.3143,0.9875,0.3177,0.2548,0.3392
2026-08-11,-62.86,10.59,0.3648,0.4065,0.3918,0.3274,7.18,225.8,-17.1,0.1188,0.3209,5.8,0.3143,0.9875,0.3751,0.2942,0.4021
2026-08-11,-62.86,31.76,0.4092,0.4016,0.2689,0.3752,10.42,176.2,-5.8,0.4209,-0.2028,4.8,0.3143,0.9875,0.4186,0.3427,0.3431
2026-08-11,-62.86,52.94,0.4362,0.3836,0.4325,0.4216,7.7,167.7,-12.1,0.1501,-0.1844,3.8,0.3143,0.9875,0.4486,0.4142,0.5037
2026-08-11,-62.86,74.12,0.3432,0.4428,0.3652,0.3545,9.63,323.4,-11.2,0.3666,0.267,4.5,0.3143,0.9875,0.4142,0.3596,0.4509
2026-08-11,-62.86,95.29,0.2895,0.2963,0.286,0.3256,10.33,176.2,-12.1,0.4246,-0.2366,2.9,0.3143,0.9875,0.3272,0.3278,0.3413
2026-08-11,-62.86,116.47,0.3284,0.3075,0.3607,0.3437,16.26,217.3,-8.7,0.0946,-0.0146,4.1,0.3143,0.9875,0.3109,0.2815,0.2833
2026-08-11,-62.86,137.65,0.3055,0.2782,0.3815,0.3045,7.71,9.6,-8.9,0.1706,-0.0354,6.1,0.3143,0.9875,0.345,0.2993,0.3408
2026-08-11,-62.86,158.82,0.2558,0.2372,0.3417,0.2202,15.65,5.0,-12.4,0.0765,-0.017,5.7,0.3143,0.9875,0.2829,0.1948,0.1989
2026-08-11,-62.86,180.0,0.2384,0.2175,0.2035,0.2008,7.28,73.0,-12.3,0.2603,0.0292,5.2,0.3143,0.9875,0.2301,0.1459,0.2384
2026-08-11,-61.43,-180.0,0.1181,0.14,0.166,0.1694,8.76,149.4,-8.8,0.1291,0.2356,5.2,0.2571,0.9875,0.2652,0.2543,0.1624
2026-08-11,-61.43,-158.82,0.2126,0.1769,0.2057,0.1619,7.11,90.4,-5.5,0.3966,0.0268,4.3,0.2571,0.9875,0.1935,0.1413,0.1565
2026-08-11,-61.43,-137.65,0.1736,0.1167,0.1245,0.1815,5.0,70.8,-9.3,0.1294,0.0107,5.5,0.2571,0.9875,0.1185,0.1247,0.1617
2026-08-11,-61.43,-116.47,0.1436,0.1304,0.0829,0.1313,11.63,73.1,-8.0,0.3625,0.0151,4.6,0.2571,0.9875,0.068,0.2005,0.2255
2026-08-11,-61.43,-95.29,0.1204,0.1386,0.1784,0.1387,16.92,255.6,-11.7,0.2222,-0.1318,4.1,0.2571,0.9875,0.2527,0.088,0.1606
2026-08-11,-61.43,-74.12,0.1959,0.2074,0.1301,0.1828,6.18,233.7,-10.9,0.0584,-0.0976,5.0,0.2571,0.9875,0.1874,0.1651,0.1559
2026-08-11,-61.43,-52.94,0.181,0.1156,0.211,0.1955,5.48,194.9,-10.6,0.1149,-0.0234,5.5,0.2571,0.9875,0.1839,0.1724,0.2299
2026-08-11,-61.43,-31.76,0.2406,0.2583,0.228,0.233,16.57,110.6,-9.5,0.125,0.0529,6.2,0.2571,0.9875,0.2371,0.2241,0.2414
2026-08-11,-61.43,-10.59,0.2912,0.2042,0.191,0.2923,15.94,315.1,-15.0,0.2828,-0.2087,3.5,0.2571,0.9875,0.2796,0.252,0.2942
2026-08-11,-61.43,10.59,0.3078,0.2355,0.3362,0.2203,12.79,59.7,-12.3,0.354,-0.2984,4.5,0.2571,0.9875,0.285,0.3526,0.3134
2026-08-11,-61.43,31.76,0.3723,0.356,0.3475,0.2696,9.41,111.2,-10.9,0.4132,0.2903,6.1,0.2571,0.9875,0.2759,0.279,0.2802
2026-08-11,-61.43,52.94,0.3139,0.2907,0.3878,0.2672,17.77,351.4,-9.2,0.0835,-0.2327,5.7,0.2571,0.9875,0.3584,0.2981,0.3369
2026-08-11,-61.43,74.12,0.3351,0.3173,0.3504,0.3562,9.21,207.9,-11.0,0.1114,0.3003,7.1,0.2571,0.9875,0.3458,0.2925,0.3054
2026-08-11,-61.43,95.29,0.3361,0.3942,0.3106,0.2997,8.24,45.3,-9.6,0.3395,0.1296,5.7,0.2571,0.9875,0.3071,0.342,0.3489
2026-08-11,-61.43,116.47,0.3708,0.2922,0.3377,0.3468,16.3,210.1,-5.9,0.2326,-0.017,6.6,0.2571,0.9875,0.2862,0.2718,0.251
2026-08-11,-61.43,137.65,0.272,0.3167,0.25,0.2483,15.14,288.5,-14.0,0.2752,-0.0176,6.3,0.2571,0.9875,0.306,0.2433,0.3207
2026-08-11,-61.43,158.82,0.1765,0.2181,0.2188,0.249,17.82,176.2,-13.6,0.2884,0.343,5.0,0.2571,0.9875,0.2017,0.2195,0.2057
2026-08-11,-61.43,180.0,0.234,0.164,0.2166,0.1404,11.43,290.0,-9.5,0.383,-0.0061,6.2,0.2571,0.9875,0.1527,0.1577,0.0969
2026-08-11,-60.0,-180.0,0.1329,0.1278,0.171,0.1176,7.88,107.6,-12.8,0.2197,0.0544,6.8,0.2,0.9875,0.1955,0.166,0.0682
2026-08-11,-60.0,-158.82,0.0717,0.0412,0.0861,0.1491,11.17,210.5,-10.4,0.1091,-0.0393,5.7,0.2,0.9875,0.1592,0.1274,0.1174
2026-08-11,-60.0,-137.65,0.0,0.0445,0.0638,0.0824,8.6,245.3,-7.8,0.182,-0.0449,5.2,0.2,0.9875,0.1279,0.1249,0.1037
2026-08-11,-60.0,-116.47,0.0598,0.023,0.0417,0.0421,16.78,155.0,-14.5,0.0896,-0.0976,4.7,0.2,0.9875,0.034,0.0784,0.093
2026-08-11,-60.0,-95.29,0.0967,0.0825,0.1568,0.0887,6.13,180.7,-9.9,0.13,-0.154,4.9,0.2,0.9875,0.0788,0.074,0.113
2026-08-11,-60.0,-74.12,0.1176,0.0955,0.1261,0.0744,15.56,125.5,-6.9,0.3278,-0.1354,6.1,0.2,0.9875,0.0745,0.028,0.0896
2026-08-11,-60.0,-52.94,0.1293,0.133,0.2061,0.1855,7.28,323.9,-6.5,0.2731,0.073,6.0,0.2,0.9875,0.1532,0.193,0.1242
2026-08-11,-60.0,-31.76,0.1671,0.1059,0.138,0.2113,15.23,257.0,-8.7,0.1054,0.127,6.5,0.2,0.9875,0.2213,0.1964,0.1676
2026-08-11,-60.0,-10.59,0.2568,0.2025,0.213,0.1528,9.53,83.2,-13.6,0.3307,-0.1915,6.0,0.2,0.9875,0.2307,0.2229,0.215
2026-08-11,-60.0,10.59,0.2843,0.2228,0.2071,0.241,12.8,121.0,-14.0,0.4278,0.2548,7.1,0.2,0.9875,0.1641,0.1932,0.2259
2026-08-11,-60.0,31.76,0.3754,0.2486,0.2372,0.3235,7.49,201.5,-7.9,0.3631,-0.0489,7.2,0.2,0.9875,0.245,0.3064,0.3192
2026-08-11,-60.0,52.94,0.3179,0.2872,0.2728,0.2084,10.31,359.0,-11.4,0.4495,0.1145,4.7,0.2,0.9875,0.2735,0.2953,0.2407
2026-08-11,-60.0,74.12,0.2673,0.2945,0.2477,0.3604,9.6,235.5,-8.7,0.364,0.3143,5.1,0.2,0.9875,0.2044,0.2367,0.3158
2026-08-11,-60.0,95.29,0.2491,0.3041,0.271,0.2642,11.55,53.6,-5.0,0.3834,-0.1333,7.9,0.2,0.9875,0.2436,0.2695,0.262
2026-08-11,-60.0,116.47,0.2176,0.2612,0.1467,0.2407,6.1,142.8,-7.6,0.3526,0.0507,4.7,0.2,0.9875,0.2857,0.2342,0.2164
2026-08-11,-60.0,137.65,0.1896,0.1494,0.1953,0.2164,17.49,67.1,-3.7,0.3065,-0.1398,6.2,0.2,0.9875,0.1752,0.1909,0.2225
2026-08-11,-60.0,158.82,0.171,0.1021,0.1853,0.1614,8.39,15.5,-12.2,0.3016,-0.0488,5.9,0.2,0.9875,0.1513,0.0916,0.1906
2026-08-11,-60.0,180.0,0.1256,0.1003,0.1187,0.1429,6.22,290.9,-6.8,0.2003,-0.0424,7.4,0.2,0.9875,0.0896,0.134,0.1964
2026-08-12,-80.0,-180.0,0.8574,0.8158,0.8568,0.8852,12.01,68.1,-22.6,0.094,0.3071,-2.3,1.0,0.9856,0.8391,0.9096,0.8119
2026-08-12,-80.0,-158.82,0.7862,0.7949,0.7656,0.8601,12.71,99.1,-22.5,0.1485,-0.0677,-3.2,1.0,0.9856,0.7707,0.8825,0.8155
2026-08-12,-80.0,-137.65,0.7447,0.8482,0.8382,0.8077,6.4,183.2,-24.3,0.3999,-0.0566,-3.0,1.0,0.9856,0.7885,0.7735,0.766
2026-08-12,-80.0,-116.47,0.9029,0.7413,0.7183,0.8192,5.77,297.0,-30.9,0.3388,0.1967,-1.0,1.0,0.9856,0.7688,0.7985,0.7798
2026-08-12,-80.0,-95.29,0.7913,0.7779,0.7944,0.8198,6.97,151.7,-25.0,0.1212,-0.2308,-1.6,1.0,0.9856,0.8266,0.8044,0.732
2026-08-12,-80.0,-74.12,0.8166,0.7799,0.8186,0.8044,7.97,325.3,-24.9,0.3059,0.0187,-1.8,1.0,0.9856,0.7994,0.8347,0.8341
2026-08-12,-80.0,-52.94,0.932,0.8791,0.8837,0.867,13.54,69.8,-33.3,0.0962,-0.3492,-3.4,1.0,0.9856,0.8704,0.8556,0.9147
2026-08-12,-80.0,-31.76,0.8767,0.8306,0.8745,0.8845,7.02,44.6,-24.7,0.3005,-0.106,-3.4,1.0,0.9856,0.8491,0.8108,0.8355
2026-08-12,-80.0,-10.59,0.9067,1.0,1.0,0.854,6.29,71.0,-29.4,0.3661,0.054,-1.8,1.0,0.9856,0.9891,0.992,0.9155
2026-08-12,-80.0,10.59,0.911,0.9402,1.0,0.8744,14.6,86.3,-20.8,0.1224,0.3285,-2.4,1.0,0.9856,1.0,0.9307,0.9162
2026-08-12,-80.0,31.76,0.972,1.0,0.9871,1.0,7.22,33.5,-28.7,0.3232,-0.0515,-1.5,1.0,0.9856,1.0,0.9645,0.9324
2026-08-12,-80.0,52.94,0.9787,0.9642,0.9773,0.9666,14.85,221.0,-29.0,0.3918,-0.0215,-2.4,1.0,0.9856,0.9857,0.9491,1.0
2026-08-12,-80.0,74.12,0.9552,0.9661,0.9398,1.0,7.76,228.6,-26.3,0.3033,0.3237,-3.1,1.0,0.9856,1.0,1.0,0.9747
2026-08-12,-80.0,95.29,0.926,1.0,0.9819,1.0,6.65,230.8,-22.6,0.2143,0.0483,-2.2,1.0,0.9856,0.9308,1.0,0.9688
2026-08-12,-80.0,116.47,1.0,0.8757,0.9224,0.9474,6.02,286.1,-30.5,0.265,-0.0797,-2.7,1.0,0.9856,1.0,0.9563,1.0
2026-08-12,-80.0,137.65,0.9108,0.9648,0.9199,0.9283,7.65,87.0,-25.3,0.1982,-0.1768,-2.5,1.0,0.9856,0.9176,0.9545,0.9089
2026-08-12,-80.0,158.82,0.8608,0.8928,0.8583,0.8856,17.44,286.2,-29.3,0.2935,-0.1358,-3.8,1.0,0.9856,0.8818,0.8494,0.9074
2026-08-12,-80.0,180.0,0.8555,0.8308,0.8497,0.8474,14.55,97.8,-24.8,0.3904,-0.089,-1.6,1.0,0.9856,0.8115,0.8515,0.8731
2026-08-12,-78.57,-180.0,0.7089,0.7502,0.7255,0.8582,16.47,47.5,-23.0,0.0633,0.0008,-2.0,0.9429,0.9856,0.7732,0.7964,0.7736
2026-08-12,-78.57,-158.82,0.7619,0.773,0.7686,0.8563,15.14,11.5,-22.1,0.3588,-0.1381,-1.1,0.9429,0.9856,0.759,0.7336,0.7866
2026-08-12,-78.57,-137.65,0.7548,0.7794,0.7648,0.7463,16.26,154.1,-23.7,0.2252,0.0519,-1.1,0.9429,0.9856,0.887,0.7625,0.6886
2026-08-12,-78.57,-116.47,0.7171,0.8121,0.7554,0.7796,6.86,252.3,-28.3,0.4349,-0.2021,-1.6,0.9429,0.9856,0.6734,0.7232,0.7018
2026-08-12,-78.57,-95.29,0.7908,0.7481,0.889,0.6978,5.98,173.2,-24.0,0.2692,-0.2279,-1.2,0.9429,0.9856,0.7206,0.7865,0.7416
2026-08-12,-78.57,-74.12,0.7982,0.728,0.8088,0.7267,7.59,329.0,-18.5,0.1951,-0.2254,-1.5,0.9429,0.9856,0.7806,0.7181,0.7526
2026-08-12,-78.57,-52.94,0.8102,0.7995,0.7486,0.805,11.15,302.1,-28.7,0.348,-0.0545,-2.1,0.9429,0.9856,0.7624,0.7123,0.8723
2026-08-12,-78.57,-31.76,0.8704,0.8172,0.828,0.7773,13.57,78.4,-26.6,0.1413,-0.011,-0.8,0.9429,0.9856,0.8936,0.8526,0.8757
2026-08-12,-78.57,-10.59,0.8571,0.8617,0.8485,0.8523,17.51,99.7,-21.6,0.1124,0.0984,-1.7,0.9429,0.9856,0.8188,0.8261,0.9626
2026-08-12,-78.57,10.59,0.9506,0.8446,0.8924,0.9691,7.64,237.0,-28.9,0.3409,-0.0267,-1.7,0.9429,0.9856,0.9393,0.9221,0.8373
2026-08-12,-78.57,31.76,0.9398,0.9128,0.9224,0.884,7.11,33.3,-26.3,0.1015,-0.1195,-1.1,0.9429,0.9856,0.9227,0.8951,0.9125
2026-08-12,-78.57,52.94,0.9271,0.8741,0.9904,0.962,5.8,75.2,-25.2,0.2697,0.1588,-1.0,0.9429,0.9856,0.866,0.9107,0.9261
2026-08-12,-78.57,74.12,0.939,1.0,0.947,0.9302,16.81,82.1,-18.2,0.1262,0.0614,-1.5,0.9429,0.9856,0.9138,1.0,0.8953
2026-08-12,-78.57,95.29,0.9551,0.9303,0.9585,0.9145,13.34,88.0,-20.6,0.1949,-0.1471,-2.0,0.9429,0.9856,0.9292,0.9464,0.9774
2026-08-12,-78.57,116.47,0.9766,0.9055,0.8557,0.9365,14.96,175.7,-22.9,0.3652,-0.1763,-1.8,0.9429,0.9856,0.8877,0.8763,0.9296
2026-08-12,-78.57,137.65,0.8687,0.8861,0.867,0.8736,15.99,53.0,-25.7,0.2812,-0.1342,-0.1,0.9429,0.9856,0.85,0.8975,0.7964
2026-08-12,-78.57,158.82,0.7235,0.7852,0.8576,0.8117,5.59,76.6,-22.4,0.3359,-0.1775,-1.9,0.9429,0.9856,0.8383,0.789,0.7966
2026-08-12,-78.57,180.0,0.7754,0.7872,0.7422,0.8359,8.69,45.2,-25.2,0.0531,0.2856,-2.3,0.9429,0.9856,0.7821,0.8137,0.7239
2026-08-12,-77.14,-180.0,0.7103,0.789,0.7091,0.7559,10.28,155.8,-24.2,0.0539,-0.1162,-0.2,0.8857,0.9856,0.7324,0.7299,0.7236
2026-08-12,-77.14,-158.82,0.7019,0.7493,0.7366,0.6684,8.05,44.4,-20.8,0.4242,0.0744,-1.3,0.8857,0.9856,0.7816,0.7305,0.7355
2026-08-12,-77.14,-137.65,0.7492,0.6806,0.7027,0.722,15.38,12.7,-21.0,0.3535,0.0022,-0.1,0.8857,0.9856,0.6916,0.6883,0.7016
2026-08-12,-77.14,-116.47,0.6283,0.6914,0.7194,0.7399,13.69,58.3,-19.5,0.05,-0.0709,0.0,0.8857,0.9856,0.7143,0.6851,0.7075
2026-08-12,-77.14,-95.29,0.7099,0.7136,0.7579,0.7356,9.73,106.5,-23.9,0.3734,0.0423,-0.6,0.8857,0.9856,0.6508,0.7143,0.6773
2026-08-12,-77.14,-74.12,0.7544,0.6628,0.7203,0.707,14.9,106.5,-19.5,0.1027,-0.101,-0.8,0.8857,0.9856,0.6774,0.6197,0.7057
2026-08-12,-77.14,-52.94,0.7313,0.679,0.7936,0.7811,12.79,307.1,-23.0,0.0746,0.0358,-0.1,0.8857,0.9856,0.8164,0.725,0.7582
2026-08-12,-77.14,-31.76,0.7955,0.7867,0.7896,0.875,11.86,151.6,-21.6,0.1684,-0.1244,-2.1,0.8857,0.9856,0.7183,0.751,0.7353
2026-08-12,-77.14,-10.59,0.8326,0.8535,0.8365,0.7739,8.41,295.0,-20.2,0.3637,-0.1648,-2.0,0.8857,0.9856,0.8041,0.7958,0.7839
2026-08-12,-77.14,10.59,0.8263,0.7986,0.8272,0.8563,12.13,232.2,-23.1,0.2049,0.2545,0.6,0.8857,0.9856,0.8497,0.8688,0.8451
2026-08-12,-77.14,31.76,0.8963,0.8812,0.8507,0.8822,5.77,247.1,-20.2,0.3553,0.1092,0.3,0.8857,0.9856,0.8929,0.9044,0.868
2026-08-12,-77.14,52.94,0.8565,0.8884,0.9113,0.9276,7.94,168.5,-14.6,0.2838,0.2308,0.2,0.8857,0.9856,0.8657,0.8739,0.8742
2026-08-12,-77.14,74.12,0.8898,0.8606,0.8484,0.8323,12.92,269.2,-24.1,0.1651,-0.1377,-1.1,0.8857,0.9856,0.9063,0.8783,0.9172
2026-08-12,-77.14,95.29,0.8977,0.859,0.9251,0.8888,14.74,358.2,-21.0,0.3693,0.2165,-0.3,0.8857,0.9856,0.9214,0.8574,0.9022
2026-08-12,-77.14,116.47,0.8326,0.8543,0.8382,0.8563,12.31,139.0,-25.9,0.1483,-0.1201,1.2,0.8857,0.9856,0.8374,0.8403,0.8838
2026-08-12,-77.14,137.65,0.8291,0.844,0.749,0.8333,9.25,10.3,-28.4,0.081,0.3249,-1.1,0.8857,0.9856,0.8444,0.8446,0.8096
2026-08-12,-77.14,158.82,0.7941,0.7932,0.7858,0.7452,5.28,75.6,-24.7,0.055,-0.046,-0.5,0.8857,0.9856,0.8184,0.7514,0.7798
2026-08-12,-77.14,180.0,0.7392,0.8014,0.6582,0.7489,8.44,120.3,-23.2,0.3991,0.0934,0.4,0.8857,0.9856,0.7388,0.7554,0.7907
2026-08-12,-75.71,-180.0,0.7476,0.7401,0.6408,0.6975,9.77,184.2,-21.8,0.3184,0.0651,-0.8,0.8286,0.9856,0.7149,0.7155,0.7035
2026-08-12,-75.71,-158.82,0.638,0.625,0.6623,0.6357,13.55,239.0,-20.0,0.4266,-0.1051,-0.5,0.8286,0.9856,0.5896,0.6799,0.6177
2026-08-12,-75.71,-137.65,0.635,0.643,0.6629,0.6235,10.47,259.8,-20.2,0.0925,0.056,-0.3,0.8286,0.9856,0.7068,0.6527,0.5926
2026-08-12,-75.71,-116.47,0.569,0.6751,0.5977,0.6966,5.96,307.1,-19.5,0.1439,-0.0046,0.7,0.8286,0.9856,0.6773,0.6242,0.6321
2026-08-12,-75.71,-95.29,0.6757,0.6499,0.649,0.6845,6.12,130.8,-21.4,0.4016,-0.1347,-1.5,0.8286,0.9856,0.6569,0.7001,0.5947
2026-08-12,-75.71,-74.12,0.6496,0.6924,0.6388,0.6152,14.13,62.9,-21.3,0.4219,0.0015,-0.7,0.8286,0.9856,0.6848,0.6185,0.7593
2026-08-12,-75.71,-52.94,0.7826,0.6744,0.7101,0.6907,16.27,206.0,-15.5,0.2916,-0.1348,0.0,0.8286,0.9856,0.6714,0.7519,0.692
2026-08-12,-75.71,-31.76,0.7699,0.6522,0.7987,0.7193,14.37,154.6,-29.7,0.079,-0.123,0.1,0.8286,0.9856,0.7095,0.729,0.7877
2026-08-12,-75.71,-10.59,0.6962,0.7023,0.7989,0.7287,11.14,163.3,-24.4,0.3216,-0.0079,-0.5,0.8286,0.9856,0.7471,0.7613,0.8078
2026-08-12,-75.71,10.59,0.7566,0.7888,0.7877,0.7833,6.36,42.8,-25.2,0.3524,-0.238,-2.6,0.8286,0.9856,0.811,0.7228,0.8875
2026-08-12,-75.71,31.76,0.803,0.8504,0.8419,0.8208,9.35,358.6,-21.6,0.3077,-0.1104,-1.7,0.8286,0.9856,0.8764,0.8216,0.8427
2026-08-12,-75.71,52.94,0.8285,0.9264,0.9406,0.8479,16.69,112.0,-23.1,0.1046,0.1776,0.5,0.8286,0.9856,0.8488,0.8567,0.9016
2026-08-12,-75.71,74.12,0.8124,0.7851,0.9176,0.8189,14.57,6.6,-23.3,0.2879,-0.1766,2.3,0.8286,0.9856,0.9288,0.8463,0.83
2026-08-12,-75.71,95.29,0.7953,0.8817,0.8492,1.0,12.59,260.3,-25.3,0.1272,-0.0596,0.1,0.8286,0.9856,0.839,0.8275,0.8453
2026-08-12,-75.71,116.47,0.7821,0.8196,0.7591,0.7941,11.52,172.4,-22.4,0.2044,0.1806,-0.1,0.8286,0.9856,0.8496,0.8196,0.7282
2026-08-12,-75.71,137.65,0.739,0.7784,0.7292,0.7937,10.48,66.4,-23.8,0.2876,-0.2771,0.9,0.8286,0.9856,0.7746,0.7232,0.7294
2026-08-12,-75.71,158.82,0.7796,0.7389,0.7636,0.6574,14.44,224.6,-22.4,0.2438,-0.3183,0.5,0.8286,0.9856,0.7271,0.7408,0.7498
2026-08-12,-75.71,180.0,0.7984,0.6474,0.6449,0.7069,11.87,226.0,-21.8,0.1325,-0.2271,-1.3,0.8286,0.9856,0.692,0.6876,0.6212
2026-08-12,-74.29,-180.0,0.6036,0.5804,0.6521,0.5901,6.58,197.8,-19.7,0.4372,0.017,1.7,0.7714,0.9856,0.5816,0.6504,0.6615
2026-08-12,-74.29,-158.82,0.7088,0.6559,0.5597,0.6421,5.18,332.3,-22.8,0.1052,-0.0167,0.7,0.7714,0.9856,0.6117,0.6278,0.6302
2026-08-12,-74.29,-137.65,0.6035,0.5943,0.6263,0.625,17.24,263.5,-18.9,0.2433,-0.0349,0.1,0.7714,0.9856,0.5522,0.5699,0.6222
2026-08-12,-74.29,-116.47,0.604,0.5511,0.6,0.5607,17.72,40.0,-22.6,0.1538,-0.2423,1.1,0.7714,0.9856,0.6004,0.5741,0.5249
2026-08-12,-74.29,-95.29,0.6121,0.6523,0.592,0.6215,8.49,241.2,-20.1,0.2056,0.137,-0.1,0.7714,0.9856,0.5948,0.5507,0.5908
2026-08-12,-74.29,-74.12,0.6222,0.6189,0.6489,0.5983,5.41,77.0,-20.1,0.2825,0.3187,-0.2,0.7714,0.9856,0.6487,0.5993,0.7309
2026-08-12,-74.29,-52.94,0.6593,0.6382,0.5583,0.5682,10.56,269.7,-22.3,0.3517,0.2893,0.9,0.7714,0.9856,0.6493,0.625,0.7008
2026-08-12,-74.29,-31.76,0.6837,0.7258,0.6763,0.6483,17.24,194.6,-25.5,0.2588,-0.2162,1.9,0.7714,0.9856,0.7472,0.6996,0.7193
2026-08-12,-74.29,-10.59,0.7303,0.741,0.71,0.7049,9.11,70.6,-17.1,0.2661,-0.0782,-0.2,0.7714,0.9856,0.7173,0.772,0.7326
2026-08-12,-74.29,10.59,0.7502,0.7668,0.6446,0.7735,16.36,328.4,-18.2,0.1175,-0.1698,1.3,0.7714,0.9856,0.7662,0.7292,0.7778
2026-08-12,-74.29,31.76,0.8757,0.675,0.716,0.7848,15.89,131.5,-11.0,0.092,0.0036,1.0,0.7714,0.9856,0.8624,0.7689,0.7846
2026-08-12,-74.29,52.94,0.7446,0.8377,0.792,0.798,14.15,35.7,-23.9,0.4337,-0.1104,-1.2,0.7714,0.9856,0.7895,0.7641,0.8154
2026-08-12,-74.29,74.12,0.7647,0.833,0.7721,0.8131,16.53,147.5,-23.2,0.1747,0.1171,0.8,0.7714,0.9856,0.7307,0.8153,0.86
2026-08-12,-74.29,95.29,0.8149,0.8099,0.7551,0.8165,5.48,27.1,-23.0,0.3811,-0.1153,0.9,0.7714,0.9856,0.7177,0.7647,0.7483
2026-08-12,-74.29,116.47,0.7224,0.7121,0.785,0.719,8.6,138.1,-21.4,0.2478,-0.2953,1.2,0.7714,0.9856,0.6973,0.7572,0.7739
2026-08-12,-74.29,137.65,0.6485,0.6713,0.7315,0.7698,6.93,247.2,-15.4,0.4176,0.1856,0.5,0.7714,0.9856,0.7685,0.7635,0.7499
2026-08-12,-74.29,158.82,0.7171,0.6756,0.7169,0.6671,17.45,123.3,-14.6,0.4316,-0.1298,0.0,0.7714,0.9856,0.6678,0.6566,0.6149
2026-08-12,-74.29,180.0,0.6583,0.646,0.6036,0.5875,11.31,41.2,-21.1,0.1552,-0.2816,-0.4,0.7714,0.9856,0.6209,0.6295,0.6398
2026-08-12,-72.86,-180.0,0.6296,0.5723,0.631,0.6189,10.45,344.9,-18.5,0.0962,0.0744,0.7,0.7143,0.9856,0.5159,0.5626,0.5882
2026-08-12,-72.86,-158.82,0.5474,0.5651,0.5997,0.5211,14.56,128.4,-20.6,0.1957,-0.016,2.3,0.7143,0.9856,0.5475,0.5521,0.5565
2026-08-12,-72.86,-137.65,0.5768,0.4765,0.5321,0.5463,7.16,72.8,-13.7,0.0501,0.094,1.4,0.7143,0.9856,0.5834,0.5781,0.5242
2026-08-12,-72.86,-116.47,0.5216,0.565,0.5557,0.5307,17.15,210.3,-18.5,0.1243,0.4707,0.4,0.7143,0.9856,0.6084,0.4801,0.5006
2026-08-12,-72.86,-95.29,0.5237,0.5593,0.5246,0.5388,6.46,285.4,-21.4,0.3603,0.1998,0.7,0.7143,0.9856,0.4945,0.5758,0.5554
2026-08-12,-72.86,-74.12,0.5932,0.5708,0.5774,0.6006,9.7,357.4,-19.8,0.3099,-0.1903,-0.4,0.7143,0.9856,0.5961,0.5258,0.5771
2026-08-12,-72.86,-52.94,0.6446,0.6349,0.5527,0.6058,13.13,293.5,-20.2,0.3053,-0.1611,2.2,0.7143,0.9856,0.61,0.5881,0.6078
2026-08-12,-72.86,-31.76,0.5813,0.656,0.6607,0.6783,17.95,279.6,-23.8,0.2693,-0.1502,2.7,0.7143,0.9856,0.624,0.6291,0.6581
2026-08-12,-72.86,-10.59,0.6416,0.6701,0.6688,0.6443,5.53,338.9,-18.7,0.2229,-0.3095,1.1,0.7143,0.9856,0.683,0.6621,0.6827
2026-08-12,-72.86,10.59,0.6909,0.7122,0.6992,0.6328,7.89,26.7,-18.6,0.3419,0.0308,1.7,0.7143,0.9856,0.7381,0.7767,0.7197
2026-08-12,-72.86,31.76,0.7291,0.7405,0.7824,0.7058,17.13,219.7,-24.6,0.2042,0.2464,-0.4,0.7143,0.9856,0.721,0.7524,0.7369
2026-08-12,-72.86,52.94,0.7202,0.7235,0.7509,0.756,12.29,196.1,-16.0,0.3033,-0.2084,2.4,0.7143,0.9856,0.7539,0.7388,0.7587
2026-08-12,-72.86,74.12,0.74,0.6373,0.7261,0.7067,6.86,222.1,-20.7,0.2521,0.1176,0.9,0.7143,0.9856,0.6724,0.75,0.7374
2026-08-12,-72.86,95.29,0.7284,0.7643,0.7994,0.7146,16.28,28.2,-21.3,0.288,0.1676,1.0,0.7143,0.9856,0.7442,0.7119,0.6399
2026-08-12,-72.86,116.47,0.6353,0.6765,0.6744,0.7249,9.17,112.9,-14.5,0.11,0.0899,0.5,0.7143,0.9856,0.7257,0.7226,0.7415
2026-08-12,-72.86,137.65,0.7209,0.703,0.6993,0.6359,15.17,167.2,-21.2,0.4428,0.0502,-0.8,0.7143,0.9856,0.623,0.6695,0.6212
2026-08-12,-72.86,158.82,0.6448,0.5946,0.5927,0.6413,15.17,254.1,-19.0,0.2902,-0.1798,-0.0,0.7143,0.9856,0.5753,0.5818,0.6489
2026-08-12,-72.86,180.0,0.6135,0.6175,0.5492,0.5926,6.26,91.6,-19.2,0.1186,-0.1847,0.0,0.7143,0.9856,0.6964,0.5553,0.5587
2026-08-12,-71.43,-180.0,0.4926,0.5878,0.4941,0.5573,14.49,153.2,-20.3,0.4317,0.0365,0.8,0.6571,0.9856,0.5254,0.5131,0.5349
2026-08-12,-71.43,-158.82,0.4928,0.472,0.546,0.458,16.57,282.6,-14.9,0.2884,-0.0853,1.3,0.6571,0.9856,0.5813,0.4829,0.5151
2026-08-12,-71.43,-137.65,0.4326,0.5091,0.4734,0.5197,13.66,13.3,-22.3,0.1037,0.0101,0.5,0.6571,0.9856,0.5002,0.4882,0.4904
2026-08-12,-71.43,-116.47,0.5119,0.5324,0.525,0.5086,11.25,137.7,-19.5,0.327,0.0869,0.1,0.6571,0.9856,0.5155,0.4464,0.4824
2026-08-12,-71.43,-95.29,0.4591,0.4705,0.4893,0.5134,12.91,146.5,-24.3,0.3787,-0.0828,0.5,0.6571,0.9856,0.5505,0.4592,0.5236
2026-08-12,-71.43,-74.12,0.5499,0.59,0.5214,0.4684,8.4,149.5,-19.7,0.1189,0.1056,-0.8,0.6571,0.9856,0.5423,0.5659,0.5356
2026-08-12,-71.43,-52.94,0.5331,0.5137,0.5113,0.655,15.23,57.9,-19.1,0.2119,0.2514,-0.4,0.6571,0.9856,0.4801,0.5252,0.6038
2026-08-12,-71.43,-31.76,0.5073,0.5231,0.5911,0.561,7.7,251.6,-19.7,0.1585,-0.2487,0.9,0.6571,0.9856,0.5856,0.5563,0.6042
2026-08-12,-71.43,-10.59,0.6044,0.5999,0.705,0.6018,17.59,42.1,-18.8,0.3421,0.1149,0.6,0.6571,0.9856,0.6277,0.5918,0.6353
2026-08-12,-71.43,10.59,0.682,0.7147,0.6666,0.6123,5.31,25.1,-21.4,0.355,-0.0019,0.4,0.6571,0.9856,0.6216,0.625,0.6519
2026-08-12,-71.43,31.76,0.7217,0.6624,0.722,0.6433,13.33,189.8,-19.2,0.173,0.1427,0.6,0.6571,0.9856,0.5719,0.6023,0.6518
2026-08-12,-71.43,52.94,0.6954,0.723,0.674,0.6394,10.08,138.5,-18.3,0.1419,-0.0285,0.5,0.6571,0.9856,0.7017,0.6794,0.6889
2026-08-12,-71.43,74.12,0.7432,0.6987,0.7467,0.6413,16.0,78.9,-15.5,0.1106,0.1475,1.1,0.6571,0.9856,0.7199,0.678,0.669
2026-08-12,-71.43,95.29,0.6294,0.6551,0.6414,0.6582,8.15,233.4,-15.7,0.4395,0.0705,-0.6,0.6571,0.9856,0.6568,0.6585,0.6257
2026-08-12,-71.43,116.47,0.6515,0.6147,0.6582,0.612,14.21,40.9,-11.8,0.1079,-0.1415,2.0,0.6571,0.9856,0.6232,0.6406,0.6363
2026-08-12,-71.43,137.65,0.632,0.638,0.6453,0.6191,17.01,279.8,-17.5,0.1806,-0.023,0.4,0.6571,0.9856,0.6567,0.6219,0.6085
2026-08-12,-71.43,158.82,0.5972,0.5846,0.599,0.6121,7.49,160.6,-15.0,0.4225,0.3894,4.5,0.6571,0.9856,0.4942,0.5875,0.5308
2026-08-12,-71.43,180.0,0.6134,0.5253,0.542,0.604,15.0,255.4,-12.4,0.1472,0.0338,2.9,0.6571,0.9856,0.5015,0.4783,0.4996
2026-08-12,-70.0,-180.0,0.5036,0.5288,0.4677,0.5238,7.01,283.9,-19.4,0.4185,-0.1735,0.8,0.6,0.9856,0.5056,0.5914,0.4913
2026-08-12,-70.0,-158.82,0.4392,0.4058,0.4701,0.5139,11.09,133.4,-17.2,0.3555,0.1586,1.7,0.6,0.9856,0.4047,0.5066,0.4583
2026-08-12,-70.0,-137.65,0.447,0.4422,0.4726,0.4315,16.61,216.1,-26.5,0.1266,-0.2239,3.2,0.6,0.9856,0.4623,0.4771,0.4761
2026-08-12,-70.0,-116.47,0.4601,0.4744,0.4237,0.4475,10.23,199.2,-20.3,0.1709,-0.1192,2.7,0.6,0.9856,0.4847,0.4399,0.3638
2026-08-12,-70.0,-95.29,0.4743,0.4371,0.4227,0.4379,7.93,53.5,-16.4,0.1724,0.1786,1.0,0.6,0.9856,0.3569,0.4642,0.4444
2026-08-12,-70.0,-74.12,0.528,0.4249,0.4605,0.4486,9.25,175.1,-17.8,0.2415,-0.1577,2.6,0.6,0.9856,0.5059,0.4968,0.4332
2026-08-12,-70.0,-52.94,0.577,0.4552,0.5238,0.432,8.42,10.7,-14.0,0.0666,0.0714,2.1,0.6,0.9856,0.4789,0.5052,0.5234
2026-08-12,-70.0,-31.76,0.6174,0.5297,0.4679,0.4867,12.03,143.1,-15.9,0.1632,-0.0507,1.9,0.6,0.9856,0.5534,0.5662,0.5213
2026-08-12,-70.0,-10.59,0.5663,0.6352,0.5703,0.6006,5.17,245.7,-18.3,0.0753,0.1981,3.6,0.6,0.9856,0.5483,0.5179,0.5509
2026-08-12,-70.0,10.59,0.5581,0.6185,0.5247,0.6095,13.42,264.9,-18.0,0.0591,-0.0611,1.4,0.6,0.9856,0.552,0.5894,0.5854
2026-08-12,-70.0,31.76,0.5959,0.587,0.6439,0.6455,8.88,14.5,-21.9,0.2047,0.1888,3.6,0.6,0.9856,0.6813,0.6727,0.6275
2026-08-12,-70.0,52.94,0.6138,0.6348,0.689,0.7273,12.12,281.0,-12.0,0.4077,0.0563,-0.7,0.6,0.9856,0.6156,0.6152,0.6068
2026-08-12,-70.0,74.12,0.6102,0.6221,0.6132,0.6527,6.34,312.7,-12.5,0.2603,-0.2058,2.1,0.6,0.9856,0.5974,0.6807,0.5784
2026-08-12,-70.0,95.29,0.607,0.6622,0.6116,0.6018,14.05,336.0,-16.5,0.3962,-0.171,1.7,0.6,0.9856,0.6496,0.6145,0.6743
2026-08-12,-70.0,116.47,0.5841,0.5934,0.5146,0.575,17.57,80.1,-12.6,0.4067,0.2258,3.4,0.6,0.9856,0.5907,0.5653,0.6403
2026-08-12,-70.0,137.65,0.5619,0.6019,0.5791,0.5854,14.16,121.8,-15.4,0.1321,-0.0815,3.3,0.6,0.9856,0.5452,0.5767,0.596
2026-08-12,-70.0,158.82,0.4808,0.5419,0.5672,0.4904,11.98,292.6,-14.5,0.1043,0.4068,1.4,0.6,0.9856,0.4796,0.5713,0.5242
2026-08-12,-70.0,180.0,0.4851,0.5104,0.5137,0.5505,5.88,222.1,-18.2,0.1564,0.1263,2.9,0.6,0.9856,0.5116,0.509,0.4809
2026-08-12,-68.57,-180.0,0.4553,0.3777,0.4664,0.3291,9.3,125.2,-19.1,0.0896,0.0107,1.8,0.5429,0.9856,0.4702,0.4495,0.4688
2026-08-12,-68.57,-158.82,0.3987,0.4204,0.3784,0.4823,15.83,237.3,-16.3,0.3408,0.0068,3.5,0.5429,0.9856,0.4091,0.4206,0.4315
2026-08-12,-68.57,-137.65,0.3658,0.4001,0.4634,0.4485,5.9,3.4,-16.3,0.2696,0.1569,3.1,0.5429,0.9856,0.4221,0.3525,0.4025
2026-08-12,-68.57,-116.47,0.4664,0.3977,0.3128,0.3425,14.07,246.6,-15.8,0.244,0.1306,2.9,0.5429,0.9856,0.3991,0.4296,0.3522
2026-08-12,-68.57,-95.29,0.3932,0.3977,0.5309,0.3844,12.82,230.4,-18.4,0.2463,0.4296,1.7,0.5429,0.9856,0.429,0.4145,0.4462
2026-08-12,-68.57,-74.12,0.3918,0.3481,0.2696,0.482,15.19,342.7,-16.4,0.1069,0.2003,1.9,0.5429,0.9856,0.4627,0.4388,0.4037
2026-08-12,-68.57,-52.94,0.4351,0.4549,0.4879,0.4582,14.82,186.6,-15.7,0.3393,0.0147,2.9,0.5429,0.9856,0.3755,0.4224,0.4667
2026-08-12,-68.57,-31.76,0.5231,0.5107,0.4639,0.559,6.86,308.1,-20.0,0.1785,0.1412,3.4,0.5429,0.9856,0.5603,0.4769,0.4725
2026-08-12,-68.57,-10.59,0.5318,0.5042,0.5217,0.5437,13.39,93.0,-19.7,0.1349,0.0961,2.1,0.5429,0.9856,0.5121,0.5201,0.4691
2026-08-12,-68.57,10.59,0.5068,0.4367,0.5614,0.5985,12.04,148.0,-19.3,0.0765,-0.1212,1.8,0.5429,0.9856,0.6271,0.5329,0.6491
2026-08-12,-68.57,31.76,0.5344,0.5695,0.5902,0.6152,10.96,245.4,-18.2,0.2168,0.2503,2.3,0.5429,0.9856,0.5619,0.5937,0.5573
2026-08-12,-68.57,52.94,0.5142,0.5829,0.548,0.6351,13.96,325.7,-14.6,0.1517,-0.0416,1.9,0.5429,0.9856,0.5586,0.5366,0.5851
2026-08-12,-68.57,74.12,0.5252,0.5176,0.6522,0.5752,10.68,297.6,-16.9,0.4313,-0.1014,4.1,0.5429,0.9856,0.6417,0.5376,0.6156
2026-08-12,-68.57,95.29,0.6327,0.5317,0.6435,0.5563,16.01,254.2,-15.9,0.3244,-0.0189,2.7,0.5429,0.9856,0.5678,0.6115,0.5548
2026-08-12,-68.57,116.47,0.5758,0.5614,0.5104,0.6064,8.98,176.5,-16.9,0.2152,0.1554,2.8,0.5429,0.9856,0.5785,0.5052,0.5543
2026-08-12,-68.57,137.65,0.4684,0.5803,0.4709,0.4804,10.52,217.9,-20.2,0.3636,-0.0467,2.7,0.5429,0.9856,0.5355,0.5749,0.5379
2026-08-12,-68.57,158.82,0.4876,0.4909,0.515,0.5412,13.55,167.8,-13.4,0.2494,-0.1481,2.4,0.5429,0.9856,0.4567,0.4738,0.4036
2026-08-12,-68.57,180.0,0.4407,0.4081,0.4258,0.4375,10.5,262.3,-16.6,0.392,0.062,1.9,0.5429,0.9856,0.4386,0.5377,0.4057
2026-08-12,-67.14,-180.0,0.3868,0.348,0.4107,0.332,15.73,116.8,-10.5,0.2617,0.2725,3.1,0.4857,0.9856,0.3783,0.4249,0.3687
2026-08-12,-67.14,-158.82,0.3766,0.3367,0.3833,0.3702,11.25,170.5,-11.9,0.1548,-0.0388,3.3,0.4857,0.9856,0.3776,0.3549,0.3357
2026-08-12,-67.14,-137.65,0.3315,0.3097,0.3976,0.348,17.08,326.4,-9.8,0.2217,0.1434,3.9,0.4857,0.9856,0.316,0.3587,0.2867
2026-08-12,-67.14,-116.47,0.3812,0.3068,0.2815,0.3185,9.71,57.9,-15.2,0.3153,-0.2615,3.9,0.4857,0.9856,0.2818,0.4295,0.3615
2026-08-12,-67.14,-95.29,0.3872,0.3097,0.3282,0.3786,13.19,163.7,-16.3,0.1359,0.0103,1.5,0.4857,0.9856,0.3437,0.3274,0.3743
2026-08-12,-67.14,-74.12,0.2752,0.3771,0.3434,0.3228,16.53,268.5,-8.9,0.2973,-0.0358,2.0,0.4857,0.9856,0.3831,0.3152,0.3652
2026-08-12,-67.14,-52.94,0.3451,0.3932,0.4005,0.4002,10.62,88.8,-11.2,0.1263,-0.1423,2.3,0.4857,0.9856,0.4025,0.3573,0.3261
2026-08-12,-67.14,-31.76,0.4238,0.4022,0.4762,0.4318,15.89,18.9,-16.3,0.3518,-0.1598,2.4,0.4857,0.9856,0.4255,0.4369,0.4106
2026-08-12,-67.14,-10.59,0.4716,0.4836,0.4613,0.4417,10.48,216.2,-12.9,0.1354,-0.0688,2.7,0.4857,0.9856,0.4431,0.4806,0.4064
2026-08-12,-67.14,10.59,0.4822,0.5559,0.5786,0.5255,8.57,186.5,-12.4,0.1761,-0.0021,2.6,0.4857,0.9856,0.4843,0.427,0.5327
2026-08-12,-67.14,31.76,0.5194,0.5095,0.6068,0.5809,11.8,12.1,-14.5,0.4386,-0.1248,0.8,0.4857,0.9856,0.4761,0.5178,0.5539
2026-08-12,-67.14,52.94,0.5903,0.4592,0.5622,0.4957,12.53,295.6,-14.7,0.3047,0.0054,2.2,0.4857,0.9856,0.4942,0.5978,0.5334
2026-08-12,-67.14,74.12,0.5097,0.5095,0.5561,0.5058,10.3,169.1,-20.5,0.3155,-0.1244,4.5,0.4857,0.9856,0.5174,0.5585,0.531
2026-08-12,-67.14,95.29,0.5391,0.4917,0.5748,0.5607,10.78,116.6,-15.1,0.4138,0.1246,4.0,0.4857,0.9856,0.5246,0.5523,0.5304
2026-08-12,-67.14,116.47,0.4844,0.5366,0.5019,0.5088,10.86,304.5,-13.3,0.3948,0.1385,3.6,0.4857,0.9856,0.4954,0.4213,0.4193
2026-08-12,-67.14,137.65,0.4594,0.4161,0.4585,0.4015,12.52,191.6,-14.4,0.2739,0.2101,4.4,0.4857,0.9856,0.4991,0.4612,0.4783
2026-08-12,-67.14,158.82,0.4269,0.4353,0.3943,0.4221,14.36,305.1,-15.8,0.3663,-0.09,5.0,0.4857,0.9856,0.3839,0.3643,0.4515
2026-08-12,-67.14,180.0,0.4074,0.4848,0.3909,0.416,13.93,49.7,-16.7,0.2486,-0.1361,3.0,0.4857,0.9856,0.3171,0.4193,0.3594
2026-08-12,-65.71,-180.0,0.2583,0.343,0.3223,0.2907,7.05,174.7,-12.8,0.3855,-0.0394,3.6,0.4286,0.9856,0.3922,0.2644,0.3462
2026-08-12,-65.71,-158.82,0.3112,0.348,0.2578,0.3109,13.35,182.3,-18.4,0.3933,0.1046,2.8,0.4286,0.9856,0.3324,0.3149,0.3412
2026-08-12,-65.71,-137.65,0.351,0.2659,0.3228,0.2724,10.41,300.7,-12.7,0.2215,0.2862,3.3,0.4286,0.9856,0.3026,0.257,0.2978
2026-08-12,-65.71,-116.47,0.2136,0.3,0.2685,0.2385,11.39,278.0,-13.8,0.2579,-0.0099,2.7,0.4286,0.9856,0.3592,0.2859,0.3045
2026-08-12,-65.71,-95.29,0.268,0.2951,0.2371,0.2474,11.99,267.7,-11.7,0.2739,0.0209,3.0,0.4286,0.9856,0.3097,0.2761,0.2279
2026-08-12,-65.71,-74.12,0.2764,0.3489,0.2829,0.346,10.88,55.6,-17.6,0.4296,-0.3668,3.2,0.4286,0.9856,0.279,0.2681,0.2847
2026-08-12,-65.71,-52.94,0.3851,0.3192,0.3519,0.3554,11.14,276.9,-11.3,0.2887,0.2314,2.7,0.4286,0.9856,0.3483,0.3853,0.3938
2026-08-12,-65.71,-31.76,0.3733,0.3087,0.3809,0.356,16.01,162.2,-17.2,0.2697,0.1828,4.1,0.4286,0.9856,0.3846,0.3549,0.4195
2026-08-12,-65.71,-10.59,0.3551,0.4239,0.4053,0.4033,9.11,5.2,-7.7,0.3123,0.2045,1.9,0.4286,0.9856,0.4655,0.4141,0.4185
2026-08-12,-65.71,10.59,0.497,0.4553,0.4949,0.4658,13.43,284.3,-12.5,0.1926,-0.0168,2.3,0.4286,0.9856,0.4608,0.4408,0.4477
2026-08-12,-65.71,31.76,0.4727,0.4216,0.4081,0.378,8.65,294.7,-13.8,0.2366,0.1194,5.7,0.4286,0.9856,0.4872,0.5076,0.445
2026-08-12,-65.71,52.94,0.5368,0.4667,0.4256,0.4265,9.19,111.3,-16.3,0.2319,0.097,3.8,0.4286,0.9856,0.5247,0.4563,0.5402
2026-08-12,-65.71,74.12,0.5313,0.5151,0.528,0.5243,16.79,307.9,-15.4,0.2398,0.2691,2.2,0.4286,0.9856,0.4465,0.4612,0.4343
2026-08-12,-65.71,95.29,0.3996,0.4435,0.4486,0.4847,12.13,175.8,-11.2,0.4285,0.3014,2.0,0.4286,0.9856,0.462,0.3792,0.4564
2026-08-12,-65.71,116.47,0.4074,0.4928,0.457,0.4081,6.45,104.3,-14.9,0.262,-0.1696,4.8,0.4286,0.9856,0.4321,0.4086,0.4724
2026-08-12,-65.71,137.65,0.3589,0.3551,0.3793,0.4295,8.87,350.4,-13.1,0.1739,-0.1198,3.7,0.4286,0.9856,0.4794,0.441,0.4444
2026-08-12,-65.71,158.82,0.2978,0.3666,0.3916,0.3889,8.42,234.9,-15.8,0.3905,-0.2027,3.9,0.4286,0.9856,0.4106,0.3801,0.3701
2026-08-12,-65.71,180.0,0.2974,0.3481,0.4011,0.3183,9.81,6.8,-12.1,0.3414,0.2032,4.3,0.4286,0.9856,0.356,0.3526,0.3503
2026-08-12,-64.29,-180.0,0.2562,0.2747,0.3008,0.2293,15.23,190.5,-8.6,0.3796,0.0025,3.5,0.3714,0.9856,0.3262,0.2587,0.3065
2026-08-12,-64.29,-158.82,0.1833,0.2831,0.2253,0.2347,9.74,248.5,-4.4,0.3952,0.1304,5.6,0.3714,0.9856,0.2933,0.2113,0.2142
2026-08-12,-64.29,-137.65,0.2313,0.1762,0.1734,0.229,15.99,69.9,-11.6,0.4426,-0.37,3.3,0.3714,0.9856,0.2758,0.2002,0.3486
2026-08-12,-64.29,-116.47,0.2724,0.1661,0.2671,0.2592,15.54,52.7,-12.1,0.1343,-0.0145,5.3,0.3714,0.9856,0.2874,0.2861,0.2872
2026-08-12,-64.29,-95.29,0.3142,0.2694,0.3072,0.2107,7.22,315.5,-13.3,0.284,-0.0599,3.1,0.3714,0.9856,0.2691,0.2217,0.2624
2026-08-12,-64.29,-74.12,0.3033,0.2806,0.2643,0.245,6.48,293.1,-9.7,0.0827,-0.053,5.6,0.3714,0.9856,0.2048,0.1937,0.2309
2026-08-12,-64.29,-52.94,0.2869,0.2289,0.2547,0.3197,12.45,158.0,-9.6,0.3826,-0.1529,4.7,0.3714,0.9856,0.2871,0.3408,0.2863
2026-08-12,-64.29,-31.76,0.3045,0.2594,0.3526,0.3521,6.79,112.7,-14.3,0.4203,0.0791,3.3,0.3714,0.9856,0.3781,0.3077,0.3565
2026-08-12,-64.29,-10.59,0.3359,0.3809,0.3901,0.4062,17.63,147.6,-11.3,0.0858,-0.045,3.6,0.3714,0.9856,0.326,0.3751,0.3397
2026-08-12,-64.29,10.59,0.3346,0.3574,0.4472,0.3878,14.54,306.6,-12.3,0.237,-0.1252,4.3,0.3714,0.9856,0.4931,0.3414,0.416
2026-08-12,-64.29,31.76,0.3893,0.379,0.4322,0.3426,7.41,95.8,-12.1,0.2013,0.11,4.6,0.3714,0.9856,0.4629,0.4119,0.4426
2026-08-12,-64.29,52.94,0.4391,0.3888,0.4389,0.3871,6.05,149.1,-10.7,0.2654,-0.0528,4.4,0.3714,0.9856,0.4002,0.3978,0.4348
2026-08-12,-64.29,74.12,0.434,0.4949,0.4674,0.3698,6.76,329.1,-10.3,0.4087,-0.0706,3.4,0.3714,0.9856,0.4131,0.3394,0.4791
2026-08-12,-64.29,95.29,0.4922,0.4639,0.3797,0.3735,8.87,130.6,-7.5,0.3816,0.0224,4.2,0.3714,0.9856,0.4192,0.4543,0.4984
2026-08-12,-64.29,116.47,0.4114,0.4193,0.3923,0.4153,7.11,319.6,-9.5,0.3424,-0.0384,3.9,0.3714,0.9856,0.3928,0.4251,0.344
2026-08-12,-64.29,137.65,0.4543,0.4054,0.3297,0.3936,16.59,233.1,-4.8,0.154,-0.0457,3.4,0.3714,0.9856,0.3944,0.3306,0.3822
2026-08-12,-64.29,158.82,0.3569,0.2768,0.3423,0.2311,15.08,237.3,-19.7,0.0637,-0.1804,2.7,0.3714,0.9856,0.3104,0.2763,0.3493
2026-08-12,-64.29,180.0,0.2517,0.2442,0.3281,0.3564,15.55,322.6,-15.7,0.3872,-0.0192,4.0,0.3714,0.9856,0.2384,0.3074,0.3461
2026-08-12,-62.86,-180.0,0.1812,0.2737,0.2515,0.2326,9.35,115.9,-11.5,0.2524,0.221,4.5,0.3143,0.9856,0.2275,0.173,0.1864
2026-08-12,-62.86,-158.82,0.1954,0.1613,0.2073,0.1501,12.41,256.3,-17.1,0.2665,-0.059,5.4,0.3143,0.9856,0.1447,0.1574,0.1526
2026-08-12,-62.86,-137.65,0.1631,0.1012,0.1295,0.1502,10.8,106.9,-9.3,0.4088,-0.0858,3.6,0.3143,0.9856,0.2365,0.1743,0.1712
2026-08-12,-62.86,-116.47,0.2264,0.1443,0.0936,0.2264,14.51,128.0,-16.5,0.2311,-0.037,4.8,0.3143,0.9856,0.1557,0.1821,0.1889
2026-08-12,-62.86,-95.29,0.2191,0.1985,0.1545,0.2168,10.81,295.2,-11.7,0.1413,-0.144,5.6,0.3143,0.9856,0.0878,0.1736,0.1978
2026-08-12,-62.86,-74.12,0.2093,0.1772,0.2242,0.2332,15.58,189.8,-14.0,0.4306,0.2868,5.4,0.3143,0.9856,0.2753,0.2144,0.2347
2026-08-12,-62.86,-52.94,0.347,0.2916,0.3036,0.228,17.75,185.0,-14.7,0.4165,0.0995,5.4,0.3143,0.9856,0.2524,0.2308,0.2637
2026-08-12,-62.86,-31.76,0.2824,0.2771,0.275,0.2454,16.01,338.3,-6.5,0.3364,0.2644,5.6,0.3143,0.9856,0.2363,0.3146,0.1895
2026-08-12,-62.86,-10.59,0.2536,0.3305,0.3553,0.3385,11.06,108.2,-9.1,0.1961,-0.2666,5.5,0.3143,0.9856,0.3175,0.2546,0.3389
2026-08-12,-62.86,10.59,0.3646,0.4064,0.3916,0.3273,5.92,193.2,-15.1,0.4109,0.3742,6.5,0.3143,0.9856,0.3749,0.294,0.4019
2026-08-12,-62.86,31.76,0.409,0.4014,0.2687,0.3751,11.17,30.6,-5.8,0.2531,0.1533,3.7,0.3143,0.9856,0.4184,0.3425,0.3428
2026-08-12,-62.86,52.94,0.436,0.3834,0.4324,0.4215,6.77,142.7,-14.2,0.3499,0.0896,5.5,0.3143,0.9856,0.4484,0.414,0.5034
2026-08-12,-62.86,74.12,0.343,0.4426,0.365,0.3544,15.91,153.7,-15.2,0.2134,-0.1406,5.6,0.3143,0.9856,0.414,0.3593,0.4507
2026-08-12,-62.86,95.29,0.2894,0.2961,0.2858,0.3255,15.59,330.6,-14.9,0.3738,-0.1666,3.6,0.3143,0.9856,0.327,0.3275,0.3411
2026-08-12,-62.86,116.47,0.3283,0.3073,0.3605,0.3436,5.55,179.3,-7.9,0.1253,-0.0795,5.4,0.3143,0.9856,0.3107,0.2813,0.2831
2026-08-12,-62.86,137.65,0.3053,0.278,0.3813,0.3044,7.84,333.7,-15.9,0.3549,-0.1267,6.2,0.3143,0.9856,0.3448,0.299,0.3406
2026-08-12,-62.86,158.82,0.2556,0.2371,0.3415,0.2202,7.24,360.0,-8.4,0.4388,-0.0653,6.1,0.3143,0.9856,0.2827,0.1946,0.1987
2026-08-12,-62.86,180.0,0.2383,0.2173,0.2034,0.2008,12.97,66.1,-7.8,0.1447,0.0261,4.6,0.3143,0.9856,0.2298,0.1457,0.2382
2026-08-12,-61.43,-180.0,0.118,0.1398,0.1659,0.1694,16.79,94.8,-8.4,0.2429,0.2316,4.2,0.2571,0.9856,0.265,0.2541,0.1622
2026-08-12,-61.43,-158.82,0.2125,0.1767,0.2056,0.1618,6.92,236.1,-8.7,0.3942,0.0246,6.5,0.2571,0.9856,0.1933,0.1411,0.1563
2026-08-12,-61.43,-137.65,0.1735,0.1166,0.1243,0.1814,5.3,283.3,-9.2,0.1261,-0.1484,5.6,0.2571,0.9856,0.1183,0.1245,0.1615
2026-08-12,-61.43,-116.47,0.1435,0.1303,0.0828,0.1312,16.71,70.8,-4.9,0.3468,-0.1294,4.2,0.2571,0.9856,0.0678,0.2003,0.2254
2026-08-12,-61.43,-95.29,0.1202,0.1385,0.1783,0.1386,14.19,93.4,-6.8,0.2513,0.0345,2.9,0.2571,0.9856,0.2525,0.0878,0.1604
2026-08-12,-61.43,-74.12,0.1957,0.2072,0.13,0.1827,11.88,333.9,-16.9,0.2271,0.2285,4.8,0.2571,0.9856,0.1872,0.165,0.1557
2026-08-12,-61.43,-52.94,0.1808,0.1154,0.2108,0.1954,8.56,202.9,-11.2,0.2177,0.0473,5.8,0.2571,0.9856,0.1837,0.1722,0.2298
2026-08-12,-61.43,-31.76,0.2405,0.2582,0.2278,0.2329,13.25,197.2,-10.8,0.4165,-0.2139,6.6,0.2571,0.9856,0.2369,0.224,0.2412
2026-08-12,-61.43,-10.59,0.2911,0.204,0.1909,0.2922,9.14,49.7,-11.3,0.2105,-0.0264,4.2,0.2571,0.9856,0.2795,0.2518,0.294
2026-08-12,-61.43,10.59,0.3076,0.2354,0.3361,0.2202,15.81,128.0,-5.9,0.3058,0.1548,6.2,0.2571,0.9856,0.2849,0.3524,0.3132
2026-08-12,-61.43,31.76,0.3722,0.3559,0.3474,0.2695,6.21,236.4,-9.1,0.1163,0.1146,5.8,0.2571,0.9856,0.2757,0.2788,0.28
2026-08-12,-61.43,52.94,0.3137,0.2906,0.3877,0.2671,11.68,287.6,-14.8,0.2182,0.0919,6.6,0.2571,0.9856,0.3583,0.298,0.3367
2026-08-12,-61.43,74.12,0.3349,0.3172,0.3502,0.3562,7.52,230.4,-7.0,0.2754,0.2467,6.3,0.2571,0.9856,0.3457,0.2923,0.3052
2026-08-12,-61.43,95.29,0.3359,0.394,0.3105,0.2997,7.15,94.4,-9.8,0.3719,-0.102,5.5,0.2571,0.9856,0.3069,0.3419,0.3487
2026-08-12,-61.43,116.47,0.3706,0.2921,0.3376,0.3467,13.96,75.0,-10.9,0.2502,-0.0367,6.4,0.2571,0.9856,0.2861,0.2716,0.2509
2026-08-12,-61.43,137.65,0.2718,0.3166,0.2499,0.2482,11.32,16.4,-11.3,0.3469,-0.1944,4.8,0.2571,0.9856,0.3059,0.2431,0.3206
2026-08-12,-61.43,158.82,0.1764,0.2179,0.2187,0.2489,9.5,270.6,-9.5,0.0543,0.2662,6.4,0.2571,0.9856,0.2015,0.2193,0.2055
2026-08-12,-61.43,180.0,0.2339,0.1639,0.2164,0.1403,5.24,104.9,-14.3,0.17,0.0838,6.8,0.2571,0.9856,0.1526,0.1576,0.0967
2026-08-12,-60.0,-180.0,0.1327,0.1277,0.1709,0.1175,16.47,332.8,-7.2,0.2636,-0.1459,5.9,0.2,0.9856,0.1954,0.1659,0.068
2026-08-12,-60.0,-158.82,0.0716,0.0411,0.086,0.1491,5.71,325.1,-11.3,0.3146,0.2959,5.1,0.2,0.9856,0.1591,0.1273,0.1172
2026-08-12,-60.0,-137.65,0.0,0.0444,0.0637,0.0823,16.64,299.7,-9.9,0.3777,0.0154,5.3,0.2,0.9856,0.1277,0.1248,0.1035
2026-08-12,-60.0,-116.47,0.0597,0.0229,0.0416,0.0421,6.76,145.4,-6.6,0.2423,-0.1996,3.9,0.2,0.9856,0.0339,0.0783,0.0928
2026-08-12,-60.0,-95.29,0.0966,0.0824,0.1567,0.0887,11.84,218.1,-3.4,0.3363,0.0063,5.5,0.2,0.9856,0.0786,0.0739,0.1129
2026-08-12,-60.0,-74.12,0.1175,0.0954,0.126,0.0744,10.62,31.5,-10.8,0.2074,0.0883,5.7,0.2,0.9856,0.0743,0.0279,0.0895
2026-08-12,-60.0,-52.94,0.1291,0.1329,0.206,0.1854,5.67,53.8,-3.2,0.0662,-0.1134,4.4,0.2,0.9856,0.153,0.1929,0.1241
2026-08-12,-60.0,-31.76,0.167,0.1057,0.1379,0.2112,6.18,282.2,-8.3,0.1812,0.3039,5.3,0.2,0.9856,0.2212,0.1962,0.1675
2026-08-12,-60.0,-10.59,0.2567,0.2024,0.2129,0.1528,11.49,135.9,-12.9,0.4119,0.2332,5.9,0.2,0.9856,0.2306,0.2228,0.2149
2026-08-12,-60.0,10.59,0.2842,0.2227,0.207,0.2409,7.48,39.8,-8.2,0.1731,0.1286,6.0,0.2,0.9856,0.164,0.1931,0.2258
2026-08-12,-60.0,31.76,0.3753,0.2485,0.2371,0.3235,10.92,312.3,-3.8,0.3699,0.0038,6.0,0.2,0.9856,0.2448,0.3063,0.3191
2026-08-12,-60.0,52.94,0.3178,0.287,0.2727,0.2083,16.6,59.9,-0.8,0.2175,-0.154,6.2,0.2,0.9856,0.2733,0.2952,0.2405
2026-08-12,-60.0,74.12,0.2672,0.2944,0.2476,0.3603,5.27,52.7,-10.6,0.4388,0.0672,5.9,0.2,0.9856,0.2042,0.2365,0.3157
2026-08-12,-60.0,95.29,0.249,0.304,0.2709,0.2641,17.09,256.4,-4.7,0.3841,0.1465,5.6,0.2,0.9856,0.2435,0.2694,0.2619
2026-08-12,-60.0,116.47,0.2175,0.2611,0.1466,0.2407,17.7,7.6,-2.5,0.4428,-0.049,5.3,0.2,0.9856,0.2856,0.2341,0.2163
2026-08-12,-60.0,137.65,0.1894,0.1493,0.1952,0.2163,9.04,134.8,-9.7,0.4351,0.1092,6.7,0.2,0.9856,0.175,0.1908,0.2223
2026-08-12,-60.0,158.82,0.1709,0.102,0.1852,0.1613,16.28,209.5,-10.2,0.4312,0.2395,4.6,0.2,0.9856,0.1511,0.0914,0.1904
2026-08-12,-60.0,180.0,0.1255,0.1002,0.1186,0.1428,13.94,283.5,-9.1,0.442,0.1169,6.7,0.2,0.9856,0.0895,0.1339,0.1963
2026-08-13,-80.0,-180.0,0.8567,0.8152,0.8562,0.8849,12.05,283.5,-25.8,0.3759,-0.1315,-1.4,1.0,0.9834,0.8384,0.9088,0.8112
2026-08-13,-80.0,-158.82,0.7855,0.7943,0.765,0.8598,15.88,238.7,-32.0,0.1212,0.3026,-1.4,1.0,0.9834,0.77,0.8818,0.8147
2026-08-13,-80.0,-137.65,0.744,0.8476,0.8377,0.8073,16.18,42.4,-17.5,0.444,-0.0214,-2.8,1.0,0.9834,0.7878,0.7728,0.7652
2026-08-13,-80.0,-116.47,0.9023,0.7407,0.7177,0.8189,17.21,148.8,-22.0,0.1279,-0.127,-2.4,1.0,0.9834,0.7681,0.7978,0.7791
2026-08-13,-80.0,-95.29,0.7907,0.7773,0.7938,0.8195,11.46,237.6,-29.0,0.2417,-0.1051,-0.8,1.0,0.9834,0.8259,0.8037,0.7313
2026-08-13,-80.0,-74.12,0.816,0.7793,0.8181,0.804,17.78,281.9,-26.0,0.3697,0.0013,-2.7,1.0,0.9834,0.7987,0.834,0.8333
2026-08-13,-80.0,-52.94,0.9313,0.8785,0.8831,0.8666,9.39,357.1,-24.0,0.1332,0.0422,-1.8,1.0,0.9834,0.8697,0.8549,0.9139
2026-08-13,-80.0,-31.76,0.876,0.83,0.874,0.8842,6.02,266.7,-25.6,0.188,-0.1192,-1.1,1.0,0.9834,0.8484,0.8101,0.8348
2026-08-13,-80.0,-10.59,0.9061,1.0,1.0,0.8536,7.89,141.6,-25.2,0.2529,-0.2182,-1.8,1.0,0.9834,0.9885,0.9913,0.9147
2026-08-13,-80.0,10.59,0.9103,0.9396,1.0,0.874,16.35,19.6,-32.9,0.3596,0.1484,-2.9,1.0,0.9834,1.0,0.9299,0.9154
2026-08-13,-80.0,31.76,0.9713,1.0,0.9865,1.0,5.67,358.2,-27.8,0.4336,0.0752,-1.7,1.0,0.9834,1.0,0.9638,0.9316
2026-08-13,-80.0,52.94,0.9781,0.9636,0.9768,0.9663,16.05,196.6,-23.8,0.1372,-0.0084,-3.1,1.0,0.9834,0.9851,0.9483,1.0
2026-08-13,-80.0,74.12,0.9545,0.9655,0.9392,1.0,12.89,195.9,-24.3,0.3151,-0.0218,-2.0,1.0,0.9834,1.0,1.0,0.9739
2026-08-13,-80.0,95.29,0.9254,1.0,0.9814,1.0,11.38,159.5,-21.5,0.1728,0.1311,-1.7,1.0,0.9834,0.9301,1.0,0.9681
2026-08-13,-80.0,116.47,1.0,0.8751,0.9218,0.9471,14.29,271.6,-21.2,0.1468,-0.0682,-4.1,1.0,0.9834,1.0,0.9556,1.0
2026-08-13,-80.0,137.65,0.9102,0.9642,0.9193,0.928,11.53,123.9,-27.2,0.0636,0.0752,-2.6,1.0,0.9834,0.9169,0.9538,0.9081
2026-08-13,-80.0,158.82,0.8601,0.8922,0.8578,0.8853,9.34,48.5,-28.5,0.3846,-0.0584,-0.6,1.0,0.9834,0.8811,0.8487,0.9067
2026-08-13,-80.0,180.0,0.8549,0.8302,0.8491,0.847,7.47,164.5,-21.9,0.1523,0.0619,-2.5,1.0,0.9834,0.8108,0.8508,0.8723
2026-08-13,-78.57,-180.0,0.7083,0.7496,0.725,0.8579,13.22,15.3,-26.2,0.1461,0.0561,-1.0,0.9429,0.9834,0.7726,0.7957,0.7729
2026-08-13,-78.57,-158.82,0.7613,0.7725,0.7681,0.856,5.52,320.9,-25.5,0.0531,0.1895,-0.0,0.9429,0.9834,0.7584,0.7329,0.7859
2026-08-13,-78.57,-137.65,0.7542,0.7788,0.7643,0.746,10.11,201.1,-26.5,0.1867,-0.1279,-0.9,0.9429,0.9834,0.8863,0.7618,0.6879
2026-08-13,-78.57,-116.47,0.7165,0.8115,0.7549,0.7793,8.1,260.4,-22.9,0.1578,0.0696,-1.4,0.9429,0.9834,0.6727,0.7225,0.7011
2026-08-13,-78.57,-95.29,0.7902,0.7476,0.8885,0.6974,15.21,4.8,-20.9,0.1411,0.1022,-3.3,0.9429,0.9834,0.7199,0.7858,0.7408
2026-08-13,-78.57,-74.12,0.7976,0.7274,0.8083,0.7264,10.39,106.0,-26.6,0.0521,0.0227,-0.8,0.9429,0.9834,0.78,0.7174,0.7518
2026-08-13,-78.57,-52.94,0.8096,0.7989,0.7481,0.8047,16.05,230.4,-17.2,0.4332,-0.086,-0.7,0.9429,0.9834,0.7618,0.7116,0.8716
2026-08-13,-78.57,-31.76,0.8698,0.8166,0.8275,0.777,12.59,269.4,-23.1,0.2344,0.0066,-2.7,0.9429,0.9834,0.893,0.8519,0.875
2026-08-13,-78.57,-10.59,0.8565,0.8611,0.848,0.852,17.12,174.0,-18.8,0.3623,-0.0354,-2.6,0.9429,0.9834,0.8181,0.8254,0.9619
2026-08-13,-78.57,10.59,0.95,0.8441,0.8919,0.9688,13.96,149.2,-23.8,0.0882,0.2952,-1.7,0.9429,0.9834,0.9387,0.9214,0.8366
2026-08-13,-78.57,31.76,0.9392,0.9122,0.9219,0.8837,7.6,34.8,-17.7,0.2936,-0.0756,-1.1,0.9429,0.9834,0.922,0.8944,0.9118
2026-08-13,-78.57,52.94,0.9265,0.8735,0.9899,0.9617,11.86,336.7,-25.0,0.1927,-0.0596,-0.5,0.9429,0.9834,0.8653,0.91,0.9253
2026-08-13,-78.57,74.12,0.9384,1.0,0.9465,0.9299,16.84,16.5,-24.4,0.0811,-0.1623,-3.4,0.9429,0.9834,0.9132,1.0,0.8946
2026-08-13,-78.57,95.29,0.9545,0.9297,0.958,0.9142,11.35,112.4,-20.4,0.177,-0.0814,-2.2,0.9429,0.9834,0.9285,0.9458,0.9767
2026-08-13,-78.57,116.47,0.976,0.905,0.8552,0.9362,16.55,301.0,-26.0,0.419,0.1153,-1.9,0.9429,0.9834,0.8871,0.8756,0.9289
2026-08-13,-78.57,137.65,0.8681,0.8856,0.8665,0.8733,12.97,187.7,-24.0,0.2059,0.088,-2.9,0.9429,0.9834,0.8494,0.8968,0.7957
2026-08-13,-78.57,158.82,0.7229,0.7846,0.8571,0.8114,16.56,236.3,-23.1,0.072,-0.1502,-2.5,0.9429,0.9834,0.8376,0.7883,0.7959
2026-08-13,-78.57,180.0,0.7748,0.7866,0.7417,0.8356,12.81,217.4,-21.7,0.3625,0.1543,-0.6,0.9429,0.9834,0.7814,0.8131,0.7232
2026-08-13,-77.14,-180.0,0.7097,0.7884,0.7087,0.7556,7.69,227.2,-20.8,0.1858,0.304,-1.2,0.8857,0.9834,0.7318,0.7293,0.7229
2026-08-13,-77.14,-158.82,0.7014,0.7487,0.7361,0.6681,6.14,19.7,-20.3,0.2386,-0.3898,0.1,0.8857,0.9834,0.781,0.7299,0.7349
2026-08-13,-77.14,-137.65,0.7486,0.68,0.7022,0.7217,8.61,352.1,-23.0,0.3094,0.1512,-0.8,0.8857,0.9834,0.691,0.6877,0.7009
2026-08-13,-77.14,-116.47,0.6277,0.6909,0.7189,0.7396,12.85,199.4,-24.3,0.1812,0.0872,-0.8,0.8857,0.9834,0.7137,0.6844,0.7069
2026-08-13,-77.14,-95.29,0.7093,0.7131,0.7574,0.7353,7.01,320.3,-22.0,0.3284,0.0126,-0.7,0.8857,0.9834,0.6502,0.7137,0.6766
2026-08-13,-77.14,-74.12,0.7539,0.6622,0.7198,0.7067,10.32,215.9,-28.9,0.2149,-0.1242,-1.3,0.8857,0.9834,0.6768,0.6191,0.705
2026-08-13,-77.14,-52.94,0.7308,0.6785,0.7931,0.7808,7.31,243.4,-22.2,0.2809,-0.3882,0.3,0.8857,0.9834,0.8157,0.7244,0.7575
2026-08-13,-77.14,-31.76,0.7949,0.7862,0.7891,0.8747,5.17,169.1,-22.0,0.1049,-0.1569,-0.8,0.8857,0.9834,0.7177,0.7504,0.7346
2026-08-13,-77.14,-10.59,0.832,0.8529,0.836,0.7737,7.61,186.8,-23.4,0.447,0.0268,-1.6,0.8857,0.9834,0.8035,0.7952,0.7833
2026-08-13,-77.14,10.59,0.8257,0.7981,0.8267,0.856,9.87,261.8,-19.7,0.1963,-0.0052,-0.9,0.8857,0.9834,0.8491,0.8682,0.8444
2026-08-13,-77.14,31.76,0.8957,0.8806,0.8502,0.8819,6.81,124.8,-22.4,0.0956,0.1938,0.5,0.8857,0.9834,0.8923,0.9037,0.8673
2026-08-13,-77.14,52.94,0.856,0.8879,0.9108,0.9273,12.42,135.7,-20.2,0.3499,-0.0414,-1.5,0.8857,0.9834,0.8651,0.8733,0.8735
2026-08-13,-77.14,74.12,0.8892,0.8601,0.8479,0.832,15.89,2.4,-21.0,0.0957,-0.2096,-1.8,0.8857,0.9834,0.9057,0.8777,0.9165
2026-08-13,-77.14,95.29,0.8971,0.8585,0.9247,0.8885,16.91,174.3,-27.1,0.2931,0.0747,-0.1,0.8857,0.9834,0.9208,0.8568,0.9016
2026-08-13,-77.14,116.47,0.832,0.8538,0.8377,0.856,10.43,79.0,-22.0,0.0816,0.059,-1.5,0.8857,0.9834,0.8368,0.8397,0.8831
2026-08-13,-77.14,137.65,0.8285,0.8435,0.7486,0.833,15.8,290.2,-22.5,0.2639,-0.0114,0.8,0.8857,0.9834,0.8438,0.844,0.8089
2026-08-13,-77.14,158.82,0.7936,0.7927,0.7854,0.7449,11.15,209.4,-23.0,0.2542,0.1757,-1.9,0.8857,0.9834,0.8178,0.7507,0.7792
2026-08-13,-77.14,180.0,0.7387,0.8009,0.6577,0.7486,7.79,308.4,-25.4,0.1691,0.1826,-2.1,0.8857,0.9834,0.7382,0.7548,0.7901
2026-08-13,-75.71,-180.0,0.7471,0.7396,0.6403,0.6972,15.1,218.2,-19.2,0.1126,0.2187,-0.8,0.8286,0.9834,0.7143,0.7149,0.7029
2026-08-13,-75.71,-158.82,0.6375,0.6245,0.6618,0.6354,14.57,258.0,-16.2,0.1097,0.1533,-0.9,0.8286,0.9834,0.5891,0.6793,0.6171
2026-08-13,-75.71,-137.65,0.6345,0.6425,0.6624,0.6232,16.29,43.5,-26.5,0.0759,0.0872,-2.1,0.8286,0.9834,0.7062,0.6521,0.5919
2026-08-13,-75.71,-116.47,0.5685,0.6746,0.5972,0.6963,13.37,55.2,-21.2,0.3508,-0.1468,-0.9,0.8286,0.9834,0.6767,0.6236,0.6315
2026-08-13,-75.71,-95.29,0.6752,0.6494,0.6485,0.6842,5.92,334.3,-23.7,0.2719,-0.1399,0.2,0.8286,0.9834,0.6563,0.6995,0.5941
2026-08-13,-75.71,-74.12,0.6491,0.6919,0.6384,0.6149,12.4,249.1,-20.3,0.3648,0.2371,0.7,0.8286,0.9834,0.6843,0.6179,0.7587
2026-08-13,-75.71,-52.94,0.7821,0.6739,0.7097,0.6904,13.26,49.7,-22.0,0.183,-0.302,-1.8,0.8286,0.9834,0.6708,0.7513,0.6914
2026-08-13,-75.71,-31.76,0.7694,0.6517,0.7982,0.719,9.14,197.8,-21.4,0.2917,-0.0302,-1.1,0.8286,0.9834,0.7089,0.7284,0.7871
2026-08-13,-75.71,-10.59,0.6957,0.7018,0.7985,0.7284,15.39,166.0,-18.7,0.4322,-0.0173,-1.9,0.8286,0.9834,0.7466,0.7607,0.8072
2026-08-13,-75.71,10.59,0.7561,0.7883,0.7872,0.7831,11.95,297.2,-18.4,0.1465,-0.2738,-0.5,0.8286,0.9834,0.8104,0.7222,0.8869
2026-08-13,-75.71,31.76,0.8025,0.8499,0.8414,0.8205,10.27,107.7,-19.3,0.1546,0.0581,-1.6,0.8286,0.9834,0.8759,0.821,0.842
2026-08-13,-75.71,52.94,0.828,0.9259,0.9401,0.8476,11.33,191.9,-17.8,0.1624,-0.2086,-0.2,0.8286,0.9834,0.8482,0.8561,0.9009
2026-08-13,-75.71,74.12,0.8119,0.7847,0.9171,0.8186,9.95,260.6,-18.9,0.4361,0.2106,-1.8,0.8286,0.9834,0.9283,0.8457,0.8294
2026-08-13,-75.71,95.29,0.7948,0.8812,0.8488,1.0,6.74,47.8,-21.4,0.077,-0.0719,0.0,0.8286,0.9834,0.8384,0.8269,0.8447
2026-08-13,-75.71,116.47,0.7815,0.8191,0.7587,0.7938,16.55,221.6,-20.4,0.4109,-0.0291,-1.3,0.8286,0.9834,0.849,0.819,0.7276
2026-08-13,-75.71,137.65,0.7385,0.7779,0.7288,0.7934,9.18,266.1,-18.4,0.1995,0.2292,0.0,0.8286,0.9834,0.774,0.7226,0.7288
2026-08-13,-75.71,158.82,0.7791,0.7384,0.7631,0.6572,8.81,155.4,-20.2,0.2899,0.0184,-0.8,0.8286,0.9834,0.7266,0.7402,0.7492
2026-08-13,-75.71,180.0,0.7979,0.6469,0.6445,0.7067,6.48,32.8,-19.0,0.2378,-0.1361,0.5,0.8286,0.9834,0.6915,0.687,0.6206
2026-08-13,-74.29,-180.0,0.6031,0.5799,0.6517,0.5898,6.5,104.3,-20.8,0.0632,-0.1435,0.7,0.7714,0.9834,0.5811,0.6499,0.6609
2026-08-13,-74.29,-158.82,0.7083,0.6555,0.5593,0.6418,12.03,107.1,-19.1,0.1217,-0.0417,1.0,0.7714,0.9834,0.6111,0.6273,0.6296
2026-08-13,-74.29,-137.65,0.603,0.5938,0.6259,0.6248,16.29,357.4,-21.6,0.3099,-0.2101,0.7,0.7714,0.9834,0.5516,0.5693,0.6217
2026-08-13,-74.29,-116.47,0.6036,0.5506,0.5996,0.5605,10.79,254.0,-16.7,0.2067,-0.1482,2.2,0.7714,0.9834,0.5999,0.5735,0.5243
2026-08-13,-74.29,-95.29,0.6116,0.6519,0.5916,0.6212,9.7,231.0,-24.4,0.2055,0.2269,-0.7,0.7714,0.9834,0.5943,0.5501,0.5902
2026-08-13,-74.29,-74.12,0.6217,0.6185,0.6485,0.598,7.1,222.2,-23.1,0.1354,0.1385,0.9,0.7714,0.9834,0.6482,0.5987,0.7303
2026-08-13,-74.29,-52.94,0.6588,0.6378,0.5578,0.5679,13.2,304.0,-12.7,0.1909,-0.1822,-0.1,0.7714,0.9834,0.6488,0.6244,0.7002
2026-08-13,-74.29,-31.76,0.6832,0.7254,0.6759,0.6481,6.26,130.9,-19.7,0.2337,0.0292,-0.3,0.7714,0.9834,0.7467,0.6991,0.7187
2026-08-13,-74.29,-10.59,0.7298,0.7405,0.7095,0.7046,14.09,42.8,-24.2,0.1624,-0.0427,0.3,0.7714,0.9834,0.7168,0.7715,0.7321
2026-08-13,-74.29,10.59,0.7497,0.7663,0.6442,0.7732,10.55,76.5,-25.2,0.3818,0.0883,-0.5,0.7714,0.9834,0.7657,0.7286,0.7772
2026-08-13,-74.29,31.76,0.8752,0.6746,0.7155,0.7845,17.07,117.8,-22.8,0.1707,-0.0943,-0.5,0.7714,0.9834,0.8619,0.7684,0.784
2026-08-13,-74.29,52.94,0.7441,0.8372,0.7916,0.7977,13.77,87.7,-20.5,0.2288,0.3005,0.5,0.7714,0.9834,0.7889,0.7635,0.8148
2026-08-13,-74.29,74.12,0.7642,0.8325,0.7716,0.8128,13.46,254.0,-21.2,0.2086,0.0148,-1.5,0.7714,0.9834,0.7302,0.8147,0.8594
2026-08-13,-74.29,95.29,0.8144,0.8095,0.7547,0.8163,12.69,262.1,-19.1,0.4446,0.0906,0.5,0.7714,0.9834,0.7171,0.7641,0.7477
2026-08-13,-74.29,116.47,0.7219,0.7117,0.7846,0.7187,5.36,226.3,-17.6,0.149,-0.1835,-0.2,0.7714,0.9834,0.6968,0.7566,0.7733
2026-08-13,-74.29,137.65,0.648,0.6708,0.7311,0.7696,12.29,349.7,-19.1,0.3198,0.081,-0.1,0.7714,0.9834,0.7679,0.763,0.7493
2026-08-13,-74.29,158.82,0.7166,0.6752,0.7165,0.6669,15.51,336.2,-16.3,0.1034,-0.2381,0.5,0.7714,0.9834,0.6673,0.656,0.6143
2026-08-13,-74.29,180.0,0.6578,0.6455,0.6032,0.5873,6.87,231.2,-17.3,0.0527,0.1577,1.8,0.7714,0.9834,0.6204,0.6289,0.6392
2026-08-13,-72.86,-180.0,0.6292,0.5718,0.6306,0.6187,10.52,214.3,-23.5,0.1079,-0.1382,0.4,0.7143,0.9834,0.5154,0.5621,0.5877
2026-08-13,-72.86,-158.82,0.547,0.5647,0.5993,0.5209,5.92,200.2,-21.8,0.1319,0.0575,-0.5,0.7143,0.9834,0.547,0.5516,0.5559
2026-08-13,-72.86,-137.65,0.5763,0.4761,0.5317,0.5461,17.91,327.1,-24.6,0.1856,0.1156,-0.3,0.7143,0.9834,0.5829,0.5776,0.5237
2026-08-13,-72.86,-116.47,0.5211,0.5646,0.5553,0.5305,17.38,215.4,-16.5,0.1546,-0.0088,0.1,0.7143,0.9834,0.6079,0.4796,0.5001
2026-08-13,-72.86,-95.29,0.5233,0.5588,0.5242,0.5386,17.01,277.3,-18.0,0.2303,-0.239,0.5,0.7143,0.9834,0.494,0.5752,0.5548
2026-08-13,-72.86,-74.12,0.5927,0.5704,0.577,0.6004,7.53,110.6,-23.2,0.1545,0.0953,2.2,0.7143,0.9834,0.5956,0.5253,0.5766
2026-08-13,-72.86,-52.94,0.6442,0.6345,0.5523,0.6055,8.94,60.6,-14.9,0.3462,0.1706,0.7,0.7143,0.9834,0.6095,0.5875,0.6072
2026-08-13,-72.86,-31.76,0.5809,0.6556,0.6603,0.678,14.87,194.2,-17.5,0.3528,0.0582,2.4,0.7143,0.9834,0.6236,0.6286,0.6575
2026-08-13,-72.86,-10.59,0.6412,0.6696,0.6684,0.6441,5.12,177.3,-19.9,0.2922,-0.2057,2.6,0.7143,0.9834,0.6825,0.6616,0.6822
2026-08-13,-72.86,10.59,0.6904,0.7117,0.6988,0.6326,14.32,357.4,-23.8,0.1859,-0.2334,-0.6,0.7143,0.9834,0.7376,0.7762,0.7191
2026-08-13,-72.86,31.76,0.7286,0.7401,0.782,0.7056,17.24,147.1,-15.4,0.3141,0.2752,-0.3,0.7143,0.9834,0.7205,0.7519,0.7363
2026-08-13,-72.86,52.94,0.7197,0.7231,0.7505,0.7558,5.81,227.3,-19.3,0.3387,-0.1552,0.3,0.7143,0.9834,0.7534,0.7383,0.7581
2026-08-13,-72.86,74.12,0.7395,0.6369,0.7257,0.7064,8.63,143.3,-19.4,0.1577,-0.0912,0.5,0.7143,0.9834,0.6719,0.7495,0.7369
2026-08-13,-72.86,95.29,0.7279,0.7639,0.799,0.7143,11.78,217.7,-16.0,0.2233,-0.1384,1.5,0.7143,0.9834,0.7438,0.7114,0.6394
2026-08-13,-72.86,116.47,0.6349,0.6761,0.674,0.7246,8.55,87.0,-21.1,0.1445,-0.0628,-0.3,0.7143,0.9834,0.7252,0.7221,0.741
2026-08-13,-72.86,137.65,0.7204,0.7026,0.6989,0.6356,8.11,166.1,-14.9,0.2207,0.0657,-0.6,0.7143,0.9834,0.6225,0.669,0.6206
2026-08-13,-72.86,158.82,0.6444,0.5942,0.5923,0.6411,7.32,109.1,-21.7,0.2421,-0.109,-0.2,0.7143,0.9834,0.5748,0.5813,0.6483
2026-08-13,-72.86,180.0,0.6131,0.617,0.5488,0.5923,10.38,168.2,-23.8,0.2751,0.1118,1.5,0.7143,0.9834,0.6959,0.5548,0.5581
2026-08-13,-71.43,-180.0,0.4922,0.5874,0.4938,0.5571,6.29,10.0,-21.1,0.2952,0.1108,1.2,0.6571,0.9834,0.525,0.5126,0.5344
2026-08-13,-71.43,-158.82,0.4924,0.4716,0.5457,0.4578,12.78,46.9,-16.5,0.338,-0.1204,2.3,0.6571,0.9834,0.5809,0.4824,0.5146
2026-08-13,-71.43,-137.65,0.4322,0.5088,0.4731,0.5195,14.08,199.7,-19.8,0.2609,-0.3709,2.0,0.6571,0.9834,0.4998,0.4878,0.4899
2026-08-13,-71.43,-116.47,0.5114,0.532,0.5246,0.5083,13.93,34.4,-17.7,0.1979,-0.1264,1.4,0.6571,0.9834,0.515,0.4459,0.4819
2026-08-13,-71.43,-95.29,0.4586,0.4702,0.4889,0.5132,16.34,115.4,-23.2,0.1236,-0.1268,2.6,0.6571,0.9834,0.55,0.4587,0.5231
2026-08-13,-71.43,-74.12,0.5495,0.5896,0.5211,0.4682,11.57,190.5,-18.9,0.2783,0.2431,3.9,0.6571,0.9834,0.5419,0.5654,0.5351
2026-08-13,-71.43,-52.94,0.5327,0.5133,0.5109,0.6548,14.15,149.8,-14.6,0.3472,0.0923,3.0,0.6571,0.9834,0.4797,0.5248,0.6033
2026-08-13,-71.43,-31.76,0.5069,0.5227,0.5908,0.5608,13.78,313.0,-20.2,0.1536,0.1524,2.8,0.6571,0.9834,0.5851,0.5558,0.6037
2026-08-13,-71.43,-10.59,0.604,0.5996,0.7047,0.6016,9.65,245.9,-22.7,0.3633,0.0072,0.6,0.6571,0.9834,0.6273,0.5913,0.6348
2026-08-13,-71.43,10.59,0.6815,0.7143,0.6662,0.6121,16.97,113.7,-14.9,0.1345,0.2491,-0.2,0.6571,0.9834,0.6211,0.6246,0.6514
2026-08-13,-71.43,31.76,0.7213,0.662,0.7216,0.6431,11.7,116.0,-21.0,0.0887,0.0644,1.4,0.6571,0.9834,0.5714,0.6018,0.6513
2026-08-13,-71.43,52.94,0.695,0.7226,0.6736,0.6392,16.77,262.3,-17.4,0.4036,-0.0679,0.8,0.6571,0.9834,0.7012,0.6789,0.6884
2026-08-13,-71.43,74.12,0.7428,0.6983,0.7463,0.6411,15.11,332.2,-18.1,0.2806,0.3068,1.9,0.6571,0.9834,0.7194,0.6775,0.6685
2026-08-13,-71.43,95.29,0.6289,0.6547,0.641,0.658,6.78,187.2,-16.6,0.1224,-0.0745,1.4,0.6571,0.9834,0.6563,0.658,0.6252
2026-08-13,-71.43,116.47,0.6511,0.6144,0.6578,0.6118,8.76,68.5,-17.2,0.169,0.1037,1.9,0.6571,0.9834,0.6227,0.6401,0.6358
2026-08-13,-71.43,137.65,0.6315,0.6376,0.645,0.6189,9.14,313.1,-16.6,0.2014,-0.2402,1.0,0.6571,0.9834,0.6562,0.6214,0.608
2026-08-13,-71.43,158.82,0.5968,0.5842,0.5987,0.6118,17.06,54.2,-19.1,0.4311,0.0535,1.2,0.6571,0.9834,0.4938,0.5871,0.5303
2026-08-13,-71.43,180.0,0.613,0.5249,0.5416,0.6038,14.7,81.6,-12.9,0.1788,-0.1172,0.7,0.6571,0.9834,0.501,0.4778,0.4991
2026-08-13,-70.0,-180.0,0.5032,0.5284,0.4674,0.5236,8.59,44.3,-15.3,0.2439,-0.1059,1.4,0.6,0.9834,0.5052,0.5909,0.4909
2026-08-13,-70.0,-158.82,0.4388,0.4055,0.4697,0.5137,14.91,239.3,-17.4,0.0807,0.1947,2.3,0.6,0.9834,0.4043,0.5062,0.4579
2026-08-13,-70.0,-137.65,0.4466,0.4418,0.4722,0.4313,12.61,218.8,-19.7,0.1132,-0.1742,1.3,0.6,0.9834,0.4619,0.4767,0.4757
2026-08-13,-70.0,-116.47,0.4597,0.474,0.4233,0.4473,14.11,193.2,-18.2,0.0702,0.0128,1.6,0.6,0.9834,0.4843,0.4395,0.3634
2026-08-13,-70.0,-95.29,0.4739,0.4368,0.4224,0.4377,16.57,75.5,-14.0,0.444,-0.2354,1.6,0.6,0.9834,0.3565,0.4638,0.444
2026-08-13,-70.0,-74.12,0.5276,0.4245,0.4602,0.4484,9.98,156.3,-18.1,0.2439,-0.2853,0.6,0.6,0.9834,0.5055,0.4964,0.4328
2026-08-13,-70.0,-52.94,0.5766,0.4549,0.5234,0.4318,17.22,338.2,-18.4,0.423,0.085,3.6,0.6,0.9834,0.4785,0.5048,0.5229
2026-08-13,-70.0,-31.76,0.617,0.5293,0.4676,0.4865,15.71,120.3,-16.2,0.3627,0.0906,2.9,0.6,0.9834,0.553,0.5657,0.5209
2026-08-13,-70.0,-10.59,0.5659,0.6348,0.5699,0.6004,6.1,290.0,-16.3,0.1895,-0.0492,2.5,0.6,0.9834,0.5479,0.5174,0.5504
2026-08-13,-70.0,10.59,0.5578,0.6182,0.5244,0.6093,6.0,209.6,-18.0,0.2796,0.1072,3.7,0.6,0.9834,0.5516,0.589,0.5849
2026-08-13,-70.0,31.76,0.5956,0.5867,0.6435,0.6453,14.62,79.2,-12.4,0.079,0.1895,-0.1,0.6,0.9834,0.6809,0.6723,0.627
2026-08-13,-70.0,52.94,0.6135,0.6344,0.6887,0.7271,8.45,118.8,-21.2,0.178,-0.0351,2.8,0.6,0.9834,0.6152,0.6148,0.6063
2026-08-13,-70.0,74.12,0.6098,0.6217,0.6129,0.6525,5.92,323.3,-17.2,0.3335,0.2234,1.6,0.6,0.9834,0.597,0.6803,0.5779
2026-08-13,-70.0,95.29,0.6066,0.6618,0.6113,0.6016,11.13,318.8,-18.1,0.2472,0.1028,1.2,0.6,0.9834,0.6492,0.6141,0.6739
2026-08-13,-70.0,116.47,0.5837,0.593,0.5143,0.5748,17.45,108.6,-22.1,0.3067,-0.0757,1.6,0.6,0.9834,0.5903,0.5649,0.6398
2026-08-13,-70.0,137.65,0.5615,0.6015,0.5788,0.5852,6.07,342.2,-19.9,0.1476,-0.0937,2.2,0.6,0.9834,0.5448,0.5763,0.5955
2026-08-13,-70.0,158.82,0.4804,0.5415,0.5669,0.4902,9.75,209.7,-13.3,0.0758,0.0709,2.6,0.6,0.9834,0.4792,0.5708,0.5238
2026-08-13,-70.0,180.0,0.4847,0.51,0.5134,0.5503,9.1,319.0,-16.1,0.2692,0.1467,2.1,0.6,0.9834,0.5112,0.5086,0.4805
2026-08-13,-68.57,-180.0,0.4549,0.3773,0.4661,0.329,13.63,241.0,-14.6,0.1665,-0.0882,2.2,0.5429,0.9834,0.4698,0.4491,0.4684
2026-08-13,-68.57,-158.82,0.3984,0.4201,0.3781,0.4821,15.7,333.6,-16.4,0.4489,-0.4035,1.2,0.5429,0.9834,0.4087,0.4202,0.431
2026-08-13,-68.57,-137.65,0.3654,0.3998,0.4631,0.4484,13.36,154.4,-13.3,0.3291,-0.1069,2.9,0.5429,0.9834,0.4217,0.3521,0.4021
2026-08-13,-68.57,-116.47,0.466,0.3974,0.3125,0.3423,10.58,89.8,-13.2,0.1875,0.0495,2.1,0.5429,0.9834,0.3987,0.4292,0.3518
2026-08-13,-68.57,-95.29,0.3929,0.3974,0.5306,0.3842,14.31,61.3,-18.4,0.317,0.0343,2.9,0.5429,0.9834,0.4286,0.4141,0.4458
2026-08-13,-68.57,-74.12,0.3914,0.3477,0.2693,0.4818,10.97,157.6,-13.3,0.1374,0.0547,3.3,0.5429,0.9834,0.4624,0.4384,0.4033
2026-08-13,-68.57,-52.94,0.4348,0.4546,0.4876,0.4581,5.78,277.4,-17.0,0.1479,-0.3551,2.8,0.5429,0.9834,0.3751,0.422,0.4662
2026-08-13,-68.57,-31.76,0.5228,0.5104,0.4636,0.5588,10.85,52.9,-15.8,0.3168,0.1816,2.9,0.5429,0.9834,0.5599,0.4765,0.4721
2026-08-13,-68.57,-10.59,0.5315,0.5038,0.5214,0.5436,7.52,344.3,-18.4,0.136,-0.0566,2.7,0.5429,0.9834,0.5117,0.5197,0.4687
2026-08-13,-68.57,10.59,0.5065,0.4364,0.5611,0.5983,16.77,53.0,-10.3,0.3882,0.0969,2.0,0.5429,0.9834,0.6267,0.5325,0.6486
2026-08-13,-68.57,31.76,0.534,0.5692,0.5899,0.615,14.16,348.8,-18.8,0.108,0.1865,4.2,0.5429,0.9834,0.5615,0.5933,0.5568
2026-08-13,-68.57,52.94,0.5138,0.5826,0.5477,0.6349,10.29,215.3,-15.3,0.0501,0.0638,1.4,0.5429,0.9834,0.5582,0.5362,0.5847
2026-08-13,-68.57,74.12,0.5248,0.5173,0.6519,0.5751,9.82,142.2,-13.1,0.1297,-0.0068,3.0,0.5429,0.9834,0.6413,0.5372,0.6151
2026-08-13,-68.57,95.29,0.6324,0.5314,0.6432,0.5561,5.11,150.2,-15.4,0.1252,-0.2213,3.5,0.5429,0.9834,0.5674,0.6111,0.5544
2026-08-13,-68.57,116.47,0.5754,0.5611,0.5101,0.6062,16.0,67.5,-16.5,0.2942,0.2936,1.7,0.5429,0.9834,0.5781,0.5048,0.5539
2026-08-13,-68.57,137.65,0.468,0.58,0.4706,0.4802,11.66,2.0,-15.7,0.3326,-0.0261,3.3,0.5429,0.9834,0.5352,0.5746,0.5374
2026-08-13,-68.57,158.82,0.4873,0.4906,0.5147,0.5411,8.32,17.8,-21.4,0.4039,0.2403,4.5,0.5429,0.9834,0.4563,0.4734,0.4031
2026-08-13,-68.57,180.0,0.4403,0.4078,0.4255,0.4373,16.16,91.1,-13.3,0.1238,-0.0584,1.8,0.5429,0.9834,0.4382,0.5373,0.4053
2026-08-13,-67.14,-180.0,0.3865,0.3477,0.4104,0.3318,13.77,248.1,-19.2,0.0609,0.0753,4.8,0.4857,0.9834,0.378,0.4246,0.3683
2026-08-13,-67.14,-158.82,0.3763,0.3364,0.383,0.37,15.79,317.9,-12.2,0.2248,0.0929,3.1,0.4857,0.9834,0.3772,0.3545,0.3353
2026-08-13,-67.14,-137.65,0.3311,0.3095,0.3974,0.3478,8.96,53.0,-15.0,0.3759,-0.1372,3.1,0.4857,0.9834,0.3157,0.3583,0.2863
2026-08-13,-67.14,-116.47,0.3809,0.3065,0.2812,0.3184,13.83,136.4,-18.9,0.2703,-0.0241,0.8,0.4857,0.9834,0.2814,0.4292,0.3611
2026-08-13,-67.14,-95.29,0.3869,0.3094,0.328,0.3784,10.73,33.6,-17.8,0.4148,-0.0297,3.8,0.4857,0.9834,0.3434,0.3271,0.3739
2026-08-13,-67.14,-74.12,0.2749,0.3769,0.3432,0.3226,14.06,30.4,-16.4,0.2765,-0.0301,1.7,0.4857,0.9834,0.3827,0.3149,0.3648
2026-08-13,-67.14,-52.94,0.3448,0.3929,0.4002,0.4001,5.11,194.0,-15.5,0.2156,-0.0277,2.9,0.4857,0.9834,0.4022,0.357,0.3257
2026-08-13,-67.14,-31.76,0.4235,0.4019,0.476,0.4317,7.0,83.5,-16.9,0.2977,-0.0481,2.8,0.4857,0.9834,0.4251,0.4366,0.4102
2026-08-13,-67.14,-10.59,0.4713,0.4833,0.4611,0.4415,14.2,139.5,-21.5,0.4158,-0.405,3.7,0.4857,0.9834,0.4428,0.4802,0.406
2026-08-13,-67.14,10.59,0.4819,0.5556,0.5784,0.5254,7.37,144.8,-14.8,0.3606,0.1394,2.7,0.4857,0.9834,0.4839,0.4267,0.5323
2026-08-13,-67.14,31.76,0.5191,0.5093,0.6066,0.5807,11.21,66.9,-11.5,0.3637,-0.0024,2.7,0.4857,0.9834,0.4758,0.5175,0.5536
2026-08-13,-67.14,52.94,0.5899,0.4589,0.5619,0.4956,11.26,283.2,-13.7,0.233,0.0267,3.0,0.4857,0.9834,0.4938,0.5974,0.533
2026-08-13,-67.14,74.12,0.5094,0.5092,0.5559,0.5056,15.79,24.2,-17.1,0.1181,-0.059,3.7,0.4857,0.9834,0.5171,0.5581,0.5306
2026-08-13,-67.14,95.29,0.5388,0.4914,0.5745,0.5605,17.09,327.8,-14.2,0.0981,-0.0915,3.2,0.4857,0.9834,0.5243,0.5519,0.53
2026-08-13,-67.14,116.47,0.4841,0.5363,0.5016,0.5087,6.31,53.4,-14.8,0.309,-0.1847,2.8,0.4857,0.9834,0.4951,0.421,0.4189
2026-08-13,-67.14,137.65,0.4591,0.4158,0.4582,0.4014,15.62,46.2,-11.7,0.1808,0.2052,2.3,0.4857,0.9834,0.4988,0.4608,0.478
2026-08-13,-67.14,158.82,0.4266,0.4351,0.394,0.422,13.15,50.8,-8.3,0.3317,0.2022,2.1,0.4857,0.9834,0.3836,0.3639,0.4511
2026-08-13,-67.14,180.0,0.4071,0.4845,0.3906,0.4159,5.47,48.5,-16.9,0.1962,-0.1479,2.0,0.4857,0.9834,0.3168,0.4189,0.359
2026-08-13,-65.71,-180.0,0.2581,0.3427,0.3221,0.2906,15.24,182.3,-18.8,0.3565,-0.1274,4.5,0.4286,0.9834,0.3919,0.2641,0.3458
2026-08-13,-65.71,-158.82,0.3109,0.3477,0.2575,0.3107,12.25,53.2,-13.9,0.1836,-0.1219,3.8,0.4286,0.9834,0.3321,0.3146,0.3408
2026-08-13,-65.71,-137.65,0.3508,0.2656,0.3226,0.2722,11.63,33.8,-16.1,0.29,-0.1972,3.5,0.4286,0.9834,0.3023,0.2567,0.2974
2026-08-13,-65.71,-116.47,0.2133,0.2998,0.2683,0.2384,17.13,191.7,-10.3,0.2481,0.2298,3.8,0.4286,0.9834,0.3589,0.2856,0.3041
2026-08-13,-65.71,-95.29,0.2677,0.2948,0.2369,0.2472,6.37,140.2,-14.5,0.0619,-0.1548,7.1,0.4286,0.9834,0.3094,0.2758,0.2276
2026-08-13,-65.71,-74.12,0.2762,0.3486,0.2827,0.3459,7.0,293.0,-14.5,0.2002,0.142,2.9,0.4286,0.9834,0.2787,0.2678,0.2843
2026-08-13,-65.71,-52.94,0.3848,0.3189,0.3517,0.3552,13.68,225.2,-11.4,0.0525,0.0546,3.1,0.4286,0.9834,0.348,0.385,0.3934
2026-08-13,-65.71,-31.76,0.373,0.3085,0.3807,0.3559,6.48,67.7,-15.0,0.1634,0.2708,2.9,0.4286,0.9834,0.3843,0.3546,0.4191
2026-08-13,-65.71,-10.59,0.3548,0.4237,0.405,0.4032,6.19,339.7,-9.7,0.1962,0.006,5.3,0.4286,0.9834,0.4652,0.4138,0.4181
2026-08-13,-65.71,10.59,0.4967,0.455,0.4947,0.4657,15.75,6.1,-13.9,0.4045,-0.0615,4.3,0.4286,0.9834,0.4606,0.4405,0.4474
2026-08-13,-65.71,31.76,0.4724,0.4214,0.4079,0.3779,11.54,245.1,-13.4,0.1794,0.1544,3.2,0.4286,0.9834,0.4869,0.5073,0.4447
2026-08-13,-65.71,52.94,0.5365,0.4665,0.4254,0.4264,12.19,153.0,-10.8,0.2785,0.0922,4.2,0.4286,0.9834,0.5244,0.456,0.5399
2026-08-13,-65.71,74.12,0.531,0.5149,0.5278,0.5242,7.91,351.6,-10.8,0.3053,0.122,4.6,0.4286,0.9834,0.4462,0.4609,0.4339
2026-08-13,-65.71,95.29,0.3994,0.4433,0.4483,0.4845,13.18,235.4,-13.1,0.2568,0.2904,4.3,0.4286,0.9834,0.4617,0.3789,0.456
2026-08-13,-65.71,116.47,0.4071,0.4925,0.4567,0.408,11.75,316.6,-14.8,0.4106,0.088,2.8,0.4286,0.9834,0.4318,0.4082,0.4721
2026-08-13,-65.71,137.65,0.3586,0.3549,0.3791,0.4294,5.86,303.2,-14.4,0.2359,0.1297,4.5,0.4286,0.9834,0.4791,0.4407,0.444
2026-08-13,-65.71,158.82,0.2975,0.3663,0.3913,0.3888,5.85,81.2,-14.0,0.2582,0.0916,2.2,0.4286,0.9834,0.4103,0.3798,0.3698
2026-08-13,-65.71,180.0,0.2971,0.3479,0.4008,0.3182,14.3,308.6,-14.4,0.152,0.1066,3.0,0.4286,0.9834,0.3557,0.3523,0.3499
2026-08-13,-64.29,-180.0,0.256,0.2745,0.3006,0.2292,9.12,195.3,-12.1,0.2369,0.1019,3.4,0.3714,0.9834,0.3259,0.2585,0.3062
2026-08-13,-64.29,-158.82,0.1831,0.2829,0.2251,0.2346,9.14,6.8,-9.9,0.3869,0.0713,5.3,0.3714,0.9834,0.2931,0.211,0.2139
2026-08-13,-64.29,-137.65,0.231,0.176,0.1732,0.2289,16.65,119.2,-12.9,0.2318,-0.0399,4.4,0.3714,0.9834,0.2756,0.1999,0.3483
2026-08-13,-64.29,-116.47,0.2721,0.1659,0.2669,0.2591,17.83,249.5,-8.2,0.1784,0.073,6.2,0.3714,0.9834,0.2872,0.2858,0.2869
2026-08-13,-64.29,-95.29,0.314,0.2691,0.307,0.2106,9.68,223.2,-13.1,0.4419,0.0261,2.6,0.3714,0.9834,0.2688,0.2214,0.2621
2026-08-13,-64.29,-74.12,0.303,0.2804,0.2641,0.2449,16.96,101.2,-11.3,0.3468,0.0788,5.4,0.3714,0.9834,0.2046,0.1934,0.2307
2026-08-13,-64.29,-52.94,0.2867,0.2286,0.2545,0.3196,11.47,136.8,-10.0,0.0824,0.1781,5.8,0.3714,0.9834,0.2868,0.3405,0.286
2026-08-13,-64.29,-31.76,0.3042,0.2592,0.3524,0.3519,6.4,194.3,-14.8,0.0906,0.2122,5.0,0.3714,0.9834,0.3779,0.3074,0.3562
2026-08-13,-64.29,-10.59,0.3357,0.3807,0.3899,0.4061,14.97,189.4,-15.9,0.0692,0.0644,5.7,0.3714,0.9834,0.3257,0.3748,0.3394
2026-08-13,-64.29,10.59,0.3344,0.3572,0.447,0.3877,8.85,50.8,-14.7,0.2769,0.0342,4.5,0.3714,0.9834,0.4928,0.3411,0.4157
2026-08-13,-64.29,31.76,0.3891,0.3788,0.432,0.3425,9.42,279.2,-13.9,0.1373,-0.0052,4.0,0.3714,0.9834,0.4627,0.4116,0.4423
2026-08-13,-64.29,52.94,0.4389,0.3885,0.4387,0.387,8.76,225.4,-14.5,0.14,-0.1298,4.0,0.3714,0.9834,0.3999,0.3976,0.4345
2026-08-13,-64.29,74.12,0.4337,0.4947,0.4672,0.3697,12.38,39.8,-10.9,0.3401,0.006,4.2,0.3714,0.9834,0.4129,0.3391,0.4788
2026-08-13,-64.29,95.29,0.492,0.4637,0.3795,0.3734,15.09,59.6,-14.1,0.2808,-0.2321,2.8,0.3714,0.9834,0.4189,0.454,0.4981
2026-08-13,-64.29,116.47,0.4112,0.4191,0.3921,0.4151,8.91,127.5,-10.8,0.1853,0.133,4.9,0.3714,0.9834,0.3926,0.4248,0.3437
2026-08-13,-64.29,137.65,0.4541,0.4051,0.3295,0.3935,14.84,16.8,-12.1,0.0809,0.1098,5.3,0.3714,0.9834,0.3941,0.3304,0.3819
2026-08-13,-64.29,158.82,0.3567,0.2766,0.3421,0.2309,10.83,242.3,-6.0,0.2383,0.0964,4.6,0.3714,0.9834,0.3101,0.276,0.349
2026-08-13,-64.29,180.0,0.2514,0.244,0.3279,0.3563,9.1,157.1,-14.3,0.1822,-0.029,5.1,0.3714,0.9834,0.2382,0.3071,0.3458
2026-08-13,-62.86,-180.0,0.1809,0.2735,0.2513,0.2325,16.64,259.0,-10.5,0.0812,0.114,6.3,0.3143,0.9834,0.2273,0.1728,0.1862
2026-08-13,-62.86,-158.82,0.1952,0.1611,0.2071,0.15,15.05,72.2,-13.1,0.056,-0.0641,4.8,0.3143,0.9834,0.1445,0.1571,0.1524
2026-08-13,-62.86,-137.65,0.1629,0.1011,0.1293,0.1501,16.7,9.0,-21.3,0.3308,-0.062,5.8,0.3143,0.9834,0.2363,0.1741,0.171
2026-08-13,-62.86,-116.47,0.2262,0.1441,0.0935,0.2263,7.81,16.2,-13.0,0.3125,0.4134,5.9,0.3143,0.9834,0.1555,0.1819,0.1887
2026-08-13,-62.86,-95.29,0.2189,0.1983,0.1544,0.2167,8.16,74.7,-13.4,0.0936,0.2751,4.5,0.3143,0.9834,0.0875,0.1734,0.1976
2026-08-13,-62.86,-74.12,0.2091,0.1771,0.224,0.2331,14.98,122.4,-14.0,0.096,-0.1158,5.0,0.3143,0.9834,0.2751,0.2142,0.2345
2026-08-13,-62.86,-52.94,0.3468,0.2914,0.3034,0.2279,10.02,349.0,-14.5,0.076,0.0344,5.8,0.3143,0.9834,0.2522,0.2306,0.2635
2026-08-13,-62.86,-31.76,0.2822,0.277,0.2749,0.2453,10.07,290.5,-12.8,0.254,0.056,5.4,0.3143,0.9834,0.2361,0.3144,0.1893
2026-08-13,-62.86,-10.59,0.2534,0.3304,0.3552,0.3384,7.8,52.0,-7.2,0.4352,-0.2562,5.2,0.3143,0.9834,0.3173,0.2543,0.3387
2026-08-13,-62.86,10.59,0.3644,0.4062,0.3915,0.3272,10.22,211.8,-13.4,0.2856,-0.235,6.1,0.3143,0.9834,0.3747,0.2937,0.4016
2026-08-13,-62.86,31.76,0.4088,0.4012,0.2685,0.375,7.4,109.5,-10.6,0.1291,0.1253,5.7,0.3143,0.9834,0.4181,0.3423,0.3426
2026-08-13,-62.86,52.94,0.4358,0.3832,0.4322,0.4214,12.88,140.8,-11.7,0.3412,-0.0595,3.7,0.3143,0.9834,0.4482,0.4138,0.5032
2026-08-13,-62.86,74.12,0.3428,0.4424,0.3649,0.3543,6.73,151.1,-7.6,0.1344,-0.1195,5.2,0.3143,0.9834,0.4138,0.3591,0.4504
2026-08-13,-62.86,95.29,0.2892,0.2959,0.2856,0.3254,9.27,336.8,-7.2,0.0601,0.1297,6.6,0.3143,0.9834,0.3268,0.3273,0.3409
2026-08-13,-62.86,116.47,0.3281,0.3071,0.3604,0.3435,8.48,267.9,-9.4,0.4028,-0.1803,5.4,0.3143,0.9834,0.3105,0.2811,0.2828
2026-08-13,-62.86,137.65,0.3051,0.2779,0.3812,0.3043,10.68,297.2,-9.8,0.0807,-0.1595,5.1,0.3143,0.9834,0.3446,0.2988,0.3403
2026-08-13,-62.86,158.82,0.2554,0.2369,0.3413,0.2201,13.4,301.9,-5.4,0.2282,0.1592,3.3,0.3143,0.9834,0.2824,0.1944,0.1985
2026-08-13,-62.86,180.0,0.2381,0.2171,0.2032,0.2007,15.01,42.8,-13.5,0.0871,-0.142,5.3,0.3143,0.9834,0.2296,0.1455,0.2379
2026-08-13,-61.43,-180.0,0.1178,0.1397,0.1657,0.1693,7.19,37.0,-8.1,0.3764,-0.1835,4.6,0.2571,0.9834,0.2649,0.2539,0.162
2026-08-13,-61.43,-158.82,0.2123,0.1766,0.2054,0.1617,5.56,276.7,-10.4,0.1802,0.0294,3.1,0.2571,0.9834,0.1932,0.1409,0.1561
2026-08-13,-61.43,-137.65,0.1733,0.1164,0.1242,0.1813,14.83,95.7,-13.8,0.1175,-0.1127,3.2,0.2571,0.9834,0.1181,0.1243,0.1613
2026-08-13,-61.43,-116.47,0.1433,0.1301,0.0827,0.1311,8.75,226.0,-2.9,0.0539,0.0632,6.3,0.2571,0.9834,0.0676,0.2001,0.2252
2026-08-13,-61.43,-95.29,0.1201,0.1383,0.1781,0.1385,16.42,28.7,-10.4,0.2819,0.0922,6.1,0.2571,0.9834,0.2523,0.0876,0.1602
2026-08-13,-61.43,-74.12,0.1955,0.2071,0.1299,0.1827,17.05,323.1,-7.3,0.1398,-0.0076,6.2,0.2571,0.9834,0.1871,0.1648,0.1555
2026-08-13,-61.43,-52.94,0.1807,0.1153,0.2107,0.1953,6.05,257.4,-8.4,0.3989,0.2088,4.5,0.2571,0.9834,0.1835,0.1721,0.2296
2026-08-13,-61.43,-31.76,0.2403,0.258,0.2277,0.2329,16.88,134.9,-14.3,0.1612,-0.0727,2.8,0.2571,0.9834,0.2367,0.2238,0.241
2026-08-13,-61.43,-10.59,0.2909,0.2039,0.1907,0.2921,8.96,96.7,-10.3,0.2928,0.1571,6.6,0.2571,0.9834,0.2793,0.2516,0.2938
2026-08-13,-61.43,10.59,0.3074,0.2352,0.3359,0.2201,8.16,31.0,-9.0,0.2147,-0.0627,5.3,0.2571,0.9834,0.2847,0.3523,0.313
2026-08-13,-61.43,31.76,0.372,0.3557,0.3473,0.2694,6.02,9.7,-9.0,0.2709,-0.0301,6.6,0.2571,0.9834,0.2755,0.2786,0.2798
2026-08-13,-61.43,52.94,0.3136,0.2904,0.3875,0.267,11.96,223.2,-10.6,0.2779,-0.0838,6.5,0.2571,0.9834,0.3581,0.2978,0.3365
2026-08-13,-61.43,74.12,0.3347,0.317,0.3501,0.3561,5.7,132.9,-9.1,0.3297,-0.0347,4.4,0.2571,0.9834,0.3455,0.2921,0.305
2026-08-13,-61.43,95.29,0.3358,0.3939,0.3104,0.2996,6.95,269.7,-11.3,0.2208,-0.0392,7.3,0.2571,0.9834,0.3067,0.3417,0.3485
2026-08-13,-61.43,116.47,0.3705,0.2919,0.3375,0.3466,13.72,88.0,-8.0,0.1264,0.2836,5.5,0.2571,0.9834,0.2859,0.2714,0.2507
2026-08-13,-61.43,137.65,0.2717,0.3164,0.2497,0.2481,9.11,57.2,-8.0,0.0536,-0.0228,4.5,0.2571,0.9834,0.3057,0.243,0.3204
2026-08-13,-61.43,158.82,0.1762,0.2178,0.2186,0.2488,5.74,43.7,-5.8,0.2336,-0.1962,6.6,0.2571,0.9834,0.2013,0.2191,0.2053
2026-08-13,-61.43,180.0,0.2337,0.1637,0.2163,0.1402,16.64,20.3,-11.1,0.2716,0.1147,6.5,0.2571,0.9834,0.1524,0.1574,0.0966
2026-08-13,-60.0,-180.0,0.1326,0.1276,0.1708,0.1174,10.77,28.5,-3.6,0.2584,0.2082,5.7,0.2,0.9834,0.1953,0.1657,0.0679
2026-08-13,-60.0,-158.82,0.0714,0.041,0.0858,0.149,7.62,329.8,-13.0,0.3281,0.1396,6.6,0.2,0.9834,0.1589,0.1271,0.1171
2026-08-13,-60.0,-137.65,0.0,0.0443,0.0636,0.0823,6.66,331.2,-12.0,0.1958,0.1518,4.5,0.2,0.9834,0.1276,0.1246,0.1034
2026-08-13,-60.0,-116.47,0.0596,0.0228,0.0415,0.042,8.05,64.4,-11.3,0.3353,0.0057,6.1,0.2,0.9834,0.0338,0.0782,0.0927
2026-08-13,-60.0,-95.29,0.0965,0.0822,0.1566,0.0886,14.3,89.2,-9.7,0.1662,0.0193,5.8,0.2,0.9834,0.0785,0.0738,0.1127
2026-08-13,-60.0,-74.12,0.1173,0.0953,0.1259,0.0743,12.69,78.3,-7.9,0.4138,-0.333,6.9,0.2,0.9834,0.0742,0.0277,0.0893
2026-08-13,-60.0,-52.94,0.129,0.1328,0.2059,0.1854,6.01,133.3,-7.0,0.2977,0.1047,6.3,0.2,0.9834,0.1529,0.1927,0.1239
2026-08-13,-60.0,-31.76,0.1669,0.1056,0.1378,0.2111,16.94,306.9,-4.6,0.4045,0.1999,5.5,0.2,0.9834,0.221,0.1961,0.1673
2026-08-13,-60.0,-10.59,0.2565,0.2022,0.2128,0.1527,11.55,296.9,-11.0,0.1187,-0.095,4.9,0.2,0.9834,0.2304,0.2226,0.2147
2026-08-13,-60.0,10.59,0.2841,0.2226,0.2069,0.2408,7.73,68.5,-11.4,0.3071,0.0819,5.1,0.2,0.9834,0.1638,0.1929,0.2256
2026-08-13,-60.0,31.76,0.3752,0.2484,0.237,0.3234,17.25,230.8,-4.8,0.2142,-0.2107,6.5,0.2,0.9834,0.2447,0.3061,0.3189
2026-08-13,-60.0,52.94,0.3177,0.2869,0.2725,0.2083,5.76,241.4,-4.9,0.4186,0.0583,7.0,0.2,0.9834,0.2732,0.295,0.2404
2026-08-13,-60.0,74.12,0.267,0.2943,0.2475,0.3602,17.68,111.8,-11.6,0.1322,-0.0489,5.8,0.2,0.9834,0.2041,0.2364,0.3155
2026-08-13,-60.0,95.29,0.2488,0.3038,0.2708,0.2641,11.86,50.5,-14.7,0.3305,0.3497,8.1,0.2,0.9834,0.2434,0.2692,0.2617
2026-08-13,-60.0,116.47,0.2174,0.261,0.1465,0.2406,14.97,80.1,-10.4,0.3681,0.0992,5.0,0.2,0.9834,0.2854,0.2339,0.2162
2026-08-13,-60.0,137.65,0.1893,0.1492,0.1951,0.2163,12.4,38.6,-11.6,0.0517,0.3287,6.5,0.2,0.9834,0.1749,0.1906,0.2222
2026-08-13,-60.0,158.82,0.1708,0.1019,0.1851,0.1612,8.37,122.4,-8.2,0.3019,-0.1427,4.8,0.2,0.9834,0.151,0.0913,0.1903
2026-08-13,-60.0,180.0,0.1253,0.1001,0.1185,0.1428,5.14,296.3,-14.1,0.1378,-0.1798,5.5,0.2,0.9834,0.0894,0.1338,0.1961
2026-08-14,-80.0,-180.0,0.856,0.8145,0.8556,0.8845,17.75,329.8,-23.9,0.0622,-0.1265,-1.8,1.0,0.9812,0.8377,0.9081,0.8104
2026-08-14,-80.0,-158.82,0.7848,0.7937,0.7644,0.8594,17.74,14.7,-22.4,0.4397,-0.2033,-2.7,1.0,0.9812,0.7693,0.881,0.8139
2026-08-14,-80.0,-137.65,0.7434,0.847,0.8371,0.807,15.87,355.7,-25.9,0.2238,0.06,-1.4,1.0,0.9812,0.7871,0.772,0.7644
2026-08-14,-80.0,-116.47,0.9016,0.7401,0.7171,0.8185,15.7,93.6,-27.2,0.3523,-0.1941,-1.7,1.0,0.9812,0.7674,0.797,0.7783
2026-08-14,-80.0,-95.29,0.79,0.7767,0.7932,0.8191,5.32,270.0,-19.6,0.1175,0.1047,-2.3,1.0,0.9812,0.8252,0.8029,0.7305
2026-08-14,-80.0,-74.12,0.8153,0.7786,0.8175,0.8037,6.23,173.9,-19.4,0.3714,-0.2287,-2.0,1.0,0.9812,0.798,0.8332,0.8325
2026-08-14,-80.0,-52.94,0.9307,0.8779,0.8825,0.8663,9.93,197.8,-21.5,0.2311,0.187,-4.0,1.0,0.9812,0.869,0.8541,0.9131
2026-08-14,-80.0,-31.76,0.8754,0.8294,0.8734,0.8838,7.92,289.2,-25.4,0.2817,-0.0344,-1.4,1.0,0.9812,0.8477,0.8093,0.8339
2026-08-14,-80.0,-10.59,0.9054,1.0,1.0,0.8532,6.05,350.6,-25.2,0.1233,-0.066,-1.1,1.0,0.9812,0.9877,0.9905,0.9139
2026-08-14,-80.0,10.59,0.9097,0.939,1.0,0.8737,17.97,279.3,-23.2,0.1746,-0.09,-3.4,1.0,0.9812,1.0,0.9292,0.9146
2026-08-14,-80.0,31.76,0.9706,1.0,0.9859,1.0,9.14,149.4,-28.1,0.2218,-0.1626,-1.7,1.0,0.9812,1.0,0.9631,0.9308
2026-08-14,-80.0,52.94,0.9774,0.963,0.9762,0.9659,8.33,144.3,-22.2,0.3444,-0.0631,-2.2,1.0,0.9812,0.9843,0.9476,1.0
2026-08-14,-80.0,74.12,0.9539,0.9649,0.9386,1.0,9.23,214.2,-21.3,0.2603,-0.0511,-2.3,1.0,0.9812,1.0,1.0,0.9731
2026-08-14,-80.0,95.29,0.9247,1.0,0.9808,1.0,15.54,72.7,-22.6,0.3879,0.062,-2.4,1.0,0.9812,0.9293,1.0,0.9673
2026-08-14,-80.0,116.47,1.0,0.8744,0.9212,0.9467,8.22,118.3,-19.6,0.3381,0.3753,-1.2,1.0,0.9812,1.0,0.9548,1.0
2026-08-14,-80.0,137.65,0.9095,0.9635,0.9187,0.9276,17.06,47.6,-22.5,0.3263,-0.1632,0.1,1.0,0.9812,0.9162,0.953,0.9073
2026-08-14,-80.0,158.82,0.8595,0.8916,0.8572,0.8849,17.88,71.2,-24.2,0.3646,-0.2082,-1.8,1.0,0.9812,0.8804,0.8479,0.9059
2026-08-14,-80.0,180.0,0.8542,0.8296,0.8485,0.8467,11.11,344.8,-25.4,0.2173,0.0357,-2.0,1.0,0.9812,0.8101,0.85,0.8715
2026-08-14,-78.57,-180.0,0.7076,0.749,0.7244,0.8576,17.11,208.8,-24.7,0.447,0.0082,-2.8,0.9429,0.9812,0.7719,0.7949,0.7721
2026-08-14,-78.57,-158.82,0.7607,0.7718,0.7675,0.8556,8.21,102.0,-21.5,0.2496,0.0664,-2.5,0.9429,0.9812,0.7577,0.7322,0.7851
2026-08-14,-78.57,-137.65,0.7535,0.7782,0.7637,0.7456,10.03,189.1,-23.0,0.4434,0.0763,-0.4,0.9429,0.9812,0.8856,0.7611,0.6871
2026-08-14,-78.57,-116.47,0.7159,0.8109,0.7543,0.779,12.75,188.3,-25.5,0.4143,-0.0024,-1.2,0.9429,0.9812,0.6721,0.7218,0.7003
2026-08-14,-78.57,-95.29,0.7896,0.747,0.8879,0.6971,5.55,87.0,-18.2,0.0675,-0.0262,-2.3,0.9429,0.9812,0.7192,0.785,0.7401
2026-08-14,-78.57,-74.12,0.7969,0.7268,0.8078,0.726,13.79,85.6,-25.0,0.091,0.0879,-1.2,0.9429,0.9812,0.7793,0.7167,0.7511
2026-08-14,-78.57,-52.94,0.8089,0.7983,0.7475,0.8044,9.99,262.7,-28.5,0.1991,0.093,-0.5,0.9429,0.9812,0.7611,0.7109,0.8708
2026-08-14,-78.57,-31.76,0.8692,0.816,0.8269,0.7766,7.46,234.1,-22.0,0.2531,0.1808,-0.9,0.9429,0.9812,0.8923,0.8512,0.8742
2026-08-14,-78.57,-10.59,0.8559,0.8605,0.8474,0.8516,11.2,221.8,-28.6,0.2206,-0.3161,-1.6,0.9429,0.9812,0.8175,0.8247,0.9612
2026-08-14,-78.57,10.59,0.9493,0.8435,0.8914,0.9685,8.17,174.1,-30.5,0.3284,0.1013,-2.6,0.9429,0.9812,0.938,0.9207,0.8358
2026-08-14,-78.57,31.76,0.9385,0.9116,0.9213,0.8834,6.7,245.4,-24.2,0.1165,0.0765,-0.8,0.9429,0.9812,0.9213,0.8937,0.911
2026-08-14,-78.57,52.94,0.9259,0.8729,0.9893,0.9614,11.25,207.0,-19.6,0.3505,-0.1452,-2.6,0.9429,0.9812,0.8646,0.9093,0.9246
2026-08-14,-78.57,74.12,0.9377,1.0,0.9459,0.9295,12.83,155.8,-28.7,0.142,-0.0266,-1.0,0.9429,0.9812,0.9125,0.9999,0.8938
2026-08-14,-78.57,95.29,0.9539,0.9291,0.9574,0.9138,9.45,360.0,-21.2,0.2172,-0.0182,-2.9,0.9429,0.9812,0.9279,0.945,0.9759
2026-08-14,-78.57,116.47,0.9753,0.9044,0.8546,0.9358,9.53,141.3,-21.8,0.2332,0.1814,-0.6,0.9429,0.9812,0.8864,0.8748,0.9281
2026-08-14,-78.57,137.65,0.8674,0.885,0.8659,0.8729,10.23,69.1,-29.4,0.178,-0.1222,-3.6,0.9429,0.9812,0.8487,0.8961,0.7949
2026-08-14,-78.57,158.82,0.7222,0.784,0.8566,0.811,8.8,171.5,-19.9,0.0844,-0.2618,-1.0,0.9429,0.9812,0.837,0.7876,0.7951
2026-08-14,-78.57,180.0,0.7742,0.786,0.7411,0.8352,12.82,133.7,-22.0,0.1446,-0.0603,-2.5,0.9429,0.9812,0.7807,0.8123,0.7225
2026-08-14,-77.14,-180.0,0.7091,0.7879,0.7081,0.7553,5.75,57.7,-18.8,0.2294,-0.1926,-1.2,0.8857,0.9812,0.7312,0.7286,0.7222
2026-08-14,-77.14,-158.82,0.7008,0.7482,0.7356,0.6678,11.27,250.4,-24.8,0.0699,0.282,-0.4,0.8857,0.9812,0.7803,0.7292,0.7342
2026-08-14,-77.14,-137.65,0.748,0.6795,0.7016,0.7214,7.15,104.2,-22.4,0.1769,0.0802,0.2,0.8857,0.9812,0.6903,0.687,0.7002
2026-08-14,-77.14,-116.47,0.6271,0.6903,0.7184,0.7393,8.33,158.1,-26.6,0.1868,-0.3158,-0.9,0.8857,0.9812,0.713,0.6838,0.7062
2026-08-14,-77.14,-95.29,0.7087,0.7125,0.7569,0.7349,11.06,90.0,-22.8,0.1337,-0.0112,-3.0,0.8857,0.9812,0.6495,0.713,0.6759
2026-08-14,-77.14,-74.12,0.7533,0.6617,0.7193,0.7063,7.21,74.9,-23.4,0.3368,-0.0027,-0.1,0.8857,0.9812,0.6762,0.6184,0.7043
2026-08-14,-77.14,-52.94,0.7302,0.6779,0.7926,0.7805,16.17,192.7,-18.2,0.0617,0.0128,-1.1,0.8857,0.9812,0.8151,0.7237,0.7568
2026-08-14,-77.14,-31.76,0.7943,0.7856,0.7886,0.8744,10.84,279.6,-23.4,0.0539,0.1149,-0.7,0.8857,0.9812,0.717,0.7497,0.7339
2026-08-14,-77.14,-10.59,0.8314,0.8524,0.8355,0.7733,16.45,290.2,-21.3,0.2775,0.0213,-0.5,0.8857,0.9812,0.8029,0.7945,0.7825
2026-08-14,-77.14,10.59,0.8251,0.7975,0.8262,0.8556,11.02,270.5,-22.6,0.3355,-0.2042,-0.8,0.8857,0.9812,0.8485,0.8675,0.8437
2026-08-14,-77.14,31.76,0.8951,0.8801,0.8497,0.8816,14.42,346.8,-15.7,0.3653,-0.0962,1.7,0.8857,0.9812,0.8916,0.9031,0.8666
2026-08-14,-77.14,52.94,0.8554,0.8873,0.9103,0.927,14.04,75.7,-23.2,0.3732,0.036,-2.1,0.8857,0.9812,0.8645,0.8726,0.8728
2026-08-14,-77.14,74.12,0.8886,0.8595,0.8474,0.8316,17.97,307.7,-19.4,0.4421,-0.0906,-1.6,0.8857,0.9812,0.905,0.877,0.9158
2026-08-14,-77.14,95.29,0.8965,0.8579,0.9241,0.8882,7.21,292.4,-20.8,0.0714,0.1603,0.9,0.8857,0.9812,0.9202,0.8561,0.9008
2026-08-14,-77.14,116.47,0.8314,0.8532,0.8372,0.8557,15.86,213.7,-28.1,0.0529,-0.1154,0.2,0.8857,0.9812,0.8362,0.839,0.8824
2026-08-14,-77.14,137.65,0.8279,0.8429,0.748,0.8327,13.91,115.9,-30.5,0.2889,0.204,1.6,0.8857,0.9812,0.8432,0.8433,0.8082
2026-08-14,-77.14,158.82,0.793,0.7921,0.7848,0.7446,11.57,184.9,-18.8,0.3613,0.1383,0.9,0.8857,0.9812,0.8172,0.75,0.7785
2026-08-14,-77.14,180.0,0.7381,0.8003,0.6572,0.7483,16.74,87.2,-21.6,0.4151,-0.1613,-2.0,0.8857,0.9812,0.7375,0.7541,0.7894
2026-08-14,-75.71,-180.0,0.7465,0.7391,0.6398,0.6969,9.83,348.5,-19.7,0.3275,-0.0502,-1.3,0.8286,0.9812,0.7137,0.7142,0.7022
2026-08-14,-75.71,-158.82,0.6369,0.624,0.6613,0.6351,17.61,226.4,-24.4,0.3015,-0.3002,-0.9,0.8286,0.9812,0.5885,0.6787,0.6164
2026-08-14,-75.71,-137.65,0.6339,0.642,0.6619,0.6229,15.78,67.3,-22.2,0.1149,-0.0497,-0.7,0.8286,0.9812,0.7056,0.6515,0.5913
2026-08-14,-75.71,-116.47,0.5679,0.6741,0.5967,0.696,14.25,280.9,-23.8,0.2083,-0.0799,-1.1,0.8286,0.9812,0.6761,0.623,0.6308
2026-08-14,-75.71,-95.29,0.6746,0.6489,0.648,0.6839,9.74,147.4,-16.4,0.1622,0.0088,-1.1,0.8286,0.9812,0.6557,0.6988,0.5934
2026-08-14,-75.71,-74.12,0.6485,0.6913,0.6379,0.6146,6.33,131.1,-12.7,0.27,-0.0681,-0.3,0.8286,0.9812,0.6837,0.6173,0.758
2026-08-14,-75.71,-52.94,0.7815,0.6734,0.7092,0.6901,11.46,15.4,-25.8,0.1325,-0.2206,0.7,0.8286,0.9812,0.6702,0.7507,0.6907
2026-08-14,-75.71,-31.76,0.7688,0.6512,0.7977,0.7187,9.94,135.6,-19.2,0.2567,-0.0413,0.4,0.8286,0.9812,0.7083,0.7278,0.7864
2026-08-14,-75.71,-10.59,0.6951,0.7012,0.798,0.7281,5.29,204.3,-23.6,0.2392,-0.0518,0.7,0.8286,0.9812,0.746,0.7601,0.8065
2026-08-14,-75.71,10.59,0.7555,0.7877,0.7867,0.7827,13.1,281.8,-20.4,0.2443,0.1907,0.4,0.8286,0.9812,0.8098,0.7215,0.8862
2026-08-14,-75.71,31.76,0.8019,0.8493,0.8409,0.8202,16.52,215.2,-21.0,0.1932,0.068,-0.1,0.8286,0.9812,0.8753,0.8204,0.8413
2026-08-14,-75.71,52.94,0.8274,0.9254,0.9396,0.8473,17.41,117.0,-26.3,0.2358,0.0479,-0.8,0.8286,0.9812,0.8476,0.8554,0.9003
2026-08-14,-75.71,74.12,0.8113,0.7841,0.9166,0.8183,9.22,9.8,-19.1,0.4462,-0.1914,0.8,0.8286,0.9812,0.9277,0.8451,0.8287
2026-08-14,-75.71,95.29,0.7942,0.8807,0.8483,1.0,7.29,312.2,-24.4,0.3562,-0.1617,-0.1,0.8286,0.9812,0.8378,0.8262,0.844
2026-08-14,-75.71,116.47,0.781,0.8185,0.7582,0.7935,13.09,80.4,-17.6,0.3644,0.1943,0.1,0.8286,0.9812,0.8484,0.8183,0.7269
2026-08-14,-75.71,137.65,0.7379,0.7774,0.7283,0.7931,15.06,283.2,-21.9,0.2117,0.081,1.5,0.8286,0.9812,0.7734,0.7219,0.7281
2026-08-14,-75.71,158.82,0.7785,0.7379,0.7626,0.6568,8.69,95.2,-15.1,0.2907,0.0988,-0.1,0.8286,0.9812,0.726,0.7396,0.7485
2026-08-14,-75.71,180.0,0.7973,0.6464,0.644,0.7063,15.64,304.3,-21.6,0.1343,0.0838,-2.9,0.8286,0.9812,0.6909,0.6864,0.6199
2026-08-14,-74.29,-180.0,0.6026,0.5794,0.6512,0.5895,10.63,282.6,-17.8,0.3617,-0.0363,0.0,0.7714,0.9812,0.5805,0.6493,0.6603
2026-08-14,-74.29,-158.82,0.7078,0.655,0.5588,0.6415,8.78,295.6,-19.7,0.235,0.0231,-0.3,0.7714,0.9812,0.6106,0.6267,0.629
2026-08-14,-74.29,-137.65,0.6024,0.5933,0.6254,0.6245,10.7,123.5,-15.8,0.3436,0.0986,-0.3,0.7714,0.9812,0.5511,0.5687,0.621
2026-08-14,-74.29,-116.47,0.603,0.5501,0.5991,0.5602,11.83,298.4,-14.3,0.4168,-0.0225,1.5,0.7714,0.9812,0.5993,0.5729,0.5237
2026-08-14,-74.29,-95.29,0.611,0.6514,0.5911,0.6209,7.91,79.2,-21.3,0.3649,0.0365,0.1,0.7714,0.9812,0.5938,0.5495,0.5896
2026-08-14,-74.29,-74.12,0.6212,0.618,0.6481,0.5977,13.03,337.7,-19.1,0.2073,-0.1756,0.6,0.7714,0.9812,0.6476,0.5982,0.7297
2026-08-14,-74.29,-52.94,0.6583,0.6373,0.5574,0.5676,14.31,20.2,-16.5,0.142,-0.003,0.9,0.7714,0.9812,0.6482,0.6238,0.6996
2026-08-14,-74.29,-31.76,0.6827,0.7249,0.6754,0.6478,5.17,220.8,-20.5,0.0623,-0.0473,-1.6,0.7714,0.9812,0.7461,0.6985,0.7181
2026-08-14,-74.29,-10.59,0.7293,0.74,0.7091,0.7043,10.37,189.2,-15.8,0.0616,0.1052,0.5,0.7714,0.9812,0.7162,0.7709,0.7314
2026-08-14,-74.29,10.59,0.7492,0.7658,0.6437,0.7729,17.33,255.8,-21.1,0.277,0.0764,-0.7,0.7714,0.9812,0.7651,0.728,0.7766
2026-08-14,-74.29,31.76,0.8747,0.6741,0.7151,0.7842,6.64,328.4,-21.5,0.1061,-0.1922,-0.1,0.7714,0.9812,0.8614,0.7678,0.7834
2026-08-14,-74.29,52.94,0.7435,0.8367,0.7911,0.7974,15.42,264.0,-25.0,0.0678,0.0663,0.6,0.7714,0.9812,0.7884,0.7629,0.8142
2026-08-14,-74.29,74.12,0.7637,0.832,0.7712,0.8126,15.15,124.0,-17.6,0.1424,-0.141,2.5,0.7714,0.9812,0.7297,0.8141,0.8587
2026-08-14,-74.29,95.29,0.8139,0.809,0.7542,0.816,5.13,219.3,-25.8,0.2768,-0.2816,1.1,0.7714,0.9812,0.7166,0.7636,0.747
2026-08-14,-74.29,116.47,0.7214,0.7112,0.7841,0.7184,11.43,98.3,-23.6,0.0788,0.0517,0.8,0.7714,0.9812,0.6962,0.756,0.7727
2026-08-14,-74.29,137.65,0.6475,0.6703,0.7307,0.7693,17.62,305.9,-21.8,0.1255,-0.321,-0.6,0.7714,0.9812,0.7674,0.7624,0.7486
2026-08-14,-74.29,158.82,0.7161,0.6747,0.716,0.6666,13.6,143.3,-25.6,0.3309,-0.0477,0.8,0.7714,0.9812,0.6667,0.6554,0.6137
2026-08-14,-74.29,180.0,0.6573,0.645,0.6027,0.587,10.72,122.5,-21.2,0.4486,-0.1005,1.4,0.7714,0.9812,0.6199,0.6284,0.6385
2026-08-14,-72.86,-180.0,0.6287,0.5714,0.6302,0.6184,15.5,168.9,-18.3,0.309,-0.0136,1.0,0.7143,0.9812,0.5149,0.5615,0.5871
2026-08-14,-72.86,-158.82,0.5465,0.5642,0.5988,0.5206,11.24,167.9,-20.3,0.2541,0.0362,0.6,0.7143,0.9812,0.5465,0.5511,0.5553
2026-08-14,-72.86,-137.65,0.5759,0.4756,0.5313,0.5458,9.2,261.4,-20.9,0.2907,0.0018,1.1,0.7143,0.9812,0.5824,0.577,0.5231
2026-08-14,-72.86,-116.47,0.5206,0.5641,0.5549,0.5302,13.79,142.7,-19.4,0.0514,-0.0709,0.6,0.7143,0.9812,0.6074,0.4791,0.4995
2026-08-14,-72.86,-95.29,0.5228,0.5584,0.5238,0.5383,6.87,203.4,-17.0,0.1607,-0.1034,0.8,0.7143,0.9812,0.4935,0.5747,0.5543
2026-08-14,-72.86,-74.12,0.5922,0.5699,0.5766,0.6001,12.22,221.3,-19.3,0.0784,-0.1463,0.7,0.7143,0.9812,0.5951,0.5248,0.576
2026-08-14,-72.86,-52.94,0.6437,0.6341,0.5519,0.6053,5.94,341.4,-17.2,0.2351,0.0208,-0.4,0.7143,0.9812,0.609,0.587,0.6066
2026-08-14,-72.86,-31.76,0.5804,0.6551,0.6599,0.6778,5.52,240.8,-15.0,0.3391,0.0753,-0.6,0.7143,0.9812,0.623,0.6281,0.6569
2026-08-14,-72.86,-10.59,0.6407,0.6692,0.668,0.6438,15.92,140.2,-16.4,0.2638,0.2255,0.9,0.7143,0.9812,0.682,0.6611,0.6816
2026-08-14,-72.86,10.59,0.69,0.7113,0.6984,0.6323,14.18,354.2,-23.5,0.3275,0.1595,0.6,0.7143,0.9812,0.7371,0.7756,0.7185
2026-08-14,-72.86,31.76,0.7281,0.7396,0.7816,0.7053,9.81,174.1,-20.1,0.3982,-0.1713,-1.0,0.7143,0.9812,0.72,0.7513,0.7357
2026-08-14,-72.86,52.94,0.7192,0.7227,0.7501,0.7555,15.19,11.5,-21.4,0.2175,-0.2526,1.9,0.7143,0.9812,0.7529,0.7378,0.7575
2026-08-14,-72.86,74.12,0.739,0.6364,0.7253,0.7062,8.09,222.2,-22.3,0.0962,0.1244,1.1,0.7143,0.9812,0.6714,0.749,0.7363
2026-08-14,-72.86,95.29,0.7274,0.7634,0.7986,0.7141,7.57,308.2,-20.1,0.4496,-0.3642,0.2,0.7143,0.9812,0.7432,0.7109,0.6388
2026-08-14,-72.86,116.47,0.6344,0.6756,0.6736,0.7244,7.94,355.2,-19.9,0.3922,0.3592,0.9,0.7143,0.9812,0.7247,0.7215,0.7404
2026-08-14,-72.86,137.65,0.7199,0.7022,0.6985,0.6354,7.08,176.3,-14.7,0.3195,0.0352,-0.3,0.7143,0.9812,0.622,0.6684,0.6201
2026-08-14,-72.86,158.82,0.6439,0.5937,0.5918,0.6408,12.15,285.5,-20.3,0.3966,-0.0403,-0.7,0.7143,0.9812,0.5743,0.5807,0.6477
2026-08-14,-72.86,180.0,0.6126,0.6166,0.5484,0.5921,16.55,292.3,-20.1,0.3892,-0.0057,0.3,0.7143,0.9812,0.6954,0.5543,0.5575
2026-08-14,-71.43,-180.0,0.4917,0.587,0.4934,0.5568,6.95,340.8,-16.6,0.3494,0.1596,1.0,0.6571,0.9812,0.5245,0.5121,0.5339
2026-08-14,-71.43,-158.82,0.4919,0.4712,0.5453,0.4576,10.88,168.6,-16.7,0.2923,-0.0478,1.6,0.6571,0.9812,0.5804,0.4819,0.5141
2026-08-14,-71.43,-137.65,0.4317,0.5083,0.4727,0.5192,15.61,218.3,-23.8,0.336,-0.1427,0.9,0.6571,0.9812,0.4993,0.4873,0.4894
2026-08-14,-71.43,-116.47,0.511,0.5316,0.5242,0.5081,13.86,329.4,-17.3,0.1648,-0.263,0.3,0.6571,0.9812,0.5146,0.4454,0.4813
2026-08-14,-71.43,-95.29,0.4582,0.4697,0.4886,0.513,15.96,81.4,-15.1,0.0623,-0.1496,1.2,0.6571,0.9812,0.5496,0.4582,0.5225
2026-08-14,-71.43,-74.12,0.5491,0.5891,0.5207,0.4679,8.71,262.2,-11.6,0.2788,0.0371,1.6,0.6571,0.9812,0.5414,0.5649,0.5345
2026-08-14,-71.43,-52.94,0.5323,0.5128,0.5105,0.6546,14.9,181.6,-19.7,0.1132,-0.2683,1.5,0.6571,0.9812,0.4792,0.5243,0.6027
2026-08-14,-71.43,-31.76,0.5064,0.5223,0.5904,0.5606,13.22,28.9,-19.4,0.2495,0.2696,0.9,0.6571,0.9812,0.5846,0.5553,0.6032
2026-08-14,-71.43,-10.59,0.6035,0.5991,0.7043,0.6013,12.51,315.5,-13.6,0.3268,-0.1827,-0.0,0.6571,0.9812,0.6268,0.5908,0.6343
2026-08-14,-71.43,10.59,0.6811,0.7139,0.6658,0.6118,11.16,5.7,-17.8,0.1795,-0.0003,1.3,0.6571,0.9812,0.6207,0.6241,0.6509
2026-08-14,-71.43,31.76,0.7209,0.6616,0.7212,0.6428,7.62,333.0,-16.4,0.1152,0.3886,2.9,0.6571,0.9812,0.5709,0.6013,0.6508
2026-08-14,-71.43,52.94,0.6945,0.7222,0.6732,0.639,14.43,312.5,-18.7,0.0941,-0.0359,3.2,0.6571,0.9812,0.7007,0.6784,0.6878
2026-08-14,-71.43,74.12,0.7423,0.6979,0.7459,0.6408,5.17,5.8,-18.5,0.2466,-0.2542,1.3,0.6571,0.9812,0.719,0.677,0.668
2026-08-14,-71.43,95.29,0.6285,0.6543,0.6406,0.6577,12.6,17.4,-21.3,0.1753,-0.2556,0.1,0.6571,0.9812,0.6558,0.6575,0.6247
2026-08-14,-71.43,116.47,0.6507,0.6139,0.6574,0.6116,11.17,308.1,-13.1,0.3171,-0.0064,3.3,0.6571,0.9812,0.6223,0.6396,0.6353
2026-08-14,-71.43,137.65,0.6311,0.6372,0.6446,0.6186,13.59,94.9,-15.0,0.4382,0.2383,1.9,0.6571,0.9812,0.6558,0.6209,0.6075
2026-08-14,-71.43,158.82,0.5963,0.5838,0.5983,0.6116,7.66,160.2,-21.1,0.2357,0.39,1.8,0.6571,0.9812,0.4933,0.5866,0.5297
2026-08-14,-71.43,180.0,0.6125,0.5245,0.5412,0.6036,6.78,157.3,-13.0,0.2617,-0.1948,2.1,0.6571,0.9812,0.5006,0.4773,0.4985
2026-08-14,-70.0,-180.0,0.5028,0.528,0.467,0.5234,14.76,232.2,-20.1,0.0764,-0.0239,0.8,0.6,0.9812,0.5048,0.5905,0.4904
2026-08-14,-70.0,-158.82,0.4384,0.4051,0.4694,0.5135,12.38,230.8,-19.8,0.167,0.0008,3.1,0.6,0.9812,0.4039,0.5058,0.4574
2026-08-14,-70.0,-137.65,0.4462,0.4414,0.4719,0.4311,11.51,345.1,-12.6,0.1084,0.2966,2.0,0.6,0.9812,0.4614,0.4762,0.4752
2026-08-14,-70.0,-116.47,0.4593,0.4736,0.423,0.4471,9.58,248.0,-19.1,0.1713,-0.1277,3.1,0.6,0.9812,0.4839,0.439,0.3629
2026-08-14,-70.0,-95.29,0.4735,0.4364,0.422,0.4375,6.45,117.8,-13.4,0.2833,-0.0151,3.6,0.6,0.9812,0.356,0.4634,0.4435
2026-08-14,-70.0,-74.12,0.5272,0.4241,0.4598,0.4482,6.4,138.6,-13.6,0.2355,0.1156,3.0,0.6,0.9812,0.505,0.4959,0.4323
2026-08-14,-70.0,-52.94,0.5762,0.4545,0.5231,0.4316,16.96,21.5,-13.1,0.3913,-0.0255,2.3,0.6,0.9812,0.478,0.5043,0.5224
2026-08-14,-70.0,-31.76,0.6166,0.5289,0.4672,0.4862,9.99,28.7,-16.7,0.1241,-0.12,3.3,0.6,0.9812,0.5526,0.5653,0.5204
2026-08-14,-70.0,-10.59,0.5655,0.6344,0.5696,0.6002,14.31,182.3,-22.6,0.4393,-0.0718,2.1,0.6,0.9812,0.5475,0.517,0.5499
2026-08-14,-70.0,10.59,0.5574,0.6178,0.524,0.609,12.4,170.1,-15.5,0.1035,0.1391,2.2,0.6,0.9812,0.5511,0.5885,0.5845
2026-08-14,-70.0,31.76,0.5952,0.5863,0.6432,0.6451,12.76,126.5,-16.7,0.1008,0.0573,2.0,0.6,0.9812,0.6805,0.6718,0.6265
2026-08-14,-70.0,52.94,0.6131,0.6341,0.6883,0.7268,6.39,244.6,-15.6,0.0879,-0.0852,2.1,0.6,0.9812,0.6148,0.6143,0.6058
2026-08-14,-70.0,74.12,0.6094,0.6213,0.6125,0.6523,16.43,42.7,-13.2,0.3735,0.1114,2.5,0.6,0.9812,0.5966,0.6798,0.5774
2026-08-14,-70.0,95.29,0.6062,0.6615,0.6109,0.6014,9.57,253.9,-17.9,0.2925,0.2048,0.6,0.6,0.9812,0.6487,0.6137,0.6734
2026-08-14,-70.0,116.47,0.5833,0.5927,0.514,0.5746,6.23,210.4,-24.9,0.0835,0.2718,2.8,0.6,0.9812,0.5899,0.5644,0.6393
2026-08-14,-70.0,137.65,0.5611,0.6011,0.5785,0.5849,13.24,35.0,-22.0,0.0968,-0.0503,0.9,0.6,0.9812,0.5444,0.5759,0.595
2026-08-14,-70.0,158.82,0.48,0.5412,0.5665,0.49,14.87,313.0,-21.1,0.051,0.0519,3.3,0.6,0.9812,0.4787,0.5704,0.5233
2026-08-14,-70.0,180.0,0.4843,0.5096,0.513,0.5501,14.2,187.0,-18.7,0.2337,0.0717,1.9,0.6,0.9812,0.5107,0.5081,0.48
2026-08-14,-68.57,-180.0,0.4546,0.377,0.4658,0.3288,17.42,105.3,-17.8,0.0542,0.0939,2.1,0.5429,0.9812,0.4694,0.4487,0.4679
2026-08-14,-68.57,-158.82,0.398,0.4198,0.3778,0.4819,10.57,109.1,-17.4,0.4232,0.1155,2.3,0.5429,0.9812,0.4083,0.4198,0.4306
2026-08-14,-68.57,-137.65,0.3651,0.3994,0.4628,0.4482,8.81,256.2,-15.2,0.2899,0.1863,4.7,0.5429,0.9812,0.4214,0.3517,0.4017
2026-08-14,-68.57,-116.47,0.4656,0.397,0.3121,0.3421,8.34,169.5,-11.3,0.0526,0.0612,2.1,0.5429,0.9812,0.3983,0.4288,0.3514
2026-08-14,-68.57,-95.29,0.3925,0.397,0.5303,0.384,10.64,165.4,-13.8,0.3871,0.0677,3.0,0.5429,0.9812,0.4282,0.4137,0.4454
2026-08-14,-68.57,-74.12,0.3911,0.3474,0.269,0.4816,17.45,216.6,-18.3,0.416,0.2892,1.0,0.5429,0.9812,0.462,0.438,0.4028
2026-08-14,-68.57,-52.94,0.4344,0.4542,0.4873,0.4579,7.49,11.3,-10.8,0.2221,-0.0392,3.8,0.5429,0.9812,0.3747,0.4216,0.4658
2026-08-14,-68.57,-31.76,0.5224,0.5101,0.4633,0.5586,15.78,344.3,-14.8,0.2553,0.0942,3.0,0.5429,0.9812,0.5595,0.476,0.4716
2026-08-14,-68.57,-10.59,0.5311,0.5035,0.5211,0.5433,7.42,333.3,-17.3,0.4289,-0.0867,2.0,0.5429,0.9812,0.5113,0.5192,0.4683
2026-08-14,-68.57,10.59,0.5061,0.4361,0.5608,0.5981,15.92,16.2,-18.0,0.2967,0.053,1.9,0.5429,0.9812,0.6263,0.5321,0.6482
2026-08-14,-68.57,31.76,0.5337,0.5689,0.5896,0.6148,5.81,208.1,-18.6,0.1258,0.0882,1.2,0.5429,0.9812,0.5611,0.5929,0.5564
2026-08-14,-68.57,52.94,0.5135,0.5823,0.5474,0.6347,6.58,211.4,-13.3,0.2967,0.0871,3.0,0.5429,0.9812,0.5578,0.5358,0.5842
2026-08-14,-68.57,74.12,0.5245,0.5169,0.6516,0.5749,8.16,218.3,-13.3,0.3589,0.1159,3.7,0.5429,0.9812,0.6409,0.5367,0.6147
2026-08-14,-68.57,95.29,0.632,0.531,0.6429,0.5559,5.08,338.1,-22.6,0.4477,0.1167,4.0,0.5429,0.9812,0.567,0.6107,0.554
2026-08-14,-68.57,116.47,0.5751,0.5607,0.5097,0.606,8.17,242.0,-10.4,0.1637,0.0359,3.4,0.5429,0.9812,0.5777,0.5044,0.5535
2026-08-14,-68.57,137.65,0.4677,0.5796,0.4703,0.48,15.92,88.0,-19.8,0.2575,0.174,1.5,0.5429,0.9812,0.5348,0.5741,0.537
2026-08-14,-68.57,158.82,0.4869,0.4902,0.5144,0.5409,11.81,207.6,-17.2,0.0749,0.0281,4.4,0.5429,0.9812,0.4559,0.473,0.4027
2026-08-14,-68.57,180.0,0.4399,0.4074,0.4252,0.4371,14.28,19.5,-20.6,0.2236,-0.119,2.0,0.5429,0.9812,0.4378,0.5369,0.4048
2026-08-14,-67.14,-180.0,0.3862,0.3474,0.4102,0.3316,12.71,237.4,-13.9,0.2547,0.0637,2.1,0.4857,0.9812,0.3777,0.4242,0.3679
2026-08-14,-67.14,-158.82,0.376,0.3361,0.3827,0.3698,17.82,56.1,-14.0,0.3775,0.0295,2.7,0.4857,0.9812,0.3769,0.3542,0.335
2026-08-14,-67.14,-137.65,0.3308,0.3091,0.3971,0.3476,14.55,338.3,-16.0,0.1357,-0.1032,2.1,0.4857,0.9812,0.3153,0.358,0.2859
2026-08-14,-67.14,-116.47,0.3806,0.3062,0.281,0.3182,17.41,81.3,-13.2,0.3547,0.0005,3.8,0.4857,0.9812,0.2811,0.4288,0.3607
2026-08-14,-67.14,-95.29,0.3866,0.3091,0.3277,0.3782,16.17,201.1,-16.4,0.3501,-0.0177,1.2,0.4857,0.9812,0.343,0.3267,0.3735
2026-08-14,-67.14,-74.12,0.2745,0.3765,0.3429,0.3224,6.31,25.5,-17.1,0.0949,-0.1706,3.2,0.4857,0.9812,0.3824,0.3145,0.3644
2026-08-14,-67.14,-52.94,0.3444,0.3926,0.4,0.3999,8.17,244.8,-13.7,0.2363,0.0548,1.5,0.4857,0.9812,0.4018,0.3566,0.3254
2026-08-14,-67.14,-31.76,0.4232,0.4016,0.4757,0.4315,10.88,177.1,-17.4,0.0732,-0.0578,4.0,0.4857,0.9812,0.4248,0.4362,0.4098
2026-08-14,-67.14,-10.59,0.4709,0.483,0.4608,0.4414,12.14,271.5,-14.5,0.1399,0.2511,1.6,0.4857,0.9812,0.4424,0.4799,0.4056
2026-08-14,-67.14,10.59,0.4816,0.5553,0.5781,0.5252,17.87,99.5,-13.3,0.101,0.1599,4.0,0.4857,0.9812,0.4836,0.4263,0.5319
2026-08-14,-67.14,31.76,0.5188,0.5089,0.6063,0.5806,15.71,316.7,-14.5,0.2459,-0.0631,2.5,0.4857,0.9812,0.4754,0.5171,0.5532
2026-08-14,-67.14,52.94,0.5896,0.4586,0.5616,0.4954,12.5,32.3,-17.1,0.1236,-0.1395,4.0,0.4857,0.9812,0.4935,0.597,0.5326
2026-08-14,-67.14,74.12,0.509,0.5089,0.5556,0.5054,7.82,213.1,-14.3,0.2486,0.2269,3.6,0.4857,0.9812,0.5167,0.5577,0.5302
2026-08-14,-67.14,95.29,0.5385,0.4911,0.5742,0.5603,8.01,166.1,-17.7,0.2446,0.3013,2.9,0.4857,0.9812,0.5239,0.5515,0.5297
2026-08-14,-67.14,116.47,0.4838,0.536,0.5013,0.5085,10.11,233.7,-13.2,0.4338,-0.2811,4.2,0.4857,0.9812,0.4947,0.4206,0.4185
2026-08-14,-67.14,137.65,0.4588,0.4155,0.458,0.4012,5.68,95.3,-18.3,0.3346,0.0911,3.4,0.4857,0.9812,0.4984,0.4605,0.4776
2026-08-14,-67.14,158.82,0.4262,0.4348,0.3937,0.4218,10.16,135.5,-15.2,0.3601,0.0676,4.8,0.4857,0.9812,0.3833,0.3635,0.4507
2026-08-14,-67.14,180.0,0.4068,0.4842,0.3903,0.4157,15.05,178.5,-15.2,0.4472,-0.2428,4.5,0.4857,0.9812,0.3165,0.4185,0.3586
2026-08-14,-65.71,-180.0,0.2578,0.3425,0.3218,0.2904,12.35,81.0,-11.5,0.22,0.2271,3.4,0.4286,0.9812,0.3916,0.2637,0.3455
2026-08-14,-65.71,-158.82,0.3106,0.3474,0.2573,0.3105,8.02,192.2,-15.2,0.0931,-0.0638,4.6,0.4286,0.9812,0.3318,0.3143,0.3405
2026-08-14,-65.71,-137.65,0.3505,0.2654,0.3224,0.2721,15.0,241.2,-21.7,0.1819,-0.0772,3.2,0.4286,0.9812,0.302,0.2563,0.2971
2026-08-14,-65.71,-116.47,0.213,0.2995,0.2681,0.2382,8.9,288.6,-14.1,0.1249,0.1119,3.2,0.4286,0.9812,0.3586,0.2852,0.3038
2026-08-14,-65.71,-95.29,0.2674,0.2946,0.2366,0.2471,16.8,145.4,-13.4,0.433,-0.1026,1.9,0.4286,0.9812,0.3091,0.2755,0.2273
2026-08-14,-65.71,-74.12,0.2759,0.3484,0.2824,0.3457,9.02,203.3,-11.4,0.1828,-0.0683,4.5,0.4286,0.9812,0.2784,0.2675,0.284
2026-08-14,-65.71,-52.94,0.3845,0.3187,0.3515,0.3551,9.98,161.4,-20.5,0.157,0.2017,4.8,0.4286,0.9812,0.3477,0.3846,0.3931
2026-08-14,-65.71,-31.76,0.3728,0.3082,0.3804,0.3557,6.4,296.2,-11.0,0.2166,-0.2464,3.3,0.4286,0.9812,0.384,0.3543,0.4188
2026-08-14,-65.71,-10.59,0.3545,0.4234,0.4048,0.403,11.61,334.5,-12.5,0.0915,0.2862,4.0,0.4286,0.9812,0.4649,0.4135,0.4178
2026-08-14,-65.71,10.59,0.4964,0.4547,0.4944,0.4655,16.58,357.7,-11.3,0.3332,0.0296,3.6,0.4286,0.9812,0.4602,0.4402,0.447
2026-08-14,-65.71,31.76,0.4721,0.4211,0.4076,0.3777,17.75,101.5,-19.0,0.148,-0.1078,4.0,0.4286,0.9812,0.4866,0.507,0.4443
2026-08-14,-65.71,52.94,0.5362,0.4662,0.4251,0.4262,10.19,176.2,-17.6,0.1193,-0.0021,2.6,0.4286,0.9812,0.5241,0.4557,0.5395
2026-08-14,-65.71,74.12,0.5308,0.5146,0.5276,0.524,17.8,31.3,-15.2,0.2276,-0.3337,2.3,0.4286,0.9812,0.4459,0.4605,0.4336
2026-08-14,-65.71,95.29,0.3991,0.443,0.4481,0.4844,12.27,192.5,-11.2,0.3468,0.1273,3.3,0.4286,0.9812,0.4614,0.3786,0.4557
2026-08-14,-65.71,116.47,0.4068,0.4922,0.4565,0.4078,8.62,175.2,-15.6,0.1633,0.1298,4.7,0.4286,0.9812,0.4315,0.4079,0.4717
2026-08-14,-65.71,137.65,0.3583,0.3546,0.3788,0.4292,10.49,214.7,-10.6,0.2117,-0.0409,6.1,0.4286,0.9812,0.4788,0.4404,0.4437
2026-08-14,-65.71,158.82,0.2972,0.3661,0.3911,0.3886,14.92,293.1,-8.4,0.4333,0.1197,4.1,0.4286,0.9812,0.41,0.3795,0.3694
2026-08-14,-65.71,180.0,0.2968,0.3476,0.4006,0.318,11.37,318.1,-14.6,0.0758,0.0674,3.6,0.4286,0.9812,0.3554,0.352,0.3496
2026-08-14,-64.29,-180.0,0.2557,0.2743,0.3004,0.2291,9.46,64.5,-16.8,0.1272,0.1553,4.2,0.3714,0.9812,0.3257,0.2582,0.3059
2026-08-14,-64.29,-158.82,0.1828,0.2827,0.2249,0.2344,5.3,211.2,-8.8,0.1204,0.098,4.3,0.3714,0.9812,0.2928,0.2108,0.2136
2026-08-14,-64.29,-137.65,0.2308,0.1757,0.173,0.2287,13.55,168.5,-12.4,0.3656,0.0342,4.8,0.3714,0.9812,0.2753,0.1996,0.348
2026-08-14,-64.29,-116.47,0.2719,0.1656,0.2667,0.2589,6.5,200.1,-12.6,0.2282,0.316,5.2,0.3714,0.9812,0.2869,0.2855,0.2866
2026-08-14,-64.29,-95.29,0.3137,0.2689,0.3068,0.2105,11.51,230.9,-13.5,0.1041,-0.0831,3.6,0.3714,0.9812,0.2685,0.2212,0.2618
2026-08-14,-64.29,-74.12,0.3028,0.2801,0.2638,0.2448,17.5,218.0,-14.4,0.2897,-0.0842,3.8,0.3714,0.9812,0.2043,0.1931,0.2304
2026-08-14,-64.29,-52.94,0.2864,0.2284,0.2543,0.3195,16.42,285.4,-14.4,0.3143,0.1124,4.3,0.3714,0.9812,0.2866,0.3402,0.2857
2026-08-14,-64.29,-31.76,0.304,0.2589,0.3522,0.3518,7.49,292.6,-16.0,0.3913,-0.1256,4.0,0.3714,0.9812,0.3776,0.3071,0.3559
2026-08-14,-64.29,-10.59,0.3354,0.3805,0.3897,0.4059,15.74,297.0,-17.3,0.4387,-0.132,4.0,0.3714,0.9812,0.3255,0.3746,0.3391
2026-08-14,-64.29,10.59,0.3341,0.3569,0.4468,0.3876,10.42,196.3,-15.8,0.2462,-0.1442,4.2,0.3714,0.9812,0.4925,0.3408,0.4154
2026-08-14,-64.29,31.76,0.3888,0.3785,0.4318,0.3423,12.74,62.0,-12.0,0.4422,0.0715,5.4,0.3714,0.9812,0.4624,0.4114,0.442
2026-08-14,-64.29,52.94,0.4386,0.3883,0.4385,0.3869,14.41,37.3,-6.7,0.2513,-0.0665,4.0,0.3714,0.9812,0.3997,0.3973,0.4342
2026-08-14,-64.29,74.12,0.4335,0.4945,0.467,0.3696,5.79,216.6,-12.8,0.4373,-0.1157,2.6,0.3714,0.9812,0.4126,0.3388,0.4785
2026-08-14,-64.29,95.29,0.4918,0.4635,0.3793,0.3732,7.86,30.7,-15.5,0.1553,0.0549,3.8,0.3714,0.9812,0.4187,0.4538,0.4978
2026-08-14,-64.29,116.47,0.4109,0.4189,0.3919,0.415,6.72,151.7,-14.5,0.4266,-0.0353,3.3,0.3714,0.9812,0.3923,0.4246,0.3434
2026-08-14,-64.29,137.65,0.4538,0.4049,0.3293,0.3934,10.47,143.3,-11.1,0.4474,-0.0185,4.7,0.3714,0.9812,0.3938,0.3301,0.3816
2026-08-14,-64.29,158.82,0.3564,0.2763,0.3419,0.2308,8.91,296.9,-16.0,0.1994,0.1606,3.8,0.3714,0.9812,0.3099,0.2758,0.3487
2026-08-14,-64.29,180.0,0.2512,0.2438,0.3276,0.3561,13.34,254.8,-9.8,0.3773,-0.1425,2.8,0.3714,0.9812,0.2379,0.3068,0.3455
2026-08-14,-62.86,-180.0,0.1807,0.2733,0.2512,0.2324,17.72,239.2,-9.8,0.3206,0.1852,6.0,0.3143,0.9812,0.227,0.1725,0.1859
2026-08-14,-62.86,-158.82,0.195,0.1609,0.2069,0.1499,11.64,90.0,-8.2,0.4433,0.0754,2.6,0.3143,0.9812,0.1443,0.1569,0.1521
2026-08-14,-62.86,-137.65,0.1627,0.1009,0.1291,0.15,5.56,293.4,-14.5,0.4435,-0.0072,5.8,0.3143,0.9812,0.236,0.1739,0.1707
2026-08-14,-62.86,-116.47,0.226,0.1439,0.0933,0.2262,12.61,268.5,-11.4,0.2796,0.1444,4.0,0.3143,0.9812,0.1553,0.1816,0.1884
2026-08-14,-62.86,-95.29,0.2187,0.1981,0.1542,0.2166,16.6,256.0,-9.0,0.132,0.0198,3.2,0.3143,0.9812,0.0873,0.1731,0.1973
2026-08-14,-62.86,-74.12,0.2089,0.1769,0.2238,0.233,12.49,127.0,-12.3,0.238,0.0282,3.7,0.3143,0.9812,0.2749,0.214,0.2342
2026-08-14,-62.86,-52.94,0.3465,0.2912,0.3032,0.2278,8.04,189.9,-15.7,0.2662,0.3558,5.8,0.3143,0.9812,0.252,0.2303,0.2632
2026-08-14,-62.86,-31.76,0.282,0.2768,0.2747,0.2452,9.43,345.7,-7.3,0.3583,0.0111,6.2,0.3143,0.9812,0.2359,0.3142,0.189
2026-08-14,-62.86,-10.59,0.2532,0.3302,0.355,0.3383,12.96,163.3,-4.9,0.3189,0.1825,4.6,0.3143,0.9812,0.3171,0.2541,0.3384
2026-08-14,-62.86,10.59,0.3642,0.406,0.3913,0.3271,16.21,161.1,-6.3,0.2278,-0.1584,5.6,0.3143,0.9812,0.3745,0.2935,0.4014
2026-08-14,-62.86,31.76,0.4086,0.401,0.2683,0.3749,15.62,17.2,-12.6,0.1402,0.249,3.6,0.3143,0.9812,0.4179,0.3421,0.3423
2026-08-14,-62.86,52.94,0.4356,0.383,0.432,0.4213,11.16,158.6,-13.8,0.1541,0.0007,4.2,0.3143,0.9812,0.4479,0.4135,0.5029
2026-08-14,-62.86,74.12,0.3426,0.4422,0.3647,0.3542,16.71,177.8,-9.9,0.1127,0.1788,5.7,0.3143,0.9812,0.4135,0.3589,0.4502
2026-08-14,-62.86,95.29,0.2889,0.2957,0.2854,0.3253,8.22,214.4,-10.7,0.2988,0.0522,3.8,0.3143,0.9812,0.3266,0.3271,0.3406
2026-08-14,-62.86,116.47,0.3278,0.3069,0.3602,0.3434,8.09,211.4,-11.2,0.1055,0.3811,5.4,0.3143,0.9812,0.3103,0.2808,0.2826
2026-08-14,-62.86,137.65,0.3049,0.2777,0.381,0.3042,8.72,130.1,-14.0,0.3695,0.0441,4.6,0.3143,0.9812,0.3444,0.2986,0.3401
2026-08-14,-62.86,158.82,0.2552,0.2367,0.3412,0.2199,7.57,355.9,-11.6,0.1927,-0.0565,4.5,0.3143,0.9812,0.2822,0.1941,0.1982
2026-08-14,-62.86,180.0,0.2378,0.2169,0.203,0.2005,14.61,42.5,-12.5,0.1439,-0.1618,4.2,0.3143,0.9812,0.2294,0.1453,0.2377
2026-08-14,-61.43,-180.0,0.1176,0.1395,0.1656,0.1692,5.06,37.2,-10.3,0.1654,-0.0138,3.9,0.2571,0.9812,0.2647,0.2537,0.1618
2026-08-14,-61.43,-158.82,0.2121,0.1764,0.2053,0.1616,10.85,173.6,-7.8,0.124,0.1597,4.4,0.2571,0.9812,0.193,0.1407,0.1559
2026-08-14,-61.43,-137.65,0.1731,0.1162,0.1241,0.1812,8.19,238.3,-7.2,0.1299,-0.1287,5.4,0.2571,0.9812,0.1179,0.1241,0.1611
2026-08-14,-61.43,-116.47,0.1431,0.1299,0.0825,0.131,17.82,350.3,-9.2,0.3286,-0.0354,5.9,0.2571,0.9812,0.0675,0.1999,0.225
2026-08-14,-61.43,-95.29,0.1199,0.1382,0.178,0.1384,14.37,75.0,-7.0,0.2782,-0.0584,5.9,0.2571,0.9812,0.2521,0.0874,0.16
2026-08-14,-61.43,-74.12,0.1954,0.2069,0.1297,0.1826,9.48,40.3,-15.5,0.3442,0.3971,4.7,0.2571,0.9812,0.1869,0.1646,0.1553
2026-08-14,-61.43,-52.94,0.1805,0.1151,0.2105,0.1952,7.79,7.2,-9.3,0.2981,0.2116,4.0,0.2571,0.9812,0.1833,0.1719,0.2294
2026-08-14,-61.43,-31.76,0.2401,0.2579,0.2275,0.2328,7.73,223.8,-11.3,0.1373,0.0804,3.4,0.2571,0.9812,0.2366,0.2236,0.2408
2026-08-14,-61.43,-10.59,0.2908,0.2037,0.1906,0.292,16.68,311.4,-18.1,0.4291,-0.1613,6.6,0.2571,0.9812,0.2791,0.2514,0.2936
2026-08-14,-61.43,10.59,0.3073,0.2351,0.3358,0.22,11.48,32.5,-7.5,0.3226,0.2866,6.1,0.2571,0.9812,0.2845,0.3521,0.3128
2026-08-14,-61.43,31.76,0.3718,0.3556,0.3471,0.2693,13.22,341.4,-12.6,0.1806,0.0094,4.9,0.2571,0.9812,0.2753,0.2784,0.2796
2026-08-14,-61.43,52.94,0.3134,0.2903,0.3874,0.2669,17.69,203.0,-10.8,0.1886,-0.1627,6.5,0.2571,0.9812,0.3579,0.2976,0.3363
2026-08-14,-61.43,74.12,0.3346,0.3169,0.3499,0.356,8.58,229.0,-5.4,0.414,0.0796,5.7,0.2571,0.9812,0.3453,0.2919,0.3048
2026-08-14,-61.43,95.29,0.3356,0.3937,0.3102,0.2995,6.81,304.3,-9.9,0.2528,-0.2389,5.1,0.2571,0.9812,0.3065,0.3415,0.3483
2026-08-14,-61.43,116.47,0.3703,0.2917,0.3373,0.3465,10.75,180.7,-11.8,0.1004,0.2694,6.8,0.2571,0.9812,0.2857,0.2712,0.2504
2026-08-14,-61.43,137.65,0.2715,0.3163,0.2496,0.248,15.17,147.1,-9.1,0.4143,-0.0883,4.4,0.2571,0.9812,0.3055,0.2428,0.3202
2026-08-14,-61.43,158.82,0.176,0.2176,0.2184,0.2488,6.13,147.6,-8.2,0.377,-0.0427,6.6,0.2571,0.9812,0.2011,0.2189,0.2051
2026-08-14,-61.43,180.0,0.2335,0.1636,0.2161,0.1401,12.4,292.7,-14.3,0.1357,-0.0274,5.0,0.2571,0.9812,0.1522,0.1572,0.0963
2026-08-14,-60.0,-180.0,0.1325,0.1275,0.1707,0.1174,8.19,128.4,-8.8,0.4453,-0.0687,5.1,0.2,0.9812,0.1951,0.1656,0.0677
2026-08-14,-60.0,-158.82,0.0713,0.0409,0.0857,0.1489,12.23,342.7,-9.3,0.0814,0.0796,5.5,0.2,0.9812,0.1588,0.127,0.1169
2026-08-14,-60.0,-137.65,0.0,0.0442,0.0635,0.0822,16.65,120.4,-11.6,0.1613,-0.2046,7.7,0.2,0.9812,0.1275,0.1245,0.1032
2026-08-14,-60.0,-116.47,0.0595,0.0226,0.0414,0.0419,7.46,244.7,-10.7,0.313,0.1308,6.5,0.2,0.9812,0.0336,0.078,0.0925
2026-08-14,-60.0,-95.29,0.0964,0.0821,0.1565,0.0885,7.48,270.1,-8.6,0.3632,-0.1378,5.9,0.2,0.9812,0.0784,0.0736,0.1126
2026-08-14,-60.0,-74.12,0.1172,0.0952,0.1258,0.0742,16.69,60.3,-7.0,0.0808,-0.2985,6.4,0.2,0.9812,0.0741,0.0276,0.0892
2026-08-14,-60.0,-52.94,0.1289,0.1327,0.2058,0.1853,13.01,55.7,-5.1,0.3788,-0.1074,6.3,0.2,0.9812,0.1528,0.1926,0.1237
2026-08-14,-60.0,-31.76,0.1667,0.1055,0.1376,0.2111,14.05,102.6,-7.2,0.3125,-0.4367,6.6,0.2,0.9812,0.2209,0.1959,0.1672
2026-08-14,-60.0,-10.59,0.2564,0.2021,0.2127,0.1526,10.32,183.4,-10.0,0.4191,-0.3946,7.1,0.2,0.9812,0.2303,0.2225,0.2146
2026-08-14,-60.0,10.59,0.2839,0.2225,0.2067,0.2408,10.9,142.5,-13.3,0.068,-0.089,7.2,0.2,0.9812,0.1637,0.1928,0.2254
2026-08-14,-60.0,31.76,0.375,0.2482,0.2369,0.3233,9.6,47.5,-5.3,0.4087,-0.0043,5.8,0.2,0.9812,0.2445,0.306,0.3187
2026-08-14,-60.0,52.94,0.3175,0.2868,0.2724,0.2082,12.03,138.4,-6.6,0.2846,0.0606,6.2,0.2,0.9812,0.273,0.2949,0.2402
2026-08-14,-60.0,74.12,0.2669,0.2942,0.2474,0.3602,10.49,88.7,-8.8,0.4198,0.0072,5.4,0.2,0.9812,0.204,0.2362,0.3153
2026-08-14,-60.0,95.29,0.2487,0.3037,0.2707,0.264,11.97,125.4,-8.8,0.2414,-0.2615,5.9,0.2,0.9812,0.2432,0.2691,0.2615
2026-08-14,-60.0,116.47,0.2172,0.2608,0.1464,0.2405,11.5,77.1,-8.4,0.3796,-0.0671,4.9,0.2,0.9812,0.2853,0.2338,0.216
2026-08-14,-60.0,137.65,0.1892,0.1491,0.195,0.2162,11.44,173.2,-9.0,0.0501,-0.0432,5.1,0.2,0.9812,0.1748,0.1905,0.222
2026-08-14,-60.0,158.82,0.1707,0.1017,0.1849,0.1612,12.03,218.4,-15.5,0.1428,0.388,6.4,0.2,0.9812,0.1508,0.0911,0.1901
2026-08-14,-60.0,180.0,0.1252,0.1,0.1184,0.1427,9.16,94.2,-10.2,0.206,-0.0559,4.9,0.2,0.9812,0.0892,0.1336,0.1959
2026-08-15,-80.0,-180.0,0.8553,0.8139,0.855,0.8841,10.39,198.9,-24.1,0.2149,0.0051,-2.3,1.0,0.9787,0.837,0.9073,0.8095
2026-08-15,-80.0,-158.82,0.7841,0.793,0.7638,0.859,7.69,280.7,-29.9,0.2614,-0.149,-3.3,1.0,0.9787,0.7685,0.8802,0.8131
2026-08-15,-80.0,-137.65,0.7426,0.8463,0.8364,0.8065,12.65,288.0,-25.1,0.3685,-0.0541,-2.1,1.0,0.9787,0.7864,0.7712,0.7636
2026-08-15,-80.0,-116.47,0.9009,0.7394,0.7165,0.8181,13.61,222.0,-24.8,0.2652,-0.3169,-2.8,1.0,0.9787,0.7666,0.7962,0.7774
2026-08-15,-80.0,-95.29,0.7893,0.776,0.7926,0.8187,14.81,144.9,-27.3,0.2915,-0.0161,-2.4,1.0,0.9787,0.8244,0.8021,0.7296
2026-08-15,-80.0,-74.12,0.8146,0.778,0.8168,0.8033,8.64,155.8,-29.0,0.3544,0.3259,-1.8,1.0,0.9787,0.7972,0.8324,0.8316
2026-08-15,-80.0,-52.94,0.9299,0.8772,0.8819,0.8658,9.35,267.9,-24.6,0.2065,0.0848,-1.0,1.0,0.9787,0.8682,0.8533,0.9123
2026-08-15,-80.0,-31.76,0.8746,0.8287,0.8728,0.8834,7.93,34.3,-26.3,0.188,-0.0688,-4.1,1.0,0.9787,0.8469,0.8085,0.8331
2026-08-15,-80.0,-10.59,0.9047,1.0,1.0,0.8528,17.14,262.8,-28.6,0.404,-0.092,-1.4,1.0,0.9787,0.987,0.9897,0.9131
2026-08-15,-80.0,10.59,0.9089,0.9383,1.0,0.8732,15.37,128.1,-22.5,0.0974,0.2276,-1.1,1.0,0.9787,1.0,0.9284,0.9137
2026-08-15,-80.0,31.76,0.9699,1.0,0.9853,1.0,13.01,102.8,-26.3,0.1231,0.028,-2.0,1.0,0.9787,1.0,0.9622,0.93
2026-08-15,-80.0,52.94,0.9767,0.9623,0.9755,0.9655,13.81,304.9,-23.6,0.1582,-0.0307,-3.2,1.0,0.9787,0.9836,0.9468,1.0
2026-08-15,-80.0,74.12,0.9531,0.9642,0.938,1.0,12.34,47.4,-24.7,0.0528,0.2407,-3.0,1.0,0.9787,1.0,1.0,0.9723
2026-08-15,-80.0,95.29,0.924,1.0,0.9801,1.0,10.0,198.4,-27.1,0.1441,-0.1447,-1.3,1.0,0.9787,0.9286,1.0,0.9664
2026-08-15,-80.0,116.47,1.0,0.8738,0.9206,0.9463,9.08,345.1,-27.4,0.427,0.276,-2.6,1.0,0.9787,1.0,0.954,1.0
2026-08-15,-80.0,137.65,0.9088,0.9628,0.9181,0.9272,6.83,56.5,-26.6,0.2389,-0.1427,-1.6,1.0,0.9787,0.9154,0.9522,0.9065
2026-08-15,-80.0,158.82,0.8587,0.8909,0.8565,0.8845,9.63,98.5,-18.1,0.0948,0.1803,-2.9,1.0,0.9787,0.8796,0.8471,0.905
2026-08-15,-80.0,180.0,0.8534,0.8289,0.8479,0.8463,8.77,82.3,-19.0,0.2999,-0.0351,-3.2,1.0,0.9787,0.8093,0.8492,0.8706
2026-08-15,-78.57,-180.0,0.707,0.7484,0.7238,0.8572,12.79,355.9,-22.3,0.3238,0.1937,-2.2,0.9429,0.9787,0.7712,0.7942,0.7713
2026-08-15,-78.57,-158.82,0.76,0.7712,0.7669,0.8552,6.85,145.1,-19.8,0.4258,-0.1961,-1.0,0.9429,0.9787,0.757,0.7314,0.7843
2026-08-15,-78.57,-137.65,0.7529,0.7776,0.7631,0.7452,7.22,359.1,-24.7,0.197,0.144,-1.6,0.9429,0.9787,0.8849,0.7603,0.6863
2026-08-15,-78.57,-116.47,0.7152,0.8103,0.7537,0.7786,12.02,359.1,-18.5,0.1296,0.1276,-2.5,0.9429,0.9787,0.6713,0.721,0.6995
2026-08-15,-78.57,-95.29,0.7889,0.7463,0.8873,0.6967,6.63,210.8,-25.3,0.1267,0.1444,-0.7,0.9429,0.9787,0.7185,0.7843,0.7393
2026-08-15,-78.57,-74.12,0.7963,0.7262,0.8072,0.7257,5.66,116.8,-23.1,0.3492,0.0133,0.9,0.9429,0.9787,0.7786,0.7159,0.7503
2026-08-15,-78.57,-52.94,0.8082,0.7977,0.7469,0.804,6.7,166.6,-21.3,0.0676,-0.0255,-2.8,0.9429,0.9787,0.7604,0.7101,0.87
2026-08-15,-78.57,-31.76,0.8685,0.8154,0.8263,0.7762,9.92,39.8,-23.8,0.2261,0.0154,-2.8,0.9429,0.9787,0.8916,0.8505,0.8734
2026-08-15,-78.57,-10.59,0.8552,0.8599,0.8468,0.8512,10.69,25.9,-16.5,0.2503,0.2458,-2.0,0.9429,0.9787,0.8167,0.824,0.9604
2026-08-15,-78.57,10.59,0.9486,0.8428,0.8907,0.9681,14.93,349.8,-23.6,0.1105,0.0109,-1.9,0.9429,0.9787,0.9373,0.9199,0.835
2026-08-15,-78.57,31.76,0.9378,0.911,0.9207,0.883,10.96,54.1,-28.3,0.1871,0.0827,-1.7,0.9429,0.9787,0.9206,0.8929,0.9102
2026-08-15,-78.57,52.94,0.9252,0.8723,0.9887,0.961,15.34,162.1,-30.3,0.1036,-0.0275,-0.1,0.9429,0.9787,0.8639,0.9086,0.9238
2026-08-15,-78.57,74.12,0.937,1.0,0.9453,0.9291,11.49,25.2,-20.6,0.09,0.023,-3.1,0.9429,0.9787,0.9118,0.9991,0.893
2026-08-15,-78.57,95.29,0.9532,0.9285,0.9568,0.9134,15.1,82.6,-22.9,0.4352,0.0287,-3.2,0.9429,0.9787,0.9271,0.9443,0.9751
2026-08-15,-78.57,116.47,0.9746,0.9037,0.854,0.9354,14.2,167.3,-19.5,0.102,-0.0121,-1.9,0.9429,0.9787,0.8857,0.8741,0.9273
2026-08-15,-78.57,137.65,0.8667,0.8843,0.8653,0.8725,8.09,231.7,-23.4,0.0603,-0.1002,-0.4,0.9429,0.9787,0.848,0.8953,0.7941
2026-08-15,-78.57,158.82,0.7215,0.7834,0.856,0.8106,14.84,66.2,-22.3,0.3709,0.3808,-0.4,0.9429,0.9787,0.8362,0.7868,0.7943
2026-08-15,-78.57,180.0,0.7735,0.7854,0.7405,0.8348,7.19,75.3,-23.9,0.2796,-0.202,-2.2,0.9429,0.9787,0.78,0.8116,0.7217
2026-08-15,-77.14,-180.0,0.7085,0.7873,0.7076,0.7549,7.07,154.2,-22.3,0.123,-0.0727,-0.7,0.8857,0.9787,0.7305,0.7279,0.7214
2026-08-15,-77.14,-158.82,0.7001,0.7476,0.735,0.6674,14.29,184.6,-24.2,0.2584,-0.0777,0.3,0.8857,0.9787,0.7796,0.7285,0.7334
2026-08-15,-77.14,-137.65,0.7474,0.6789,0.7011,0.721,5.2,200.2,-23.5,0.2073,0.1431,-0.7,0.8857,0.9787,0.6896,0.6863,0.6994
2026-08-15,-77.14,-116.47,0.6265,0.6897,0.7178,0.7389,10.53,165.4,-20.9,0.402,0.1083,-0.6,0.8857,0.9787,0.7123,0.683,0.7054
2026-08-15,-77.14,-95.29,0.7081,0.7119,0.7563,0.7346,6.46,79.0,-23.0,0.2587,-0.0689,-0.9,0.8857,0.9787,0.6488,0.7123,0.6752
2026-08-15,-77.14,-74.12,0.7526,0.6611,0.7187,0.706,12.76,356.1,-24.8,0.4013,0.0333,0.7,0.8857,0.9787,0.6755,0.6177,0.7036
2026-08-15,-77.14,-52.94,0.7295,0.6773,0.7921,0.7801,5.52,207.8,-19.2,0.309,0.1105,-0.2,0.8857,0.9787,0.8144,0.723,0.7561
2026-08-15,-77.14,-31.76,0.7937,0.785,0.788,0.874,11.26,266.0,-21.4,0.2638,-0.0156,-1.5,0.8857,0.9787,0.7163,0.749,0.7331
2026-08-15,-77.14,-10.59,0.8308,0.8518,0.8349,0.7729,14.6,227.9,-17.8,0.136,0.1508,-0.5,0.8857,0.9787,0.8022,0.7938,0.7818
2026-08-15,-77.14,10.59,0.8245,0.7969,0.8257,0.8553,16.39,121.2,-20.1,0.2609,-0.1145,-2.0,0.8857,0.9787,0.8478,0.8668,0.843
2026-08-15,-77.14,31.76,0.8944,0.8795,0.8491,0.8812,9.31,266.1,-19.9,0.3436,-0.0711,-1.5,0.8857,0.9787,0.891,0.9023,0.8659
2026-08-15,-77.14,52.94,0.8547,0.8867,0.9097,0.9266,14.97,78.4,-22.6,0.2645,0.0989,-1.5,0.8857,0.9787,0.8638,0.8719,0.872
2026-08-15,-77.14,74.12,0.888,0.8589,0.8468,0.8313,12.81,27.3,-26.8,0.1834,-0.0623,0.2,0.8857,0.9787,0.9044,0.8763,0.915
2026-08-15,-77.14,95.29,0.8959,0.8573,0.9236,0.8878,17.93,137.5,-24.3,0.3849,-0.3663,-0.1,0.8857,0.9787,0.9195,0.8554,0.9001
2026-08-15,-77.14,116.47,0.8308,0.8526,0.8367,0.8553,10.06,260.0,-16.0,0.0994,-0.0206,0.0,0.8857,0.9787,0.8355,0.8383,0.8816
2026-08-15,-77.14,137.65,0.8272,0.8423,0.7475,0.8323,17.72,131.7,-21.1,0.1941,0.1276,-0.7,0.8857,0.9787,0.8425,0.8426,0.8075
2026-08-15,-77.14,158.82,0.7923,0.7915,0.7843,0.7442,12.41,28.1,-22.2,0.1375,-0.1922,-1.0,0.8857,0.9787,0.8165,0.7493,0.7777
2026-08-15,-77.14,180.0,0.7374,0.7997,0.6566,0.7479,11.79,87.0,-29.4,0.4348,0.2721,-2.9,0.8857,0.9787,0.7368,0.7534,0.7886
2026-08-15,-75.71,-180.0,0.7459,0.7385,0.6393,0.6966,11.42,330.0,-21.8,0.3659,0.0277,-0.5,0.8286,0.9787,0.7131,0.7136,0.7015
2026-08-15,-75.71,-158.82,0.6363,0.6234,0.6608,0.6348,9.16,235.8,-23.8,0.2288,-0.0928,0.6,0.8286,0.9787,0.5878,0.678,0.6157
2026-08-15,-75.71,-137.65,0.6333,0.6414,0.6614,0.6226,14.07,22.1,-25.8,0.3703,-0.0996,-0.9,0.8286,0.9787,0.705,0.6508,0.5906
2026-08-15,-75.71,-116.47,0.5673,0.6735,0.5962,0.6956,15.77,292.2,-25.8,0.1598,0.0453,-0.8,0.8286,0.9787,0.6755,0.6223,0.6301
2026-08-15,-75.71,-95.29,0.674,0.6483,0.6475,0.6836,8.56,328.4,-18.5,0.1816,-0.0177,-1.6,0.8286,0.9787,0.6551,0.6982,0.5927
2026-08-15,-75.71,-74.12,0.6479,0.6908,0.6373,0.6142,5.46,24.5,-23.5,0.2536,-0.0494,1.0,0.8286,0.9787,0.683,0.6166,0.7573
2026-08-15,-75.71,-52.94,0.7809,0.6728,0.7086,0.6898,17.14,221.5,-21.8,0.179,-0.0901,-0.3,0.8286,0.9787,0.6696,0.75,0.69
2026-08-15,-75.71,-31.76,0.7682,0.6506,0.7972,0.7183,17.72,18.7,-20.1,0.0762,-0.195,-0.2,0.8286,0.9787,0.7077,0.7271,0.7857
2026-08-15,-75.71,-10.59,0.6945,0.7007,0.7974,0.7278,6.29,54.8,-23.8,0.073,-0.0196,1.6,0.8286,0.9787,0.7453,0.7594,0.8058
2026-08-15,-75.71,10.59,0.7549,0.7872,0.7862,0.7824,5.94,275.9,-23.0,0.1654,0.073,-2.2,0.8286,0.9787,0.8092,0.7209,0.8855
2026-08-15,-75.71,31.76,0.8013,0.8488,0.8404,0.8198,8.0,52.7,-19.9,0.2332,-0.1953,0.6,0.8286,0.9787,0.8746,0.8197,0.8406
2026-08-15,-75.71,52.94,0.8268,0.9248,0.9391,0.8469,15.83,224.4,-25.4,0.257,-0.0151,-0.7,0.8286,0.9787,0.847,0.8548,0.8996
2026-08-15,-75.71,74.12,0.8107,0.7836,0.9161,0.8179,15.24,300.1,-19.6,0.4394,0.2499,-0.5,0.8286,0.9787,0.927,0.8444,0.828
2026-08-15,-75.71,95.29,0.7936,0.8801,0.8477,1.0,16.04,134.5,-23.3,0.3413,-0.0885,0.5,0.8286,0.9787,0.8372,0.8256,0.8433
2026-08-15,-75.71,116.47,0.7804,0.818,0.7577,0.7931,12.72,107.8,-20.2,0.1811,0.094,0.1,0.8286,0.9787,0.8478,0.8177,0.7262
2026-08-15,-75.71,137.65,0.7373,0.7769,0.7277,0.7928,14.98,78.4,-18.8,0.1853,-0.3044,-1.1,0.8286,0.9787,0.7728,0.7213,0.7274
2026-08-15,-75.71,158.82,0.7779,0.7373,0.7621,0.6565,12.33,175.6,-19.7,0.2722,-0.087,-1.0,0.8286,0.9787,0.7253,0.7389,0.7478
2026-08-15,-75.71,180.0,0.7967,0.6458,0.6434,0.706,9.48,231.4,-17.1,0.3016,0.0512,-0.2,0.8286,0.9787,0.6903,0.6857,0.6192
2026-08-15,-74.29,-180.0,0.602,0.5789,0.6508,0.5892,8.79,22.9,-12.5,0.3903,0.2157,1.4,0.7714,0.9787,0.5799,0.6486,0.6597
2026-08-15,-74.29,-158.82,0.7073,0.6545,0.5584,0.6412,13.37,357.4,-20.3,0.3772,-0.065,0.5,0.7714,0.9787,0.61,0.626,0.6283
2026-08-15,-74.29,-137.65,0.6019,0.5928,0.6249,0.6242,15.77,22.5,-16.9,0.2522,-0.0079,0.2,0.7714,0.9787,0.5505,0.5681,0.6204
2026-08-15,-74.29,-116.47,0.6025,0.5496,0.5986,0.5598,8.63,189.5,-21.6,0.4358,0.2466,-0.1,0.7714,0.9787,0.5987,0.5723,0.5231
2026-08-15,-74.29,-95.29,0.6105,0.6509,0.5906,0.6206,12.98,317.7,-23.5,0.2291,0.0049,0.4,0.7714,0.9787,0.5932,0.5489,0.5889
2026-08-15,-74.29,-74.12,0.6206,0.6174,0.6476,0.5974,14.55,101.1,-22.6,0.2508,0.2184,-0.2,0.7714,0.9787,0.647,0.5975,0.729
2026-08-15,-74.29,-52.94,0.6577,0.6367,0.5569,0.5673,7.07,76.1,-20.5,0.1486,-0.1859,1.4,0.7714,0.9787,0.6476,0.6232,0.6989
2026-08-15,-74.29,-31.76,0.6821,0.7244,0.6749,0.6475,7.76,164.4,-20.2,0.1947,-0.2067,0.4,0.7714,0.9787,0.7455,0.6979,0.7174
2026-08-15,-74.29,-10.59,0.7287,0.7395,0.7086,0.704,15.28,14.6,-18.1,0.3855,0.3107,2.0,0.7714,0.9787,0.7156,0.7703,0.7308
2026-08-15,-74.29,10.59,0.7486,0.7653,0.6432,0.7726,10.95,173.1,-19.5,0.2747,0.0559,0.0,0.7714,0.9787,0.7646,0.7274,0.776
2026-08-15,-74.29,31.76,0.8741,0.6736,0.7146,0.7839,6.27,172.3,-24.9,0.3196,-0.083,-1.2,0.7714,0.9787,0.8608,0.7672,0.7827
2026-08-15,-74.29,52.94,0.743,0.8362,0.7906,0.7971,11.35,186.9,-27.5,0.0918,0.2595,0.7,0.7714,0.9787,0.7878,0.7623,0.8135
2026-08-15,-74.29,74.12,0.7631,0.8315,0.7707,0.8122,11.58,90.7,-18.4,0.1024,-0.0713,1.2,0.7714,0.9787,0.7291,0.8135,0.8581
2026-08-15,-74.29,95.29,0.8133,0.8084,0.7537,0.8157,15.3,15.0,-19.9,0.3442,-0.2247,0.8,0.7714,0.9787,0.716,0.7629,0.7464
2026-08-15,-74.29,116.47,0.7208,0.7106,0.7836,0.7181,14.6,94.5,-20.9,0.1285,0.2235,0.6,0.7714,0.9787,0.6956,0.7554,0.772
2026-08-15,-74.29,137.65,0.6469,0.6698,0.7302,0.769,6.43,255.7,-17.4,0.1829,0.0216,0.4,0.7714,0.9787,0.7668,0.7617,0.748
2026-08-15,-74.29,158.82,0.7155,0.6742,0.7155,0.6663,12.83,273.6,-20.5,0.0726,-0.0578,0.9,0.7714,0.9787,0.6661,0.6548,0.613
2026-08-15,-74.29,180.0,0.6567,0.6445,0.6022,0.5866,6.51,0.7,-20.0,0.151,0.0544,-0.1,0.7714,0.9787,0.6193,0.6277,0.6379
2026-08-15,-72.86,-180.0,0.6282,0.5709,0.6297,0.6181,11.7,120.4,-21.9,0.1135,-0.0621,2.0,0.7143,0.9787,0.5143,0.5609,0.5865
2026-08-15,-72.86,-158.82,0.546,0.5637,0.5984,0.5203,6.31,173.4,-17.5,0.3769,-0.0606,-0.6,0.7143,0.9787,0.5459,0.5505,0.5547
2026-08-15,-72.86,-137.65,0.5753,0.4751,0.5308,0.5455,16.38,84.8,-16.4,0.3958,0.2541,2.0,0.7143,0.9787,0.5818,0.5764,0.5225
2026-08-15,-72.86,-116.47,0.5201,0.5636,0.5544,0.5299,6.65,253.0,-20.4,0.1182,0.0046,0.3,0.7143,0.9787,0.6069,0.4785,0.4989
2026-08-15,-72.86,-95.29,0.5223,0.5579,0.5233,0.538,16.54,116.2,-18.4,0.2406,-0.1938,0.8,0.7143,0.9787,0.493,0.5741,0.5536
2026-08-15,-72.86,-74.12,0.5917,0.5695,0.5761,0.5998,15.35,101.3,-24.0,0.0798,0.1037,1.1,0.7143,0.9787,0.5945,0.5242,0.5754
2026-08-15,-72.86,-52.94,0.6432,0.6336,0.5514,0.605,11.99,19.3,-22.5,0.3061,-0.0044,-0.6,0.7143,0.9787,0.6085,0.5864,0.606
2026-08-15,-72.86,-31.76,0.5799,0.6546,0.6594,0.6775,9.24,270.5,-18.0,0.4118,0.2305,2.8,0.7143,0.9787,0.6225,0.6275,0.6563
2026-08-15,-72.86,-10.59,0.6402,0.6687,0.6675,0.6435,16.29,262.4,-22.2,0.3882,-0.1015,1.5,0.7143,0.9787,0.6815,0.6605,0.681
2026-08-15,-72.86,10.59,0.6894,0.7108,0.698,0.632,10.35,153.0,-23.0,0.4417,-0.0024,2.0,0.7143,0.9787,0.7365,0.775,0.7179
2026-08-15,-72.86,31.76,0.7276,0.7391,0.7811,0.705,16.03,248.7,-22.3,0.2946,-0.1061,1.3,0.7143,0.9787,0.7194,0.7508,0.7351
2026-08-15,-72.86,52.94,0.7187,0.7222,0.7496,0.7552,9.0,101.6,-19.3,0.3374,-0.037,2.0,0.7143,0.9787,0.7523,0.7372,0.7569
2026-08-15,-72.86,74.12,0.7385,0.6359,0.7248,0.7059,17.28,118.6,-16.3,0.071,-0.1286,0.7,0.7143,0.9787,0.6708,0.7484,0.7357
2026-08-15,-72.86,95.29,0.7269,0.7629,0.7981,0.7138,15.7,342.9,-18.7,0.2827,0.1139,2.0,0.7143,0.9787,0.7427,0.7103,0.6382
2026-08-15,-72.86,116.47,0.6339,0.6751,0.6731,0.7241,15.02,328.8,-18.9,0.1992,-0.151,2.3,0.7143,0.9787,0.7242,0.7209,0.7398
2026-08-15,-72.86,137.65,0.7194,0.7017,0.698,0.6351,15.76,71.2,-20.3,0.2748,-0.0521,-0.3,0.7143,0.9787,0.6215,0.6679,0.6195
2026-08-15,-72.86,158.82,0.6434,0.5932,0.5914,0.6405,10.46,9.6,-17.8,0.2278,0.0439,0.4,0.7143,0.9787,0.5737,0.5802,0.6471
2026-08-15,-72.86,180.0,0.6121,0.6161,0.548,0.5918,6.67,171.6,-20.5,0.3269,-0.1074,1.9,0.7143,0.9787,0.6949,0.5537,0.5569
2026-08-15,-71.43,-180.0,0.4913,0.5866,0.493,0.5565,16.78,54.1,-15.2,0.3119,-0.1238,2.9,0.6571,0.9787,0.524,0.5116,0.5333
2026-08-15,-71.43,-158.82,0.4914,0.4708,0.5448,0.4573,17.17,328.6,-15.2,0.3661,-0.2261,0.5,0.6571,0.9787,0.5799,0.4814,0.5135
2026-08-15,-71.43,-137.65,0.4312,0.5079,0.4723,0.519,15.49,210.3,-23.3,0.1823,0.1089,0.8,0.6571,0.9787,0.4988,0.4867,0.4888
2026-08-15,-71.43,-116.47,0.5105,0.5311,0.5238,0.5078,12.36,281.2,-16.4,0.2524,-0.0346,3.1,0.6571,0.9787,0.5141,0.4449,0.4808
2026-08-15,-71.43,-95.29,0.4577,0.4693,0.4881,0.5127,9.19,232.5,-21.7,0.0986,-0.0727,0.1,0.6571,0.9787,0.5491,0.4577,0.522
2026-08-15,-71.43,-74.12,0.5486,0.5887,0.5203,0.4677,14.25,181.3,-14.9,0.3487,-0.1482,1.1,0.6571,0.9787,0.5409,0.5644,0.534
2026-08-15,-71.43,-52.94,0.5318,0.5124,0.5101,0.6543,7.38,174.7,-19.1,0.3268,0.3231,0.4,0.6571,0.9787,0.4787,0.5237,0.6022
2026-08-15,-71.43,-31.76,0.506,0.5219,0.59,0.5603,9.01,150.1,-20.4,0.1975,0.0623,0.7,0.6571,0.9787,0.5841,0.5548,0.6026
2026-08-15,-71.43,-10.59,0.6031,0.5987,0.7039,0.6011,9.05,28.5,-20.9,0.3659,0.3009,2.9,0.6571,0.9787,0.6263,0.5903,0.6337
2026-08-15,-71.43,10.59,0.6806,0.7134,0.6654,0.6115,6.64,291.6,-20.2,0.1227,0.208,2.6,0.6571,0.9787,0.6201,0.6235,0.6503
2026-08-15,-71.43,31.76,0.7204,0.6612,0.7208,0.6425,7.87,93.2,-22.8,0.3908,0.038,0.1,0.6571,0.9787,0.5704,0.6008,0.6502
2026-08-15,-71.43,52.94,0.694,0.7218,0.6728,0.6387,17.39,182.3,-22.4,0.1587,-0.1717,1.6,0.6571,0.9787,0.7002,0.6779,0.6873
2026-08-15,-71.43,74.12,0.7419,0.6974,0.7455,0.6405,10.74,123.9,-18.1,0.138,-0.1555,-0.0,0.6571,0.9787,0.7185,0.6764,0.6674
2026-08-15,-71.43,95.29,0.628,0.6538,0.6402,0.6574,8.38,173.6,-18.4,0.2536,-0.1856,1.6,0.6571,0.9787,0.6553,0.657,0.6241
2026-08-15,-71.43,116.47,0.6502,0.6135,0.657,0.6113,7.99,191.4,-14.6,0.3337,-0.1938,3.3,0.6571,0.9787,0.6218,0.6391,0.6347
2026-08-15,-71.43,137.65,0.6306,0.6368,0.6442,0.6184,16.11,23.5,-18.5,0.2333,0.1113,2.4,0.6571,0.9787,0.6553,0.6204,0.6069
2026-08-15,-71.43,158.82,0.5959,0.5834,0.5979,0.6113,16.05,80.2,-16.1,0.2031,0.0688,2.1,0.6571,0.9787,0.4928,0.586,0.5292
2026-08-15,-71.43,180.0,0.6121,0.524,0.5408,0.6033,13.14,58.7,-17.6,0.1006,-0.2669,-0.2,0.6571,0.9787,0.5001,0.4768,0.498
2026-08-15,-70.0,-180.0,0.5023,0.5276,0.4666,0.5231,8.63,215.5,-25.4,0.1808,0.1483,2.1,0.6,0.9787,0.5043,0.59,0.4899
2026-08-15,-70.0,-158.82,0.4379,0.4047,0.469,0.5133,9.31,345.7,-16.5,0.2675,-0.2258,1.3,0.6,0.9787,0.4034,0.5053,0.4569
2026-08-15,-70.0,-137.65,0.4457,0.441,0.4715,0.4309,11.59,140.3,-14.1,0.4125,0.1441,1.8,0.6,0.9787,0.461,0.4757,0.4747
2026-08-15,-70.0,-116.47,0.4589,0.4732,0.4226,0.4468,10.45,81.8,-14.5,0.1084,0.1073,3.5,0.6,0.9787,0.4834,0.4385,0.3624
2026-08-15,-70.0,-95.29,0.4731,0.436,0.4216,0.4373,8.74,307.3,-13.9,0.3928,0.0154,1.8,0.6,0.9787,0.3556,0.4629,0.443
2026-08-15,-70.0,-74.12,0.5268,0.4237,0.4595,0.4479,12.3,336.6,-22.3,0.2785,0.2831,3.1,0.6,0.9787,0.5046,0.4955,0.4318
2026-08-15,-70.0,-52.94,0.5758,0.4541,0.5227,0.4314,13.39,121.4,-15.3,0.2469,-0.1709,3.3,0.6,0.9787,0.4776,0.5039,0.5219
2026-08-15,-70.0,-31.76,0.6162,0.5285,0.4668,0.486,13.55,350.2,-17.1,0.2396,-0.2068,0.3,0.6,0.9787,0.5521,0.5648,0.5199
2026-08-15,-70.0,-10.59,0.565,0.634,0.5692,0.5999,10.17,332.5,-15.0,0.1396,0.0447,-0.3,0.6,0.9787,0.547,0.5165,0.5494
2026-08-15,-70.0,10.59,0.5569,0.6174,0.5236,0.6088,15.97,240.2,-13.4,0.4278,0.0074,2.6,0.6,0.9787,0.5507,0.588,0.5839
2026-08-15,-70.0,31.76,0.5947,0.5859,0.6428,0.6448,11.68,323.2,-16.1,0.1676,0.1702,1.6,0.6,0.9787,0.68,0.6713,0.626
2026-08-15,-70.0,52.94,0.6126,0.6337,0.6879,0.7266,10.29,320.4,-21.3,0.0576,0.0862,1.4,0.6,0.9787,0.6143,0.6138,0.6053
2026-08-15,-70.0,74.12,0.6089,0.6209,0.6121,0.6521,11.76,179.6,-17.7,0.2007,0.1783,2.4,0.6,0.9787,0.5961,0.6793,0.5769
2026-08-15,-70.0,95.29,0.6057,0.661,0.6106,0.6012,7.11,181.6,-19.1,0.3875,0.0264,4.4,0.6,0.9787,0.6483,0.6132,0.6729
2026-08-15,-70.0,116.47,0.5829,0.5923,0.5136,0.5743,16.56,163.5,-20.1,0.2901,-0.0673,0.3,0.6,0.9787,0.5894,0.5639,0.6388
2026-08-15,-70.0,137.65,0.5607,0.6007,0.5781,0.5847,7.92,255.5,-13.7,0.1504,-0.1382,0.9,0.6,0.9787,0.5439,0.5754,0.5945
2026-08-15,-70.0,158.82,0.4796,0.5408,0.5661,0.4897,15.11,258.4,-12.1,0.3417,-0.0276,0.5,0.6,0.9787,0.4783,0.5699,0.5228
2026-08-15,-70.0,180.0,0.4838,0.5092,0.5127,0.5499,11.14,284.7,-13.7,0.423,0.1459,2.8,0.6,0.9787,0.5103,0.5076,0.4795
2026-08-15,-68.57,-180.0,0.4542,0.3766,0.4655,0.3285,14.25,48.3,-10.8,0.2863,0.2402,2.8,0.5429,0.9787,0.469,0.4482,0.4675
2026-08-15,-68.57,-158.82,0.3976,0.4194,0.3775,0.4817,15.09,353.2,-17.0,0.1955,0.0269,0.3,0.5429,0.9787,0.4079,0.4194,0.4301
2026-08-15,-68.57,-137.65,0.3647,0.3991,0.4624,0.4479,11.17,304.5,-19.1,0.2831,-0.191,3.5,0.5429,0.9787,0.4209,0.3513,0.4012
2026-08-15,-68.57,-116.47,0.4653,0.3967,0.3118,0.3418,17.61,32.5,-22.8,0.3683,-0.199,1.4,0.5429,0.9787,0.3979,0.4284,0.3509
2026-08-15,-68.57,-95.29,0.3921,0.3967,0.5299,0.3838,12.35,239.7,-16.3,0.3978,0.0056,3.7,0.5429,0.9787,0.4278,0.4132,0.4449
2026-08-15,-68.57,-74.12,0.3907,0.347,0.2687,0.4814,17.19,259.1,-13.1,0.1044,-0.329,2.8,0.5429,0.9787,0.4615,0.4375,0.4024
2026-08-15,-68.57,-52.94,0.434,0.4539,0.4869,0.4576,17.68,133.7,-13.9,0.3639,-0.2345,3.3,0.5429,0.9787,0.3743,0.4211,0.4653
2026-08-15,-68.57,-31.76,0.522,0.5097,0.4629,0.5584,6.75,139.6,-10.5,0.4055,-0.1993,2.9,0.5429,0.9787,0.5591,0.4756,0.4712
2026-08-15,-68.57,-10.59,0.5307,0.5031,0.5207,0.5431,14.94,306.3,-11.1,0.4069,0.1761,2.1,0.5429,0.9787,0.5109,0.5188,0.4678
2026-08-15,-68.57,10.59,0.5057,0.4357,0.5604,0.5979,11.39,96.6,-16.1,0.0911,-0.0901,2.4,0.5429,0.9787,0.6259,0.5316,0.6477
2026-08-15,-68.57,31.76,0.5333,0.5685,0.5893,0.6146,7.29,250.8,-16.6,0.2878,0.023,2.1,0.5429,0.9787,0.5607,0.5925,0.5559
2026-08-15,-68.57,52.94,0.5131,0.5819,0.547,0.6345,11.01,81.2,-12.3,0.2788,0.2064,2.2,0.5429,0.9787,0.5574,0.5353,0.5838
2026-08-15,-68.57,74.12,0.5241,0.5166,0.6512,0.5746,17.76,277.4,-13.3,0.0568,-0.2506,2.2,0.5429,0.9787,0.6405,0.5363,0.6142
2026-08-15,-68.57,95.29,0.6316,0.5307,0.6425,0.5557,5.09,43.6,-20.0,0.2168,-0.0388,2.4,0.5429,0.9787,0.5666,0.6102,0.5535
2026-08-15,-68.57,116.47,0.5747,0.5604,0.5094,0.6058,17.9,45.6,-12.1,0.0871,0.0927,1.7,0.5429,0.9787,0.5773,0.504,0.553
2026-08-15,-68.57,137.65,0.4673,0.5792,0.4699,0.4797,10.62,64.5,-8.4,0.2671,0.1956,2.7,0.5429,0.9787,0.5344,0.5737,0.5365
2026-08-15,-68.57,158.82,0.4865,0.4899,0.514,0.5406,6.78,230.7,-14.3,0.3156,0.0345,3.5,0.5429,0.9787,0.4555,0.4726,0.4022
2026-08-15,-68.57,180.0,0.4396,0.4071,0.4249,0.4369,17.21,136.1,-21.3,0.1143,0.2282,2.1,0.5429,0.9787,0.4374,0.5364,0.4044
2026-08-15,-67.14,-180.0,0.3858,0.347,0.4098,0.3314,12.32,22.9,-9.5,0.1429,-0.0468,3.2,0.4857,0.9787,0.3773,0.4238,0.3675
2026-08-15,-67.14,-158.82,0.3756,0.3358,0.3824,0.3696,12.11,132.2,-15.6,0.0786,-0.2237,3.3,0.4857,0.9787,0.3765,0.3538,0.3345
2026-08-15,-67.14,-137.65,0.3305,0.3088,0.3968,0.3474,15.18,119.2,-10.1,0.426,0.1672,5.6,0.4857,0.9787,0.315,0.3576,0.2855
2026-08-15,-67.14,-116.47,0.3802,0.3059,0.2806,0.318,14.35,146.4,-12.1,0.1692,-0.1567,3.3,0.4857,0.9787,0.2807,0.4284,0.3603
2026-08-15,-67.14,-95.29,0.3862,0.3087,0.3274,0.378,10.44,354.7,-12.8,0.2423,0.1073,4.1,0.4857,0.9787,0.3426,0.3263,0.3731
2026-08-15,-67.14,-74.12,0.2742,0.3762,0.3426,0.3222,17.7,334.1,-19.6,0.4454,-0.2749,3.5,0.4857,0.9787,0.382,0.3141,0.364
2026-08-15,-67.14,-52.94,0.3441,0.3922,0.3996,0.3997,7.77,324.8,-12.9,0.2909,-0.0449,2.1,0.4857,0.9787,0.4015,0.3562,0.3249
2026-08-15,-67.14,-31.76,0.4228,0.4012,0.4754,0.4313,7.61,46.3,-11.0,0.3376,0.118,2.8,0.4857,0.9787,0.4244,0.4358,0.4094
2026-08-15,-67.14,-10.59,0.4706,0.4827,0.4605,0.4412,15.65,110.3,-13.1,0.447,-0.014,2.6,0.4857,0.9787,0.4421,0.4795,0.4052
2026-08-15,-67.14,10.59,0.4813,0.5549,0.5778,0.525,17.05,166.3,-16.4,0.4228,0.0359,2.4,0.4857,0.9787,0.4832,0.4259,0.5315
2026-08-15,-67.14,31.76,0.5184,0.5086,0.606,0.5803,14.66,212.3,-16.4,0.1699,-0.0887,2.6,0.4857,0.9787,0.475,0.5167,0.5527
2026-08-15,-67.14,52.94,0.5893,0.4582,0.5613,0.4952,9.22,118.9,-17.0,0.4179,-0.0172,3.8,0.4857,0.9787,0.4931,0.5966,0.5322
2026-08-15,-67.14,74.12,0.5087,0.5085,0.5553,0.5052,13.69,17.5,-16.3,0.1781,0.104,4.3,0.4857,0.9787,0.5164,0.5574,0.5298
2026-08-15,-67.14,95.29,0.5381,0.4908,0.5739,0.5601,15.51,0.3,-15.6,0.1569,0.3102,3.6,0.4857,0.9787,0.5235,0.5512,0.5292
2026-08-15,-67.14,116.47,0.4834,0.5357,0.501,0.5083,14.06,120.0,-9.1,0.0608,-0.235,3.0,0.4857,0.9787,0.4943,0.4202,0.4181
2026-08-15,-67.14,137.65,0.4584,0.4151,0.4576,0.401,8.42,158.6,-17.2,0.1062,-0.0956,0.4,0.4857,0.9787,0.4981,0.4601,0.4772
2026-08-15,-67.14,158.82,0.4259,0.4344,0.3934,0.4216,13.78,332.0,-14.7,0.4367,0.0433,1.0,0.4857,0.9787,0.3829,0.3632,0.4503
2026-08-15,-67.14,180.0,0.4064,0.4839,0.39,0.4155,6.78,106.2,-10.6,0.3817,0.2416,2.7,0.4857,0.9787,0.3161,0.4182,0.3582
2026-08-15,-65.71,-180.0,0.2575,0.3422,0.3216,0.2902,13.29,242.4,-13.0,0.4048,0.1147,3.2,0.4286,0.9787,0.3912,0.2634,0.3451
2026-08-15,-65.71,-158.82,0.3103,0.3472,0.257,0.3104,17.15,194.3,-15.8,0.2474,-0.0385,2.4,0.4286,0.9787,0.3314,0.3139,0.3401
2026-08-15,-65.71,-137.65,0.3502,0.2651,0.3221,0.2719,11.76,153.9,-9.1,0.4226,-0.0999,5.9,0.4286,0.9787,0.3017,0.256,0.2967
2026-08-15,-65.71,-116.47,0.2127,0.2992,0.2678,0.2381,11.11,208.9,-12.6,0.3462,-0.3441,3.7,0.4286,0.9787,0.3583,0.2849,0.3034
2026-08-15,-65.71,-95.29,0.2671,0.2943,0.2363,0.2469,6.36,186.5,-15.7,0.274,-0.0124,2.1,0.4286,0.9787,0.3088,0.2752,0.2269
2026-08-15,-65.71,-74.12,0.2755,0.3481,0.2821,0.3456,8.41,60.8,-16.1,0.1146,-0.2157,6.1,0.4286,0.9787,0.2781,0.2672,0.2836
2026-08-15,-65.71,-52.94,0.3842,0.3184,0.3512,0.3549,12.61,357.7,-13.1,0.2662,-0.2069,3.7,0.4286,0.9787,0.3474,0.3843,0.3927
2026-08-15,-65.71,-31.76,0.3724,0.3079,0.3802,0.3555,7.77,287.8,-11.9,0.1921,-0.339,5.1,0.4286,0.9787,0.3837,0.3539,0.4184
2026-08-15,-65.71,-10.59,0.3542,0.4231,0.4045,0.4029,16.11,79.5,-15.0,0.3346,0.0843,3.1,0.4286,0.9787,0.4646,0.4132,0.4174
2026-08-15,-65.71,10.59,0.4961,0.4544,0.4941,0.4654,5.37,281.5,-11.4,0.4013,0.0112,4.2,0.4286,0.9787,0.4599,0.4398,0.4466
2026-08-15,-65.71,31.76,0.4718,0.4208,0.4073,0.3775,16.19,136.9,-12.6,0.3761,-0.014,4.7,0.4286,0.9787,0.4863,0.5067,0.444
2026-08-15,-65.71,52.94,0.5359,0.4659,0.4249,0.426,16.98,343.0,-13.4,0.2792,-0.0451,4.2,0.4286,0.9787,0.5238,0.4554,0.5392
2026-08-15,-65.71,74.12,0.5304,0.5143,0.5273,0.5238,11.49,107.2,-12.1,0.1674,0.0598,3.3,0.4286,0.9787,0.4456,0.4602,0.4332
2026-08-15,-65.71,95.29,0.3988,0.4427,0.4478,0.4842,13.82,73.4,-16.8,0.3729,0.0556,3.8,0.4286,0.9787,0.4611,0.3782,0.4553
2026-08-15,-65.71,116.47,0.4065,0.4919,0.4562,0.4076,11.32,204.3,-15.1,0.1927,-0.0478,4.0,0.4286,0.9787,0.4312,0.4076,0.4714
2026-08-15,-65.71,137.65,0.358,0.3543,0.3786,0.4291,7.92,311.8,-16.2,0.1221,-0.2008,5.1,0.4286,0.9787,0.4785,0.4401,0.4433
2026-08-15,-65.71,158.82,0.2969,0.3658,0.3908,0.3885,11.25,168.3,-12.9,0.1329,0.2286,4.2,0.4286,0.9787,0.4096,0.3791,0.369
2026-08-15,-65.71,180.0,0.2965,0.3473,0.4003,0.3178,11.78,285.7,-15.6,0.3705,-0.034,4.4,0.4286,0.9787,0.3551,0.3516,0.3492
2026-08-15,-64.29,-180.0,0.2555,0.274,0.3001,0.2289,13.08,92.3,-9.3,0.3713,0.0355,3.8,0.3714,0.9787,0.3254,0.2579,0.3056
2026-08-15,-64.29,-158.82,0.1825,0.2824,0.2246,0.2343,7.71,33.2,-14.7,0.3224,0.0392,3.9,0.3714,0.9787,0.2925,0.2105,0.2133
2026-08-15,-64.29,-137.65,0.2305,0.1755,0.1728,0.2286,6.81,285.1,-10.5,0.2841,-0.0858,2.7,0.3714,0.9787,0.275,0.1993,0.3477
2026-08-15,-64.29,-116.47,0.2716,0.1654,0.2664,0.2588,17.79,54.8,-11.3,0.0944,-0.4057,2.8,0.3714,0.9787,0.2866,0.2852,0.2863
2026-08-15,-64.29,-95.29,0.3135,0.2687,0.3065,0.2103,8.89,189.4,-10.0,0.3555,0.0954,3.8,0.3714,0.9787,0.2683,0.2209,0.2615
2026-08-15,-64.29,-74.12,0.3025,0.2799,0.2636,0.2446,11.01,129.2,-13.9,0.0893,-0.1057,4.4,0.3714,0.9787,0.204,0.1928,0.23
2026-08-15,-64.29,-52.94,0.2861,0.2282,0.254,0.3193,5.07,352.5,-11.1,0.2322,0.0152,3.8,0.3714,0.9787,0.2863,0.3399,0.2854
2026-08-15,-64.29,-31.76,0.3037,0.2587,0.352,0.3517,12.87,183.5,-7.3,0.1424,0.1753,5.2,0.3714,0.9787,0.3773,0.3068,0.3556
2026-08-15,-64.29,-10.59,0.3351,0.3802,0.3895,0.4058,9.87,94.0,-9.5,0.1784,0.2191,4.3,0.3714,0.9787,0.3252,0.3743,0.3388
2026-08-15,-64.29,10.59,0.3339,0.3567,0.4465,0.3874,12.72,6.0,-9.5,0.2046,-0.0587,6.2,0.3714,0.9787,0.4922,0.3405,0.4151
2026-08-15,-64.29,31.76,0.3886,0.3783,0.4315,0.3422,5.14,329.6,-8.9,0.3585,0.1067,5.9,0.3714,0.9787,0.4621,0.4111,0.4417
2026-08-15,-64.29,52.94,0.4383,0.388,0.4382,0.3867,16.49,178.1,-11.9,0.3912,0.0236,5.1,0.3714,0.9787,0.3994,0.397,0.4339
2026-08-15,-64.29,74.12,0.4332,0.4942,0.4667,0.3694,7.04,166.7,-13.3,0.0952,-0.0103,4.9,0.3714,0.9787,0.4123,0.3385,0.4782
2026-08-15,-64.29,95.29,0.4915,0.4632,0.379,0.3731,17.27,334.0,-12.2,0.2758,0.0047,4.7,0.3714,0.9787,0.4184,0.4535,0.4975
2026-08-15,-64.29,116.47,0.4107,0.4186,0.3917,0.4148,12.32,22.4,-17.6,0.2022,-0.0943,6.5,0.3714,0.9787,0.392,0.4243,0.3431
2026-08-15,-64.29,137.65,0.4536,0.4046,0.329,0.3932,13.85,36.0,-12.1,0.327,0.3078,3.7,0.3714,0.9787,0.3936,0.3298,0.3813
2026-08-15,-64.29,158.82,0.3562,0.2761,0.3416,0.2306,9.6,327.0,-7.0,0.325,-0.2367,3.4,0.3714,0.9787,0.3096,0.2755,0.3484
2026-08-15,-64.29,180.0,0.2509,0.2435,0.3274,0.356,12.72,174.8,-11.1,0.1946,0.0313,5.2,0.3714,0.9787,0.2376,0.3065,0.3452
2026-08-15,-62.86,-180.0,0.1805,0.2731,0.251,0.2323,9.1,225.9,-11.8,0.3907,0.4669,4.6,0.3143,0.9787,0.2268,0.1723,0.1857
2026-08-15,-62.86,-158.82,0.1948,0.1607,0.2067,0.1497,16.55,301.5,-10.9,0.373,-0.1154,5.2,0.3143,0.9787,0.144,0.1567,0.1519
2026-08-15,-62.86,-137.65,0.1625,0.1006,0.1289,0.1499,7.51,275.6,-11.4,0.4379,0.0207,5.3,0.3143,0.9787,0.2358,0.1736,0.1704
2026-08-15,-62.86,-116.47,0.2257,0.1437,0.0931,0.2261,14.44,56.0,-10.3,0.0976,0.2259,5.2,0.3143,0.9787,0.155,0.1814,0.1882
2026-08-15,-62.86,-95.29,0.2185,0.1979,0.154,0.2165,12.25,197.7,-9.9,0.1608,-0.0285,6.1,0.3143,0.9787,0.0871,0.1729,0.197
2026-08-15,-62.86,-74.12,0.2087,0.1766,0.2236,0.2329,12.26,213.0,-8.6,0.3196,-0.1848,4.8,0.3143,0.9787,0.2747,0.2137,0.2339
2026-08-15,-62.86,-52.94,0.3463,0.291,0.303,0.2276,14.39,226.0,-13.0,0.325,-0.0294,3.7,0.3143,0.9787,0.2518,0.2301,0.263
2026-08-15,-62.86,-31.76,0.2817,0.2765,0.2745,0.245,8.41,194.2,-11.6,0.1103,-0.0281,6.0,0.3143,0.9787,0.2356,0.3139,0.1887
2026-08-15,-62.86,-10.59,0.253,0.3299,0.3548,0.3381,9.75,203.6,-12.1,0.09,0.1479,5.4,0.3143,0.9787,0.3169,0.2538,0.3382
2026-08-15,-62.86,10.59,0.3639,0.4058,0.3911,0.3269,14.73,344.2,-12.3,0.3217,0.1486,3.9,0.3143,0.9787,0.3742,0.2932,0.4011
2026-08-15,-62.86,31.76,0.4084,0.4008,0.2681,0.3747,6.49,49.8,-11.2,0.1452,0.1617,5.0,0.3143,0.9787,0.4177,0.3418,0.3421
2026-08-15,-62.86,52.94,0.4353,0.3828,0.4318,0.4211,10.91,81.5,-12.8,0.0724,-0.1747,6.1,0.3143,0.9787,0.4477,0.4133,0.5027
2026-08-15,-62.86,74.12,0.3424,0.442,0.3645,0.3541,8.81,161.4,-10.4,0.3079,0.168,5.0,0.3143,0.9787,0.4133,0.3586,0.4499
2026-08-15,-62.86,95.29,0.2887,0.2955,0.2852,0.3252,5.68,345.3,-12.8,0.3963,-0.0128,4.8,0.3143,0.9787,0.3264,0.3268,0.3403
2026-08-15,-62.86,116.47,0.3276,0.3067,0.36,0.3433,16.44,356.5,-14.4,0.4356,-0.2008,3.3,0.3143,0.9787,0.31,0.2806,0.2823
2026-08-15,-62.86,137.65,0.3046,0.2774,0.3808,0.3041,16.1,246.2,-10.0,0.404,0.1178,2.5,0.3143,0.9787,0.3442,0.2983,0.3398
2026-08-15,-62.86,158.82,0.255,0.2365,0.341,0.2198,13.12,354.6,-11.4,0.2836,0.0564,5.2,0.3143,0.9787,0.282,0.1939,0.1979
2026-08-15,-62.86,180.0,0.2376,0.2167,0.2028,0.2004,15.25,343.5,-6.0,0.1746,-0.1501,5.0,0.3143,0.9787,0.2292,0.145,0.2374
2026-08-15,-61.43,-180.0,0.1175,0.1393,0.1654,0.1691,7.59,295.1,-8.6,0.397,0.1444,5.1,0.2571,0.9787,0.2645,0.2535,0.1616
2026-08-15,-61.43,-158.82,0.2119,0.1763,0.2051,0.1615,14.27,165.6,-11.5,0.2904,0.1871,5.4,0.2571,0.9787,0.1928,0.1405,0.1557
2026-08-15,-61.43,-137.65,0.1729,0.1161,0.1239,0.1811,15.78,103.4,-6.6,0.246,-0.0129,4.3,0.2571,0.9787,0.1177,0.1239,0.1609
2026-08-15,-61.43,-116.47,0.1429,0.1298,0.0823,0.1309,12.19,159.4,-11.1,0.2884,0.0893,6.0,0.2571,0.9787,0.0673,0.1997,0.2247
2026-08-15,-61.43,-95.29,0.1197,0.138,0.1778,0.1383,8.66,8.8,-11.3,0.1249,0.0512,4.7,0.2571,0.9787,0.2519,0.0872,0.1598
2026-08-15,-61.43,-74.12,0.1952,0.2067,0.1295,0.1824,14.16,260.9,-9.6,0.3059,-0.3041,6.1,0.2571,0.9787,0.1867,0.1644,0.1551
2026-08-15,-61.43,-52.94,0.1803,0.115,0.2104,0.1951,16.0,289.6,-11.1,0.3836,-0.182,6.1,0.2571,0.9787,0.1831,0.1717,0.2291
2026-08-15,-61.43,-31.76,0.2399,0.2577,0.2274,0.2326,11.41,95.1,-8.3,0.2954,0.1771,4.2,0.2571,0.9787,0.2364,0.2234,0.2406
2026-08-15,-61.43,-10.59,0.2906,0.2035,0.1904,0.2919,13.22,61.8,-7.7,0.054,0.2464,5.5,0.2571,0.9787,0.2789,0.2512,0.2934
2026-08-15,-61.43,10.59,0.3071,0.2349,0.3356,0.2199,17.05,95.9,-10.6,0.4183,-0.045,4.8,0.2571,0.9787,0.2843,0.3519,0.3126
2026-08-15,-61.43,31.76,0.3716,0.3554,0.3469,0.2692,11.49,159.1,-10.8,0.3913,-0.0597,5.1,0.2571,0.9787,0.2751,0.2782,0.2794
2026-08-15,-61.43,52.94,0.3132,0.2901,0.3872,0.2668,8.97,242.0,-12.0,0.2747,-0.1213,5.0,0.2571,0.9787,0.3577,0.2974,0.3361
2026-08-15,-61.43,74.12,0.3344,0.3167,0.3498,0.3559,14.09,189.9,-15.0,0.205,-0.032,3.1,0.2571,0.9787,0.3451,0.2917,0.3046
2026-08-15,-61.43,95.29,0.3354,0.3935,0.31,0.2994,5.59,295.2,-11.1,0.4138,0.0795,6.0,0.2571,0.9787,0.3063,0.3413,0.3481
2026-08-15,-61.43,116.47,0.3701,0.2916,0.3372,0.3464,13.79,331.4,-13.7,0.1121,0.0055,6.5,0.2571,0.9787,0.2855,0.271,0.2502
2026-08-15,-61.43,137.65,0.2713,0.3161,0.2494,0.2479,12.87,306.9,-3.4,0.2705,0.0728,2.4,0.2571,0.9787,0.3053,0.2426,0.3199
2026-08-15,-61.43,158.82,0.1758,0.2175,0.2182,0.2486,16.06,134.0,-9.8,0.2175,-0.0907,5.6,0.2571,0.9787,0.2009,0.2187,0.2049
2026-08-15,-61.43,180.0,0.2333,0.1634,0.216,0.14,8.95,259.4,-5.9,0.2759,-0.0521,5.2,0.2571,0.9787,0.152,0.157,0.0961
2026-08-15,-60.0,-180.0,0.1323,0.1273,0.1705,0.1173,15.49,52.0,-11.1,0.4397,-0.1123,5.6,0.2,0.9787,0.195,0.1654,0.0675
2026-08-15,-60.0,-158.82,0.0712,0.0407,0.0856,0.1489,15.97,243.6,-4.4,0.3119,0.1884,6.2,0.2,0.9787,0.1586,0.1268,0.1168
2026-08-15,-60.0,-137.65,0.0,0.044,0.0633,0.0821,17.64,178.0,-6.1,0.1038,0.25,7.2,0.2,0.9787,0.1273,0.1243,0.103
2026-08-15,-60.0,-116.47,0.0593,0.0225,0.0413,0.0418,12.37,134.8,-2.9,0.4411,-0.1469,5.5,0.2,0.9787,0.0335,0.0778,0.0923
2026-08-15,-60.0,-95.29,0.0962,0.082,0.1564,0.0884,7.9,331.3,-6.4,0.0968,-0.055,6.0,0.2,0.9787,0.0782,0.0734,0.1124
2026-08-15,-60.0,-74.12,0.1171,0.095,0.1257,0.0742,14.9,297.7,-10.4,0.1788,0.1114,6.2,0.2,0.9787,0.0739,0.0274,0.089
2026-08-15,-60.0,-52.94,0.1287,0.1325,0.2056,0.1852,9.23,89.6,-10.1,0.1005,0.1238,4.7,0.2,0.9787,0.1526,0.1924,0.1236
2026-08-15,-60.0,-31.76,0.1666,0.1054,0.1375,0.211,10.26,131.3,-4.8,0.2469,0.0217,7.4,0.2,0.9787,0.2208,0.1958,0.167
2026-08-15,-60.0,-10.59,0.2563,0.202,0.2126,0.1525,13.3,94.2,-10.8,0.1646,-0.1276,4.3,0.2,0.9787,0.2301,0.2223,0.2144
2026-08-15,-60.0,10.59,0.2838,0.2223,0.2066,0.2407,14.0,155.9,-11.2,0.118,0.1139,5.0,0.2,0.9787,0.1635,0.1926,0.2253
2026-08-15,-60.0,31.76,0.3749,0.2481,0.2367,0.3232,15.11,92.7,-7.6,0.0615,0.0917,6.9,0.2,0.9787,0.2444,0.3058,0.3186
2026-08-15,-60.0,52.94,0.3174,0.2867,0.2723,0.2081,12.98,304.0,-7.9,0.2845,-0.116,5.8,0.2,0.9787,0.2729,0.2947,0.24
2026-08-15,-60.0,74.12,0.2667,0.294,0.2472,0.3601,7.46,289.9,-8.7,0.1101,0.0743,5.6,0.2,0.9787,0.2038,0.2361,0.3152
2026-08-15,-60.0,95.29,0.2486,0.3036,0.2706,0.2639,7.54,148.8,-11.8,0.0597,0.0851,6.7,0.2,0.9787,0.2431,0.2689,0.2614
2026-08-15,-60.0,116.47,0.2171,0.2607,0.1463,0.2405,12.47,333.6,-15.0,0.2075,-0.0269,5.4,0.2,0.9787,0.2851,0.2336,0.2158
2026-08-15,-60.0,137.65,0.189,0.1489,0.1949,0.2161,9.0,255.2,-12.0,0.3076,0.3451,5.9,0.2,0.9787,0.1746,0.1903,0.2218
2026-08-15,-60.0,158.82,0.1705,0.1016,0.1848,0.1611,5.48,329.2,-7.8,0.3517,0.0195,5.5,0.2,0.9787,0.1507,0.091,0.19
2026-08-15,-60.0,180.0,0.1251,0.0999,0.1182,0.1426,7.92,174.0,-0.3,0.1097,0.0467,7.3,0.2,0.9787,0.0891,0.1334,0.1958
2026-08-16,-80.0,-180.0,0.8546,0.8131,0.8543,0.8836,8.9,262.3,-23.7,0.4378,0.0023,-1.6,1.0,0.9762,0.8361,0.9064,0.8086
2026-08-16,-80.0,-158.82,0.7834,0.7923,0.7631,0.8585,14.88,96.5,-25.5,0.351,-0.0188,-1.2,1.0,0.9762,0.7677,0.8793,0.8122
2026-08-16,-80.0,-137.65,0.7419,0.8455,0.8358,0.8061,6.64,341.3,-28.6,0.3599,-0.1936,-2.7,1.0,0.9762,0.7855,0.7704,0.7627
2026-08-16,-80.0,-116.47,0.9001,0.7387,0.7158,0.8176,13.32,135.5,-19.0,0.3936,0.1731,-5.6,1.0,0.9762,0.7658,0.7954,0.7765
2026-08-16,-80.0,-95.29,0.7885,0.7753,0.7919,0.8182,5.04,80.7,-27.2,0.2488,-0.2198,-1.5,1.0,0.9762,0.8236,0.8013,0.7287
2026-08-16,-80.0,-74.12,0.8138,0.7772,0.8161,0.8028,15.42,160.0,-21.0,0.4115,-0.0836,-1.6,1.0,0.9762,0.7964,0.8315,0.8307
2026-08-16,-80.0,-52.94,0.9292,0.8765,0.8812,0.8654,10.96,273.3,-25.2,0.2766,0.1468,-1.6,1.0,0.9762,0.8674,0.8525,0.9114
2026-08-16,-80.0,-31.76,0.8739,0.828,0.8721,0.8829,16.58,296.2,-23.0,0.2983,-0.2888,-0.5,1.0,0.9762,0.8461,0.8077,0.8322
2026-08-16,-80.0,-10.59,0.9039,1.0,1.0,0.8524,7.6,308.3,-23.0,0.2044,0.2187,-1.8,1.0,0.9762,0.9862,0.9889,0.9122
2026-08-16,-80.0,10.59,0.9082,0.9376,1.0,0.8728,10.1,126.2,-25.8,0.0922,0.0826,-1.4,1.0,0.9762,1.0,0.9275,0.9128
2026-08-16,-80.0,31.76,0.9692,1.0,0.9846,1.0,9.21,84.0,-28.1,0.1219,0.1093,-2.4,1.0,0.9762,1.0,0.9614,0.9291
2026-08-16,-80.0,52.94,0.9759,0.9616,0.9748,0.965,5.53,7.7,-26.4,0.34,-0.0392,-2.6,1.0,0.9762,0.9828,0.9459,1.0
2026-08-16,-80.0,74.12,0.9524,0.9635,0.9373,1.0,7.5,308.6,-23.6,0.1321,0.0565,-2.9,1.0,0.9762,1.0,1.0,0.9714
2026-08-16,-80.0,95.29,0.9232,1.0,0.9794,1.0,5.4,60.6,-22.6,0.2805,-0.171,-1.1,1.0,0.9762,0.9278,1.0,0.9655
2026-08-16,-80.0,116.47,1.0,0.873,0.9199,0.9458,17.67,97.6,-25.0,0.174,0.0463,-1.6,1.0,0.9762,1.0,0.9531,1.0
2026-08-16,-80.0,137.65,0.908,0.9621,0.9174,0.9267,8.03,257.2,-26.1,0.1133,-0.0666,-1.6,1.0,0.9762,0.9146,0.9514,0.9056
2026-08-16,-80.0,158.82,0.858,0.8902,0.8559,0.884,14.6,139.8,-22.0,0.3753,0.3534,-2.7,1.0,0.9762,0.8788,0.8463,0.9041
2026-08-16,-80.0,180.0,0.8527,0.8282,0.8472,0.8458,9.71,100.6,-24.0,0.1768,0.0486,-2.4,1.0,0.9762,0.8085,0.8483,0.8697
2026-08-16,-78.57,-180.0,0.7062,0.7477,0.7231,0.8567,11.97,353.5,-22.0,0.2718,0.174,0.5,0.9429,0.9762,0.7704,0.7934,0.7705
2026-08-16,-78.57,-158.82,0.7593,0.7705,0.7663,0.8548,11.4,216.5,-24.6,0.425,-0.0945,-2.2,0.9429,0.9762,0.7562,0.7306,0.7835
2026-08-16,-78.57,-137.65,0.7521,0.7769,0.7625,0.7448,14.46,266.2,-25.1,0.1526,0.1164,-2.0,0.9429,0.9762,0.8841,0.7595,0.6855
2026-08-16,-78.57,-116.47,0.7145,0.8096,0.7531,0.7781,9.3,320.9,-22.7,0.2732,-0.0102,-1.8,0.9429,0.9762,0.6706,0.7202,0.6987
2026-08-16,-78.57,-95.29,0.7882,0.7456,0.8867,0.6963,5.51,312.6,-25.8,0.3033,0.1415,-1.7,0.9429,0.9762,0.7177,0.7835,0.7384
2026-08-16,-78.57,-74.12,0.7955,0.7255,0.8065,0.7252,15.01,289.4,-23.5,0.2517,-0.07,-2.3,0.9429,0.9762,0.7778,0.7151,0.7494
2026-08-16,-78.57,-52.94,0.8075,0.797,0.7463,0.8035,7.91,238.3,-27.7,0.0985,-0.0047,-3.0,0.9429,0.9762,0.7596,0.7093,0.8692
2026-08-16,-78.57,-31.76,0.8678,0.8147,0.8257,0.7758,6.21,171.2,-23.5,0.1678,-0.3186,-1.3,0.9429,0.9762,0.8908,0.8496,0.8726
2026-08-16,-78.57,-10.59,0.8545,0.8592,0.8462,0.8508,6.3,68.4,-25.7,0.3419,0.2056,-1.0,0.9429,0.9762,0.816,0.8232,0.9595
2026-08-16,-78.57,10.59,0.9479,0.8421,0.8901,0.9676,6.83,201.7,-25.4,0.4007,-0.1142,0.4,0.9429,0.9762,0.9365,0.9191,0.8342
2026-08-16,-78.57,31.76,0.9371,0.9103,0.9201,0.8825,13.92,124.7,-26.5,0.2778,0.187,-0.6,0.9429,0.9762,0.9198,0.8921,0.9094
2026-08-16,-78.57,52.94,0.9245,0.8716,0.9881,0.9605,7.4,78.3,-27.4,0.1182,-0.0428,-0.5,0.9429,0.9762,0.8632,0.9078,0.9229
2026-08-16,-78.57,74.12,0.9363,1.0,0.9447,0.9287,10.3,168.7,-18.8,0.0956,0.0698,-3.1,0.9429,0.9762,0.911,0.9983,0.8922
2026-08-16,-78.57,95.29,0.9524,0.9278,0.9562,0.913,16.52,214.1,-19.5,0.2476,-0.0313,-1.4,0.9429,0.9762,0.9264,0.9435,0.9743
2026-08-16,-78.57,116.47,0.9739,0.9031,0.8534,0.935,5.26,23.6,-21.2,0.159,0.11,-1.8,0.9429,0.9762,0.8849,0.8733,0.9265
2026-08-16,-78.57,137.65,0.866,0.8836,0.8647,0.8721,5.82,113.1,-23.3,0.4417,0.162,-2.0,0.9429,0.9762,0.8472,0.8945,0.7933
2026-08-16,-78.57,158.82,0.7208,0.7827,0.8553,0.8102,15.39,203.3,-23.0,0.4342,0.196,-1.9,0.9429,0.9762,0.8355,0.786,0.7935
2026-08-16,-78.57,180.0,0.7728,0.7847,0.7399,0.8344,9.23,32.6,-25.6,0.4414,0.2931,-1.1,0.9429,0.9762,0.7793,0.8108,0.7208
2026-08-16,-77.14,-180.0,0.7078,0.7866,0.707,0.7545,6.95,194.6,-23.0,0.1867,-0.4414,0.2,0.8857,0.9762,0.7298,0.7271,0.7206
2026-08-16,-77.14,-158.82,0.6994,0.7469,0.7344,0.667,16.0,51.2,-21.6,0.2072,0.1456,1.2,0.8857,0.9762,0.7789,0.7277,0.7326
2026-08-16,-77.14,-137.65,0.7467,0.6782,0.7005,0.7206,7.72,137.4,-22.3,0.1355,0.1655,0.1,0.8857,0.9762,0.6889,0.6855,0.6987
2026-08-16,-77.14,-116.47,0.6258,0.6891,0.7172,0.7385,9.35,64.7,-25.7,0.3469,0.052,-2.0,0.8857,0.9762,0.7116,0.6823,0.7046
2026-08-16,-77.14,-95.29,0.7074,0.7113,0.7557,0.7342,10.7,87.5,-30.0,0.2803,0.0611,-0.9,0.8857,0.9762,0.6481,0.7115,0.6744
2026-08-16,-77.14,-74.12,0.752,0.6604,0.7181,0.7055,17.7,312.7,-21.6,0.4328,-0.1097,0.6,0.8857,0.9762,0.6748,0.6169,0.7028
2026-08-16,-77.14,-52.94,0.7289,0.6767,0.7915,0.7797,16.1,59.6,-23.4,0.29,-0.0529,-1.2,0.8857,0.9762,0.8137,0.7222,0.7553
2026-08-16,-77.14,-31.76,0.793,0.7844,0.7874,0.8736,6.18,345.5,-19.2,0.3755,0.042,-1.2,0.8857,0.9762,0.7156,0.7483,0.7323
2026-08-16,-77.14,-10.59,0.8301,0.8511,0.8343,0.7725,9.31,205.8,-25.1,0.4323,0.1327,-1.1,0.8857,0.9762,0.8015,0.793,0.781
2026-08-16,-77.14,10.59,0.8238,0.7962,0.825,0.8549,9.85,305.0,-25.5,0.4412,-0.0659,-0.1,0.8857,0.9762,0.8471,0.866,0.8422
2026-08-16,-77.14,31.76,0.8938,0.8788,0.8485,0.8808,10.28,349.5,-24.8,0.1385,-0.0686,-1.9,0.8857,0.9762,0.8902,0.9016,0.8651
2026-08-16,-77.14,52.94,0.8541,0.8861,0.9091,0.9262,15.51,22.6,-25.6,0.4067,-0.1428,-2.0,0.8857,0.9762,0.8631,0.8711,0.8713
2026-08-16,-77.14,74.12,0.8873,0.8583,0.8462,0.8309,7.08,210.9,-19.8,0.1689,-0.0891,0.0,0.8857,0.9762,0.9036,0.8755,0.9142
2026-08-16,-77.14,95.29,0.8952,0.8567,0.923,0.8874,11.55,80.1,-21.5,0.4369,0.087,-0.8,0.8857,0.9762,0.9188,0.8546,0.8993
2026-08-16,-77.14,116.47,0.8301,0.852,0.8361,0.8549,12.64,271.1,-21.4,0.0928,0.0324,-2.2,0.8857,0.9762,0.8348,0.8375,0.8809
2026-08-16,-77.14,137.65,0.8266,0.8417,0.7469,0.8319,11.72,52.5,-25.7,0.1076,0.0062,-1.4,0.8857,0.9762,0.8418,0.8418,0.8067
2026-08-16,-77.14,158.82,0.7917,0.7909,0.7837,0.7438,13.5,93.8,-24.7,0.2812,-0.0809,-1.9,0.8857,0.9762,0.8158,0.7486,0.7769
2026-08-16,-77.14,180.0,0.7368,0.7991,0.656,0.7475,16.0,293.7,-24.0,0.0923,-0.1054,-1.6,0.8857,0.9762,0.7361,0.7526,0.7878
2026-08-16,-75.71,-180.0,0.7453,0.7379,0.6387,0.6962,12.31,1.6,-18.8,0.1256,0.114,-0.1,0.8286,0.9762,0.7124,0.7129,0.7007
2026-08-16,-75.71,-158.82,0.6357,0.6228,0.6602,0.6344,10.13,258.2,-22.2,0.3614,-0.1635,-0.3,0.8286,0.9762,0.5872,0.6773,0.615
2026-08-16,-75.71,-137.65,0.6327,0.6408,0.6608,0.6222,16.76,227.9,-17.0,0.2277,-0.1885,0.3,0.8286,0.9762,0.7043,0.6501,0.5898
2026-08-16,-75.71,-116.47,0.5667,0.6729,0.5956,0.6953,9.44,145.0,-20.0,0.1675,0.0868,-0.6,0.8286,0.9762,0.6748,0.6216,0.6294
2026-08-16,-75.71,-95.29,0.6734,0.6477,0.6469,0.6832,7.15,328.3,-21.9,0.2313,0.1895,-0.2,0.8286,0.9762,0.6544,0.6975,0.5919
2026-08-16,-75.71,-74.12,0.6473,0.6902,0.6368,0.6139,8.85,14.0,-24.8,0.0596,0.0342,0.2,0.8286,0.9762,0.6824,0.6159,0.7566
2026-08-16,-75.71,-52.94,0.7803,0.6722,0.7081,0.6894,16.07,348.3,-16.3,0.241,-0.0036,0.2,0.8286,0.9762,0.6689,0.7493,0.6892
2026-08-16,-75.71,-31.76,0.7676,0.65,0.7966,0.718,13.26,310.5,-22.9,0.4101,0.0044,0.7,0.8286,0.9762,0.707,0.7264,0.785
2026-08-16,-75.71,-10.59,0.6939,0.7001,0.7969,0.7274,5.22,291.9,-23.2,0.2753,0.2168,0.6,0.8286,0.9762,0.7447,0.7587,0.805
2026-08-16,-75.71,10.59,0.7543,0.7866,0.7856,0.782,17.24,62.5,-16.8,0.3074,0.0856,-0.5,0.8286,0.9762,0.8085,0.7202,0.8848
2026-08-16,-75.71,31.76,0.8007,0.8482,0.8398,0.8194,15.91,165.2,-19.3,0.1082,0.0682,-0.9,0.8286,0.9762,0.874,0.819,0.8399
2026-08-16,-75.71,52.94,0.8262,0.9242,0.9385,0.8465,17.7,211.7,-18.3,0.1351,0.1337,1.2,0.8286,0.9762,0.8463,0.8541,0.8988
2026-08-16,-75.71,74.12,0.8101,0.783,0.9155,0.8175,14.49,249.6,-23.8,0.0739,-0.1557,-1.3,0.8286,0.9762,0.9264,0.8437,0.8273
2026-08-16,-75.71,95.29,0.793,0.8795,0.8472,1.0,12.53,301.9,-19.9,0.3276,0.281,0.0,0.8286,0.9762,0.8365,0.8248,0.8426
2026-08-16,-75.71,116.47,0.7797,0.8174,0.7571,0.7927,9.49,155.4,-19.9,0.3441,0.0057,-0.7,0.8286,0.9762,0.8471,0.817,0.7255
2026-08-16,-75.71,137.65,0.7367,0.7763,0.7272,0.7924,8.85,272.9,-19.0,0.0645,0.2793,-0.7,0.8286,0.9762,0.7721,0.7206,0.7267
2026-08-16,-75.71,158.82,0.7773,0.7367,0.7615,0.6561,17.95,253.1,-25.0,0.4095,-0.0448,-0.0,0.8286,0.9762,0.7247,0.7382,0.7471
2026-08-16,-75.71,180.0,0.7961,0.6452,0.6429,0.7056,12.96,68.8,-19.6,0.0526,-0.2118,0.1,0.8286,0.9762,0.6896,0.685,0.6184
2026-08-16,-74.29,-180.0,0.6015,0.5783,0.6502,0.5889,7.3,109.6,-21.3,0.2106,-0.0932,0.1,0.7714,0.9762,0.5793,0.648,0.659
2026-08-16,-74.29,-158.82,0.7067,0.6539,0.5578,0.6408,15.95,256.9,-22.5,0.2198,0.2142,-0.3,0.7714,0.9762,0.6094,0.6254,0.6276
2026-08-16,-74.29,-137.65,0.6013,0.5922,0.6244,0.6238,16.43,160.1,-19.0,0.39,0.3841,2.8,0.7714,0.9762,0.5499,0.5674,0.6197
2026-08-16,-74.29,-116.47,0.6019,0.5491,0.5981,0.5595,16.71,177.9,-24.1,0.1032,0.3429,0.9,0.7714,0.9762,0.5981,0.5717,0.5224
2026-08-16,-74.29,-95.29,0.6099,0.6503,0.5901,0.6203,5.15,201.5,-23.2,0.2675,-0.0418,0.4,0.7714,0.9762,0.5925,0.5482,0.5883
2026-08-16,-74.29,-74.12,0.6201,0.6169,0.647,0.597,11.49,235.5,-16.9,0.2817,0.0913,0.6,0.7714,0.9762,0.6464,0.5969,0.7283
2026-08-16,-74.29,-52.94,0.6571,0.6362,0.5563,0.5669,13.65,335.0,-23.0,0.2237,-0.0511,1.2,0.7714,0.9762,0.647,0.6225,0.6982
2026-08-16,-74.29,-31.76,0.6815,0.7238,0.6744,0.6471,6.24,199.3,-17.8,0.3916,0.0542,1.2,0.7714,0.9762,0.7449,0.6972,0.7167
2026-08-16,-74.29,-10.59,0.7281,0.7389,0.7081,0.7036,8.74,279.5,-20.7,0.1286,-0.2081,0.3,0.7714,0.9762,0.715,0.7696,0.7301
2026-08-16,-74.29,10.59,0.748,0.7647,0.6427,0.7723,8.42,219.6,-15.6,0.4248,-0.2631,-0.4,0.7714,0.9762,0.7639,0.7267,0.7753
2026-08-16,-74.29,31.76,0.8735,0.673,0.7141,0.7835,5.07,254.2,-20.2,0.0838,-0.2913,0.5,0.7714,0.9762,0.8602,0.7665,0.782
2026-08-16,-74.29,52.94,0.7424,0.8356,0.7901,0.7968,6.38,293.8,-18.0,0.3949,-0.115,0.7,0.7714,0.9762,0.7872,0.7616,0.8128
2026-08-16,-74.29,74.12,0.7625,0.8309,0.7702,0.8119,17.37,324.9,-17.4,0.0819,-0.0522,-1.7,0.7714,0.9762,0.7284,0.8128,0.8574
2026-08-16,-74.29,95.29,0.8127,0.8079,0.7532,0.8153,17.26,214.8,-23.2,0.3419,0.1499,0.4,0.7714,0.9762,0.7154,0.7623,0.7457
2026-08-16,-74.29,116.47,0.7202,0.7101,0.7831,0.7177,6.63,271.8,-18.3,0.3365,0.182,0.6,0.7714,0.9762,0.695,0.7548,0.7713
2026-08-16,-74.29,137.65,0.6463,0.6693,0.7296,0.7686,5.0,149.1,-22.4,0.3716,-0.4171,1.1,0.7714,0.9762,0.7662,0.7611,0.7473
2026-08-16,-74.29,158.82,0.7149,0.6736,0.715,0.6659,14.59,334.2,-19.9,0.3201,0.0844,-0.5,0.7714,0.9762,0.6655,0.6541,0.6123
2026-08-16,-74.29,180.0,0.6561,0.6439,0.6017,0.5863,5.66,33.3,-18.9,0.0688,0.0882,1.4,0.7714,0.9762,0.6186,0.6271,0.6372
2026-08-16,-72.86,-180.0,0.6276,0.5704,0.6292,0.6178,15.57,274.6,-17.4,0.229,-0.0421,0.3,0.7143,0.9762,0.5137,0.5603,0.5859
2026-08-16,-72.86,-158.82,0.5454,0.5632,0.5979,0.52,15.19,328.2,-22.5,0.1891,0.0135,-0.8,0.7143,0.9762,0.5454,0.5499,0.5541
2026-08-16,-72.86,-137.65,0.5748,0.4746,0.5303,0.5452,9.54,296.1,-14.9,0.0887,-0.1091,-0.4,0.7143,0.9762,0.5812,0.5758,0.5219
2026-08-16,-72.86,-116.47,0.5195,0.5631,0.5539,0.5296,8.9,161.2,-14.3,0.1402,0.2824,1.2,0.7143,0.9762,0.6063,0.4779,0.4983
2026-08-16,-72.86,-95.29,0.5217,0.5574,0.5228,0.5377,7.36,87.2,-15.8,0.4422,-0.0481,-0.4,0.7143,0.9762,0.4924,0.5735,0.553
2026-08-16,-72.86,-74.12,0.5912,0.5689,0.5756,0.5995,9.44,204.1,-19.1,0.3926,-0.019,2.1,0.7143,0.9762,0.5939,0.5236,0.5747
2026-08-16,-72.86,-52.94,0.6426,0.6331,0.5509,0.6046,5.52,300.9,-17.0,0.4054,0.0272,2.2,0.7143,0.9762,0.6079,0.5858,0.6054
2026-08-16,-72.86,-31.76,0.5793,0.6541,0.659,0.6771,11.17,240.9,-18.6,0.164,0.1987,1.1,0.7143,0.9762,0.6219,0.6269,0.6557
2026-08-16,-72.86,-10.59,0.6396,0.6682,0.667,0.6432,12.05,336.5,-22.5,0.2637,-0.0208,1.5,0.7143,0.9762,0.6809,0.6599,0.6804
2026-08-16,-72.86,10.59,0.6889,0.7103,0.6975,0.6317,7.75,17.0,-18.1,0.0839,-0.1138,-0.0,0.7143,0.9762,0.7359,0.7744,0.7173
2026-08-16,-72.86,31.76,0.7271,0.7386,0.7806,0.7047,13.5,182.1,-20.3,0.1781,0.0423,2.0,0.7143,0.9762,0.7189,0.7502,0.7345
2026-08-16,-72.86,52.94,0.7182,0.7217,0.7491,0.7549,6.65,15.6,-14.5,0.1785,0.2577,0.2,0.7143,0.9762,0.7518,0.7366,0.7563
2026-08-16,-72.86,74.12,0.738,0.6354,0.7243,0.7055,5.62,189.9,-24.3,0.4219,-0.0993,0.4,0.7143,0.9762,0.6702,0.7478,0.735
2026-08-16,-72.86,95.29,0.7264,0.7624,0.7976,0.7134,15.64,99.0,-27.0,0.4456,0.0693,-0.3,0.7143,0.9762,0.7421,0.7097,0.6376
2026-08-16,-72.86,116.47,0.6333,0.6746,0.6726,0.7237,11.93,175.1,-21.1,0.336,-0.0343,-0.2,0.7143,0.9762,0.7236,0.7203,0.7392
2026-08-16,-72.86,137.65,0.7188,0.7012,0.6976,0.6347,14.25,301.1,-19.5,0.2448,0.0918,0.3,0.7143,0.9762,0.6209,0.6673,0.6188
2026-08-16,-72.86,158.82,0.6428,0.5927,0.5909,0.6401,5.91,357.7,-18.8,0.1575,-0.0119,-0.3,0.7143,0.9762,0.5732,0.5796,0.6465
2026-08-16,-72.86,180.0,0.6115,0.6156,0.5475,0.5914,6.49,325.6,-18.7,0.2194,-0.3069,1.1,0.7143,0.9762,0.6943,0.5531,0.5563
2026-08-16,-71.43,-180.0,0.4908,0.5861,0.4925,0.5562,16.74,325.3,-14.1,0.0617,0.0446,1.3,0.6571,0.9762,0.5235,0.511,0.5327
2026-08-16,-71.43,-158.82,0.4909,0.4703,0.5444,0.457,15.24,72.7,-22.6,0.3058,-0.2438,1.2,0.6571,0.9762,0.5794,0.4808,0.5129
2026-08-16,-71.43,-137.65,0.4307,0.5074,0.4718,0.5187,15.78,148.8,-21.3,0.078,0.2258,0.8,0.6571,0.9762,0.4982,0.4862,0.4882
2026-08-16,-71.43,-116.47,0.51,0.5306,0.5233,0.5075,14.47,218.2,-16.2,0.2813,-0.1188,0.9,0.6571,0.9762,0.5135,0.4443,0.4802
2026-08-16,-71.43,-95.29,0.4572,0.4688,0.4877,0.5124,10.15,164.3,-18.2,0.0675,0.1062,0.8,0.6571,0.9762,0.5485,0.4571,0.5214
2026-08-16,-71.43,-74.12,0.5481,0.5882,0.5198,0.4673,14.33,325.9,-19.4,0.2951,0.1944,0.7,0.6571,0.9762,0.5403,0.5638,0.5334
2026-08-16,-71.43,-52.94,0.5313,0.5119,0.5097,0.654,5.92,296.8,-17.7,0.1136,0.2414,2.1,0.6571,0.9762,0.4782,0.5232,0.6016
2026-08-16,-71.43,-31.76,0.5054,0.5214,0.5895,0.56,9.68,190.7,-18.6,0.303,-0.0928,1.5,0.6571,0.9762,0.5836,0.5542,0.602
2026-08-16,-71.43,-10.59,0.6026,0.5982,0.7034,0.6008,12.25,167.1,-22.8,0.4041,0.2795,1.3,0.6571,0.9762,0.6258,0.5897,0.6331
2026-08-16,-71.43,10.59,0.6801,0.713,0.6649,0.6112,13.71,269.0,-17.4,0.194,0.1314,-0.2,0.6571,0.9762,0.6196,0.623,0.6497
2026-08-16,-71.43,31.76,0.7199,0.6607,0.7203,0.6422,5.74,165.5,-19.7,0.1848,-0.123,2.2,0.6571,0.9762,0.5699,0.6002,0.6496
2026-08-16,-71.43,52.94,0.6935,0.7213,0.6724,0.6384,5.4,355.2,-17.7,0.4024,-0.2366,1.3,0.6571,0.9762,0.6997,0.6773,0.6867
2026-08-16,-71.43,74.12,0.7414,0.697,0.745,0.6402,15.33,327.0,-18.9,0.0753,0.0137,2.0,0.6571,0.9762,0.7179,0.6759,0.6668
2026-08-16,-71.43,95.29,0.6275,0.6533,0.6397,0.6571,12.76,222.2,-17.8,0.0981,-0.1614,1.3,0.6571,0.9762,0.6548,0.6565,0.6235
2026-08-16,-71.43,116.47,0.6497,0.613,0.6566,0.611,7.13,272.4,-14.7,0.3193,0.0657,2.8,0.6571,0.9762,0.6212,0.6385,0.6341
2026-08-16,-71.43,137.65,0.6301,0.6363,0.6437,0.6181,8.2,274.9,-11.8,0.3339,-0.1955,2.5,0.6571,0.9762,0.6547,0.6198,0.6064
2026-08-16,-71.43,158.82,0.5954,0.5829,0.5974,0.611,9.77,129.7,-15.1,0.3751,-0.2046,0.9,0.6571,0.9762,0.4923,0.5855,0.5286
2026-08-16,-71.43,180.0,0.6116,0.5235,0.5404,0.603,12.85,304.1,-18.4,0.447,-0.2106,1.7,0.6571,0.9762,0.4995,0.4762,0.4974
2026-08-16,-70.0,-180.0,0.5019,0.5272,0.4662,0.5228,8.44,321.0,-17.9,0.1611,0.0034,3.1,0.6,0.9762,0.5038,0.5895,0.4893
2026-08-16,-70.0,-158.82,0.4375,0.4042,0.4686,0.513,17.8,186.2,-13.2,0.3264,-0.1282,1.4,0.6,0.9762,0.4029,0.5048,0.4563
2026-08-16,-70.0,-137.65,0.4453,0.4406,0.4711,0.4306,7.88,77.8,-20.8,0.1853,0.1797,2.9,0.6,0.9762,0.4605,0.4752,0.4742
2026-08-16,-70.0,-116.47,0.4584,0.4728,0.4222,0.4465,14.26,56.2,-12.6,0.197,-0.0026,2.6,0.6,0.9762,0.4829,0.438,0.3618
2026-08-16,-70.0,-95.29,0.4726,0.4356,0.4212,0.437,16.98,357.0,-21.3,0.4118,0.0467,2.6,0.6,0.9762,0.3551,0.4624,0.4424
2026-08-16,-70.0,-74.12,0.5263,0.4233,0.459,0.4476,8.04,227.8,-20.0,0.0906,-0.2462,1.0,0.6,0.9762,0.5041,0.4949,0.4312
2026-08-16,-70.0,-52.94,0.5753,0.4536,0.5223,0.4311,9.47,175.5,-16.4,0.2919,-0.087,1.7,0.6,0.9762,0.4771,0.5034,0.5214
2026-08-16,-70.0,-31.76,0.6157,0.5281,0.4664,0.4857,10.11,43.0,-13.7,0.2341,0.2046,2.4,0.6,0.9762,0.5516,0.5643,0.5194
2026-08-16,-70.0,-10.59,0.5646,0.6336,0.5688,0.5996,16.86,309.0,-14.0,0.1943,-0.1592,1.7,0.6,0.9762,0.5465,0.516,0.5489
2026-08-16,-70.0,10.59,0.5565,0.6169,0.5232,0.6085,10.06,210.5,-18.6,0.3824,-0.0414,0.6,0.6,0.9762,0.5502,0.5875,0.5834
2026-08-16,-70.0,31.76,0.5943,0.5854,0.6424,0.6445,5.35,257.1,-18.9,0.2938,-0.0695,1.3,0.6,0.9762,0.6795,0.6708,0.6255
2026-08-16,-70.0,52.94,0.6122,0.6332,0.6875,0.7263,17.35,195.9,-16.8,0.3485,0.1163,2.0,0.6,0.9762,0.6138,0.6133,0.6048
2026-08-16,-70.0,74.12,0.6085,0.6205,0.6117,0.6518,14.31,290.3,-15.3,0.0699,-0.2451,3.1,0.6,0.9762,0.5956,0.6788,0.5764
2026-08-16,-70.0,95.29,0.6053,0.6606,0.6101,0.6009,16.4,164.5,-19.0,0.137,0.0756,0.3,0.6,0.9762,0.6478,0.6127,0.6723
2026-08-16,-70.0,116.47,0.5824,0.5918,0.5132,0.574,5.99,94.8,-17.3,0.3884,0.1017,0.9,0.6,0.9762,0.5889,0.5634,0.6383
2026-08-16,-70.0,137.65,0.5602,0.6003,0.5777,0.5844,8.82,110.2,-15.2,0.1771,-0.1232,2.8,0.6,0.9762,0.5434,0.5749,0.594
2026-08-16,-70.0,158.82,0.4791,0.5403,0.5657,0.4895,6.19,322.6,-19.3,0.1721,-0.0385,3.3,0.6,0.9762,0.4778,0.5694,0.5222
2026-08-16,-70.0,180.0,0.4834,0.5088,0.5123,0.5496,7.08,311.6,-18.3,0.1111,-0.2126,1.2,0.6,0.9762,0.5098,0.5071,0.4789
2026-08-16,-68.57,-180.0,0.4537,0.3762,0.4651,0.3283,10.49,147.1,-13.2,0.4237,-0.0227,3.1,0.5429,0.9762,0.4685,0.4478,0.467
2026-08-16,-68.57,-158.82,0.3972,0.419,0.3771,0.4814,15.81,81.3,-18.2,0.3938,0.0856,1.5,0.5429,0.9762,0.4074,0.4189,0.4297
2026-08-16,-68.57,-137.65,0.3642,0.3987,0.4621,0.4477,16.75,326.6,-15.9,0.4419,0.0176,2.2,0.5429,0.9762,0.4205,0.3508,0.4007
2026-08-16,-68.57,-116.47,0.4648,0.3963,0.3114,0.3416,17.89,172.3,-13.7,0.1536,0.0671,3.3,0.5429,0.9762,0.3974,0.4279,0.3504
2026-08-16,-68.57,-95.29,0.3917,0.3963,0.5296,0.3836,11.1,108.9,-14.5,0.1548,-0.242,3.9,0.5429,0.9762,0.4274,0.4128,0.4444
2026-08-16,-68.57,-74.12,0.3903,0.3466,0.2683,0.4812,8.96,165.0,-13.9,0.4274,0.1355,2.2,0.5429,0.9762,0.4611,0.4371,0.4019
2026-08-16,-68.57,-52.94,0.4336,0.4535,0.4865,0.4574,11.3,46.4,-16.7,0.3336,-0.0255,1.1,0.5429,0.9762,0.3739,0.4207,0.4649
2026-08-16,-68.57,-31.76,0.5216,0.5093,0.4625,0.5582,14.64,25.2,-18.1,0.1595,0.0904,1.8,0.5429,0.9762,0.5586,0.4751,0.4707
2026-08-16,-68.57,-10.59,0.5303,0.5027,0.5204,0.5429,6.16,52.0,-14.6,0.0877,0.1569,1.0,0.5429,0.9762,0.5105,0.5183,0.4673
2026-08-16,-68.57,10.59,0.5053,0.4353,0.5601,0.5976,14.32,181.8,-14.7,0.1459,0.0217,0.4,0.5429,0.9762,0.6255,0.5312,0.6473
2026-08-16,-68.57,31.76,0.5328,0.5681,0.5889,0.6143,5.06,315.3,-11.1,0.4452,0.0681,2.5,0.5429,0.9762,0.5602,0.592,0.5555
2026-08-16,-68.57,52.94,0.5127,0.5815,0.5467,0.6342,11.1,51.0,-16.2,0.0791,0.2616,2.6,0.5429,0.9762,0.557,0.5349,0.5833
2026-08-16,-68.57,74.12,0.5236,0.5162,0.6508,0.5744,13.71,156.9,-18.6,0.1339,-0.3065,2.8,0.5429,0.9762,0.6401,0.5358,0.6138
2026-08-16,-68.57,95.29,0.6312,0.5303,0.6422,0.5555,5.18,172.4,-14.5,0.2517,-0.2039,1.7,0.5429,0.9762,0.5662,0.6098,0.553
2026-08-16,-68.57,116.47,0.5743,0.56,0.509,0.6055,11.64,353.9,-15.6,0.3837,0.1824,3.3,0.5429,0.9762,0.5769,0.5035,0.5525
2026-08-16,-68.57,137.65,0.4668,0.5789,0.4695,0.4795,11.06,18.3,-13.2,0.2697,-0.0547,2.0,0.5429,0.9762,0.5339,0.5732,0.5361
2026-08-16,-68.57,158.82,0.4861,0.4895,0.5137,0.5404,12.55,11.5,-17.9,0.1704,0.3313,0.2,0.5429,0.9762,0.4551,0.4721,0.4018
2026-08-16,-68.57,180.0,0.4391,0.4067,0.4245,0.4366,16.16,164.3,-11.6,0.09,-0.0005,2.8,0.5429,0.9762,0.437,0.536,0.4039
2026-08-16,-67.14,-180.0,0.3855,0.3467,0.4095,0.3312,7.07,300.9,-8.6,0.2652,-0.2709,1.8,0.4857,0.9762,0.3769,0.4234,0.3671
2026-08-16,-67.14,-158.82,0.3753,0.3354,0.3821,0.3694,14.76,228.7,-14.4,0.118,0.0663,3.6,0.4857,0.9762,0.3761,0.3534,0.3341
2026-08-16,-67.14,-137.65,0.3301,0.3085,0.3964,0.3472,8.96,278.3,-13.6,0.2959,-0.0041,4.3,0.4857,0.9762,0.3146,0.3572,0.2851
2026-08-16,-67.14,-116.47,0.3799,0.3056,0.2803,0.3178,9.03,35.7,-12.1,0.4499,-0.0955,1.8,0.4857,0.9762,0.2803,0.428,0.3599
2026-08-16,-67.14,-95.29,0.3858,0.3084,0.3271,0.3778,11.82,81.7,-16.6,0.051,0.0028,0.8,0.4857,0.9762,0.3422,0.3259,0.3727
2026-08-16,-67.14,-74.12,0.2738,0.3759,0.3422,0.322,12.54,313.5,-15.8,0.3721,0.4096,4.7,0.4857,0.9762,0.3816,0.3137,0.3636
2026-08-16,-67.14,-52.94,0.3437,0.3919,0.3993,0.3995,14.48,52.2,-11.2,0.2999,0.2923,6.3,0.4857,0.9762,0.4011,0.3558,0.3245
2026-08-16,-67.14,-31.76,0.4225,0.4009,0.475,0.4311,6.11,70.9,-15.5,0.0581,0.1539,2.6,0.4857,0.9762,0.424,0.4354,0.409
2026-08-16,-67.14,-10.59,0.4702,0.4823,0.4601,0.4409,10.76,99.0,-15.8,0.341,-0.1056,3.1,0.4857,0.9762,0.4417,0.4791,0.4048
2026-08-16,-67.14,10.59,0.4809,0.5546,0.5774,0.5248,12.48,325.5,-11.8,0.3534,-0.0206,3.6,0.4857,0.9762,0.4828,0.4255,0.531
2026-08-16,-67.14,31.76,0.518,0.5083,0.6056,0.5801,9.29,84.0,-19.4,0.1434,0.179,3.3,0.4857,0.9762,0.4747,0.5163,0.5523
2026-08-16,-67.14,52.94,0.5889,0.4579,0.561,0.4949,13.15,318.5,-14.5,0.0704,-0.1104,2.1,0.4857,0.9762,0.4927,0.5962,0.5318
2026-08-16,-67.14,74.12,0.5083,0.5082,0.5549,0.505,13.5,102.9,-10.7,0.107,-0.2253,2.4,0.4857,0.9762,0.516,0.5569,0.5294
2026-08-16,-67.14,95.29,0.5378,0.4904,0.5736,0.5599,5.95,91.1,-12.3,0.1902,0.0918,2.5,0.4857,0.9762,0.5232,0.5507,0.5288
2026-08-16,-67.14,116.47,0.483,0.5353,0.5007,0.508,9.99,137.7,-24.7,0.2023,-0.0171,3.3,0.4857,0.9762,0.4939,0.4198,0.4176
2026-08-16,-67.14,137.65,0.458,0.4148,0.4573,0.4008,11.66,144.6,-9.9,0.416,-0.0917,2.5,0.4857,0.9762,0.4977,0.4597,0.4767
2026-08-16,-67.14,158.82,0.4255,0.4341,0.3931,0.4214,6.26,15.0,-14.4,0.326,-0.0308,3.6,0.4857,0.9762,0.3825,0.3627,0.4499
2026-08-16,-67.14,180.0,0.4061,0.4835,0.3897,0.4152,15.5,174.8,-12.2,0.1811,0.1459,5.4,0.4857,0.9762,0.3157,0.4177,0.3578
2026-08-16,-65.71,-180.0,0.2571,0.3419,0.3213,0.29,6.71,55.7,-11.5,0.1976,-0.193,4.8,0.4286,0.9762,0.3909,0.263,0.3447
2026-08-16,-65.71,-158.82,0.3099,0.3468,0.2567,0.3102,10.95,227.2,-15.8,0.2154,-0.1128,2.9,0.4286,0.9762,0.3311,0.3136,0.3397
2026-08-16,-65.71,-137.65,0.3498,0.2648,0.3218,0.2717,9.64,33.5,-13.5,0.3213,0.1322,3.3,0.4286,0.9762,0.3013,0.2556,0.2963
2026-08-16,-65.71,-116.47,0.2124,0.2989,0.2675,0.2379,10.41,327.3,-15.3,0.3596,0.0343,5.8,0.4286,0.9762,0.358,0.2845,0.3031
2026-08-16,-65.71,-95.29,0.2668,0.2939,0.236,0.2467,17.97,335.6,-8.2,0.1526,0.0131,4.2,0.4286,0.9762,0.3085,0.2748,0.2265
2026-08-16,-65.71,-74.12,0.2752,0.3478,0.2818,0.3454,10.01,28.1,-12.1,0.1865,0.0263,4.3,0.4286,0.9762,0.2777,0.2668,0.2832
2026-08-16,-65.71,-52.94,0.3839,0.3181,0.3509,0.3547,9.87,96.8,-13.7,0.2149,0.1047,4.1,0.4286,0.9762,0.3471,0.3839,0.3923
2026-08-16,-65.71,-31.76,0.3721,0.3076,0.3799,0.3553,16.02,323.8,-11.1,0.3959,-0.0593,2.6,0.4286,0.9762,0.3833,0.3536,0.418
2026-08-16,-65.71,-10.59,0.3539,0.4228,0.4042,0.4027,6.65,89.4,-14.1,0.3049,-0.0703,4.8,0.4286,0.9762,0.4642,0.4128,0.417
2026-08-16,-65.71,10.59,0.4958,0.4541,0.4938,0.4652,16.86,355.8,-12.5,0.1954,-0.1898,2.8,0.4286,0.9762,0.4596,0.4394,0.4463
2026-08-16,-65.71,31.76,0.4715,0.4205,0.407,0.3773,12.07,214.8,-6.5,0.3511,-0.0383,2.6,0.4286,0.9762,0.4859,0.5063,0.4436
2026-08-16,-65.71,52.94,0.5356,0.4656,0.4246,0.4258,17.0,19.9,-17.6,0.3335,-0.2851,2.3,0.4286,0.9762,0.5235,0.455,0.5388
2026-08-16,-65.71,74.12,0.5301,0.514,0.527,0.5236,15.79,281.4,-8.2,0.3229,-0.1762,2.0,0.4286,0.9762,0.4453,0.4598,0.4329
2026-08-16,-65.71,95.29,0.3984,0.4424,0.4475,0.484,15.93,46.4,-9.2,0.4413,-0.0485,3.9,0.4286,0.9762,0.4607,0.3778,0.455
2026-08-16,-65.71,116.47,0.4062,0.4916,0.4559,0.4074,15.48,198.3,-14.2,0.136,0.1762,2.9,0.4286,0.9762,0.4308,0.4072,0.471
2026-08-16,-65.71,137.65,0.3577,0.354,0.3783,0.4289,17.42,21.9,-13.0,0.2129,0.011,3.3,0.4286,0.9762,0.4781,0.4397,0.4429
2026-08-16,-65.71,158.82,0.2966,0.3654,0.3905,0.3883,10.37,269.2,-10.5,0.3396,0.0053,4.4,0.4286,0.9762,0.4093,0.3787,0.3687
2026-08-16,-65.71,180.0,0.2962,0.347,0.4,0.3176,14.53,88.0,-12.7,0.1653,0.0184,1.5,0.4286,0.9762,0.3547,0.3513,0.3489
2026-08-16,-64.29,-180.0,0.2552,0.2738,0.2999,0.2287,9.7,359.2,-7.3,0.0642,0.2775,3.8,0.3714,0.9762,0.3251,0.2576,0.3053
2026-08-16,-64.29,-158.82,0.1823,0.2822,0.2244,0.2341,9.92,294.4,-16.6,0.2662,-0.1712,4.6,0.3714,0.9762,0.2922,0.2101,0.213
2026-08-16,-64.29,-137.65,0.2302,0.1752,0.1725,0.2284,7.94,194.1,-13.0,0.3217,0.0632,5.0,0.3714,0.9762,0.2747,0.199,0.3473
2026-08-16,-64.29,-116.47,0.2713,0.1651,0.2662,0.2586,10.63,274.8,-15.3,0.4234,-0.0557,3.2,0.3714,0.9762,0.2863,0.2849,0.286
2026-08-16,-64.29,-95.29,0.3132,0.2684,0.3063,0.2101,12.59,6.0,-12.4,0.0576,-0.134,4.6,0.3714,0.9762,0.268,0.2205,0.2611
2026-08-16,-64.29,-74.12,0.3022,0.2796,0.2633,0.2445,11.3,285.2,-16.8,0.1509,-0.0504,4.1,0.3714,0.9762,0.2037,0.1925,0.2297
2026-08-16,-64.29,-52.94,0.2859,0.2279,0.2538,0.3191,17.02,216.6,-9.4,0.2809,0.2867,5.9,0.3714,0.9762,0.286,0.3396,0.2851
2026-08-16,-64.29,-31.76,0.3034,0.2584,0.3517,0.3515,17.55,62.6,-15.4,0.3265,0.2317,4.4,0.3714,0.9762,0.377,0.3065,0.3552
2026-08-16,-64.29,-10.59,0.3349,0.3799,0.3892,0.4056,16.02,5.6,-14.8,0.1366,-0.0912,2.8,0.3714,0.9762,0.3249,0.3739,0.3384
2026-08-16,-64.29,10.59,0.3336,0.3564,0.4463,0.3872,8.61,144.1,-7.8,0.2251,-0.1407,4.5,0.3714,0.9762,0.4919,0.3402,0.4148
2026-08-16,-64.29,31.76,0.3883,0.378,0.4313,0.342,10.85,174.5,-16.6,0.3163,0.0148,4.2,0.3714,0.9762,0.4618,0.4107,0.4414
2026-08-16,-64.29,52.94,0.4381,0.3878,0.438,0.3866,9.26,322.4,-13.9,0.2205,-0.1088,3.5,0.3714,0.9762,0.3991,0.3967,0.4335
2026-08-16,-64.29,74.12,0.4329,0.4939,0.4665,0.3692,7.26,28.8,-10.5,0.2013,-0.0177,4.9,0.3714,0.9762,0.412,0.3382,0.4778
2026-08-16,-64.29,95.29,0.4912,0.4629,0.3788,0.3729,14.98,272.3,-14.6,0.1648,-0.3136,4.2,0.3714,0.9762,0.4181,0.4531,0.4972
2026-08-16,-64.29,116.47,0.4104,0.4183,0.3914,0.4147,6.69,359.1,-11.0,0.1865,-0.3126,3.2,0.3714,0.9762,0.3917,0.4239,0.3427
2026-08-16,-64.29,137.65,0.4533,0.4044,0.3288,0.393,6.99,139.0,-10.3,0.3344,-0.1066,6.5,0.3714,0.9762,0.3933,0.3295,0.381
2026-08-16,-64.29,158.82,0.3559,0.2758,0.3414,0.2305,6.62,220.5,-15.3,0.3198,0.0218,4.3,0.3714,0.9762,0.3093,0.2751,0.3481
2026-08-16,-64.29,180.0,0.2506,0.2433,0.3271,0.3558,10.35,154.6,-10.4,0.3694,0.141,3.0,0.3714,0.9762,0.2373,0.3062,0.3449
2026-08-16,-62.86,-180.0,0.1803,0.2728,0.2507,0.2321,15.31,169.0,-5.8,0.229,0.1801,5.8,0.3143,0.9762,0.2265,0.172,0.1854
2026-08-16,-62.86,-158.82,0.1945,0.1604,0.2065,0.1496,14.74,274.0,-9.7,0.2863,-0.1636,6.1,0.3143,0.9762,0.1438,0.1564,0.1516
2026-08-16,-62.86,-137.65,0.1623,0.1004,0.1287,0.1497,14.08,356.7,-12.0,0.2153,0.1421,4.4,0.3143,0.9762,0.2355,0.1733,0.1702
2026-08-16,-62.86,-116.47,0.2255,0.1434,0.0929,0.2259,12.51,155.1,-11.9,0.1812,-0.0129,4.3,0.3143,0.9762,0.1548,0.1811,0.1879
2026-08-16,-62.86,-95.29,0.2182,0.1977,0.1538,0.2163,12.03,196.0,-6.8,0.308,-0.0469,3.5,0.3143,0.9762,0.0868,0.1726,0.1968
2026-08-16,-62.86,-74.12,0.2085,0.1764,0.2234,0.2327,13.05,102.9,-15.0,0.0676,-0.0119,4.1,0.3143,0.9762,0.2744,0.2134,0.2336
2026-08-16,-62.86,-52.94,0.3461,0.2908,0.3028,0.2275,7.25,121.9,-3.6,0.4202,-0.2296,4.0,0.3143,0.9762,0.2515,0.2298,0.2627
2026-08-16,-62.86,-31.76,0.2815,0.2763,0.2743,0.2449,14.72,158.5,-10.7,0.1181,-0.0075,4.6,0.3143,0.9762,0.2354,0.3136,0.1885
2026-08-16,-62.86,-10.59,0.2528,0.3297,0.3546,0.338,9.96,43.1,-16.9,0.0654,0.1718,4.5,0.3143,0.9762,0.3166,0.2536,0.3379
2026-08-16,-62.86,10.59,0.3637,0.4055,0.3909,0.3268,13.5,23.6,-9.2,0.3122,-0.2015,5.3,0.3143,0.9762,0.374,0.293,0.4008
2026-08-16,-62.86,31.76,0.4081,0.4006,0.2679,0.3746,10.13,113.5,-15.8,0.1951,0.1212,6.2,0.3143,0.9762,0.4174,0.3415,0.3418
2026-08-16,-62.86,52.94,0.4351,0.3826,0.4316,0.421,16.84,108.3,-11.4,0.1083,0.1177,4.0,0.3143,0.9762,0.4474,0.413,0.5024
2026-08-16,-62.86,74.12,0.3421,0.4418,0.3643,0.3539,12.71,328.2,-6.7,0.4055,0.085,4.6,0.3143,0.9762,0.413,0.3583,0.4496
2026-08-16,-62.86,95.29,0.2885,0.2953,0.285,0.325,5.18,115.7,-9.6,0.3535,-0.04,4.5,0.3143,0.9762,0.3261,0.3266,0.3401
2026-08-16,-62.86,116.47,0.3274,0.3065,0.3597,0.3431,5.04,294.5,-12.3,0.4397,-0.0435,5.7,0.3143,0.9762,0.3098,0.2803,0.282
2026-08-16,-62.86,137.65,0.3044,0.2772,0.3806,0.3039,9.69,188.0,-7.3,0.2734,0.1434,4.3,0.3143,0.9762,0.3439,0.2981,0.3395
2026-08-16,-62.86,158.82,0.2547,0.2362,0.3407,0.2197,5.01,128.1,-13.6,0.1882,0.1698,4.5,0.3143,0.9762,0.2817,0.1936,0.1977
2026-08-16,-62.86,180.0,0.2374,0.2165,0.2026,0.2003,9.64,352.4,-13.4,0.2119,0.1035,6.4,0.3143,0.9762,0.2289,0.1447,0.2371
2026-08-16,-61.43,-180.0,0.1173,0.1392,0.1652,0.1689,10.94,160.0,-11.4,0.2465,-0.0257,4.6,0.2571,0.9762,0.2643,0.2533,0.1613
2026-08-16,-61.43,-158.82,0.2117,0.1761,0.205,0.1614,9.19,38.6,-11.3,0.3852,-0.051,5.2,0.2571,0.9762,0.1926,0.1403,0.1554
2026-08-16,-61.43,-137.65,0.1727,0.1159,0.1237,0.181,15.24,2.6,-7.6,0.1179,0.2406,6.8,0.2571,0.9762,0.1175,0.1237,0.1607
2026-08-16,-61.43,-116.47,0.1427,0.1296,0.0822,0.1308,11.93,329.8,-9.0,0.0786,-0.1322,4.1,0.2571,0.9762,0.0671,0.1995,0.2245
2026-08-16,-61.43,-95.29,0.1195,0.1378,0.1776,0.1382,14.08,34.5,-11.1,0.3429,-0.1214,4.5,0.2571,0.9762,0.2517,0.087,0.1596
2026-08-16,-61.43,-74.12,0.195,0.2066,0.1294,0.1823,11.16,59.7,-10.8,0.1182,-0.1006,4.7,0.2571,0.9762,0.1865,0.1642,0.1549
2026-08-16,-61.43,-52.94,0.1801,0.1148,0.2102,0.195,11.45,149.4,-13.1,0.4275,0.0167,5.6,0.2571,0.9762,0.1829,0.1714,0.2289
2026-08-16,-61.43,-31.76,0.2397,0.2575,0.2272,0.2325,14.7,10.5,-8.8,0.3773,-0.0949,6.8,0.2571,0.9762,0.2362,0.2231,0.2404
2026-08-16,-61.43,-10.59,0.2904,0.2034,0.1903,0.2918,15.03,266.0,-4.2,0.2806,0.0544,2.9,0.2571,0.9762,0.2787,0.251,0.2932
2026-08-16,-61.43,10.59,0.3069,0.2347,0.3354,0.2198,13.53,46.2,-10.5,0.1596,-0.2798,6.8,0.2571,0.9762,0.2841,0.3516,0.3124
2026-08-16,-61.43,31.76,0.3714,0.3552,0.3468,0.2691,12.44,169.5,-14.6,0.4346,0.0166,7.0,0.2571,0.9762,0.2749,0.278,0.2792
2026-08-16,-61.43,52.94,0.313,0.2899,0.387,0.2667,13.66,117.7,-9.1,0.3719,-0.2066,4.8,0.2571,0.9762,0.3575,0.2972,0.3359
2026-08-16,-61.43,74.12,0.3342,0.3165,0.3496,0.3558,10.6,174.2,-7.1,0.4099,-0.0926,4.6,0.2571,0.9762,0.3449,0.2915,0.3044
2026-08-16,-61.43,95.29,0.3352,0.3933,0.3099,0.2992,7.59,46.3,-10.7,0.342,-0.2244,5.3,0.2571,0.9762,0.3061,0.3411,0.3479
2026-08-16,-61.43,116.47,0.3699,0.2914,0.337,0.3463,5.33,339.9,-15.6,0.1069,-0.0993,5.5,0.2571,0.9762,0.2853,0.2708,0.25
2026-08-16,-61.43,137.65,0.2711,0.3159,0.2492,0.2478,14.6,145.3,-12.0,0.4125,-0.2255,4.9,0.2571,0.9762,0.3051,0.2423,0.3197
2026-08-16,-61.43,158.82,0.1756,0.2173,0.2181,0.2485,9.92,353.7,-10.1,0.3252,0.011,7.4,0.2571,0.9762,0.2007,0.2185,0.2047
2026-08-16,-61.43,180.0,0.2331,0.1632,0.2158,0.1399,7.37,43.0,-13.3,0.1894,0.0373,3.2,0.2571,0.9762,0.1518,0.1568,0.0959
2026-08-16,-60.0,-180.0,0.1322,0.1272,0.1704,0.1172,8.81,174.5,-11.1,0.1905,0.1017,6.4,0.2,0.9762,0.1948,0.1652,0.0673
2026-08-16,-60.0,-158.82,0.071,0.0406,0.0855,0.1488,15.07,214.3,-7.5,0.0692,-0.2339,6.3,0.2,0.9762,0.1585,0.1267,0.1166
2026-08-16,-60.0,-137.65,0.0,0.0439,0.0632,0.082,7.97,305.9,-10.4,0.4083,-0.0763,4.8,0.2,0.9762,0.1271,0.1241,0.1029
2026-08-16,-60.0,-116.47,0.0592,0.0224,0.0411,0.0417,13.74,298.9,-11.6,0.4381,-0.2218,5.4,0.2,0.9762,0.0333,0.0777,0.0921
2026-08-16,-60.0,-95.29,0.0961,0.0818,0.1562,0.0883,8.18,306.2,-4.7,0.31,-0.0039,6.0,0.2,0.9762,0.0781,0.0733,0.1122
2026-08-16,-60.0,-74.12,0.1169,0.0949,0.1255,0.0741,9.75,13.1,-11.7,0.2247,-0.1698,6.6,0.2,0.9762,0.0738,0.0272,0.0888
2026-08-16,-60.0,-52.94,0.1286,0.1324,0.2055,0.1851,9.49,124.5,-12.2,0.1093,-0.1385,5.3,0.2,0.9762,0.1524,0.1922,0.1234
2026-08-16,-60.0,-31.76,0.1664,0.1052,0.1374,0.2109,12.33,334.1,-12.3,0.3862,-0.083,7.9,0.2,0.9762,0.2206,0.1956,0.1668
2026-08-16,-60.0,-10.59,0.2561,0.2018,0.2124,0.1524,8.83,195.2,-5.2,0.2459,-0.1913,5.5,0.2,0.9762,0.23,0.2221,0.2142
2026-08-16,-60.0,10.59,0.2836,0.2222,0.2065,0.2406,7.48,242.6,-5.6,0.2784,0.1435,6.4,0.2,0.9762,0.1634,0.1924,0.2251
2026-08-16,-60.0,31.76,0.3747,0.2479,0.2366,0.3231,7.83,339.2,-8.7,0.2104,0.0583,4.9,0.2,0.9762,0.2442,0.3056,0.3184
2026-08-16,-60.0,52.94,0.3172,0.2865,0.2722,0.208,16.06,253.2,-7.7,0.4497,-0.0358,5.8,0.2,0.9762,0.2727,0.2945,0.2398
2026-08-16,-60.0,74.12,0.2666,0.2939,0.2471,0.36,5.8,294.0,-7.3,0.0898,0.1169,5.6,0.2,0.9762,0.2036,0.2359,0.315
2026-08-16,-60.0,95.29,0.2484,0.3034,0.2704,0.2638,13.28,358.9,-4.7,0.4311,0.125,6.2,0.2,0.9762,0.2429,0.2688,0.2612
2026-08-16,-60.0,116.47,0.2169,0.2606,0.1461,0.2404,9.05,359.9,-5.8,0.3444,0.0692,7.0,0.2,0.9762,0.285,0.2335,0.2156
2026-08-16,-60.0,137.65,0.1889,0.1488,0.1947,0.216,11.1,174.3,-8.0,0.287,0.0648,5.9,0.2,0.9762,0.1745,0.1901,0.2217
2026-08-16,-60.0,158.82,0.1704,0.1015,0.1847,0.161,12.5,198.2,-9.1,0.2125,0.0609,4.4,0.2,0.9762,0.1505,0.0908,0.1898
2026-08-16,-60.0,180.0,0.1249,0.0997,0.1181,0.1425,16.57,273.9,-10.4,0.1489,0.2059,7.3,0.2,0.9762,0.0889,0.1333,0.1956
2026-08-17,-80.0,-180.0,0.8537,0.8124,0.8536,0.8831,10.94,136.2,-28.6,0.132,0.0071,-3.0,1.0,0.9735,0.8353,0.9055,0.8077
2026-08-17,-80.0,-158.82,0.7825,0.7915,0.7624,0.858,17.79,119.3,-21.0,0.0741,-0.0187,-2.5,1.0,0.9735,0.7668,0.8784,0.8112
2026-08-17,-80.0,-137.65,0.7411,0.8448,0.835,0.8056,17.89,26.2,-23.7,0.2378,0.364,-3.3,1.0,0.9735,0.7847,0.7695,0.7617
2026-08-17,-80.0,-116.47,0.8993,0.7379,0.7151,0.8171,6.11,124.0,-27.4,0.4028,0.0562,-0.3,1.0,0.9735,0.7649,0.7945,0.7756
2026-08-17,-80.0,-95.29,0.7877,0.7745,0.7912,0.8177,15.29,7.6,-23.3,0.3156,0.0552,-3.5,1.0,0.9735,0.8228,0.8004,0.7278
2026-08-17,-80.0,-74.12,0.813,0.7765,0.8154,0.8023,14.12,37.4,-27.9,0.3938,-0.0165,-2.8,1.0,0.9735,0.7956,0.8306,0.8298
2026-08-17,-80.0,-52.94,0.9284,0.8757,0.8805,0.8649,10.82,88.1,-23.9,0.1277,-0.2055,-1.5,1.0,0.9735,0.8666,0.8516,0.9104
2026-08-17,-80.0,-31.76,0.8731,0.8272,0.8714,0.8824,9.34,309.8,-21.6,0.0831,-0.1083,-1.8,1.0,0.9735,0.8453,0.8068,0.8313
2026-08-17,-80.0,-10.59,0.9031,1.0,1.0,0.8519,7.55,342.6,-24.7,0.3951,-0.1431,-1.6,1.0,0.9735,0.9853,0.988,0.9113
2026-08-17,-80.0,10.59,0.9074,0.9368,1.0,0.8723,5.21,163.0,-22.1,0.1486,-0.1548,-0.4,1.0,0.9735,1.0,0.9266,0.9119
2026-08-17,-80.0,31.76,0.9683,1.0,0.9839,1.0,11.84,48.5,-19.2,0.4436,-0.0645,-2.4,1.0,0.9735,1.0,0.9605,0.9281
2026-08-17,-80.0,52.94,0.9751,0.9608,0.9741,0.9645,8.08,324.3,-25.6,0.3583,0.3331,-1.8,1.0,0.9735,0.9819,0.945,1.0
2026-08-17,-80.0,74.12,0.9516,0.9627,0.9366,1.0,15.47,167.0,-29.1,0.2725,0.0148,-2.8,1.0,0.9735,1.0,1.0,0.9704
2026-08-17,-80.0,95.29,0.9224,1.0,0.9787,1.0,13.4,353.5,-26.0,0.2761,-0.1376,-0.9,1.0,0.9735,0.9269,1.0,0.9646
2026-08-17,-80.0,116.47,1.0,0.8723,0.9192,0.9453,17.42,345.4,-25.1,0.2807,0.1369,-2.3,1.0,0.9735,1.0,0.9523,1.0
2026-08-17,-80.0,137.65,0.9072,0.9614,0.9167,0.9262,16.09,269.0,-32.1,0.3104,-0.1037,-4.0,1.0,0.9735,0.9137,0.9505,0.9046
2026-08-17,-80.0,158.82,0.8572,0.8894,0.8551,0.8835,9.7,241.6,-21.6,0.2052,-0.0223,-3.5,1.0,0.9735,0.878,0.8454,0.9032
2026-08-17,-80.0,180.0,0.8519,0.8274,0.8465,0.8453,14.31,331.4,-24.6,0.1095,0.2121,-2.2,1.0,0.9735,0.8077,0.8475,0.8688
2026-08-17,-78.57,-180.0,0.7055,0.747,0.7225,0.8563,5.82,302.2,-25.5,0.435,0.1328,-0.2,0.9429,0.9735,0.7696,0.7925,0.7696
2026-08-17,-78.57,-158.82,0.7585,0.7698,0.7656,0.8543,15.63,200.0,-21.5,0.1072,0.0311,-0.3,0.9429,0.9735,0.7554,0.7298,0.7826
2026-08-17,-78.57,-137.65,0.7514,0.7762,0.7618,0.7443,16.1,241.2,-21.3,0.3189,0.0472,-0.4,0.9429,0.9735,0.8833,0.7587,0.6846
2026-08-17,-78.57,-116.47,0.7137,0.8089,0.7524,0.7776,8.83,181.4,-24.1,0.268,-0.0696,-1.5,0.9429,0.9735,0.6698,0.7194,0.6978
2026-08-17,-78.57,-95.29,0.7874,0.7449,0.886,0.6958,5.55,320.5,-25.7,0.0888,0.1864,-0.3,0.9429,0.9735,0.7169,0.7826,0.7376
2026-08-17,-78.57,-74.12,0.7948,0.7248,0.8058,0.7247,10.77,224.5,-19.9,0.4253,-0.1586,-1.2,0.9429,0.9735,0.777,0.7143,0.7486
2026-08-17,-78.57,-52.94,0.8068,0.7963,0.7456,0.803,12.09,103.9,-26.8,0.1629,-0.1442,-2.1,0.9429,0.9735,0.7588,0.7085,0.8683
2026-08-17,-78.57,-31.76,0.867,0.814,0.825,0.7753,12.33,225.7,-14.9,0.3716,-0.3849,-2.3,0.9429,0.9735,0.89,0.8488,0.8717
2026-08-17,-78.57,-10.59,0.8537,0.8585,0.8455,0.8503,14.2,170.9,-25.7,0.2821,-0.3031,-0.4,0.9429,0.9735,0.8152,0.8223,0.9586
2026-08-17,-78.57,10.59,0.9471,0.8414,0.8894,0.9672,10.71,168.9,-26.0,0.3275,0.0328,-0.6,0.9429,0.9735,0.9357,0.9183,0.8333
2026-08-17,-78.57,31.76,0.9363,0.9096,0.9194,0.8821,6.22,140.4,-21.8,0.3004,-0.1347,-2.6,0.9429,0.9735,0.919,0.8913,0.9085
2026-08-17,-78.57,52.94,0.9237,0.8709,0.9874,0.9601,11.95,100.9,-21.8,0.3003,-0.2503,-1.3,0.9429,0.9735,0.8624,0.9069,0.9221
2026-08-17,-78.57,74.12,0.9356,0.9997,0.944,0.9282,15.51,172.0,-23.0,0.2825,0.1189,-0.9,0.9429,0.9735,0.9102,0.9975,0.8913
2026-08-17,-78.57,95.29,0.9517,0.9271,0.9555,0.9125,7.66,101.2,-24.5,0.1098,0.0229,-1.5,0.9429,0.9735,0.9256,0.9426,0.9734
2026-08-17,-78.57,116.47,0.9732,0.9023,0.8527,0.9345,14.82,317.1,-20.0,0.2226,-0.069,-2.5,0.9429,0.9735,0.8841,0.8724,0.9256
2026-08-17,-78.57,137.65,0.8653,0.8829,0.864,0.8716,10.2,279.5,-23.0,0.2305,-0.0634,-2.8,0.9429,0.9735,0.8464,0.8937,0.7924
2026-08-17,-78.57,158.82,0.7201,0.782,0.8546,0.8097,6.47,7.4,-31.0,0.2453,0.2525,-0.1,0.9429,0.9735,0.8347,0.7852,0.7926
2026-08-17,-78.57,180.0,0.772,0.784,0.7392,0.8339,7.88,171.8,-22.2,0.0714,0.0112,-2.9,0.9429,0.9735,0.7785,0.8099,0.7199
2026-08-17,-77.14,-180.0,0.7071,0.786,0.7063,0.7541,9.14,283.5,-19.9,0.3047,-0.1787,0.4,0.8857,0.9735,0.729,0.7263,0.7198
2026-08-17,-77.14,-158.82,0.6987,0.7463,0.7337,0.6666,7.27,355.2,-21.4,0.4154,-0.2091,-1.1,0.8857,0.9735,0.7782,0.7269,0.7318
2026-08-17,-77.14,-137.65,0.746,0.6776,0.6998,0.7202,17.03,230.7,-25.1,0.1647,0.1823,-0.1,0.8857,0.9735,0.6882,0.6847,0.6978
2026-08-17,-77.14,-116.47,0.6251,0.6884,0.7165,0.7381,17.35,248.8,-22.4,0.1436,-0.2427,0.1,0.8857,0.9735,0.7109,0.6815,0.7038
2026-08-17,-77.14,-95.29,0.7067,0.7106,0.7551,0.7337,9.03,132.6,-20.5,0.0904,0.1249,-2.2,0.8857,0.9735,0.6474,0.7107,0.6735
2026-08-17,-77.14,-74.12,0.7512,0.6598,0.7175,0.7051,5.57,235.5,-24.0,0.0691,-0.1734,-1.1,0.8857,0.9735,0.6741,0.6161,0.7019
2026-08-17,-77.14,-52.94,0.7281,0.676,0.7908,0.7793,6.14,96.4,-21.6,0.0981,-0.1735,0.6,0.8857,0.9735,0.813,0.7215,0.7544
2026-08-17,-77.14,-31.76,0.7923,0.7837,0.7868,0.8731,10.8,93.2,-18.8,0.0965,-0.0162,-0.7,0.8857,0.9735,0.7149,0.7475,0.7315
2026-08-17,-77.14,-10.59,0.8294,0.8505,0.8337,0.7721,11.49,328.5,-23.8,0.4001,-0.0087,-2.1,0.8857,0.9735,0.8007,0.7922,0.7802
2026-08-17,-77.14,10.59,0.8231,0.7956,0.8244,0.8544,6.24,196.1,-22.9,0.1588,0.1973,-0.6,0.8857,0.9735,0.8464,0.8652,0.8413
2026-08-17,-77.14,31.76,0.893,0.8781,0.8479,0.8803,10.09,253.0,-24.1,0.1175,0.2032,-1.6,0.8857,0.9735,0.8895,0.9008,0.8643
2026-08-17,-77.14,52.94,0.8533,0.8854,0.9085,0.9258,17.39,289.4,-26.5,0.4303,-0.068,-1.7,0.8857,0.9735,0.8624,0.8703,0.8704
2026-08-17,-77.14,74.12,0.8866,0.8576,0.8456,0.8304,6.51,303.9,-24.4,0.057,-0.1418,1.4,0.8857,0.9735,0.9029,0.8747,0.9134
2026-08-17,-77.14,95.29,0.8945,0.856,0.9223,0.887,14.33,174.2,-20.8,0.4089,-0.0088,-0.0,0.8857,0.9735,0.918,0.8538,0.8985
2026-08-17,-77.14,116.47,0.8294,0.8513,0.8354,0.8545,5.6,338.8,-23.8,0.4007,0.177,-0.0,0.8857,0.9735,0.834,0.8367,0.88
2026-08-17,-77.14,137.65,0.8258,0.841,0.7462,0.8314,16.26,186.9,-24.4,0.2963,0.0065,-0.4,0.8857,0.9735,0.841,0.8411,0.8059
2026-08-17,-77.14,158.82,0.7909,0.7902,0.783,0.7433,12.38,322.6,-16.4,0.1446,-0.091,1.2,0.8857,0.9735,0.815,0.7478,0.7761
2026-08-17,-77.14,180.0,0.736,0.7984,0.6554,0.747,11.37,310.2,-22.8,0.1627,0.1021,1.2,0.8857,0.9735,0.7354,0.7518,0.787
2026-08-17,-75.71,-180.0,0.7446,0.7373,0.6381,0.6958,15.35,58.0,-17.3,0.0693,0.123,-1.6,0.8286,0.9735,0.7117,0.7121,0.7
2026-08-17,-75.71,-158.82,0.635,0.6222,0.6596,0.634,8.82,134.4,-18.6,0.2743,-0.2172,-0.8,0.8286,0.9735,0.5865,0.6766,0.6142
2026-08-17,-75.71,-137.65,0.632,0.6402,0.6602,0.6218,5.06,321.5,-23.1,0.4361,0.0074,0.6,0.8286,0.9735,0.7036,0.6494,0.5891
2026-08-17,-75.71,-116.47,0.566,0.6723,0.595,0.6948,12.32,270.5,-21.0,0.1251,0.164,0.1,0.8286,0.9735,0.6741,0.6209,0.6286
2026-08-17,-75.71,-95.29,0.6727,0.6471,0.6463,0.6828,14.91,247.1,-21.6,0.0765,0.3391,-0.7,0.8286,0.9735,0.6537,0.6967,0.5912
2026-08-17,-75.71,-74.12,0.6466,0.6895,0.6362,0.6134,11.59,199.0,-18.5,0.2831,-0.0857,-0.8,0.8286,0.9735,0.6817,0.6152,0.7558
2026-08-17,-75.71,-52.94,0.7796,0.6716,0.7075,0.689,10.9,163.8,-23.2,0.3325,-0.1897,-0.9,0.8286,0.9735,0.6682,0.7486,0.6885
2026-08-17,-75.71,-31.76,0.7669,0.6494,0.796,0.7175,14.71,70.1,-20.6,0.3666,-0.1329,-1.6,0.8286,0.9735,0.7063,0.7257,0.7842
2026-08-17,-75.71,-10.59,0.6932,0.6994,0.7963,0.727,13.29,141.5,-14.5,0.3464,0.127,-0.9,0.8286,0.9735,0.744,0.7579,0.8043
2026-08-17,-75.71,10.59,0.7536,0.7859,0.785,0.7816,14.18,16.6,-21.4,0.4228,-0.0277,0.1,0.8286,0.9735,0.8078,0.7194,0.884
2026-08-17,-75.71,31.76,0.8,0.8475,0.8392,0.819,6.23,230.8,-27.9,0.1809,0.1156,-1.4,0.8286,0.9735,0.8733,0.8183,0.8391
2026-08-17,-75.71,52.94,0.8255,0.9236,0.9379,0.8461,10.43,209.7,-21.0,0.1528,0.0199,-0.1,0.8286,0.9735,0.8456,0.8533,0.898
2026-08-17,-75.71,74.12,0.8094,0.7823,0.9149,0.8171,8.07,154.5,-24.5,0.287,-0.043,2.1,0.8286,0.9735,0.9257,0.8429,0.8265
2026-08-17,-75.71,95.29,0.7923,0.8789,0.8466,1.0,8.87,195.2,-19.5,0.4283,-0.1156,0.6,0.8286,0.9735,0.8358,0.8241,0.8418
2026-08-17,-75.71,116.47,0.7791,0.8167,0.7565,0.7923,14.22,43.0,-20.4,0.3668,0.183,-1.3,0.8286,0.9735,0.8464,0.8162,0.7247
2026-08-17,-75.71,137.65,0.736,0.7756,0.7266,0.792,16.84,314.4,-17.1,0.2616,-0.0897,1.7,0.8286,0.9735,0.7714,0.7198,0.7259
2026-08-17,-75.71,158.82,0.7766,0.7361,0.7609,0.6557,11.02,334.2,-19.8,0.237,0.1243,0.7,0.8286,0.9735,0.724,0.7375,0.7463
2026-08-17,-75.71,180.0,0.7954,0.6446,0.6423,0.7052,12.02,26.4,-20.7,0.2409,0.0969,-1.3,0.8286,0.9735,0.6889,0.6842,0.6177
2026-08-17,-74.29,-180.0,0.6008,0.5777,0.6497,0.5885,13.99,192.3,-24.2,0.3333,-0.125,1.3,0.7714,0.9735,0.5786,0.6473,0.6583
2026-08-17,-74.29,-158.82,0.7061,0.6533,0.5573,0.6404,17.97,67.4,-20.6,0.4057,-0.071,0.8,0.7714,0.9735,0.6087,0.6247,0.6269
2026-08-17,-74.29,-137.65,0.6007,0.5916,0.6239,0.6234,12.08,67.6,-16.6,0.4371,0.0221,2.8,0.7714,0.9735,0.5492,0.5668,0.619
2026-08-17,-74.29,-116.47,0.6013,0.5485,0.5976,0.5591,5.02,356.1,-23.5,0.3317,0.166,0.3,0.7714,0.9735,0.5974,0.571,0.5217
2026-08-17,-74.29,-95.29,0.6093,0.6497,0.5895,0.6199,6.28,291.9,-13.8,0.3312,0.0151,-0.8,0.7714,0.9735,0.5919,0.5476,0.5875
2026-08-17,-74.29,-74.12,0.6194,0.6163,0.6465,0.5967,15.44,160.4,-17.0,0.2357,0.1992,0.2,0.7714,0.9735,0.6457,0.5962,0.7276
2026-08-17,-74.29,-52.94,0.6565,0.6356,0.5558,0.5665,6.46,128.9,-21.6,0.4086,0.153,-1.1,0.7714,0.9735,0.6463,0.6218,0.6975
2026-08-17,-74.29,-31.76,0.6809,0.7232,0.6738,0.6467,5.75,71.0,-21.3,0.2766,0.1255,1.7,0.7714,0.9735,0.7442,0.6965,0.716
2026-08-17,-74.29,-10.59,0.7275,0.7383,0.7075,0.7032,9.6,170.6,-20.6,0.4024,-0.0976,1.1,0.7714,0.9735,0.7144,0.7689,0.7294
2026-08-17,-74.29,10.59,0.7474,0.7642,0.6421,0.7719,17.26,69.5,-17.4,0.448,-0.015,0.5,0.7714,0.9735,0.7633,0.726,0.7746
2026-08-17,-74.29,31.76,0.8729,0.6724,0.7135,0.7832,10.27,347.4,-17.7,0.1319,0.3607,-0.9,0.7714,0.9735,0.8595,0.7658,0.7813
2026-08-17,-74.29,52.94,0.7418,0.8351,0.7895,0.7964,9.11,17.4,-20.5,0.1592,0.1461,1.0,0.7714,0.9735,0.7865,0.7609,0.8121
2026-08-17,-74.29,74.12,0.7619,0.8304,0.7696,0.8115,5.89,182.2,-19.7,0.2467,-0.1975,0.1,0.7714,0.9735,0.7278,0.8122,0.8567
2026-08-17,-74.29,95.29,0.8121,0.8073,0.7527,0.8149,6.01,190.5,-19.4,0.336,0.1677,0.1,0.7714,0.9735,0.7147,0.7616,0.745
2026-08-17,-74.29,116.47,0.7196,0.7095,0.7826,0.7173,15.31,124.8,-21.9,0.0781,0.014,1.2,0.7714,0.9735,0.6944,0.7541,0.7706
2026-08-17,-74.29,137.65,0.6457,0.6687,0.7291,0.7682,7.62,177.8,-22.7,0.4323,-0.0776,1.2,0.7714,0.9735,0.7655,0.7604,0.7466
2026-08-17,-74.29,158.82,0.7143,0.673,0.7144,0.6655,16.95,79.2,-17.3,0.2606,-0.019,0.6,0.7714,0.9735,0.6648,0.6534,0.6116
2026-08-17,-74.29,180.0,0.6555,0.6433,0.6011,0.5859,10.75,131.7,-21.5,0.0826,0.0177,1.2,0.7714,0.9735,0.618,0.6264,0.6365
2026-08-17,-72.86,-180.0,0.627,0.5698,0.6287,0.6174,5.19,328.6,-19.6,0.4059,-0.0933,-0.1,0.7143,0.9735,0.5131,0.5597,0.5852
2026-08-17,-72.86,-158.82,0.5449,0.5626,0.5974,0.5196,8.05,201.6,-20.7,0.1468,-0.1012,0.1,0.7143,0.9735,0.5447,0.5493,0.5534
2026-08-17,-72.86,-137.65,0.5742,0.474,0.5298,0.5448,14.28,255.7,-27.1,0.0566,-0.0995,-0.7,0.7143,0.9735,0.5806,0.5752,0.5212
2026-08-17,-72.86,-116.47,0.519,0.5625,0.5534,0.5292,9.52,257.7,-20.1,0.1346,0.1139,0.7,0.7143,0.9735,0.6057,0.4772,0.4976
2026-08-17,-72.86,-95.29,0.5212,0.5568,0.5223,0.5373,6.75,109.8,-17.2,0.3198,-0.1903,-0.3,0.7143,0.9735,0.4918,0.5729,0.5523
2026-08-17,-72.86,-74.12,0.5906,0.5684,0.5751,0.5991,16.43,267.2,-21.6,0.1945,0.2389,1.5,0.7143,0.9735,0.5933,0.5229,0.5741
2026-08-17,-72.86,-52.94,0.6421,0.6325,0.5504,0.6043,10.42,116.9,-12.7,0.1912,-0.0747,0.8,0.7143,0.9735,0.6073,0.5852,0.6047
2026-08-17,-72.86,-31.76,0.5787,0.6536,0.6584,0.6768,15.63,232.7,-15.4,0.3605,-0.2302,0.7,0.7143,0.9735,0.6213,0.6262,0.655
2026-08-17,-72.86,-10.59,0.6391,0.6676,0.6665,0.6428,6.14,113.5,-12.2,0.404,0.1747,1.8,0.7143,0.9735,0.6803,0.6592,0.6797
2026-08-17,-72.86,10.59,0.6883,0.7097,0.697,0.6313,6.65,30.5,-22.4,0.43,-0.0302,1.3,0.7143,0.9735,0.7353,0.7738,0.7166
2026-08-17,-72.86,31.76,0.7265,0.7381,0.7801,0.7043,9.4,311.7,-19.7,0.2251,-0.2285,0.4,0.7143,0.9735,0.7183,0.7495,0.7338
2026-08-17,-72.86,52.94,0.7176,0.7211,0.7486,0.7545,13.35,22.7,-18.8,0.0954,-0.0559,-0.3,0.7143,0.9735,0.7512,0.7359,0.7556
2026-08-17,-72.86,74.12,0.7374,0.6349,0.7238,0.7052,17.95,19.5,-25.2,0.2568,0.1888,1.2,0.7143,0.9735,0.6696,0.7472,0.7344
2026-08-17,-72.86,95.29,0.7258,0.7619,0.7971,0.7131,15.43,288.4,-18.9,0.1232,-0.0909,-0.1,0.7143,0.9735,0.7415,0.709,0.6369
2026-08-17,-72.86,116.47,0.6328,0.6741,0.6721,0.7234,15.94,205.4,-12.6,0.0871,0.0502,0.9,0.7143,0.9735,0.723,0.7197,0.7385
2026-08-17,-72.86,137.65,0.7183,0.7006,0.697,0.6344,7.51,123.0,-18.5,0.4427,-0.3272,-0.3,0.7143,0.9735,0.6203,0.6666,0.6182
2026-08-17,-72.86,158.82,0.6422,0.5922,0.5904,0.6398,10.08,84.0,-22.1,0.419,0.0912,-1.2,0.7143,0.9735,0.5726,0.5789,0.6458
2026-08-17,-72.86,180.0,0.6109,0.615,0.547,0.5911,8.79,128.3,-16.7,0.2286,-0.1235,0.4,0.7143,0.9735,0.6937,0.5524,0.5556
2026-08-17,-71.43,-180.0,0.4902,0.5856,0.492,0.5559,16.34,332.8,-14.9,0.3008,0.0629,3.1,0.6571,0.9735,0.5229,0.5104,0.5321
2026-08-17,-71.43,-158.82,0.4904,0.4698,0.5439,0.4567,13.32,177.8,-24.1,0.1258,-0.3911,3.2,0.6571,0.9735,0.5788,0.4802,0.5123
2026-08-17,-71.43,-137.65,0.4302,0.5069,0.4713,0.5183,6.23,199.9,-18.5,0.3065,0.0677,-0.1,0.6571,0.9735,0.4977,0.4856,0.4876
2026-08-17,-71.43,-116.47,0.5095,0.5301,0.5229,0.5072,12.22,282.3,-17.2,0.0834,0.057,0.5,0.6571,0.9735,0.513,0.4437,0.4796
2026-08-17,-71.43,-95.29,0.4567,0.4683,0.4872,0.512,12.3,89.1,-20.8,0.2049,0.2927,1.0,0.6571,0.9735,0.548,0.4565,0.5208
2026-08-17,-71.43,-74.12,0.5476,0.5877,0.5193,0.467,9.18,342.3,-22.5,0.4039,-0.1374,1.5,0.6571,0.9735,0.5398,0.5632,0.5328
2026-08-17,-71.43,-52.94,0.5307,0.5114,0.5092,0.6537,5.3,133.6,-20.9,0.4302,-0.1177,0.0,0.6571,0.9735,0.4776,0.5226,0.601
2026-08-17,-71.43,-31.76,0.5049,0.5209,0.589,0.5597,13.04,82.8,-17.3,0.221,0.0515,3.0,0.6571,0.9735,0.5831,0.5536,0.6014
2026-08-17,-71.43,-10.59,0.602,0.5977,0.7029,0.6004,16.54,238.0,-18.6,0.3106,0.0978,2.9,0.6571,0.9735,0.6252,0.5891,0.6325
2026-08-17,-71.43,10.59,0.6796,0.7125,0.6645,0.6109,6.61,51.9,-15.2,0.0598,0.1278,1.6,0.6571,0.9735,0.6191,0.6224,0.6491
2026-08-17,-71.43,31.76,0.7194,0.6602,0.7199,0.6419,12.31,317.4,-19.5,0.1367,-0.1425,2.6,0.6571,0.9735,0.5693,0.5996,0.649
2026-08-17,-71.43,52.94,0.693,0.7208,0.6719,0.6381,10.4,88.4,-25.1,0.3523,-0.1136,2.0,0.6571,0.9735,0.6991,0.6767,0.6861
2026-08-17,-71.43,74.12,0.7408,0.6965,0.7446,0.6399,13.01,112.3,-14.0,0.0868,0.34,1.7,0.6571,0.9735,0.7174,0.6753,0.6662
2026-08-17,-71.43,95.29,0.627,0.6528,0.6393,0.6568,7.57,199.4,-19.3,0.2076,0.1607,2.1,0.6571,0.9735,0.6543,0.6559,0.6229
2026-08-17,-71.43,116.47,0.6491,0.6125,0.6561,0.6107,7.62,321.2,-12.9,0.1644,0.1632,0.7,0.6571,0.9735,0.6207,0.6379,0.6335
2026-08-17,-71.43,137.65,0.6296,0.6358,0.6432,0.6177,8.94,111.2,-22.1,0.1009,0.2398,1.0,0.6571,0.9735,0.6542,0.6192,0.6057
2026-08-17,-71.43,158.82,0.5948,0.5824,0.5969,0.6107,16.71,79.7,-20.9,0.1317,0.1485,1.1,0.6571,0.9735,0.4917,0.5849,0.528
2026-08-17,-71.43,180.0,0.611,0.523,0.5399,0.6027,15.1,97.8,-16.7,0.143,-0.0829,1.8,0.6571,0.9735,0.499,0.4757,0.4968
2026-08-17,-70.0,-180.0,0.5014,0.5267,0.4658,0.5225,8.4,178.0,-21.2,0.1662,0.0729,-0.2,0.6,0.9735,0.5033,0.5889,0.4888
2026-08-17,-70.0,-158.82,0.437,0.4038,0.4682,0.5127,14.12,135.8,-13.7,0.2177,-0.0719,1.6,0.6,0.9735,0.4024,0.5042,0.4558
2026-08-17,-70.0,-137.65,0.4448,0.4401,0.4707,0.4303,14.5,219.0,-16.3,0.3288,-0.1631,1.6,0.6,0.9735,0.46,0.4747,0.4736
2026-08-17,-70.0,-116.47,0.4579,0.4723,0.4218,0.4462,5.93,4.4,-12.8,0.0711,0.0229,1.8,0.6,0.9735,0.4824,0.4375,0.3613
2026-08-17,-70.0,-95.29,0.4721,0.4351,0.4208,0.4367,7.41,2.4,-14.4,0.3716,0.0277,0.5,0.6,0.9735,0.3546,0.4618,0.4419
2026-08-17,-70.0,-74.12,0.5258,0.4228,0.4586,0.4473,12.93,215.7,-15.6,0.0683,0.0126,2.7,0.6,0.9735,0.5036,0.4944,0.4307
2026-08-17,-70.0,-52.94,0.5749,0.4532,0.5219,0.4308,9.8,252.8,-15.2,0.0528,-0.1109,2.5,0.6,0.9735,0.4766,0.5028,0.5208
2026-08-17,-70.0,-31.76,0.6152,0.5276,0.466,0.4854,17.24,250.5,-22.0,0.2186,-0.0603,1.1,0.6,0.9735,0.5511,0.5637,0.5188
2026-08-17,-70.0,-10.59,0.5641,0.6331,0.5683,0.5993,14.85,89.8,-12.4,0.0687,-0.2366,2.0,0.6,0.9735,0.546,0.5154,0.5483
2026-08-17,-70.0,10.59,0.556,0.6165,0.5228,0.6082,16.32,24.4,-17.5,0.0717,-0.0996,1.1,0.6,0.9735,0.5497,0.587,0.5828
2026-08-17,-70.0,31.76,0.5938,0.585,0.642,0.6442,10.53,349.1,-20.5,0.0622,-0.0487,2.2,0.6,0.9735,0.679,0.6703,0.6249
2026-08-17,-70.0,52.94,0.6117,0.6328,0.6871,0.726,12.47,315.1,-21.1,0.2923,0.132,3.0,0.6,0.9735,0.6133,0.6128,0.6042
2026-08-17,-70.0,74.12,0.608,0.62,0.6113,0.6515,15.73,1.0,-15.2,0.3666,-0.0069,0.4,0.6,0.9735,0.5951,0.6783,0.5758
2026-08-17,-70.0,95.29,0.6048,0.6602,0.6097,0.6006,14.08,215.0,-14.3,0.091,-0.0251,1.9,0.6,0.9735,0.6473,0.6121,0.6718
2026-08-17,-70.0,116.47,0.5819,0.5914,0.5127,0.5737,9.62,243.5,-12.6,0.17,0.1899,1.9,0.6,0.9735,0.5884,0.5629,0.6377
2026-08-17,-70.0,137.65,0.5597,0.5998,0.5772,0.5841,5.51,110.2,-18.7,0.2816,0.0636,1.1,0.6,0.9735,0.5429,0.5743,0.5934
2026-08-17,-70.0,158.82,0.4786,0.5399,0.5653,0.4892,16.34,201.7,-16.9,0.109,0.1594,1.5,0.6,0.9735,0.4773,0.5688,0.5217
2026-08-17,-70.0,180.0,0.4829,0.5083,0.5118,0.5493,6.4,292.4,-19.7,0.3805,-0.1491,1.6,0.6,0.9735,0.5093,0.5066,0.4784
2026-08-17,-68.57,-180.0,0.4533,0.3758,0.4647,0.328,5.15,309.6,-16.5,0.2223,-0.0889,0.9,0.5429,0.9735,0.4681,0.4473,0.4665
2026-08-17,-68.57,-158.82,0.3968,0.4186,0.3767,0.4811,12.22,52.6,-13.3,0.3575,0.2513,3.2,0.5429,0.9735,0.407,0.4184,0.4292
2026-08-17,-68.57,-137.65,0.3638,0.3982,0.4617,0.4474,8.75,338.2,-11.5,0.4252,0.2482,3.6,0.5429,0.9735,0.42,0.3503,0.4002
2026-08-17,-68.57,-116.47,0.4644,0.3959,0.311,0.3413,9.68,145.9,-13.9,0.2542,-0.2007,2.9,0.5429,0.9735,0.397,0.4274,0.3499
2026-08-17,-68.57,-95.29,0.3912,0.3959,0.5292,0.3833,8.13,28.1,-16.9,0.1245,0.1707,2.7,0.5429,0.9735,0.4269,0.4123,0.4439
2026-08-17,-68.57,-74.12,0.3898,0.3462,0.2679,0.4809,8.51,151.0,-16.1,0.251,0.2856,3.6,0.5429,0.9735,0.4606,0.4366,0.4014
2026-08-17,-68.57,-52.94,0.4331,0.453,0.4861,0.4571,10.12,250.1,-16.0,0.4281,0.0486,4.5,0.5429,0.9735,0.3734,0.4202,0.4643
2026-08-17,-68.57,-31.76,0.5212,0.5089,0.4622,0.5579,8.56,36.4,-13.6,0.2524,-0.0315,4.1,0.5429,0.9735,0.5582,0.4747,0.4702
2026-08-17,-68.57,-10.59,0.5299,0.5023,0.52,0.5426,11.96,238.9,-17.4,0.3948,0.0613,3.3,0.5429,0.9735,0.51,0.5179,0.4668
2026-08-17,-68.57,10.59,0.5049,0.4349,0.5597,0.5974,5.5,266.4,-20.0,0.3158,0.0239,5.3,0.5429,0.9735,0.625,0.5307,0.6467
2026-08-17,-68.57,31.76,0.5324,0.5677,0.5885,0.614,7.34,149.2,-17.9,0.2224,-0.1168,3.1,0.5429,0.9735,0.5598,0.5915,0.5549
2026-08-17,-68.57,52.94,0.5122,0.5811,0.5463,0.634,6.78,294.4,-16.8,0.3952,-0.0914,3.0,0.5429,0.9735,0.5565,0.5344,0.5828
2026-08-17,-68.57,74.12,0.5232,0.5157,0.6504,0.5741,12.23,325.2,-13.7,0.205,0.2202,3.7,0.5429,0.9735,0.6396,0.5354,0.6132
2026-08-17,-68.57,95.29,0.6307,0.5299,0.6418,0.5552,12.55,294.2,-19.4,0.1752,0.3435,4.5,0.5429,0.9735,0.5657,0.6093,0.5525
2026-08-17,-68.57,116.47,0.5738,0.5595,0.5086,0.6053,13.69,110.7,-14.1,0.402,0.2473,1.8,0.5429,0.9735,0.5764,0.503,0.552
2026-08-17,-68.57,137.65,0.4664,0.5784,0.4692,0.4792,13.76,227.9,-18.9,0.2546,0.0377,3.1,0.5429,0.9735,0.5335,0.5728,0.5355
2026-08-17,-68.57,158.82,0.4857,0.4891,0.5133,0.5401,6.0,199.9,-12.5,0.2635,0.078,4.2,0.5429,0.9735,0.4546,0.4716,0.4012
2026-08-17,-68.57,180.0,0.4387,0.4063,0.4241,0.4364,17.61,78.4,-13.1,0.0631,-0.3213,2.5,0.5429,0.9735,0.4365,0.5355,0.4034
2026-08-17,-67.14,-180.0,0.3851,0.3463,0.4092,0.331,17.81,191.2,-18.5,0.1553,0.2241,2.7,0.4857,0.9735,0.3765,0.423,0.3666
2026-08-17,-67.14,-158.82,0.3749,0.335,0.3817,0.3691,8.83,2.3,-7.6,0.2703,0.0031,2.2,0.4857,0.9735,0.3757,0.3529,0.3337
2026-08-17,-67.14,-137.65,0.3297,0.3081,0.3961,0.347,7.46,215.9,-6.2,0.1306,-0.0045,2.5,0.4857,0.9735,0.3142,0.3567,0.2846
2026-08-17,-67.14,-116.47,0.3795,0.3052,0.28,0.3175,15.29,241.4,-15.5,0.4058,0.233,2.3,0.4857,0.9735,0.2799,0.4275,0.3594
2026-08-17,-67.14,-95.29,0.3854,0.308,0.3267,0.3775,8.54,253.1,-9.2,0.3775,-0.1725,3.4,0.4857,0.9735,0.3418,0.3255,0.3722
2026-08-17,-67.14,-74.12,0.2734,0.3755,0.3419,0.3217,5.64,159.8,-11.0,0.3187,0.2286,2.2,0.4857,0.9735,0.3812,0.3133,0.3631
2026-08-17,-67.14,-52.94,0.3433,0.3915,0.399,0.3992,14.08,40.5,-14.3,0.3497,-0.1711,3.7,0.4857,0.9735,0.4006,0.3554,0.3241
2026-08-17,-67.14,-31.76,0.4221,0.4005,0.4747,0.4308,8.37,57.8,-14.2,0.1577,-0.1176,2.4,0.4857,0.9735,0.4236,0.435,0.4085
2026-08-17,-67.14,-10.59,0.4698,0.4819,0.4598,0.4407,13.96,69.1,-15.9,0.4119,-0.0507,2.2,0.4857,0.9735,0.4412,0.4786,0.4043
2026-08-17,-67.14,10.59,0.4805,0.5542,0.5771,0.5245,13.73,273.9,-13.8,0.4028,-0.1416,3.8,0.4857,0.9735,0.4824,0.425,0.5306
2026-08-17,-67.14,31.76,0.5176,0.5079,0.6053,0.5799,7.33,319.9,-11.5,0.3619,-0.1161,2.6,0.4857,0.9735,0.4742,0.5159,0.5519
2026-08-17,-67.14,52.94,0.5885,0.4575,0.5606,0.4947,6.25,209.1,-14.6,0.0571,-0.0585,6.0,0.4857,0.9735,0.4923,0.5958,0.5313
2026-08-17,-67.14,74.12,0.5079,0.5078,0.5546,0.5048,15.41,99.3,-8.0,0.1067,-0.0165,4.6,0.4857,0.9735,0.5156,0.5565,0.5289
2026-08-17,-67.14,95.29,0.5374,0.49,0.5732,0.5596,6.25,345.7,-15.5,0.336,-0.1243,3.6,0.4857,0.9735,0.5227,0.5503,0.5284
2026-08-17,-67.14,116.47,0.4826,0.5349,0.5004,0.5078,7.27,84.6,-16.3,0.138,-0.1326,2.9,0.4857,0.9735,0.4935,0.4194,0.4172
2026-08-17,-67.14,137.65,0.4577,0.4144,0.457,0.4005,13.15,209.1,-14.0,0.151,-0.2369,3.5,0.4857,0.9735,0.4973,0.4592,0.4763
2026-08-17,-67.14,158.82,0.4251,0.4337,0.3927,0.4211,14.56,66.2,-13.3,0.4027,0.008,4.4,0.4857,0.9735,0.3821,0.3623,0.4494
2026-08-17,-67.14,180.0,0.4057,0.4832,0.3893,0.415,9.46,282.1,-17.7,0.0577,0.1373,1.9,0.4857,0.9735,0.3153,0.4173,0.3573
2026-08-17,-65.71,-180.0,0.2568,0.3415,0.321,0.2898,7.35,267.2,-9.8,0.1822,-0.0745,3.0,0.4286,0.9735,0.3905,0.2626,0.3443
2026-08-17,-65.71,-158.82,0.3096,0.3465,0.2564,0.31,11.43,118.9,-16.5,0.4431,0.036,4.2,0.4286,0.9735,0.3307,0.3132,0.3393
2026-08-17,-65.71,-137.65,0.3495,0.2644,0.3215,0.2715,6.22,115.6,-15.9,0.0527,0.0552,2.2,0.4286,0.9735,0.301,0.2552,0.2959
2026-08-17,-65.71,-116.47,0.212,0.2986,0.2672,0.2376,10.07,338.7,-15.3,0.3014,0.0952,4.1,0.4286,0.9735,0.3576,0.2841,0.3026
2026-08-17,-65.71,-95.29,0.2665,0.2936,0.2357,0.2465,10.92,272.9,-21.2,0.2037,-0.0931,3.3,0.4286,0.9735,0.3081,0.2744,0.2261
2026-08-17,-65.71,-74.12,0.2749,0.3474,0.2815,0.3451,8.17,20.7,-14.1,0.1544,0.012,3.6,0.4286,0.9735,0.2774,0.2664,0.2828
2026-08-17,-65.71,-52.94,0.3836,0.3177,0.3506,0.3545,6.49,166.3,-13.0,0.2292,0.1024,4.5,0.4286,0.9735,0.3467,0.3836,0.3919
2026-08-17,-65.71,-31.76,0.3718,0.3073,0.3796,0.3551,14.72,50.4,-10.3,0.189,0.1713,4.2,0.4286,0.9735,0.3829,0.3532,0.4176
2026-08-17,-65.71,-10.59,0.3536,0.4225,0.4039,0.4024,15.79,306.3,-16.9,0.3341,-0.4309,3.5,0.4286,0.9735,0.4639,0.4124,0.4166
2026-08-17,-65.71,10.59,0.4955,0.4538,0.4935,0.4649,5.39,81.8,-12.4,0.3423,0.0197,3.1,0.4286,0.9735,0.4592,0.4391,0.4459
2026-08-17,-65.71,31.76,0.4712,0.4202,0.4067,0.3771,7.99,69.8,-13.7,0.2969,-0.0324,4.7,0.4286,0.9735,0.4856,0.5059,0.4432
2026-08-17,-65.71,52.94,0.5352,0.4653,0.4243,0.4256,11.31,24.9,-11.7,0.069,-0.0735,3.3,0.4286,0.9735,0.5231,0.4546,0.5384
2026-08-17,-65.71,74.12,0.5298,0.5137,0.5267,0.5234,8.08,9.1,-9.4,0.28,0.3516,4.5,0.4286,0.9735,0.4449,0.4595,0.4325
2026-08-17,-65.71,95.29,0.3981,0.4421,0.4472,0.4838,5.76,54.2,-15.5,0.2258,0.1032,2.1,0.4286,0.9735,0.4603,0.3775,0.4546
2026-08-17,-65.71,116.47,0.4058,0.4913,0.4556,0.4072,8.79,102.6,-9.3,0.4455,0.1454,4.4,0.4286,0.9735,0.4305,0.4068,0.4706
2026-08-17,-65.71,137.65,0.3574,0.3537,0.378,0.4286,8.87,33.7,-13.3,0.088,-0.1379,4.2,0.4286,0.9735,0.4778,0.4393,0.4425
2026-08-17,-65.71,158.82,0.2962,0.3651,0.3902,0.388,14.31,14.4,-16.1,0.3112,0.2404,3.2,0.4286,0.9735,0.4089,0.3784,0.3683
2026-08-17,-65.71,180.0,0.2958,0.3467,0.3997,0.3174,10.43,150.5,-16.4,0.1594,0.2113,4.0,0.4286,0.9735,0.3544,0.3509,0.3485
2026-08-17,-64.29,-180.0,0.2549,0.2735,0.2996,0.2285,13.04,183.1,-14.4,0.1868,-0.0151,4.1,0.3714,0.9735,0.3248,0.2572,0.3049
2026-08-17,-64.29,-158.82,0.182,0.2819,0.2241,0.2339,13.49,341.1,-15.2,0.3079,0.2238,4.5,0.3714,0.9735,0.2919,0.2098,0.2126
2026-08-17,-64.29,-137.65,0.2299,0.1749,0.1722,0.2282,9.52,148.7,-18.2,0.2892,-0.0433,4.2,0.3714,0.9735,0.2744,0.1987,0.347
2026-08-17,-64.29,-116.47,0.271,0.1648,0.2659,0.2584,9.57,322.2,-9.4,0.1042,-0.0574,2.3,0.3714,0.9735,0.286,0.2846,0.2856
2026-08-17,-64.29,-95.29,0.3129,0.2681,0.306,0.2099,11.37,159.1,-14.8,0.3975,0.1385,5.1,0.3714,0.9735,0.2676,0.2202,0.2608
2026-08-17,-64.29,-74.12,0.3019,0.2793,0.2631,0.2443,6.43,330.1,-12.1,0.3448,-0.1027,6.1,0.3714,0.9735,0.2034,0.1922,0.2294
2026-08-17,-64.29,-52.94,0.2856,0.2276,0.2535,0.319,5.43,109.3,-11.4,0.2256,0.011,4.7,0.3714,0.9735,0.2856,0.3393,0.2847
2026-08-17,-64.29,-31.76,0.3031,0.2581,0.3515,0.3513,10.35,73.6,-14.3,0.3143,-0.1712,5.6,0.3714,0.9735,0.3767,0.3062,0.3549
2026-08-17,-64.29,-10.59,0.3346,0.3797,0.3889,0.4054,8.89,80.5,-11.9,0.1393,0.1856,5.5,0.3714,0.9735,0.3246,0.3736,0.3381
2026-08-17,-64.29,10.59,0.3333,0.3561,0.446,0.3871,8.18,174.6,-11.9,0.184,-0.1001,4.2,0.3714,0.9735,0.4916,0.3399,0.4144
2026-08-17,-64.29,31.76,0.388,0.3777,0.431,0.3418,15.0,38.9,-8.8,0.4252,0.2003,3.5,0.3714,0.9735,0.4615,0.4104,0.441
2026-08-17,-64.29,52.94,0.4378,0.3875,0.4377,0.3864,10.16,223.3,-13.6,0.4181,0.1622,4.9,0.3714,0.9735,0.3988,0.3963,0.4332
2026-08-17,-64.29,74.12,0.4326,0.4937,0.4662,0.3691,13.08,178.7,-14.9,0.0689,-0.2452,5.2,0.3714,0.9735,0.4117,0.3379,0.4775
2026-08-17,-64.29,95.29,0.4909,0.4627,0.3785,0.3727,13.33,76.8,-16.6,0.1722,-0.3066,3.0,0.3714,0.9735,0.4178,0.4528,0.4968
2026-08-17,-64.29,116.47,0.4101,0.4181,0.3911,0.4145,15.38,243.5,-11.7,0.0731,0.1196,4.0,0.3714,0.9735,0.3914,0.4236,0.3424
2026-08-17,-64.29,137.65,0.453,0.4041,0.3285,0.3928,6.83,272.7,-13.7,0.1446,-0.191,3.1,0.3714,0.9735,0.3929,0.3291,0.3806
2026-08-17,-64.29,158.82,0.3556,0.2755,0.3411,0.2303,15.39,253.2,-11.9,0.1203,0.2377,4.9,0.3714,0.9735,0.309,0.2748,0.3477
2026-08-17,-64.29,180.0,0.2503,0.243,0.3269,0.3556,10.96,327.2,-12.1,0.065,0.0787,4.7,0.3714,0.9735,0.237,0.3059,0.3445
2026-08-17,-62.86,-180.0,0.18,0.2726,0.2505,0.232,5.2,4.8,-12.3,0.3583,0.3195,3.5,0.3143,0.9735,0.2263,0.1717,0.1851
2026-08-17,-62.86,-158.82,0.1943,0.1602,0.2063,0.1494,10.53,271.8,-11.3,0.2131,-0.0582,4.4,0.3143,0.9735,0.1435,0.1561,0.1513
2026-08-17,-62.86,-137.65,0.162,0.1002,0.1285,0.1496,12.91,50.0,-11.5,0.4485,-0.0367,5.1,0.3143,0.9735,0.2353,0.1731,0.1699
2026-08-17,-62.86,-116.47,0.2252,0.1432,0.0926,0.2258,15.03,60.9,-10.7,0.0974,-0.0298,4.2,0.3143,0.9735,0.1545,0.1808,0.1876
2026-08-17,-62.86,-95.29,0.218,0.1974,0.1535,0.2162,15.18,313.8,-15.2,0.0601,-0.0426,5.1,0.3143,0.9735,0.0866,0.1723,0.1965
2026-08-17,-62.86,-74.12,0.2082,0.1762,0.2232,0.2326,9.56,31.8,-10.6,0.4235,0.0515,5.2,0.3143,0.9735,0.2741,0.2132,0.2334
2026-08-17,-62.86,-52.94,0.3458,0.2906,0.3026,0.2273,9.96,101.4,-15.7,0.3412,-0.1011,3.6,0.3143,0.9735,0.2512,0.2295,0.2624
2026-08-17,-62.86,-31.76,0.2813,0.2761,0.274,0.2447,11.84,17.8,-9.8,0.2147,0.1919,4.6,0.3143,0.9735,0.2351,0.3134,0.1882
2026-08-17,-62.86,-10.59,0.2525,0.3295,0.3543,0.3378,16.71,274.7,-14.7,0.1619,-0.0274,6.9,0.3143,0.9735,0.3163,0.2533,0.3376
2026-08-17,-62.86,10.59,0.3634,0.4053,0.3906,0.3266,13.47,328.3,-10.1,0.3458,0.128,4.8,0.3143,0.9735,0.3737,0.2927,0.4005
2026-08-17,-62.86,31.76,0.4079,0.4003,0.2677,0.3744,6.56,342.5,-8.7,0.1523,-0.0109,4.1,0.3143,0.9735,0.4172,0.3413,0.3415
2026-08-17,-62.86,52.94,0.4348,0.3823,0.4314,0.4208,6.06,108.0,-5.5,0.2203,-0.0595,5.1,0.3143,0.9735,0.4472,0.4127,0.5021
2026-08-17,-62.86,74.12,0.3419,0.4415,0.364,0.3538,11.72,226.5,-11.1,0.2135,0.054,5.2,0.3143,0.9735,0.4128,0.3581,0.4493
2026-08-17,-62.86,95.29,0.2882,0.2951,0.2848,0.3248,14.7,280.1,-19.1,0.308,-0.0376,3.3,0.3143,0.9735,0.3258,0.3263,0.3398
2026-08-17,-62.86,116.47,0.3271,0.3062,0.3595,0.343,6.12,232.8,-8.4,0.1006,-0.0307,5.8,0.3143,0.9735,0.3095,0.28,0.2817
2026-08-17,-62.86,137.65,0.3042,0.277,0.3803,0.3038,7.06,295.3,-9.5,0.4251,0.3426,3.9,0.3143,0.9735,0.3436,0.2978,0.3392
2026-08-17,-62.86,158.82,0.2545,0.236,0.3405,0.2195,6.15,99.4,-9.1,0.3397,-0.1003,5.1,0.3143,0.9735,0.2815,0.1933,0.1974
2026-08-17,-62.86,180.0,0.2371,0.2162,0.2024,0.2001,13.43,56.3,-11.4,0.1466,0.1819,4.6,0.3143,0.9735,0.2286,0.1445,0.2369
2026-08-17,-61.43,-180.0,0.117,0.139,0.165,0.1688,5.24,24.9,-8.5,0.1082,0.0326,4.7,0.2571,0.9735,0.2641,0.2531,0.1611
2026-08-17,-61.43,-158.82,0.2115,0.1759,0.2048,0.1613,16.19,13.7,-12.8,0.163,0.0719,6.0,0.2571,0.9735,0.1924,0.1401,0.1552
2026-08-17,-61.43,-137.65,0.1725,0.1157,0.1235,0.1809,10.1,126.9,-8.9,0.3753,0.0078,4.9,0.2571,0.9735,0.1173,0.1235,0.1604
2026-08-17,-61.43,-116.47,0.1425,0.1294,0.082,0.1307,17.04,293.3,-14.6,0.1734,0.2713,5.9,0.2571,0.9735,0.0668,0.1993,0.2243
2026-08-17,-61.43,-95.29,0.1193,0.1376,0.1775,0.138,9.94,279.4,-8.5,0.3266,-0.0081,5.7,0.2571,0.9735,0.2515,0.0868,0.1593
2026-08-17,-61.43,-74.12,0.1948,0.2064,0.1292,0.1822,13.51,80.5,-14.9,0.1435,0.0283,8.1,0.2571,0.9735,0.1863,0.1639,0.1547
2026-08-17,-61.43,-52.94,0.1799,0.1146,0.21,0.1948,7.31,83.0,-10.6,0.1988,-0.023,5.6,0.2571,0.9735,0.1827,0.1712,0.2287
2026-08-17,-61.43,-31.76,0.2395,0.2573,0.227,0.2324,13.31,308.7,-11.1,0.263,-0.1402,6.3,0.2571,0.9735,0.2359,0.2229,0.2401
2026-08-17,-61.43,-10.59,0.2902,0.2032,0.1901,0.2917,16.36,184.8,-7.2,0.2008,-0.2609,4.4,0.2571,0.9735,0.2785,0.2507,0.2929
2026-08-17,-61.43,10.59,0.3067,0.2345,0.3353,0.2196,14.59,335.1,-7.8,0.3381,0.062,5.4,0.2571,0.9735,0.2839,0.3514,0.3121
2026-08-17,-61.43,31.76,0.3712,0.355,0.3466,0.269,11.76,299.2,-5.7,0.0551,0.0452,7.6,0.2571,0.9735,0.2747,0.2778,0.2789
2026-08-17,-61.43,52.94,0.3128,0.2897,0.3868,0.2666,6.78,7.0,-12.7,0.2649,-0.2086,6.9,0.2571,0.9735,0.3573,0.2969,0.3356
2026-08-17,-61.43,74.12,0.334,0.3163,0.3494,0.3556,5.98,24.4,-7.7,0.4245,0.4635,5.6,0.2571,0.9735,0.3447,0.2913,0.3041
2026-08-17,-61.43,95.29,0.335,0.3931,0.3097,0.2991,9.86,168.2,-7.6,0.1711,0.1739,5.5,0.2571,0.9735,0.3059,0.3408,0.3476
2026-08-17,-61.43,116.47,0.3697,0.2912,0.3368,0.3462,13.19,137.0,-11.0,0.3079,-0.1242,4.0,0.2571,0.9735,0.2851,0.2705,0.2498
2026-08-17,-61.43,137.65,0.2709,0.3157,0.2491,0.2477,10.76,123.9,-11.5,0.4465,-0.0736,3.8,0.2571,0.9735,0.3049,0.2421,0.3195
2026-08-17,-61.43,158.82,0.1754,0.2171,0.2179,0.2484,17.82,185.2,-13.9,0.1019,0.0738,6.6,0.2571,0.9735,0.2005,0.2183,0.2044
2026-08-17,-61.43,180.0,0.2329,0.163,0.2156,0.1398,5.63,50.7,-12.5,0.3573,-0.2041,5.4,0.2571,0.9735,0.1516,0.1565,0.0957
2026-08-17,-60.0,-180.0,0.132,0.127,0.1702,0.1171,10.67,271.2,-7.0,0.0541,-0.2739,7.4,0.2,0.9735,0.1946,0.1651,0.0672
2026-08-17,-60.0,-158.82,0.0708,0.0404,0.0853,0.1487,11.78,201.6,-10.5,0.1398,0.2807,7.4,0.2,0.9735,0.1583,0.1265,0.1164
2026-08-17,-60.0,-137.65,0.0,0.0437,0.063,0.0819,17.5,344.2,-11.7,0.3049,-0.2018,7.1,0.2,0.9735,0.127,0.124,0.1027
2026-08-17,-60.0,-116.47,0.059,0.0222,0.041,0.0416,9.14,242.1,-7.4,0.1065,0.0832,5.7,0.2,0.9735,0.0331,0.0775,0.092
2026-08-17,-60.0,-95.29,0.0959,0.0817,0.1561,0.0882,17.56,331.5,-9.1,0.143,0.149,5.2,0.2,0.9735,0.0779,0.0731,0.112
2026-08-17,-60.0,-74.12,0.1167,0.0947,0.1254,0.074,10.18,243.7,-2.4,0.3735,0.2035,6.2,0.2,0.9735,0.0736,0.0271,0.0887
2026-08-17,-60.0,-52.94,0.1284,0.1322,0.2054,0.185,14.84,326.0,-9.5,0.2199,0.0723,7.3,0.2,0.9735,0.1523,0.1921,0.1232
2026-08-17,-60.0,-31.76,0.1663,0.1051,0.1372,0.2108,11.69,315.7,-9.1,0.1369,-0.1832,5.0,0.2,0.9735,0.2204,0.1954,0.1666
2026-08-17,-60.0,-10.59,0.2559,0.2017,0.2123,0.1523,8.8,183.6,-11.6,0.2625,-0.1103,6.6,0.2,0.9735,0.2298,0.2219,0.214
2026-08-17,-60.0,10.59,0.2835,0.2221,0.2063,0.2405,5.22,198.5,-9.8,0.1436,-0.2166,6.0,0.2,0.9735,0.1632,0.1923,0.2249
2026-08-17,-60.0,31.76,0.3746,0.2478,0.2364,0.323,6.34,135.4,-10.2,0.2432,0.0216,6.7,0.2,0.9735,0.2441,0.3055,0.3182
2026-08-17,-60.0,52.94,0.3171,0.2864,0.272,0.2079,13.57,34.5,-12.7,0.4263,0.2029,4.4,0.2,0.9735,0.2726,0.2943,0.2397
2026-08-17,-60.0,74.12,0.2664,0.2937,0.247,0.3599,7.94,263.8,-14.6,0.2918,0.1467,4.5,0.2,0.9735,0.2035,0.2357,0.3148
2026-08-17,-60.0,95.29,0.2482,0.3033,0.2703,0.2637,10.02,162.7,-11.1,0.2732,-0.0065,5.6,0.2,0.9735,0.2427,0.2686,0.261
2026-08-17,-60.0,116.47,0.2168,0.2604,0.146,0.2403,17.47,278.1,-16.5,0.3302,-0.1183,5.2,0.2,0.9735,0.2848,0.2333,0.2155
2026-08-17,-60.0,137.65,0.1887,0.1486,0.1946,0.2159,16.87,164.1,-10.9,0.0588,-0.1708,6.0,0.2,0.9735,0.1743,0.19,0.2215
2026-08-17,-60.0,158.82,0.1702,0.1013,0.1845,0.1609,8.8,280.5,-8.9,0.1853,0.1029,6.9,0.2,0.9735,0.1504,0.0906,0.1896
2026-08-17,-60.0,180.0,0.1247,0.0996,0.1179,0.1424,16.57,332.8,-9.0,0.195,-0.0669,5.4,0.2,0.9735,0.0887,0.1331,0.1954
2026-08-18,-80.0,-180.0,0.8529,0.8116,0.8528,0.8826,6.78,143.0,-30.4,0.0719,-0.0542,-1.6,1.0,0.9707,0.8344,0.9046,0.8067
2026-08-18,-80.0,-158.82,0.7817,0.7907,0.7616,0.8575,13.33,341.2,-21.1,0.2797,-0.1659,-3.3,1.0,0.9707,0.7659,0.8775,0.8103
2026-08-18,-80.0,-137.65,0.7402,0.844,0.8343,0.805,6.76,264.6,-25.3,0.3316,0.1974,-2.2,1.0,0.9707,0.7838,0.7685,0.7607
2026-08-18,-80.0,-116.47,0.8985,0.7371,0.7143,0.8165,14.29,150.6,-27.4,0.1221,-0.0119,-4.3,1.0,0.9707,0.7641,0.7936,0.7746
2026-08-18,-80.0,-95.29,0.7868,0.7737,0.7904,0.8172,11.84,214.5,-25.8,0.4408,-0.2471,-2.5,1.0,0.9707,0.8219,0.7994,0.7268
2026-08-18,-80.0,-74.12,0.8122,0.7757,0.8146,0.8017,13.61,31.7,-18.1,0.3023,-0.0385,-1.0,1.0,0.9707,0.7947,0.8297,0.8288
2026-08-18,-80.0,-52.94,0.9275,0.8749,0.8797,0.8643,17.43,104.4,-29.3,0.2959,0.3227,-1.1,1.0,0.9707,0.8657,0.8507,0.9095
2026-08-18,-80.0,-31.76,0.8722,0.8264,0.8706,0.8818,10.47,104.6,-28.1,0.064,-0.1478,-2.5,1.0,0.9707,0.8444,0.8059,0.8303
2026-08-18,-80.0,-10.59,0.9022,1.0,1.0,0.8513,10.57,52.6,-26.3,0.2126,0.0732,0.4,1.0,0.9707,0.9844,0.9871,0.9103
2026-08-18,-80.0,10.59,0.9065,0.936,0.9999,0.8717,13.9,39.6,-27.3,0.2748,0.1962,-2.3,1.0,0.9707,1.0,0.9257,0.9109
2026-08-18,-80.0,31.76,0.9675,1.0,0.9831,1.0,9.15,238.1,-30.2,0.4295,0.0169,-3.0,1.0,0.9707,1.0,0.9596,0.9272
2026-08-18,-80.0,52.94,0.9743,0.96,0.9734,0.964,11.46,214.3,-24.8,0.4334,0.0174,-2.5,1.0,0.9707,0.981,0.9441,1.0
2026-08-18,-80.0,74.12,0.9507,0.9619,0.9358,1.0,12.79,77.0,-32.1,0.0581,0.1966,-2.8,1.0,0.9707,1.0,1.0,0.9695
2026-08-18,-80.0,95.29,0.9216,1.0,0.978,1.0,5.96,16.3,-24.1,0.2745,-0.1622,-2.8,1.0,0.9707,0.926,1.0,0.9636
2026-08-18,-80.0,116.47,1.0,0.8715,0.9184,0.9447,8.91,359.7,-20.7,0.2503,0.0621,-1.6,1.0,0.9707,1.0,0.9513,1.0
2026-08-18,-80.0,137.65,0.9064,0.9605,0.9159,0.9256,12.17,10.9,-24.0,0.1346,0.1998,-3.0,1.0,0.9707,0.9128,0.9495,0.9037
2026-08-18,-80.0,158.82,0.8563,0.8886,0.8544,0.883,13.89,126.3,-25.7,0.4008,0.0852,-1.6,1.0,0.9707,0.8771,0.8444,0.9022
2026-08-18,-80.0,180.0,0.851,0.8266,0.8457,0.8447,10.87,244.1,-27.7,0.204,-0.119,-4.6,1.0,0.9707,0.8068,0.8465,0.8678
2026-08-18,-78.57,-180.0,0.7047,0.7462,0.7217,0.8557,17.88,12.5,-22.8,0.0509,-0.0955,-2.1,0.9429,0.9707,0.7688,0.7917,0.7687
2026-08-18,-78.57,-158.82,0.7577,0.769,0.7649,0.8538,11.49,99.8,-23.7,0.4227,-0.0455,-1.0,0.9429,0.9707,0.7546,0.7289,0.7817
2026-08-18,-78.57,-137.65,0.7506,0.7754,0.7611,0.7438,11.87,355.3,-29.6,0.1001,0.1747,-3.1,0.9429,0.9707,0.8825,0.7578,0.6837
2026-08-18,-78.57,-116.47,0.7129,0.8081,0.7517,0.7771,11.34,267.7,-23.7,0.1538,0.1064,1.8,0.9429,0.9707,0.6689,0.7185,0.6969
2026-08-18,-78.57,-95.29,0.7866,0.7441,0.8853,0.6953,8.3,125.3,-29.7,0.2902,0.133,-2.4,0.9429,0.9707,0.7161,0.7818,0.7366
2026-08-18,-78.57,-74.12,0.794,0.724,0.8051,0.7242,17.93,9.0,-18.5,0.084,0.2625,-1.5,0.9429,0.9707,0.7762,0.7134,0.7476
2026-08-18,-78.57,-52.94,0.806,0.7955,0.7448,0.8025,6.71,220.5,-24.9,0.3321,0.2198,-1.2,0.9429,0.9707,0.758,0.7076,0.8674
2026-08-18,-78.57,-31.76,0.8662,0.8132,0.8243,0.7748,10.1,133.2,-22.6,0.2568,-0.0908,-3.1,0.9429,0.9707,0.8892,0.8479,0.8708
2026-08-18,-78.57,-10.59,0.8529,0.8577,0.8448,0.8498,10.29,338.8,-24.2,0.1443,-0.0901,-2.1,0.9429,0.9707,0.8143,0.8214,0.9577
2026-08-18,-78.57,10.59,0.9463,0.8407,0.8887,0.9666,12.79,321.5,-25.9,0.2137,0.0971,-1.0,0.9429,0.9707,0.9349,0.9174,0.8324
2026-08-18,-78.57,31.76,0.9355,0.9088,0.9187,0.8815,11.8,84.5,-28.1,0.1075,-0.0443,0.3,0.9429,0.9707,0.9182,0.8904,0.9076
2026-08-18,-78.57,52.94,0.9229,0.8701,0.9867,0.9595,10.47,297.6,-24.0,0.1077,0.1791,-0.9,0.9429,0.9707,0.8615,0.906,0.9211
2026-08-18,-78.57,74.12,0.9348,0.999,0.9433,0.9277,9.1,32.2,-25.2,0.3427,0.1314,-0.7,0.9429,0.9707,0.9094,0.9966,0.8904
2026-08-18,-78.57,95.29,0.9509,0.9263,0.9548,0.912,9.77,306.6,-22.7,0.3645,-0.0175,-3.7,0.9429,0.9707,0.9247,0.9418,0.9725
2026-08-18,-78.57,116.47,0.9724,0.9016,0.852,0.934,17.05,104.5,-21.8,0.1614,0.1371,0.6,0.9429,0.9707,0.8833,0.8716,0.9247
2026-08-18,-78.57,137.65,0.8645,0.8822,0.8633,0.8711,15.24,10.9,-24.6,0.2737,-0.0399,-1.1,0.9429,0.9707,0.8456,0.8928,0.7915
2026-08-18,-78.57,158.82,0.7193,0.7812,0.8539,0.8092,6.99,318.5,-23.2,0.2578,-0.0086,-2.7,0.9429,0.9707,0.8338,0.7843,0.7917
2026-08-18,-78.57,180.0,0.7712,0.7832,0.7385,0.8334,17.78,43.1,-18.5,0.3911,-0.0584,-2.0,0.9429,0.9707,0.7776,0.8091,0.719
2026-08-18,-77.14,-180.0,0.7063,0.7852,0.7056,0.7536,15.44,188.0,-22.3,0.4079,-0.0421,-0.4,0.8857,0.9707,0.7282,0.7255,0.7189
2026-08-18,-77.14,-158.82,0.698,0.7455,0.7331,0.6661,16.14,108.0,-32.6,0.251,0.105,0.6,0.8857,0.9707,0.7774,0.7261,0.7309
2026-08-18,-77.14,-137.65,0.7452,0.6768,0.6992,0.7197,17.0,344.1,-22.7,0.2317,-0.1073,0.8,0.8857,0.9707,0.6874,0.6839,0.697
2026-08-18,-77.14,-116.47,0.6243,0.6877,0.7159,0.7376,11.89,355.3,-24.7,0.24,-0.1733,0.0,0.8857,0.9707,0.7101,0.6807,0.7029
2026-08-18,-77.14,-95.29,0.7059,0.7099,0.7544,0.7332,8.61,14.7,-23.7,0.3347,-0.0068,-0.5,0.8857,0.9707,0.6466,0.7099,0.6727
2026-08-18,-77.14,-74.12,0.7505,0.659,0.7168,0.7046,16.86,67.6,-23.4,0.2327,-0.1828,1.3,0.8857,0.9707,0.6733,0.6153,0.7011
2026-08-18,-77.14,-52.94,0.7274,0.6753,0.7901,0.7788,9.1,58.2,-19.7,0.3572,0.1833,1.4,0.8857,0.9707,0.8122,0.7206,0.7536
2026-08-18,-77.14,-31.76,0.7915,0.783,0.7861,0.8726,5.52,112.0,-25.8,0.3385,-0.128,1.7,0.8857,0.9707,0.7141,0.7466,0.7306
2026-08-18,-77.14,-10.59,0.8286,0.8497,0.833,0.7716,10.13,39.3,-25.7,0.0651,-0.0533,1.0,0.8857,0.9707,0.8,0.7914,0.7793
2026-08-18,-77.14,10.59,0.8223,0.7949,0.8237,0.8539,7.26,72.3,-28.5,0.2908,0.1125,-1.6,0.8857,0.9707,0.8456,0.8644,0.8405
2026-08-18,-77.14,31.76,0.8923,0.8774,0.8472,0.8798,9.87,114.8,-17.2,0.1437,-0.0003,0.6,0.8857,0.9707,0.8887,0.9,0.8634
2026-08-18,-77.14,52.94,0.8526,0.8847,0.9078,0.9253,15.26,337.8,-27.8,0.1181,-0.1603,-1.8,0.8857,0.9707,0.8616,0.8695,0.8696
2026-08-18,-77.14,74.12,0.8858,0.8569,0.8449,0.8299,15.73,63.2,-22.6,0.1337,-0.1527,-1.0,0.8857,0.9707,0.9021,0.8739,0.9125
2026-08-18,-77.14,95.29,0.8937,0.8553,0.9216,0.8865,12.29,72.2,-23.8,0.3735,0.0301,-1.8,0.8857,0.9707,0.9172,0.853,0.8976
2026-08-18,-77.14,116.47,0.8286,0.8506,0.8347,0.854,10.64,164.6,-18.6,0.1185,0.0588,-0.6,0.8857,0.9707,0.8332,0.8359,0.8792
2026-08-18,-77.14,137.65,0.8251,0.8403,0.7455,0.8309,13.66,338.6,-23.3,0.2519,-0.1014,-0.0,0.8857,0.9707,0.8403,0.8402,0.805
2026-08-18,-77.14,158.82,0.7902,0.7895,0.7823,0.7428,13.92,277.6,-24.4,0.3147,0.0276,0.4,0.8857,0.9707,0.8142,0.747,0.7752
2026-08-18,-77.14,180.0,0.7353,0.7977,0.6547,0.7465,6.64,48.1,-25.5,0.3279,0.3047,-0.2,0.8857,0.9707,0.7346,0.751,0.7861
2026-08-18,-75.71,-180.0,0.7439,0.7366,0.6375,0.6953,12.01,141.6,-21.2,0.2636,0.0511,1.1,0.8286,0.9707,0.711,0.7114,0.6992
2026-08-18,-75.71,-158.82,0.6343,0.6215,0.659,0.6335,5.69,76.1,-23.0,0.2335,-0.3938,-2.7,0.8286,0.9707,0.5857,0.6758,0.6134
2026-08-18,-75.71,-137.65,0.6313,0.6395,0.6596,0.6213,14.86,88.7,-21.4,0.133,-0.0495,-1.5,0.8286,0.9707,0.7029,0.6486,0.5883
2026-08-18,-75.71,-116.47,0.5653,0.6716,0.5944,0.6944,16.31,316.0,-21.6,0.4007,0.0743,0.9,0.8286,0.9707,0.6733,0.6201,0.6278
2026-08-18,-75.71,-95.29,0.672,0.6464,0.6457,0.6823,12.71,157.0,-21.8,0.2343,0.1812,-0.4,0.8286,0.9707,0.653,0.696,0.5904
2026-08-18,-75.71,-74.12,0.6459,0.6889,0.6355,0.613,12.57,235.9,-18.8,0.3657,-0.2477,-2.4,0.8286,0.9707,0.6809,0.6144,0.755
2026-08-18,-75.71,-52.94,0.7789,0.6709,0.7068,0.6885,6.62,67.7,-21.7,0.38,-0.2292,1.2,0.8286,0.9707,0.6675,0.7478,0.6877
2026-08-18,-75.71,-31.76,0.7662,0.6487,0.7954,0.7171,5.54,336.0,-18.8,0.3446,-0.1334,-0.7,0.8286,0.9707,0.7056,0.7249,0.7834
2026-08-18,-75.71,-10.59,0.6925,0.6988,0.7956,0.7265,11.24,138.7,-22.3,0.1325,0.4439,0.9,0.8286,0.9707,0.7432,0.7572,0.8035
2026-08-18,-75.71,10.59,0.7529,0.7853,0.7844,0.7811,16.25,305.5,-21.8,0.2507,-0.0689,-0.5,0.8286,0.9707,0.8071,0.7187,0.8832
2026-08-18,-75.71,31.76,0.7993,0.8469,0.8386,0.8186,6.13,23.0,-19.5,0.1189,-0.0561,-1.0,0.8286,0.9707,0.8725,0.8175,0.8383
2026-08-18,-75.71,52.94,0.8248,0.9229,0.9373,0.8457,6.34,229.3,-16.9,0.141,0.1324,1.0,0.8286,0.9707,0.8449,0.8525,0.8972
2026-08-18,-75.71,74.12,0.8087,0.7817,0.9143,0.8167,8.64,166.0,-17.4,0.259,0.0621,-0.8,0.8286,0.9707,0.9249,0.8422,0.8257
2026-08-18,-75.71,95.29,0.7916,0.8782,0.8459,1.0,9.87,336.3,-20.7,0.4172,0.033,-0.9,0.8286,0.9707,0.8351,0.8233,0.841
2026-08-18,-75.71,116.47,0.7784,0.8161,0.7559,0.7919,7.49,133.1,-24.1,0.0594,0.0333,-0.9,0.8286,0.9707,0.8457,0.8154,0.7239
2026-08-18,-75.71,137.65,0.7353,0.7749,0.7259,0.7915,10.62,10.8,-16.1,0.0638,-0.06,0.5,0.8286,0.9707,0.7707,0.7191,0.7251
2026-08-18,-75.71,158.82,0.7759,0.7354,0.7603,0.6552,17.38,169.0,-21.0,0.2522,0.0128,-1.5,0.8286,0.9707,0.7232,0.7367,0.7455
2026-08-18,-75.71,180.0,0.7947,0.6439,0.6416,0.7047,15.12,199.8,-23.1,0.3523,0.0048,-0.7,0.8286,0.9707,0.6881,0.6835,0.6169
2026-08-18,-74.29,-180.0,0.6002,0.5771,0.6491,0.588,9.46,242.0,-24.8,0.3586,0.116,1.1,0.7714,0.9707,0.5779,0.6466,0.6575
2026-08-18,-74.29,-158.82,0.7054,0.6527,0.5567,0.64,16.28,0.8,-23.4,0.2263,0.3017,1.8,0.7714,0.9707,0.608,0.624,0.6262
2026-08-18,-74.29,-137.65,0.6,0.591,0.6233,0.623,12.86,137.8,-22.0,0.3932,-0.0319,2.6,0.7714,0.9707,0.5485,0.566,0.6182
2026-08-18,-74.29,-116.47,0.6006,0.5479,0.597,0.5587,5.75,111.4,-20.2,0.1591,-0.0682,0.5,0.7714,0.9707,0.5968,0.5702,0.5209
2026-08-18,-74.29,-95.29,0.6086,0.6491,0.5889,0.6194,13.66,169.8,-16.8,0.4153,-0.3059,0.3,0.7714,0.9707,0.5912,0.5468,0.5868
2026-08-18,-74.29,-74.12,0.6188,0.6157,0.6459,0.5962,7.18,228.2,-23.3,0.3193,0.1047,-0.8,0.7714,0.9707,0.6451,0.5955,0.7269
2026-08-18,-74.29,-52.94,0.6559,0.635,0.5552,0.5661,15.93,24.0,-22.5,0.4152,-0.0745,1.5,0.7714,0.9707,0.6456,0.6211,0.6967
2026-08-18,-74.29,-31.76,0.6803,0.7226,0.6732,0.6463,6.72,40.2,-23.1,0.1328,-0.1393,1.1,0.7714,0.9707,0.7435,0.6958,0.7152
2026-08-18,-74.29,-10.59,0.7269,0.7377,0.7069,0.7028,6.58,93.2,-20.2,0.1431,0.2115,0.1,0.7714,0.9707,0.7137,0.7682,0.7286
2026-08-18,-74.29,10.59,0.7468,0.7635,0.6416,0.7714,12.41,70.5,-22.2,0.2739,-0.0677,0.1,0.7714,0.9707,0.7626,0.7253,0.7738
2026-08-18,-74.29,31.76,0.8722,0.6718,0.7129,0.7827,9.33,52.8,-22.5,0.0578,-0.1087,1.2,0.7714,0.9707,0.8588,0.7651,0.7806
2026-08-18,-74.29,52.94,0.7411,0.8344,0.7889,0.7959,16.49,43.8,-15.9,0.2044,-0.0934,-0.8,0.7714,0.9707,0.7858,0.7602,0.8114
2026-08-18,-74.29,74.12,0.7612,0.8297,0.769,0.8111,15.49,9.8,-17.7,0.3693,0.3578,0.2,0.7714,0.9707,0.7271,0.8114,0.8559
2026-08-18,-74.29,95.29,0.8114,0.8067,0.7521,0.8145,9.61,292.6,-18.6,0.2442,0.0462,0.7,0.7714,0.9707,0.714,0.7609,0.7442
2026-08-18,-74.29,116.47,0.7189,0.7089,0.782,0.7169,7.13,344.7,-16.4,0.0607,-0.2314,1.7,0.7714,0.9707,0.6937,0.7533,0.7698
2026-08-18,-74.29,137.65,0.645,0.668,0.7285,0.7678,9.16,67.3,-16.4,0.1643,0.1632,0.1,0.7714,0.9707,0.7648,0.7597,0.7458
2026-08-18,-74.29,158.82,0.7137,0.6724,0.7138,0.6651,13.07,206.2,-20.2,0.3737,0.0179,0.6,0.7714,0.9707,0.6641,0.6527,0.6109
2026-08-18,-74.29,180.0,0.6549,0.6427,0.6005,0.5855,9.4,156.1,-17.1,0.3261,-0.157,0.4,0.7714,0.9707,0.6173,0.6257,0.6357
2026-08-18,-72.86,-180.0,0.6264,0.5692,0.6281,0.617,5.32,220.4,-14.4,0.2344,0.0495,0.1,0.7143,0.9707,0.5125,0.559,0.5845
2026-08-18,-72.86,-158.82,0.5442,0.5621,0.5968,0.5192,14.31,264.2,-18.0,0.4201,-0.0569,0.7,0.7143,0.9707,0.5441,0.5486,0.5527
2026-08-18,-72.86,-137.65,0.5736,0.4735,0.5292,0.5444,8.66,134.7,-15.4,0.0953,0.042,1.4,0.7143,0.9707,0.58,0.5745,0.5205
2026-08-18,-72.86,-116.47,0.5184,0.562,0.5529,0.5288,9.04,308.0,-18.8,0.4301,0.078,1.7,0.7143,0.9707,0.605,0.4766,0.4969
2026-08-18,-72.86,-95.29,0.5205,0.5563,0.5218,0.5369,8.4,278.2,-18.5,0.3301,0.146,1.3,0.7143,0.9707,0.4911,0.5722,0.5516
2026-08-18,-72.86,-74.12,0.59,0.5678,0.5746,0.5987,8.21,77.9,-22.1,0.1059,-0.1051,0.2,0.7143,0.9707,0.5927,0.5223,0.5734
2026-08-18,-72.86,-52.94,0.6414,0.6319,0.5499,0.6039,15.16,204.0,-20.0,0.4073,-0.0928,2.9,0.7143,0.9707,0.6066,0.5845,0.604
2026-08-18,-72.86,-31.76,0.5781,0.653,0.6579,0.6764,5.94,108.1,-18.5,0.3507,0.289,1.4,0.7143,0.9707,0.6207,0.6256,0.6543
2026-08-18,-72.86,-10.59,0.6385,0.6671,0.6659,0.6424,8.75,202.0,-18.1,0.1171,-0.1504,-0.9,0.7143,0.9707,0.6796,0.6586,0.679
2026-08-18,-72.86,10.59,0.6877,0.7091,0.6964,0.6309,17.62,327.7,-21.5,0.2738,0.12,1.4,0.7143,0.9707,0.7347,0.7731,0.7159
2026-08-18,-72.86,31.76,0.7259,0.7375,0.7796,0.7039,9.33,92.7,-19.4,0.2073,0.0705,0.3,0.7143,0.9707,0.7176,0.7489,0.7331
2026-08-18,-72.86,52.94,0.717,0.7205,0.7481,0.7541,9.05,311.8,-22.2,0.2286,0.2448,1.3,0.7143,0.9707,0.7505,0.7353,0.7549
2026-08-18,-72.86,74.12,0.7368,0.6343,0.7233,0.7048,5.76,108.3,-20.2,0.3938,0.314,-0.4,0.7143,0.9707,0.669,0.7465,0.7337
2026-08-18,-72.86,95.29,0.7252,0.7613,0.7966,0.7127,5.89,177.5,-27.1,0.3114,-0.3043,0.4,0.7143,0.9707,0.7409,0.7084,0.6362
2026-08-18,-72.86,116.47,0.6322,0.6735,0.6715,0.723,12.84,325.4,-19.2,0.4262,-0.0213,0.3,0.7143,0.9707,0.7223,0.719,0.7378
2026-08-18,-72.86,137.65,0.7177,0.7,0.6965,0.634,6.09,289.3,-21.5,0.4462,0.04,1.2,0.7143,0.9707,0.6196,0.666,0.6175
2026-08-18,-72.86,158.82,0.6416,0.5916,0.5898,0.6394,7.57,333.4,-24.4,0.2595,0.1836,1.6,0.7143,0.9707,0.5719,0.5783,0.6451
2026-08-18,-72.86,180.0,0.6103,0.6145,0.5464,0.5907,16.18,124.1,-20.5,0.2095,-0.0725,1.7,0.7143,0.9707,0.6931,0.5518,0.5549
2026-08-18,-71.43,-180.0,0.4897,0.5851,0.4915,0.5555,11.32,22.9,-16.4,0.2167,0.175,1.1,0.6571,0.9707,0.5223,0.5098,0.5315
2026-08-18,-71.43,-158.82,0.4898,0.4692,0.5434,0.4563,16.12,54.6,-17.4,0.1843,0.0289,0.2,0.6571,0.9707,0.5782,0.4796,0.5117
2026-08-18,-71.43,-137.65,0.4296,0.5064,0.4708,0.518,8.98,167.7,-15.2,0.2416,-0.2768,1.4,0.6571,0.9707,0.4971,0.485,0.487
2026-08-18,-71.43,-116.47,0.5089,0.5296,0.5224,0.5068,14.2,315.4,-19.2,0.4401,-0.1429,4.0,0.6571,0.9707,0.5124,0.4431,0.4789
2026-08-18,-71.43,-95.29,0.4561,0.4678,0.4867,0.5117,12.77,116.4,-19.9,0.2405,0.1284,-0.1,0.6571,0.9707,0.5474,0.4559,0.5201
2026-08-18,-71.43,-74.12,0.547,0.5872,0.5188,0.4667,8.54,226.3,-20.6,0.279,-0.0609,3.0,0.6571,0.9707,0.5392,0.5626,0.5321
2026-08-18,-71.43,-52.94,0.5302,0.5109,0.5087,0.6533,17.93,309.2,-19.7,0.0566,-0.0634,0.4,0.6571,0.9707,0.477,0.522,0.6003
2026-08-18,-71.43,-31.76,0.5044,0.5204,0.5885,0.5593,7.35,149.1,-23.0,0.2846,-0.2521,1.9,0.6571,0.9707,0.5825,0.553,0.6008
2026-08-18,-71.43,-10.59,0.6015,0.5972,0.7024,0.6001,6.89,28.2,-20.3,0.2366,0.1435,2.8,0.6571,0.9707,0.6246,0.5885,0.6319
2026-08-18,-71.43,10.59,0.679,0.7119,0.664,0.6105,16.11,27.1,-16.7,0.2575,-0.2864,-0.5,0.6571,0.9707,0.6185,0.6218,0.6485
2026-08-18,-71.43,31.76,0.7188,0.6597,0.7194,0.6415,15.72,231.9,-18.5,0.1029,0.1259,1.6,0.6571,0.9707,0.5687,0.599,0.6484
2026-08-18,-71.43,52.94,0.6924,0.7203,0.6714,0.6377,13.84,49.1,-21.3,0.2721,-0.2652,-0.2,0.6571,0.9707,0.6986,0.6761,0.6854
2026-08-18,-71.43,74.12,0.7403,0.6959,0.7441,0.6395,5.42,39.9,-21.2,0.2184,-0.1484,1.8,0.6571,0.9707,0.7168,0.6747,0.6656
2026-08-18,-71.43,95.29,0.6264,0.6523,0.6388,0.6564,14.37,4.9,-17.3,0.3203,0.2961,2.8,0.6571,0.9707,0.6537,0.6553,0.6223
2026-08-18,-71.43,116.47,0.6486,0.612,0.6556,0.6103,6.78,237.9,-16.6,0.41,-0.0482,-0.5,0.6571,0.9707,0.6201,0.6373,0.6329
2026-08-18,-71.43,137.65,0.629,0.6353,0.6427,0.6174,11.5,314.7,-22.9,0.2953,0.1633,1.3,0.6571,0.9707,0.6536,0.6186,0.6051
2026-08-18,-71.43,158.82,0.5943,0.5819,0.5964,0.6103,17.14,153.5,-13.0,0.2376,0.1286,0.7,0.6571,0.9707,0.4911,0.5843,0.5273
2026-08-18,-71.43,180.0,0.6105,0.5225,0.5394,0.6023,14.11,78.7,-14.9,0.3114,0.188,2.3,0.6571,0.9707,0.4984,0.475,0.4961
2026-08-18,-70.0,-180.0,0.5009,0.5262,0.4653,0.5222,13.53,206.9,-14.8,0.101,0.2593,2.1,0.6,0.9707,0.5028,0.5884,0.4882
2026-08-18,-70.0,-158.82,0.4365,0.4033,0.4677,0.5124,14.26,351.5,-18.9,0.3265,0.1258,0.4,0.6,0.9707,0.4019,0.5037,0.4552
2026-08-18,-70.0,-137.65,0.4443,0.4396,0.4702,0.4299,8.82,348.6,-17.0,0.2561,-0.3404,1.1,0.6,0.9707,0.4595,0.4741,0.473
2026-08-18,-70.0,-116.47,0.4574,0.4719,0.4213,0.4459,9.41,68.7,-16.9,0.2722,-0.0435,1.5,0.6,0.9707,0.4819,0.4369,0.3607
2026-08-18,-70.0,-95.29,0.4716,0.4346,0.4203,0.4363,16.3,170.1,-13.0,0.3736,0.0514,2.3,0.6,0.9707,0.354,0.4613,0.4413
2026-08-18,-70.0,-74.12,0.5253,0.4224,0.4582,0.447,10.05,353.1,-20.1,0.4361,0.0565,2.6,0.6,0.9707,0.503,0.4938,0.4301
2026-08-18,-70.0,-52.94,0.5743,0.4527,0.5214,0.4304,5.53,241.9,-14.7,0.1404,-0.1046,0.7,0.6,0.9707,0.476,0.5023,0.5202
2026-08-18,-70.0,-31.76,0.6147,0.5271,0.4655,0.4851,7.47,224.3,-17.9,0.0748,-0.1298,3.4,0.6,0.9707,0.5506,0.5632,0.5182
2026-08-18,-70.0,-10.59,0.5636,0.6326,0.5679,0.599,17.19,39.2,-19.1,0.2309,-0.1615,1.6,0.6,0.9707,0.5455,0.5149,0.5477
2026-08-18,-70.0,10.59,0.5555,0.616,0.5223,0.6079,16.88,313.5,-20.3,0.3058,0.4899,1.1,0.6,0.9707,0.5491,0.5864,0.5823
2026-08-18,-70.0,31.76,0.5933,0.5845,0.6415,0.6439,7.91,61.5,-17.9,0.3981,0.1262,3.1,0.6,0.9707,0.6785,0.6697,0.6243
2026-08-18,-70.0,52.94,0.6112,0.6323,0.6866,0.7257,12.73,104.3,-14.9,0.065,-0.1359,2.9,0.6,0.9707,0.6128,0.6122,0.6037
2026-08-18,-70.0,74.12,0.6075,0.6195,0.6108,0.6511,8.9,125.6,-19.5,0.4219,-0.0722,3.0,0.6,0.9707,0.5946,0.6777,0.5752
2026-08-18,-70.0,95.29,0.6043,0.6597,0.6093,0.6003,7.49,306.6,-17.2,0.0938,0.0543,2.5,0.6,0.9707,0.6467,0.6116,0.6712
2026-08-18,-70.0,116.47,0.5814,0.5909,0.5123,0.5734,9.94,90.2,-14.7,0.0653,0.1157,2.9,0.6,0.9707,0.5879,0.5623,0.6372
2026-08-18,-70.0,137.65,0.5592,0.5993,0.5768,0.5838,12.02,332.4,-16.1,0.2816,0.3889,2.3,0.6,0.9707,0.5424,0.5738,0.5928
2026-08-18,-70.0,158.82,0.4781,0.5394,0.5648,0.4888,12.44,149.7,-19.6,0.3839,0.0359,0.6,0.6,0.9707,0.4767,0.5683,0.5211
2026-08-18,-70.0,180.0,0.4824,0.5078,0.5114,0.549,6.36,175.6,-15.8,0.1339,-0.0962,4.8,0.6,0.9707,0.5087,0.506,0.4778
2026-08-18,-68.57,-180.0,0.4528,0.3754,0.4643,0.3277,9.43,342.6,-16.1,0.1241,-0.1246,1.6,0.5429,0.9707,0.4676,0.4468,0.4659
2026-08-18,-68.57,-158.82,0.3963,0.4182,0.3763,0.4808,17.15,167.1,-20.5,0.062,0.3051,1.8,0.5429,0.9707,0.4065,0.4179,0.4286
2026-08-18,-68.57,-137.65,0.3633,0.3978,0.4613,0.4471,6.76,277.8,-14.1,0.0675,0.0832,1.6,0.5429,0.9707,0.4196,0.3498,0.3997
2026-08-18,-68.57,-116.47,0.4639,0.3954,0.3106,0.341,10.57,198.2,-16.3,0.1742,-0.1841,1.1,0.5429,0.9707,0.3965,0.4269,0.3494
2026-08-18,-68.57,-95.29,0.3908,0.3954,0.5288,0.383,8.8,212.8,-17.3,0.2608,0.2397,3.9,0.5429,0.9707,0.4264,0.4118,0.4434
2026-08-18,-68.57,-74.12,0.3894,0.3458,0.2675,0.4806,11.5,180.8,-16.0,0.2916,-0.3892,3.5,0.5429,0.9707,0.4602,0.4361,0.4009
2026-08-18,-68.57,-52.94,0.4327,0.4526,0.4857,0.4568,9.56,231.1,-10.9,0.2767,-0.1248,4.5,0.5429,0.9707,0.3729,0.4197,0.4638
2026-08-18,-68.57,-31.76,0.5207,0.5085,0.4617,0.5576,13.22,270.9,-16.4,0.0729,-0.2854,1.8,0.5429,0.9707,0.5577,0.4742,0.4696
2026-08-18,-68.57,-10.59,0.5294,0.5019,0.5196,0.5423,17.83,30.2,-18.6,0.2124,0.1069,2.9,0.5429,0.9707,0.5095,0.5174,0.4663
2026-08-18,-68.57,10.59,0.5044,0.4344,0.5592,0.5971,6.46,78.2,-15.1,0.2753,-0.2498,1.9,0.5429,0.9707,0.6245,0.5302,0.6462
2026-08-18,-68.57,31.76,0.5319,0.5672,0.5881,0.6137,8.26,300.6,-20.2,0.3727,-0.0883,1.6,0.5429,0.9707,0.5593,0.591,0.5544
2026-08-18,-68.57,52.94,0.5118,0.5807,0.5458,0.6337,14.33,231.8,-16.9,0.2815,0.0812,4.1,0.5429,0.9707,0.556,0.5339,0.5823
2026-08-18,-68.57,74.12,0.5227,0.5153,0.65,0.5738,14.31,336.0,-13.6,0.2977,-0.3063,2.5,0.5429,0.9707,0.6391,0.5349,0.6127
2026-08-18,-68.57,95.29,0.6303,0.5294,0.6414,0.5549,14.8,249.4,-17.9,0.3706,-0.2139,1.2,0.5429,0.9707,0.5652,0.6088,0.552
2026-08-18,-68.57,116.47,0.5734,0.5591,0.5082,0.605,14.49,198.7,-17.6,0.1893,0.0675,2.9,0.5429,0.9707,0.5759,0.5025,0.5515
2026-08-18,-68.57,137.65,0.4659,0.578,0.4687,0.4789,8.72,21.6,-15.2,0.2375,-0.1449,0.8,0.5429,0.9707,0.533,0.5722,0.535
2026-08-18,-68.57,158.82,0.4852,0.4886,0.5129,0.5398,7.79,149.8,-15.6,0.2976,-0.0715,4.0,0.5429,0.9707,0.4541,0.4711,0.4007
2026-08-18,-68.57,180.0,0.4382,0.4058,0.4237,0.4361,17.73,12.5,-17.4,0.3314,0.0603,2.9,0.5429,0.9707,0.436,0.535,0.4029
2026-08-18,-67.14,-180.0,0.3847,0.3459,0.4088,0.3307,10.92,130.5,-17.7,0.1952,-0.0866,3.1,0.4857,0.9707,0.376,0.4225,0.3662
2026-08-18,-67.14,-158.82,0.3744,0.3346,0.3814,0.3689,13.07,244.9,-13.0,0.0726,-0.221,2.9,0.4857,0.9707,0.3753,0.3525,0.3332
2026-08-18,-67.14,-137.65,0.3293,0.3077,0.3957,0.3467,15.26,337.0,-8.9,0.146,-0.0155,2.8,0.4857,0.9707,0.3137,0.3563,0.2841
2026-08-18,-67.14,-116.47,0.3791,0.3048,0.2796,0.3172,6.75,277.6,-12.0,0.4023,-0.0211,2.7,0.4857,0.9707,0.2795,0.4271,0.3589
2026-08-18,-67.14,-95.29,0.385,0.3076,0.3263,0.3773,6.44,80.7,-11.3,0.0655,-0.0097,3.8,0.4857,0.9707,0.3414,0.325,0.3718
2026-08-18,-67.14,-74.12,0.273,0.3751,0.3415,0.3215,12.8,343.3,-14.1,0.065,0.1402,3.0,0.4857,0.9707,0.3808,0.3128,0.3626
2026-08-18,-67.14,-52.94,0.3429,0.3911,0.3986,0.399,10.38,338.0,-11.2,0.1713,0.0735,4.2,0.4857,0.9707,0.4002,0.3549,0.3236
2026-08-18,-67.14,-31.76,0.4217,0.4001,0.4743,0.4305,8.31,157.7,-14.0,0.2179,-0.0044,3.3,0.4857,0.9707,0.4232,0.4345,0.4081
2026-08-18,-67.14,-10.59,0.4694,0.4815,0.4594,0.4404,13.47,32.7,-8.2,0.3244,-0.2684,3.1,0.4857,0.9707,0.4408,0.4782,0.4039
2026-08-18,-67.14,10.59,0.4801,0.5538,0.5767,0.5243,7.99,172.9,-18.3,0.39,-0.0934,3.8,0.4857,0.9707,0.482,0.4246,0.5301
2026-08-18,-67.14,31.76,0.5172,0.5075,0.6049,0.5796,7.16,34.5,-17.1,0.2791,-0.0537,2.1,0.4857,0.9707,0.4738,0.5154,0.5514
2026-08-18,-67.14,52.94,0.5881,0.4571,0.5603,0.4944,5.75,344.8,-14.2,0.1314,-0.1989,2.3,0.4857,0.9707,0.4919,0.5953,0.5309
2026-08-18,-67.14,74.12,0.5075,0.5074,0.5542,0.5045,8.61,221.0,-15.6,0.2011,0.0028,4.7,0.4857,0.9707,0.5151,0.5561,0.5284
2026-08-18,-67.14,95.29,0.5369,0.4896,0.5729,0.5594,16.13,349.6,-15.7,0.1147,0.1344,3.3,0.4857,0.9707,0.5223,0.5499,0.5279
2026-08-18,-67.14,116.47,0.4822,0.5346,0.5,0.5075,7.39,309.9,-15.5,0.2882,0.2398,3.3,0.4857,0.9707,0.4931,0.4189,0.4167
2026-08-18,-67.14,137.65,0.4572,0.414,0.4566,0.4002,15.07,64.8,-21.7,0.1905,0.0735,4.9,0.4857,0.9707,0.4968,0.4588,0.4758
2026-08-18,-67.14,158.82,0.4247,0.4333,0.3924,0.4209,14.52,133.2,-16.2,0.1114,-0.0053,3.8,0.4857,0.9707,0.3816,0.3619,0.449
2026-08-18,-67.14,180.0,0.4053,0.4828,0.389,0.4147,7.74,231.3,-16.9,0.3023,0.1261,3.7,0.4857,0.9707,0.3148,0.4169,0.3569
2026-08-18,-65.71,-180.0,0.2564,0.3412,0.3206,0.2896,15.2,64.7,-11.1,0.4185,0.1797,4.8,0.4286,0.9707,0.3901,0.2622,0.3439
2026-08-18,-65.71,-158.82,0.3092,0.3462,0.2561,0.3097,7.3,22.4,-15.2,0.1779,0.0826,4.6,0.4286,0.9707,0.3304,0.3128,0.3389
2026-08-18,-65.71,-137.65,0.3491,0.2641,0.3212,0.2712,15.31,336.1,-14.0,0.2419,0.1257,5.0,0.4286,0.9707,0.3006,0.2548,0.2955
2026-08-18,-65.71,-116.47,0.2117,0.2982,0.2668,0.2374,9.15,71.9,-15.9,0.4249,-0.0437,3.2,0.4286,0.9707,0.3572,0.2837,0.3022
2026-08-18,-65.71,-95.29,0.2661,0.2933,0.2354,0.2463,8.83,359.0,-13.3,0.1818,0.2307,5.1,0.4286,0.9707,0.3077,0.274,0.2257
2026-08-18,-65.71,-74.12,0.2745,0.3471,0.2812,0.3449,16.3,287.6,-13.6,0.4491,0.1773,4.2,0.4286,0.9707,0.277,0.266,0.2824
2026-08-18,-65.71,-52.94,0.3832,0.3174,0.3503,0.3542,5.68,8.6,-14.2,0.4179,0.0339,2.9,0.4286,0.9707,0.3463,0.3832,0.3915
2026-08-18,-65.71,-31.76,0.3714,0.3069,0.3792,0.3549,14.86,219.5,-9.4,0.2139,0.1609,5.0,0.4286,0.9707,0.3826,0.3528,0.4172
2026-08-18,-65.71,-10.59,0.3532,0.4221,0.4036,0.4022,5.86,256.5,-16.5,0.3685,0.3087,3.4,0.4286,0.9707,0.4635,0.412,0.4162
2026-08-18,-65.71,10.59,0.4951,0.4534,0.4932,0.4647,16.34,278.8,-11.1,0.1448,0.0119,5.0,0.4286,0.9707,0.4588,0.4387,0.4454
2026-08-18,-65.71,31.76,0.4708,0.4198,0.4064,0.3769,12.5,39.4,-13.9,0.377,0.1754,4.7,0.4286,0.9707,0.4852,0.5055,0.4428
2026-08-18,-65.71,52.94,0.5348,0.4649,0.4239,0.4254,11.0,186.7,-10.9,0.0825,0.2628,3.7,0.4286,0.9707,0.5227,0.4542,0.538
2026-08-18,-65.71,74.12,0.5294,0.5133,0.5264,0.5232,12.52,102.1,-17.2,0.3328,-0.1657,4.5,0.4286,0.9707,0.4445,0.4591,0.432
2026-08-18,-65.71,95.29,0.3977,0.4417,0.4469,0.4835,9.98,72.3,-13.5,0.3413,0.1531,2.8,0.4286,0.9707,0.46,0.3771,0.4541
2026-08-18,-65.71,116.47,0.4055,0.4909,0.4553,0.407,6.09,67.6,-15.2,0.2301,0.1092,2.0,0.4286,0.9707,0.4301,0.4064,0.4702
2026-08-18,-65.71,137.65,0.357,0.3533,0.3776,0.4284,13.82,51.5,-14.7,0.3305,0.0769,4.1,0.4286,0.9707,0.4774,0.4389,0.4421
2026-08-18,-65.71,158.82,0.2959,0.3648,0.3899,0.3878,12.62,205.3,-16.9,0.1524,-0.0032,2.9,0.4286,0.9707,0.4086,0.378,0.3678
2026-08-18,-65.71,180.0,0.2955,0.3463,0.3994,0.3172,15.97,195.7,-16.8,0.4358,-0.2129,2.9,0.4286,0.9707,0.354,0.3505,0.348
2026-08-18,-64.29,-180.0,0.2545,0.2732,0.2993,0.2283,17.44,95.6,-8.3,0.3255,-0.0693,3.7,0.3714,0.9707,0.3244,0.2569,0.3046
2026-08-18,-64.29,-158.82,0.1816,0.2816,0.2238,0.2337,17.67,48.6,-12.7,0.1876,0.0201,4.9,0.3714,0.9707,0.2916,0.2095,0.2123
2026-08-18,-64.29,-137.65,0.2296,0.1746,0.1719,0.228,15.47,286.8,-10.8,0.1677,-0.01,4.3,0.3714,0.9707,0.2741,0.1984,0.3466
2026-08-18,-64.29,-116.47,0.2707,0.1645,0.2656,0.2582,16.79,190.0,-12.9,0.2338,0.0586,5.1,0.3714,0.9707,0.2856,0.2842,0.2853
2026-08-18,-64.29,-95.29,0.3126,0.2678,0.3057,0.2097,9.34,323.8,-12.8,0.3273,-0.2087,4.8,0.3714,0.9707,0.2673,0.2199,0.2604
2026-08-18,-64.29,-74.12,0.3016,0.279,0.2628,0.2441,15.54,60.1,-13.9,0.0684,-0.3553,5.0,0.3714,0.9707,0.2031,0.1918,0.229
2026-08-18,-64.29,-52.94,0.2852,0.2273,0.2532,0.3187,10.55,2.6,-12.0,0.2719,0.2309,4.2,0.3714,0.9707,0.2853,0.3389,0.2843
2026-08-18,-64.29,-31.76,0.3028,0.2578,0.3512,0.3511,7.19,120.8,-8.3,0.3161,0.0181,3.4,0.3714,0.9707,0.3764,0.3058,0.3545
2026-08-18,-64.29,-10.59,0.3342,0.3794,0.3887,0.4052,16.42,347.7,-16.0,0.0789,0.0421,5.4,0.3714,0.9707,0.3242,0.3733,0.3377
2026-08-18,-64.29,10.59,0.333,0.3558,0.4457,0.3868,8.44,271.1,-9.2,0.2287,0.0625,3.9,0.3714,0.9707,0.4913,0.3396,0.4141
2026-08-18,-64.29,31.76,0.3877,0.3774,0.4307,0.3416,9.57,128.6,-14.9,0.2247,0.0293,4.2,0.3714,0.9707,0.4612,0.4101,0.4407
2026-08-18,-64.29,52.94,0.4374,0.3872,0.4374,0.3862,11.47,309.1,-5.2,0.4369,-0.0099,5.9,0.3714,0.9707,0.3984,0.396,0.4328
2026-08-18,-64.29,74.12,0.4323,0.4934,0.4659,0.3689,8.37,322.8,-9.7,0.2464,-0.1794,4.1,0.3714,0.9707,0.4114,0.3375,0.4771
2026-08-18,-64.29,95.29,0.4906,0.4623,0.3782,0.3725,8.13,90.6,-13.8,0.1617,0.0476,5.4,0.3714,0.9707,0.4174,0.4525,0.4964
2026-08-18,-64.29,116.47,0.4098,0.4178,0.3909,0.4143,15.24,318.1,-11.2,0.0661,0.1404,2.9,0.3714,0.9707,0.3911,0.4233,0.342
2026-08-18,-64.29,137.65,0.4527,0.4038,0.3282,0.3926,14.58,30.8,-13.9,0.2639,0.0426,4.7,0.3714,0.9707,0.3926,0.3288,0.3803
2026-08-18,-64.29,158.82,0.3553,0.2752,0.3408,0.2301,17.69,310.7,-13.9,0.1526,0.2331,6.0,0.3714,0.9707,0.3086,0.2745,0.3474
2026-08-18,-64.29,180.0,0.25,0.2427,0.3266,0.3554,5.04,18.8,-15.2,0.1585,0.1883,3.4,0.3714,0.9707,0.2367,0.3055,0.3442
2026-08-18,-62.86,-180.0,0.1797,0.2723,0.2503,0.2318,13.79,327.6,-14.6,0.2516,0.1068,4.7,0.3143,0.9707,0.226,0.1714,0.1848
2026-08-18,-62.86,-158.82,0.194,0.1599,0.206,0.1492,10.87,171.4,-9.8,0.3321,0.1446,3.8,0.3143,0.9707,0.1432,0.1558,0.151
2026-08-18,-62.86,-137.65,0.1617,0.0999,0.1283,0.1494,12.3,20.8,-11.9,0.2018,-0.0967,3.2,0.3143,0.9707,0.235,0.1728,0.1696
2026-08-18,-62.86,-116.47,0.225,0.143,0.0924,0.2256,7.0,177.5,-16.6,0.2111,0.2081,6.0,0.3143,0.9707,0.1542,0.1805,0.1873
2026-08-18,-62.86,-95.29,0.2177,0.1972,0.1533,0.216,14.85,230.1,-11.3,0.2443,0.2057,5.0,0.3143,0.9707,0.0863,0.172,0.1962
2026-08-18,-62.86,-74.12,0.2079,0.1759,0.223,0.2324,8.46,76.4,-9.7,0.3386,0.1031,4.0,0.3143,0.9707,0.2739,0.2129,0.233
2026-08-18,-62.86,-52.94,0.3456,0.2903,0.3024,0.2272,12.41,10.5,-12.8,0.3492,-0.2169,4.4,0.3143,0.9707,0.251,0.2292,0.2621
2026-08-18,-62.86,-31.76,0.281,0.2758,0.2738,0.2445,12.43,122.3,-13.6,0.1539,-0.0766,4.9,0.3143,0.9707,0.2348,0.3131,0.1879
2026-08-18,-62.86,-10.59,0.2522,0.3292,0.3541,0.3376,13.19,178.9,-6.1,0.0798,-0.106,6.7,0.3143,0.9707,0.3161,0.253,0.3373
2026-08-18,-62.86,10.59,0.3632,0.405,0.3904,0.3265,7.16,181.0,-13.2,0.1223,0.0895,3.6,0.3143,0.9707,0.3734,0.2924,0.4002
2026-08-18,-62.86,31.76,0.4076,0.4001,0.2675,0.3742,7.95,93.4,-14.1,0.0971,0.2328,6.2,0.3143,0.9707,0.4169,0.341,0.3412
2026-08-18,-62.86,52.94,0.4346,0.3821,0.4311,0.4207,15.24,218.8,-9.1,0.4419,0.1094,4.9,0.3143,0.9707,0.4469,0.4124,0.5018
2026-08-18,-62.86,74.12,0.3416,0.4413,0.3638,0.3536,6.14,82.7,-12.9,0.321,-0.0276,5.2,0.3143,0.9707,0.4125,0.3578,0.449
2026-08-18,-62.86,95.29,0.288,0.2948,0.2845,0.3247,6.63,316.7,-15.4,0.2242,-0.232,3.8,0.3143,0.9707,0.3256,0.326,0.3395
2026-08-18,-62.86,116.47,0.3268,0.306,0.3593,0.3428,16.04,255.6,-7.2,0.141,-0.2755,4.0,0.3143,0.9707,0.3092,0.2797,0.2814
2026-08-18,-62.86,137.65,0.3039,0.2767,0.3801,0.3036,11.5,261.6,-9.0,0.2906,0.0105,5.3,0.3143,0.9707,0.3434,0.2975,0.3389
2026-08-18,-62.86,158.82,0.2542,0.2358,0.3403,0.2193,7.23,231.7,-11.4,0.1273,0.0295,4.3,0.3143,0.9707,0.2812,0.193,0.1971
2026-08-18,-62.86,180.0,0.2368,0.216,0.2021,0.1999,7.12,188.9,-10.4,0.273,-0.0565,4.1,0.3143,0.9707,0.2284,0.1442,0.2365
2026-08-18,-61.43,-180.0,0.1168,0.1387,0.1648,0.1687,5.73,342.2,-12.3,0.1803,-0.1198,4.3,0.2571,0.9707,0.2638,0.2528,0.1608
2026-08-18,-61.43,-158.82,0.2113,0.1757,0.2046,0.1611,16.79,333.6,-11.8,0.0501,-0.035,5.2,0.2571,0.9707,0.1921,0.1398,0.1549
2026-08-18,-61.43,-137.65,0.1723,0.1155,0.1233,0.1807,6.54,109.8,-12.5,0.0977,0.1291,4.5,0.2571,0.9707,0.1171,0.1232,0.1602
2026-08-18,-61.43,-116.47,0.1423,0.1292,0.0818,0.1305,7.63,11.5,-12.6,0.0723,-0.0123,5.4,0.2571,0.9707,0.0666,0.199,0.224
2026-08-18,-61.43,-95.29,0.1191,0.1374,0.1773,0.1379,11.15,205.2,-13.5,0.165,0.057,7.6,0.2571,0.9707,0.2513,0.0865,0.1591
2026-08-18,-61.43,-74.12,0.1946,0.2062,0.129,0.1821,10.58,336.4,-7.8,0.4151,0.207,6.9,0.2571,0.9707,0.186,0.1637,0.1544
2026-08-18,-61.43,-52.94,0.1797,0.1144,0.2098,0.1947,16.12,279.5,-12.0,0.0602,-0.1226,5.6,0.2571,0.9707,0.1825,0.171,0.2284
2026-08-18,-61.43,-31.76,0.2393,0.2571,0.2268,0.2323,12.68,85.5,-8.7,0.1576,-0.0842,5.7,0.2571,0.9707,0.2357,0.2227,0.2399
2026-08-18,-61.43,-10.59,0.2899,0.2029,0.1899,0.2915,17.49,16.9,-10.8,0.1701,0.0389,5.8,0.2571,0.9707,0.2783,0.2505,0.2927
2026-08-18,-61.43,10.59,0.3065,0.2343,0.3351,0.2195,13.3,193.9,-8.5,0.2479,-0.1299,5.5,0.2571,0.9707,0.2837,0.3512,0.3119
2026-08-18,-61.43,31.76,0.371,0.3548,0.3464,0.2688,17.22,124.6,-8.6,0.3702,-0.0163,3.5,0.2571,0.9707,0.2745,0.2775,0.2787
2026-08-18,-61.43,52.94,0.3126,0.2895,0.3866,0.2664,10.97,231.1,-11.7,0.0658,-0.1013,3.7,0.2571,0.9707,0.3571,0.2967,0.3354
2026-08-18,-61.43,74.12,0.3338,0.3161,0.3492,0.3555,9.67,327.7,-12.8,0.3819,0.1212,4.8,0.2571,0.9707,0.3444,0.291,0.3039
2026-08-18,-61.43,95.29,0.3348,0.3929,0.3095,0.299,16.95,173.5,-8.2,0.0914,-0.2081,6.4,0.2571,0.9707,0.3057,0.3406,0.3474
2026-08-18,-61.43,116.47,0.3695,0.291,0.3366,0.346,13.13,110.0,-16.7,0.0882,0.0933,5.6,0.2571,0.9707,0.2848,0.2703,0.2495
2026-08-18,-61.43,137.65,0.2707,0.3155,0.2489,0.2475,14.41,45.6,-15.3,0.425,-0.0479,5.8,0.2571,0.9707,0.3047,0.2419,0.3192
2026-08-18,-61.43,158.82,0.1752,0.2169,0.2177,0.2483,14.26,94.6,-8.3,0.434,-0.3437,4.2,0.2571,0.9707,0.2003,0.218,0.2042
2026-08-18,-61.43,180.0,0.2327,0.1628,0.2154,0.1396,12.46,145.6,-16.6,0.1534,-0.0416,5.7,0.2571,0.9707,0.1514,0.1563,0.0954
2026-08-18,-60.0,-180.0,0.1319,0.1269,0.1701,0.117,5.28,186.5,-9.6,0.2643,-0.0226,5.7,0.2,0.9707,0.1944,0.1649,0.067
2026-08-18,-60.0,-158.82,0.0707,0.0403,0.0852,0.1486,9.49,228.5,-12.0,0.4129,0.156,5.2,0.2,0.9707,0.1581,0.1263,0.1162
2026-08-18,-60.0,-137.65,0.0,0.0436,0.0629,0.0818,17.58,77.2,-1.4,0.2591,0.1363,7.1,0.2,0.9707,0.1268,0.1238,0.1025
2026-08-18,-60.0,-116.47,0.0588,0.022,0.0408,0.0415,7.51,150.0,-7.2,0.3453,-0.0069,7.1,0.2,0.9707,0.033,0.0773,0.0918
2026-08-18,-60.0,-95.29,0.0957,0.0815,0.1559,0.0881,5.11,144.7,-3.6,0.2905,-0.096,6.3,0.2,0.9707,0.0777,0.0729,0.1118
2026-08-18,-60.0,-74.12,0.1166,0.0946,0.1252,0.0739,13.76,129.9,-11.2,0.3181,-0.0209,3.2,0.2,0.9707,0.0734,0.0269,0.0885
2026-08-18,-60.0,-52.94,0.1282,0.1321,0.2052,0.1849,8.66,51.3,-9.7,0.3319,0.0059,5.4,0.2,0.9707,0.1521,0.1919,0.123
2026-08-18,-60.0,-31.76,0.1661,0.1049,0.1371,0.2107,6.25,167.6,-3.2,0.2097,0.1601,6.1,0.2,0.9707,0.2202,0.1952,0.1664
2026-08-18,-60.0,-10.59,0.2558,0.2015,0.2121,0.1522,6.3,237.8,-7.2,0.4396,0.0414,3.7,0.2,0.9707,0.2296,0.2218,0.2138
2026-08-18,-60.0,10.59,0.2833,0.2219,0.2062,0.2404,6.32,60.0,-7.9,0.0992,-0.0308,6.1,0.2,0.9707,0.163,0.1921,0.2247
2026-08-18,-60.0,31.76,0.3744,0.2476,0.2363,0.3229,11.69,166.9,-12.9,0.3825,-0.0315,6.0,0.2,0.9707,0.2439,0.3053,0.318
2026-08-18,-60.0,52.94,0.3169,0.2862,0.2719,0.2078,14.66,12.2,-8.5,0.0857,-0.0621,6.1,0.2,0.9707,0.2724,0.2942,0.2395
2026-08-18,-60.0,74.12,0.2663,0.2936,0.2468,0.3598,7.19,296.4,-6.8,0.1378,0.2141,7.0,0.2,0.9707,0.2033,0.2355,0.3146
2026-08-18,-60.0,95.29,0.2481,0.3031,0.2701,0.2636,9.4,158.8,-11.3,0.187,0.1992,4.9,0.2,0.9707,0.2425,0.2684,0.2608
2026-08-18,-60.0,116.47,0.2166,0.2602,0.1458,0.2402,8.5,10.8,-5.7,0.3784,-0.0331,4.8,0.2,0.9707,0.2846,0.2331,0.2153
2026-08-18,-60.0,137.65,0.1886,0.1485,0.1944,0.2158,12.62,18.2,-7.7,0.0835,0.4992,6.1,0.2,0.9707,0.1741,0.1898,0.2213
2026-08-18,-60.0,158.82,0.17,0.1011,0.1844,0.1608,16.03,203.3,-11.6,0.4022,0.164,4.9,0.2,0.9707,0.1502,0.0904,0.1894
2026-08-18,-60.0,180.0,0.1246,0.0994,0.1178,0.1423,9.52,66.8,-7.4,0.2233,0.1993,6.6,0.2,0.9707,0.0885,0.1329,0.1952
2026-08-19,-80.0,-180.0,0.852,0.8107,0.852,0.882,9.53,284.5,-24.4,0.1042,-0.103,-0.9,1.0,0.9677,0.8335,0.9036,0.8057
2026-08-19,-80.0,-158.82,0.7808,0.7899,0.7608,0.8569,10.95,325.8,-21.7,0.2448,0.0547,-2.4,1.0,0.9677,0.765,0.8765,0.8093
2026-08-19,-80.0,-137.65,0.7393,0.8431,0.8335,0.8044,8.33,324.8,-24.1,0.2071,0.203,-3.0,1.0,0.9677,0.7829,0.7676,0.7597
2026-08-19,-80.0,-116.47,0.8976,0.7363,0.7135,0.8159,14.72,157.1,-25.4,0.0535,-0.0391,-2.1,1.0,0.9677,0.7631,0.7926,0.7736
2026-08-19,-80.0,-95.29,0.786,0.7728,0.7896,0.8166,16.44,292.4,-26.8,0.1926,0.0448,-2.0,1.0,0.9677,0.8209,0.7985,0.7258
2026-08-19,-80.0,-74.12,0.8113,0.7748,0.8138,0.8011,17.46,328.0,-27.0,0.1441,-0.2012,-2.4,1.0,0.9677,0.7937,0.8287,0.8278
2026-08-19,-80.0,-52.94,0.9266,0.8741,0.8789,0.8637,8.91,282.7,-27.7,0.1705,0.1442,-1.8,1.0,0.9677,0.8648,0.8497,0.9084
2026-08-19,-80.0,-31.76,0.8713,0.8256,0.8698,0.8813,5.03,248.3,-25.4,0.3136,-0.1541,-4.6,1.0,0.9677,0.8435,0.8049,0.8293
2026-08-19,-80.0,-10.59,0.9013,1.0,1.0,0.8507,8.29,65.8,-24.8,0.4262,-0.1176,-0.4,1.0,0.9677,0.9835,0.9861,0.9093
2026-08-19,-80.0,10.59,0.9056,0.9352,0.9991,0.8711,10.88,116.4,-23.1,0.2294,0.3619,-1.1,1.0,0.9677,1.0,0.9247,0.9099
2026-08-19,-80.0,31.76,0.9666,1.0,0.9823,1.0,10.7,344.5,-21.4,0.3273,-0.0312,-0.4,1.0,0.9677,1.0,0.9586,0.9262
2026-08-19,-80.0,52.94,0.9734,0.9592,0.9725,0.9634,9.79,98.8,-23.5,0.3134,-0.0368,-1.6,1.0,0.9677,0.9801,0.9431,1.0
2026-08-19,-80.0,74.12,0.9498,0.961,0.935,1.0,9.15,356.3,-28.0,0.1685,-0.0481,-2.2,1.0,0.9677,1.0,1.0,0.9684
2026-08-19,-80.0,95.29,0.9207,1.0,0.9771,1.0,7.71,305.7,-26.7,0.286,-0.1179,-2.0,1.0,0.9677,0.9251,1.0,0.9626
2026-08-19,-80.0,116.47,0.9999,0.8706,0.9176,0.9441,8.39,278.5,-31.3,0.1951,0.231,-2.1,1.0,0.9677,1.0,0.9503,1.0
2026-08-19,-80.0,137.65,0.9055,0.9597,0.9151,0.9251,5.5,191.4,-25.3,0.3753,-0.0865,-2.0,1.0,0.9677,0.9119,0.9486,0.9027
2026-08-19,-80.0,158.82,0.8554,0.8877,0.8536,0.8824,9.48,263.7,-24.9,0.2905,0.1003,-1.3,1.0,0.9677,0.8761,0.8435,0.9012
2026-08-19,-80.0,180.0,0.8501,0.8257,0.8449,0.8441,13.96,337.3,-27.8,0.3536,0.2551,-0.6,1.0,0.9677,0.8058,0.8455,0.8668
2026-08-19,-78.57,-180.0,0.7038,0.7454,0.721,0.8552,14.42,291.2,-28.2,0.4059,-0.1073,-1.8,0.9429,0.9677,0.7679,0.7907,0.7677
2026-08-19,-78.57,-158.82,0.7569,0.7682,0.7641,0.8532,6.62,190.6,-24.6,0.162,-0.0828,-0.9,0.9429,0.9677,0.7537,0.728,0.7807
2026-08-19,-78.57,-137.65,0.7497,0.7746,0.7603,0.7432,7.27,63.6,-23.4,0.1457,-0.1528,-2.0,0.9429,0.9677,0.8816,0.7569,0.6827
2026-08-19,-78.57,-116.47,0.7121,0.8073,0.7509,0.7766,9.13,301.2,-24.5,0.4201,-0.0426,-1.6,0.9429,0.9677,0.6681,0.7176,0.6959
2026-08-19,-78.57,-95.29,0.7857,0.7433,0.8845,0.6947,7.83,97.5,-23.0,0.1747,0.156,-0.1,0.9429,0.9677,0.7152,0.7808,0.7357
2026-08-19,-78.57,-74.12,0.7931,0.7232,0.8043,0.7237,9.02,225.7,-24.7,0.3668,-0.0243,-1.3,0.9429,0.9677,0.7753,0.7125,0.7467
2026-08-19,-78.57,-52.94,0.8051,0.7947,0.7441,0.802,17.19,115.9,-24.2,0.0668,-0.162,-1.8,0.9429,0.9677,0.7571,0.7067,0.8664
2026-08-19,-78.57,-31.76,0.8654,0.8124,0.8235,0.7742,11.72,237.7,-28.3,0.4164,0.1757,-2.5,0.9429,0.9677,0.8883,0.847,0.8698
2026-08-19,-78.57,-10.59,0.8521,0.8569,0.844,0.8493,6.29,197.0,-22.0,0.1039,0.0231,-1.1,0.9429,0.9677,0.8135,0.8205,0.9568
2026-08-19,-78.57,10.59,0.9455,0.8399,0.8879,0.9661,9.23,193.8,-25.0,0.1363,0.0544,-2.9,0.9429,0.9677,0.934,0.9165,0.8314
2026-08-19,-78.57,31.76,0.9347,0.908,0.9179,0.881,10.38,174.0,-24.9,0.2996,-0.2491,-2.5,0.9429,0.9677,0.9173,0.8895,0.9066
2026-08-19,-78.57,52.94,0.9221,0.8693,0.9859,0.959,5.98,139.7,-23.2,0.0957,0.097,0.2,0.9429,0.9677,0.8606,0.9051,0.9202
2026-08-19,-78.57,74.12,0.9339,0.9982,0.9425,0.9271,17.02,287.4,-22.9,0.0667,0.0134,-1.8,0.9429,0.9677,0.9085,0.9957,0.8894
2026-08-19,-78.57,95.29,0.95,0.9255,0.954,0.9114,15.14,169.8,-25.6,0.3174,-0.0951,-1.8,0.9429,0.9677,0.9239,0.9408,0.9715
2026-08-19,-78.57,116.47,0.9715,0.9008,0.8512,0.9335,12.82,19.2,-25.3,0.1001,-0.0025,-1.5,0.9429,0.9677,0.8824,0.8706,0.9237
2026-08-19,-78.57,137.65,0.8636,0.8814,0.8625,0.8705,11.97,220.3,-20.5,0.3711,-0.2278,-2.2,0.9429,0.9677,0.8447,0.8919,0.7905
2026-08-19,-78.57,158.82,0.7184,0.7804,0.8531,0.8087,8.33,280.2,-20.2,0.0749,-0.1575,0.0,0.9429,0.9677,0.8329,0.7834,0.7907
2026-08-19,-78.57,180.0,0.7704,0.7824,0.7377,0.8328,17.8,154.7,-21.5,0.0995,-0.0947,-1.2,0.9429,0.9677,0.7767,0.8081,0.7181
2026-08-19,-77.14,-180.0,0.7055,0.7845,0.7049,0.7531,9.98,43.1,-21.9,0.2743,0.0355,-1.4,0.8857,0.9677,0.7274,0.7246,0.718
2026-08-19,-77.14,-158.82,0.6972,0.7448,0.7324,0.6656,13.52,39.6,-23.2,0.1149,0.2031,-2.0,0.8857,0.9677,0.7765,0.7252,0.73
2026-08-19,-77.14,-137.65,0.7444,0.6761,0.6984,0.7191,8.08,359.3,-23.5,0.0761,-0.003,-3.5,0.8857,0.9677,0.6866,0.683,0.6961
2026-08-19,-77.14,-116.47,0.6235,0.6869,0.7151,0.737,14.12,85.5,-22.0,0.0619,0.0969,-1.3,0.8857,0.9677,0.7093,0.6798,0.702
2026-08-19,-77.14,-95.29,0.7051,0.7091,0.7537,0.7327,5.44,177.7,-21.5,0.2839,0.1883,0.7,0.8857,0.9677,0.6458,0.709,0.6718
2026-08-19,-77.14,-74.12,0.7497,0.6583,0.7161,0.7041,9.49,199.7,-22.1,0.2097,-0.0311,-0.5,0.8857,0.9677,0.6724,0.6144,0.7002
2026-08-19,-77.14,-52.94,0.7266,0.6745,0.7894,0.7782,15.82,358.7,-29.8,0.4034,-0.0651,-1.6,0.8857,0.9677,0.8113,0.7198,0.7527
2026-08-19,-77.14,-31.76,0.7907,0.7822,0.7854,0.8721,15.82,233.2,-20.9,0.3891,-0.2335,-0.4,0.8857,0.9677,0.7133,0.7458,0.7297
2026-08-19,-77.14,-10.59,0.8279,0.849,0.8323,0.7711,7.99,206.9,-23.1,0.0812,0.024,0.0,0.8857,0.9677,0.7991,0.7905,0.7784
2026-08-19,-77.14,10.59,0.8215,0.7941,0.823,0.8534,10.56,268.8,-20.4,0.2569,0.2704,-1.9,0.8857,0.9677,0.8447,0.8636,0.8396
2026-08-19,-77.14,31.76,0.8915,0.8767,0.8465,0.8793,14.99,26.7,-25.7,0.256,-0.0676,-0.4,0.8857,0.9677,0.8879,0.8991,0.8625
2026-08-19,-77.14,52.94,0.8518,0.884,0.9071,0.9248,10.06,158.9,-20.8,0.0956,-0.1014,-0.0,0.8857,0.9677,0.8607,0.8686,0.8687
2026-08-19,-77.14,74.12,0.885,0.8562,0.8442,0.8294,6.85,289.7,-27.7,0.4029,0.1691,-2.1,0.8857,0.9677,0.9013,0.873,0.9116
2026-08-19,-77.14,95.29,0.8929,0.8545,0.9209,0.886,7.79,172.1,-25.8,0.0527,0.0059,0.4,0.8857,0.9677,0.9164,0.8521,0.8967
2026-08-19,-77.14,116.47,0.8279,0.8498,0.834,0.8535,10.06,197.7,-25.5,0.3108,-0.1752,-0.6,0.8857,0.9677,0.8324,0.835,0.8783
2026-08-19,-77.14,137.65,0.8243,0.8395,0.7448,0.8304,5.8,246.2,-19.9,0.2813,0.1753,-0.8,0.8857,0.9677,0.8394,0.8394,0.8041
2026-08-19,-77.14,158.82,0.7894,0.7888,0.7816,0.7423,6.73,247.6,-21.9,0.2424,0.2451,0.3,0.8857,0.9677,0.8134,0.7461,0.7743
2026-08-19,-77.14,180.0,0.7345,0.7969,0.654,0.746,10.75,46.2,-22.2,0.2479,0.0618,-0.1,0.8857,0.9677,0.7338,0.7502,0.7852
2026-08-19,-75.71,-180.0,0.7432,0.7359,0.6368,0.6948,17.13,20.1,-17.1,0.1016,-0.1054,1.3,0.8286,0.9677,0.7102,0.7105,0.6983
2026-08-19,-75.71,-158.82,0.6336,0.6208,0.6583,0.633,15.07,308.3,-28.0,0.3292,0.0479,0.5,0.8286,0.9677,0.585,0.675,0.6126
2026-08-19,-75.71,-137.65,0.6306,0.6388,0.6589,0.6208,14.46,238.0,-20.5,0.2339,-0.1267,-2.3,0.8286,0.9677,0.7021,0.6478,0.5874
2026-08-19,-75.71,-116.47,0.5646,0.6709,0.5937,0.6939,10.9,262.6,-18.9,0.425,0.1123,-0.6,0.8286,0.9677,0.6726,0.6193,0.6269
2026-08-19,-75.71,-95.29,0.6713,0.6457,0.645,0.6818,14.52,103.1,-25.8,0.0632,0.0399,-0.1,0.8286,0.9677,0.6522,0.6952,0.5895
2026-08-19,-75.71,-74.12,0.6451,0.6882,0.6349,0.6125,8.96,274.6,-23.2,0.1855,-0.0944,0.1,0.8286,0.9677,0.6802,0.6136,0.7542
2026-08-19,-75.71,-52.94,0.7782,0.6702,0.7062,0.688,7.84,108.3,-26.4,0.0659,-0.0621,-1.1,0.8286,0.9677,0.6667,0.747,0.6868
2026-08-19,-75.71,-31.76,0.7655,0.648,0.7947,0.7166,10.7,28.0,-22.4,0.2157,0.0723,-1.9,0.8286,0.9677,0.7048,0.7241,0.7826
2026-08-19,-75.71,-10.59,0.6917,0.6981,0.795,0.726,5.63,306.6,-22.5,0.2089,-0.288,-0.5,0.8286,0.9677,0.7425,0.7564,0.8026
2026-08-19,-75.71,10.59,0.7522,0.7846,0.7837,0.7806,13.58,53.0,-18.1,0.0728,0.0066,-0.1,0.8286,0.9677,0.8063,0.7178,0.8824
2026-08-19,-75.71,31.76,0.7986,0.8462,0.8379,0.8181,10.05,108.9,-18.8,0.1013,0.096,0.8,0.8286,0.9677,0.8717,0.8167,0.8375
2026-08-19,-75.71,52.94,0.8241,0.9222,0.9366,0.8452,9.6,64.1,-17.5,0.393,0.2312,0.9,0.8286,0.9677,0.8441,0.8517,0.8964
2026-08-19,-75.71,74.12,0.808,0.7809,0.9136,0.8162,17.43,74.8,-23.9,0.1097,-0.0373,-0.2,0.8286,0.9677,0.9242,0.8414,0.8249
2026-08-19,-75.71,95.29,0.7909,0.8775,0.8453,1.0,17.82,306.0,-23.4,0.2423,0.2193,0.1,0.8286,0.9677,0.8343,0.8225,0.8402
2026-08-19,-75.71,116.47,0.7776,0.8154,0.7552,0.7914,11.08,353.4,-23.9,0.1351,-0.0458,0.8,0.8286,0.9677,0.8449,0.8146,0.7231
2026-08-19,-75.71,137.65,0.7346,0.7742,0.7253,0.791,17.33,272.4,-23.0,0.0571,0.0049,1.4,0.8286,0.9677,0.7699,0.7182,0.7242
2026-08-19,-75.71,158.82,0.7752,0.7347,0.7596,0.6547,12.02,318.5,-24.0,0.1598,-0.3196,-1.1,0.8286,0.9677,0.7225,0.7359,0.7447
2026-08-19,-75.71,180.0,0.794,0.6432,0.641,0.7042,11.25,19.4,-24.3,0.3053,-0.1536,-0.9,0.8286,0.9677,0.6874,0.6827,0.616
2026-08-19,-74.29,-180.0,0.5995,0.5765,0.6485,0.5876,6.9,238.7,-16.6,0.1585,-0.0159,1.0,0.7714,0.9677,0.5772,0.6458,0.6567
2026-08-19,-74.29,-158.82,0.7047,0.652,0.5561,0.6395,11.27,337.9,-21.9,0.232,0.0888,0.1,0.7714,0.9677,0.6073,0.6232,0.6254
2026-08-19,-74.29,-137.65,0.5993,0.5904,0.6226,0.6225,15.2,95.0,-19.5,0.0963,0.0922,0.8,0.7714,0.9677,0.5478,0.5653,0.6174
2026-08-19,-74.29,-116.47,0.5999,0.5472,0.5963,0.5582,15.9,184.6,-15.1,0.0693,-0.2011,1.8,0.7714,0.9677,0.596,0.5695,0.5201
2026-08-19,-74.29,-95.29,0.6079,0.6484,0.5883,0.619,6.9,227.9,-18.3,0.268,0.0597,-0.2,0.7714,0.9677,0.5905,0.5461,0.586
2026-08-19,-74.29,-74.12,0.6181,0.615,0.6453,0.5958,7.34,71.8,-19.6,0.0856,0.1239,0.2,0.7714,0.9677,0.6443,0.5947,0.7261
2026-08-19,-74.29,-52.94,0.6552,0.6343,0.5546,0.5657,16.02,295.1,-16.2,0.4165,-0.2541,1.6,0.7714,0.9677,0.6449,0.6204,0.696
2026-08-19,-74.29,-31.76,0.6796,0.7219,0.6726,0.6458,7.87,181.7,-19.6,0.053,0.2219,-1.7,0.7714,0.9677,0.7428,0.695,0.7145
2026-08-19,-74.29,-10.59,0.7262,0.737,0.7063,0.7024,16.9,275.6,-22.3,0.1143,-0.1526,0.8,0.7714,0.9677,0.7129,0.7674,0.7278
2026-08-19,-74.29,10.59,0.7461,0.7629,0.6409,0.771,17.67,193.4,-20.9,0.2729,-0.0391,0.8,0.7714,0.9677,0.7619,0.7246,0.773
2026-08-19,-74.29,31.76,0.8715,0.6711,0.7123,0.7823,13.4,248.6,-17.6,0.3001,0.1918,1.0,0.7714,0.9677,0.8581,0.7644,0.7798
2026-08-19,-74.29,52.94,0.7404,0.8338,0.7883,0.7955,13.06,12.9,-18.4,0.2425,0.1485,1.1,0.7714,0.9677,0.7851,0.7595,0.8106
2026-08-19,-74.29,74.12,0.7605,0.8291,0.7684,0.8106,17.16,195.9,-18.5,0.3926,0.0094,-0.8,0.7714,0.9677,0.7264,0.8107,0.8551
2026-08-19,-74.29,95.29,0.8107,0.806,0.7514,0.814,5.48,178.7,-22.5,0.1708,-0.152,0.6,0.7714,0.9677,0.7133,0.7601,0.7434
2026-08-19,-74.29,116.47,0.7182,0.7082,0.7813,0.7165,5.22,99.8,-24.5,0.2878,0.2023,0.3,0.7714,0.9677,0.693,0.7526,0.7691
2026-08-19,-74.29,137.65,0.6444,0.6674,0.7279,0.7673,15.35,102.5,-20.6,0.1714,0.0772,-0.5,0.7714,0.9677,0.7641,0.7589,0.745
2026-08-19,-74.29,158.82,0.713,0.6717,0.7132,0.6646,16.84,36.5,-22.3,0.0529,-0.0487,0.9,0.7714,0.9677,0.6634,0.652,0.6101
2026-08-19,-74.29,180.0,0.6542,0.642,0.5999,0.585,17.17,92.1,-19.1,0.1992,0.0968,-0.0,0.7714,0.9677,0.6166,0.6249,0.6349
2026-08-19,-72.86,-180.0,0.6258,0.5686,0.6276,0.6166,10.34,318.7,-19.0,0.2752,-0.1148,0.0,0.7143,0.9677,0.5118,0.5583,0.5838
2026-08-19,-72.86,-158.82,0.5436,0.5615,0.5963,0.5188,16.62,300.0,-17.8,0.1869,0.1265,0.8,0.7143,0.9677,0.5434,0.5479,0.552
2026-08-19,-72.86,-137.65,0.573,0.4729,0.5287,0.544,17.59,109.2,-18.8,0.1432,-0.3008,-0.4,0.7143,0.9677,0.5793,0.5738,0.5198
2026-08-19,-72.86,-116.47,0.5177,0.5614,0.5523,0.5284,12.32,356.4,-18.3,0.2996,-0.026,-0.3,0.7143,0.9677,0.6044,0.4759,0.4962
2026-08-19,-72.86,-95.29,0.5199,0.5556,0.5212,0.5365,13.49,26.3,-19.3,0.3081,0.0918,1.6,0.7143,0.9677,0.4905,0.5715,0.5509
2026-08-19,-72.86,-74.12,0.5893,0.5672,0.574,0.5983,10.1,54.5,-21.4,0.16,0.1889,2.0,0.7143,0.9677,0.592,0.5216,0.5726
2026-08-19,-72.86,-52.94,0.6408,0.6313,0.5493,0.6035,6.57,87.9,-19.5,0.1379,0.1263,1.0,0.7143,0.9677,0.606,0.5838,0.6033
2026-08-19,-72.86,-31.76,0.5775,0.6524,0.6573,0.6759,10.86,13.3,-18.9,0.1958,0.183,1.3,0.7143,0.9677,0.62,0.6249,0.6536
2026-08-19,-72.86,-10.59,0.6378,0.6664,0.6654,0.642,5.07,221.0,-14.5,0.34,-0.3029,1.7,0.7143,0.9677,0.679,0.6579,0.6783
2026-08-19,-72.86,10.59,0.6871,0.7085,0.6958,0.6305,16.65,351.6,-16.4,0.2497,0.024,1.4,0.7143,0.9677,0.734,0.7724,0.7152
2026-08-19,-72.86,31.76,0.7252,0.7369,0.779,0.7035,7.14,173.2,-24.3,0.4151,-0.0449,0.7,0.7143,0.9677,0.7169,0.7482,0.7324
2026-08-19,-72.86,52.94,0.7163,0.7199,0.7475,0.7537,16.22,132.4,-19.0,0.1666,-0.3915,1.0,0.7143,0.9677,0.7499,0.7346,0.7542
2026-08-19,-72.86,74.12,0.7361,0.6337,0.7227,0.7044,13.64,178.9,-20.6,0.1041,0.0462,0.9,0.7143,0.9677,0.6683,0.7458,0.733
2026-08-19,-72.86,95.29,0.7245,0.7607,0.796,0.7123,6.12,333.0,-16.5,0.0858,-0.1866,0.7,0.7143,0.9677,0.7402,0.7077,0.6355
2026-08-19,-72.86,116.47,0.6315,0.6729,0.671,0.7226,5.56,30.3,-13.8,0.2845,-0.0111,1.3,0.7143,0.9677,0.7217,0.7183,0.7371
2026-08-19,-72.86,137.65,0.717,0.6994,0.6959,0.6336,13.82,319.8,-24.7,0.362,-0.1364,0.4,0.7143,0.9677,0.619,0.6653,0.6167
2026-08-19,-72.86,158.82,0.641,0.591,0.5893,0.639,11.73,293.9,-20.2,0.1181,0.1335,-0.1,0.7143,0.9677,0.5713,0.5776,0.6444
2026-08-19,-72.86,180.0,0.6097,0.6138,0.5458,0.5902,8.45,247.9,-22.2,0.2402,0.0089,3.6,0.7143,0.9677,0.6924,0.5511,0.5542
2026-08-19,-71.43,-180.0,0.4891,0.5845,0.491,0.5551,10.67,94.7,-16.0,0.1196,-0.0043,0.9,0.6571,0.9677,0.5217,0.5092,0.5308
2026-08-19,-71.43,-158.82,0.4893,0.4687,0.5429,0.4559,16.16,119.6,-23.6,0.286,0.0805,2.5,0.6571,0.9677,0.5776,0.479,0.511
2026-08-19,-71.43,-137.65,0.4291,0.5058,0.4703,0.5176,6.52,241.1,-16.5,0.4467,-0.0111,2.9,0.6571,0.9677,0.4965,0.4843,0.4863
2026-08-19,-71.43,-116.47,0.5083,0.5291,0.5218,0.5064,9.44,343.7,-17.6,0.3862,-0.0029,0.8,0.6571,0.9677,0.5118,0.4425,0.4783
2026-08-19,-71.43,-95.29,0.4555,0.4672,0.4862,0.5113,5.64,243.5,-16.0,0.3291,0.0532,-1.7,0.6571,0.9677,0.5468,0.4553,0.5195
2026-08-19,-71.43,-74.12,0.5464,0.5866,0.5183,0.4663,5.05,46.0,-19.5,0.3732,-0.0673,3.0,0.6571,0.9677,0.5386,0.562,0.5315
2026-08-19,-71.43,-52.94,0.5296,0.5103,0.5082,0.6529,7.93,164.0,-15.6,0.2385,-0.2911,2.3,0.6571,0.9677,0.4764,0.5213,0.5997
2026-08-19,-71.43,-31.76,0.5038,0.5198,0.588,0.5589,17.75,4.0,-15.8,0.0578,-0.142,-0.1,0.6571,0.9677,0.5819,0.5524,0.6001
2026-08-19,-71.43,-10.59,0.6009,0.5966,0.7019,0.5997,6.85,98.2,-16.3,0.2059,-0.1827,2.0,0.6571,0.9677,0.624,0.5879,0.6312
2026-08-19,-71.43,10.59,0.6784,0.7114,0.6634,0.6102,12.53,152.0,-18.1,0.0915,-0.3726,1.4,0.6571,0.9677,0.6179,0.6211,0.6478
2026-08-19,-71.43,31.76,0.7182,0.6591,0.7188,0.6411,16.04,207.1,-16.8,0.3297,0.1597,1.3,0.6571,0.9677,0.5681,0.5984,0.6477
2026-08-19,-71.43,52.94,0.6919,0.7197,0.6708,0.6373,14.24,146.7,-15.4,0.3349,-0.0418,2.0,0.6571,0.9677,0.6979,0.6755,0.6848
2026-08-19,-71.43,74.12,0.7397,0.6954,0.7435,0.6391,16.17,246.6,-14.3,0.39,0.2329,1.3,0.6571,0.9677,0.7162,0.674,0.6649
2026-08-19,-71.43,95.29,0.6258,0.6517,0.6382,0.6561,15.48,100.8,-17.7,0.3854,-0.1584,1.8,0.6571,0.9677,0.6531,0.6546,0.6216
2026-08-19,-71.43,116.47,0.648,0.6114,0.6551,0.6099,16.74,327.4,-17.1,0.3966,-0.0473,2.3,0.6571,0.9677,0.6195,0.6367,0.6322
2026-08-19,-71.43,137.65,0.6284,0.6347,0.6422,0.617,8.45,300.8,-19.9,0.3207,0.0797,2.5,0.6571,0.9677,0.653,0.618,0.6044
2026-08-19,-71.43,158.82,0.5937,0.5813,0.5959,0.6099,7.39,1.8,-17.4,0.305,0.2624,1.8,0.6571,0.9677,0.4905,0.5836,0.5267
2026-08-19,-71.43,180.0,0.6099,0.5219,0.5389,0.6019,13.06,202.9,-14.9,0.2809,0.0798,2.2,0.6571,0.9677,0.4978,0.4744,0.4955
2026-08-19,-70.0,-180.0,0.5003,0.5257,0.4648,0.5218,7.26,38.8,-15.9,0.0538,0.0201,1.0,0.6,0.9677,0.5022,0.5878,0.4876
2026-08-19,-70.0,-158.82,0.436,0.4028,0.4672,0.512,12.39,33.1,-18.4,0.1364,-0.1315,0.6,0.6,0.9677,0.4013,0.5031,0.4546
2026-08-19,-70.0,-137.65,0.4437,0.4391,0.4697,0.4296,6.44,104.0,-16.1,0.2534,-0.187,2.7,0.6,0.9677,0.4589,0.4735,0.4724
2026-08-19,-70.0,-116.47,0.4569,0.4713,0.4208,0.4456,8.8,194.2,-18.9,0.2593,0.1646,0.6,0.6,0.9677,0.4813,0.4363,0.3601
2026-08-19,-70.0,-95.29,0.4711,0.4341,0.4198,0.436,7.78,14.7,-21.5,0.3118,0.0247,0.6,0.6,0.9677,0.3535,0.4607,0.4407
2026-08-19,-70.0,-74.12,0.5248,0.4218,0.4577,0.4466,13.68,280.6,-12.5,0.3298,0.0596,2.3,0.6,0.9677,0.5025,0.4933,0.4295
2026-08-19,-70.0,-52.94,0.5738,0.4522,0.5209,0.4301,12.63,96.0,-21.6,0.3913,0.2755,1.4,0.6,0.9677,0.4755,0.5017,0.5196
2026-08-19,-70.0,-31.76,0.6142,0.5266,0.465,0.4847,6.81,257.9,-15.5,0.346,0.1178,2.9,0.6,0.9677,0.55,0.5626,0.5176
2026-08-19,-70.0,-10.59,0.563,0.6321,0.5674,0.5986,15.39,284.7,-14.8,0.2466,0.1235,4.0,0.6,0.9677,0.5449,0.5143,0.5471
2026-08-19,-70.0,10.59,0.5549,0.6155,0.5219,0.6075,5.13,16.4,-19.5,0.187,-0.1473,1.2,0.6,0.9677,0.5486,0.5859,0.5817
2026-08-19,-70.0,31.76,0.5927,0.584,0.641,0.6435,8.82,255.4,-23.6,0.3403,0.0338,2.8,0.6,0.9677,0.6779,0.6691,0.6237
2026-08-19,-70.0,52.94,0.6106,0.6318,0.6862,0.7253,15.79,337.0,-22.5,0.2306,-0.2333,3.8,0.6,0.9677,0.6122,0.6117,0.603
2026-08-19,-70.0,74.12,0.6069,0.619,0.6104,0.6508,12.32,12.7,-17.2,0.3271,-0.1604,2.9,0.6,0.9677,0.594,0.6771,0.5746
2026-08-19,-70.0,95.29,0.6038,0.6592,0.6088,0.5999,8.85,65.5,-16.4,0.3666,-0.0334,2.1,0.6,0.9677,0.6462,0.611,0.6706
2026-08-19,-70.0,116.47,0.5809,0.5904,0.5118,0.573,17.22,67.4,-15.9,0.3981,-0.052,1.6,0.6,0.9677,0.5873,0.5617,0.6365
2026-08-19,-70.0,137.65,0.5587,0.5988,0.5763,0.5834,8.0,229.3,-13.9,0.2426,0.0542,2.1,0.6,0.9677,0.5418,0.5732,0.5922
2026-08-19,-70.0,158.82,0.4776,0.5389,0.5644,0.4885,10.33,22.2,-21.6,0.1569,0.0618,2.5,0.6,0.9677,0.4762,0.5677,0.5205
2026-08-19,-70.0,180.0,0.4818,0.5073,0.5109,0.5486,6.48,179.5,-16.8,0.3209,0.1945,2.2,0.6,0.9677,0.5082,0.5054,0.4772
2026-08-19,-68.57,-180.0,0.4524,0.3749,0.4638,0.3274,9.56,80.1,-10.1,0.4301,-0.0134,2.8,0.5429,0.9677,0.4671,0.4463,0.4654
2026-08-19,-68.57,-158.82,0.3958,0.4177,0.3758,0.4805,9.67,48.9,-16.0,0.0992,-0.3165,5.3,0.5429,0.9677,0.406,0.4174,0.4281
2026-08-19,-68.57,-137.65,0.3629,0.3973,0.4608,0.4468,16.73,79.9,-9.5,0.0727,-0.0699,3.0,0.5429,0.9677,0.419,0.3493,0.3991
2026-08-19,-68.57,-116.47,0.4635,0.395,0.3102,0.3407,13.56,174.2,-13.4,0.2718,0.0485,2.4,0.5429,0.9677,0.396,0.4264,0.3488
2026-08-19,-68.57,-95.29,0.3903,0.395,0.5283,0.3827,14.29,27.5,-14.1,0.2328,-0.1748,3.2,0.5429,0.9677,0.4259,0.4112,0.4428
2026-08-19,-68.57,-74.12,0.3889,0.3453,0.267,0.4803,15.62,344.7,-11.4,0.2824,0.0364,3.7,0.5429,0.9677,0.4597,0.4356,0.4003
2026-08-19,-68.57,-52.94,0.4322,0.4521,0.4853,0.4565,8.04,235.0,-19.1,0.2838,0.2465,3.1,0.5429,0.9677,0.3724,0.4191,0.4633
2026-08-19,-68.57,-31.76,0.5202,0.508,0.4613,0.5573,5.31,121.1,-11.0,0.3936,0.0972,3.4,0.5429,0.9677,0.5572,0.4736,0.4691
2026-08-19,-68.57,-10.59,0.5289,0.5014,0.5191,0.542,6.27,222.3,-16.8,0.1868,-0.0741,2.4,0.5429,0.9677,0.509,0.5168,0.4657
2026-08-19,-68.57,10.59,0.5039,0.434,0.5588,0.5967,5.97,15.0,-17.3,0.3115,0.3135,2.6,0.5429,0.9677,0.624,0.5296,0.6457
2026-08-19,-68.57,31.76,0.5315,0.5668,0.5876,0.6134,17.92,100.0,-16.2,0.1507,0.1109,1.4,0.5429,0.9677,0.5588,0.5905,0.5539
2026-08-19,-68.57,52.94,0.5113,0.5802,0.5454,0.6333,15.85,267.1,-18.8,0.3649,0.2384,3.4,0.5429,0.9677,0.5555,0.5334,0.5817
2026-08-19,-68.57,74.12,0.5223,0.5148,0.6496,0.5735,6.2,314.6,-15.1,0.25,-0.0152,2.0,0.5429,0.9677,0.6386,0.5343,0.6122
2026-08-19,-68.57,95.29,0.6298,0.529,0.6409,0.5546,17.64,326.7,-11.5,0.1851,-0.091,2.1,0.5429,0.9677,0.5647,0.6083,0.5514
2026-08-19,-68.57,116.47,0.5729,0.5586,0.5078,0.6046,6.13,292.2,-17.6,0.1883,-0.0482,3.9,0.5429,0.9677,0.5754,0.502,0.5509
2026-08-19,-68.57,137.65,0.4655,0.5775,0.4683,0.4786,7.94,261.5,-15.0,0.1948,0.0765,1.8,0.5429,0.9677,0.5325,0.5717,0.5345
2026-08-19,-68.57,158.82,0.4847,0.4882,0.5124,0.5395,15.14,232.2,-16.9,0.2201,0.0259,2.4,0.5429,0.9677,0.4536,0.4706,0.4002
2026-08-19,-68.57,180.0,0.4377,0.4054,0.4232,0.4357,12.38,136.0,-7.0,0.4092,-0.139,4.0,0.5429,0.9677,0.4355,0.5345,0.4023
2026-08-19,-67.14,-180.0,0.3842,0.3455,0.4084,0.3304,7.96,100.5,-11.7,0.338,0.3106,2.1,0.4857,0.9677,0.3756,0.422,0.3657
2026-08-19,-67.14,-158.82,0.374,0.3342,0.381,0.3686,13.85,286.5,-16.0,0.361,0.133,2.8,0.4857,0.9677,0.3748,0.352,0.3327
2026-08-19,-67.14,-137.65,0.3289,0.3073,0.3953,0.3464,17.62,203.7,-18.7,0.145,0.1075,3.3,0.4857,0.9677,0.3133,0.3558,0.2836
2026-08-19,-67.14,-116.47,0.3786,0.3044,0.2792,0.317,10.42,34.7,-15.0,0.3446,-0.0963,2.1,0.4857,0.9677,0.279,0.4266,0.3585
2026-08-19,-67.14,-95.29,0.3846,0.3072,0.3259,0.377,7.04,36.7,-12.0,0.2976,0.061,2.0,0.4857,0.9677,0.3409,0.3245,0.3713
2026-08-19,-67.14,-74.12,0.2726,0.3747,0.3411,0.3212,9.17,90.9,-13.9,0.128,-0.4056,2.8,0.4857,0.9677,0.3803,0.3124,0.3621
2026-08-19,-67.14,-52.94,0.3425,0.3907,0.3982,0.3987,14.17,290.8,-15.0,0.0994,0.1233,3.0,0.4857,0.9677,0.3998,0.3544,0.3231
2026-08-19,-67.14,-31.76,0.4212,0.3997,0.4739,0.4303,6.9,312.7,-18.7,0.3808,0.2387,3.2,0.4857,0.9677,0.4227,0.4341,0.4076
2026-08-19,-67.14,-10.59,0.469,0.4811,0.459,0.4401,15.68,187.3,-17.9,0.1951,0.134,2.2,0.4857,0.9677,0.4404,0.4777,0.4034
2026-08-19,-67.14,10.59,0.4796,0.5534,0.5763,0.524,7.88,90.9,-15.8,0.0548,0.003,3.2,0.4857,0.9677,0.4815,0.4241,0.5296
2026-08-19,-67.14,31.76,0.5168,0.5071,0.6045,0.5793,5.84,124.1,-16.0,0.3648,0.0425,3.3,0.4857,0.9677,0.4734,0.515,0.5509
2026-08-19,-67.14,52.94,0.5877,0.4567,0.5599,0.4941,13.78,348.5,-15.7,0.3196,0.156,4.2,0.4857,0.9677,0.4914,0.5949,0.5304
2026-08-19,-67.14,74.12,0.5071,0.507,0.5538,0.5042,11.44,172.8,-16.0,0.2959,0.2053,4.5,0.4857,0.9677,0.5147,0.5556,0.5279
2026-08-19,-67.14,95.29,0.5365,0.4892,0.5725,0.5591,6.28,290.8,-10.4,0.2709,0.1142,3.3,0.4857,0.9677,0.5219,0.5494,0.5274
2026-08-19,-67.14,116.47,0.4818,0.5341,0.4996,0.5072,17.94,33.6,-12.4,0.0898,-0.0045,4.5,0.4857,0.9677,0.4926,0.4184,0.4162
2026-08-19,-67.14,137.65,0.4568,0.4136,0.4562,0.4,5.93,8.3,-15.5,0.3889,-0.1721,1.7,0.4857,0.9677,0.4964,0.4583,0.4753
2026-08-19,-67.14,158.82,0.4243,0.4329,0.392,0.4206,13.81,115.6,-11.7,0.3785,0.1751,2.8,0.4857,0.9677,0.3812,0.3614,0.4485
2026-08-19,-67.14,180.0,0.4048,0.4823,0.3886,0.4144,8.51,80.4,-20.5,0.3995,0.1374,3.8,0.4857,0.9677,0.3144,0.4164,0.3564
2026-08-19,-65.71,-180.0,0.256,0.3408,0.3203,0.2893,10.38,102.7,-11.7,0.4198,-0.1841,3.6,0.4286,0.9677,0.3897,0.2618,0.3435
2026-08-19,-65.71,-158.82,0.3089,0.3458,0.2557,0.3095,16.84,86.9,-7.4,0.3858,0.196,2.3,0.4286,0.9677,0.33,0.3124,0.3385
2026-08-19,-65.71,-137.65,0.3487,0.2637,0.3208,0.271,6.87,122.3,-13.1,0.0959,-0.1281,4.0,0.4286,0.9677,0.3002,0.2544,0.2951
2026-08-19,-65.71,-116.47,0.2113,0.2979,0.2665,0.2372,9.35,67.7,-12.7,0.382,0.0267,3.1,0.4286,0.9677,0.3568,0.2833,0.3018
2026-08-19,-65.71,-95.29,0.2657,0.2929,0.2351,0.246,16.26,287.4,-12.6,0.0617,-0.0926,3.2,0.4286,0.9677,0.3073,0.2736,0.2253
2026-08-19,-65.71,-74.12,0.2741,0.3467,0.2808,0.3446,10.88,35.0,-13.8,0.4077,-0.1575,3.3,0.4286,0.9677,0.2766,0.2656,0.282
2026-08-19,-65.71,-52.94,0.3828,0.317,0.3499,0.354,14.74,258.5,-18.1,0.3643,0.1628,4.3,0.4286,0.9677,0.3459,0.3827,0.3911
2026-08-19,-65.71,-31.76,0.371,0.3066,0.3789,0.3546,11.79,164.6,-14.2,0.0668,0.199,4.8,0.4286,0.9677,0.3822,0.3524,0.4168
2026-08-19,-65.71,-10.59,0.3528,0.4218,0.4032,0.402,13.74,250.5,-9.3,0.0941,-0.1131,4.9,0.4286,0.9677,0.4631,0.4116,0.4158
2026-08-19,-65.71,10.59,0.4947,0.4531,0.4929,0.4645,7.33,141.2,-17.2,0.3436,0.0242,4.2,0.4286,0.9677,0.4584,0.4382,0.445
2026-08-19,-65.71,31.76,0.4704,0.4195,0.4061,0.3766,6.77,51.2,-12.4,0.2013,-0.0637,4.0,0.4286,0.9677,0.4848,0.5051,0.4423
2026-08-19,-65.71,52.94,0.5345,0.4646,0.4236,0.4251,14.53,182.7,-15.8,0.2998,-0.2145,3.1,0.4286,0.9677,0.5223,0.4538,0.5375
2026-08-19,-65.71,74.12,0.529,0.513,0.526,0.5229,6.23,192.9,-14.2,0.4426,0.0831,2.2,0.4286,0.9677,0.4441,0.4586,0.4316
2026-08-19,-65.71,95.29,0.3973,0.4414,0.4465,0.4833,15.08,35.6,-15.1,0.2723,0.2183,2.3,0.4286,0.9677,0.4596,0.3766,0.4537
2026-08-19,-65.71,116.47,0.4051,0.4906,0.4549,0.4067,8.28,170.8,-14.2,0.1056,-0.0705,2.8,0.4286,0.9677,0.4297,0.406,0.4697
2026-08-19,-65.71,137.65,0.3566,0.353,0.3773,0.4281,10.93,196.5,-17.0,0.414,0.1286,4.2,0.4286,0.9677,0.477,0.4385,0.4417
2026-08-19,-65.71,158.82,0.2955,0.3644,0.3895,0.3876,7.93,40.0,-13.3,0.3553,-0.0488,2.9,0.4286,0.9677,0.4082,0.3775,0.3674
2026-08-19,-65.71,180.0,0.2951,0.346,0.399,0.3169,15.87,127.5,-15.3,0.0569,-0.3259,4.1,0.4286,0.9677,0.3536,0.3501,0.3476
2026-08-19,-64.29,-180.0,0.2542,0.2729,0.299,0.2281,11.83,356.9,-15.5,0.0824,-0.232,4.5,0.3714,0.9677,0.3241,0.2565,0.3042
2026-08-19,-64.29,-158.82,0.1813,0.2812,0.2235,0.2335,9.85,95.9,-10.1,0.3462,0.0354,4.8,0.3714,0.9677,0.2912,0.2091,0.2119
2026-08-19,-64.29,-137.65,0.2293,0.1743,0.1716,0.2278,15.28,288.4,-14.5,0.1252,0.126,2.8,0.3714,0.9677,0.2737,0.198,0.3463
2026-08-19,-64.29,-116.47,0.2704,0.1642,0.2653,0.258,9.54,171.1,-11.9,0.1688,-0.0507,4.6,0.3714,0.9677,0.2853,0.2839,0.2849
2026-08-19,-64.29,-95.29,0.3122,0.2675,0.3054,0.2095,14.95,309.6,-14.4,0.0572,-0.0385,6.1,0.3714,0.9677,0.267,0.2195,0.26
2026-08-19,-64.29,-74.12,0.3013,0.2787,0.2625,0.2438,14.91,120.4,-7.0,0.4115,0.1476,2.4,0.3714,0.9677,0.2027,0.1915,0.2286
2026-08-19,-64.29,-52.94,0.2849,0.227,0.2529,0.3185,14.01,194.4,-9.4,0.3048,0.0666,3.2,0.3714,0.9677,0.285,0.3386,0.284
2026-08-19,-64.29,-31.76,0.3025,0.2575,0.3509,0.3509,8.15,266.8,-8.8,0.3097,-0.0781,2.5,0.3714,0.9677,0.376,0.3055,0.3542
2026-08-19,-64.29,-10.59,0.3339,0.379,0.3884,0.405,11.9,119.9,-15.8,0.0717,-0.1151,3.2,0.3714,0.9677,0.3239,0.3729,0.3374
2026-08-19,-64.29,10.59,0.3326,0.3555,0.4454,0.3866,12.71,245.1,-10.6,0.1154,-0.0256,3.7,0.3714,0.9677,0.491,0.3392,0.4137
2026-08-19,-64.29,31.76,0.3873,0.3771,0.4304,0.3414,16.66,74.8,-15.1,0.2631,0.0008,2.9,0.3714,0.9677,0.4608,0.4097,0.4403
2026-08-19,-64.29,52.94,0.4371,0.3869,0.4371,0.3859,10.46,154.0,-10.0,0.1981,-0.0523,5.5,0.3714,0.9677,0.3981,0.3956,0.4324
2026-08-19,-64.29,74.12,0.432,0.493,0.4656,0.3686,7.33,275.5,-16.0,0.2656,-0.3501,4.4,0.3714,0.9677,0.411,0.3372,0.4767
2026-08-19,-64.29,95.29,0.4902,0.462,0.3779,0.3723,6.92,307.1,-15.4,0.2089,0.029,4.3,0.3714,0.9677,0.4171,0.4521,0.4961
2026-08-19,-64.29,116.47,0.4094,0.4174,0.3906,0.4141,11.88,220.0,-11.5,0.1006,0.0753,6.4,0.3714,0.9677,0.3907,0.4229,0.3416
2026-08-19,-64.29,137.65,0.4523,0.4035,0.3279,0.3924,16.78,143.6,-12.5,0.3284,0.0946,3.0,0.3714,0.9677,0.3923,0.3284,0.3799
2026-08-19,-64.29,158.82,0.3549,0.2749,0.3405,0.2299,12.59,286.3,-13.5,0.1225,0.3201,3.8,0.3714,0.9677,0.3083,0.2741,0.347
2026-08-19,-64.29,180.0,0.2497,0.2424,0.3263,0.3552,9.82,45.0,-13.1,0.3922,-0.0542,3.4,0.3714,0.9677,0.2363,0.3052,0.3438
2026-08-19,-62.86,-180.0,0.1795,0.2721,0.25,0.2316,14.19,210.1,-11.3,0.2844,0.1019,3.9,0.3143,0.9677,0.2257,0.1711,0.1845
2026-08-19,-62.86,-158.82,0.1937,0.1597,0.2058,0.1491,16.4,96.6,-9.2,0.1221,0.0063,4.7,0.3143,0.9677,0.1429,0.1555,0.1507
2026-08-19,-62.86,-137.65,0.1615,0.0997,0.128,0.1492,16.16,128.1,-5.2,0.1592,0.1821,6.1,0.3143,0.9677,0.2347,0.1725,0.1692
2026-08-19,-62.86,-116.47,0.2247,0.1427,0.0921,0.2254,10.01,33.2,-13.6,0.2024,-0.2625,4.9,0.3143,0.9677,0.1539,0.1802,0.187
2026-08-19,-62.86,-95.29,0.2174,0.1969,0.153,0.2158,15.5,286.7,-9.7,0.13,-0.0659,5.2,0.3143,0.9677,0.086,0.1717,0.1958
2026-08-19,-62.86,-74.12,0.2076,0.1757,0.2227,0.2322,8.93,152.7,-14.6,0.4497,-0.1354,4.4,0.3143,0.9677,0.2736,0.2126,0.2327
2026-08-19,-62.86,-52.94,0.3453,0.29,0.3021,0.227,14.71,117.5,-8.8,0.1015,-0.3307,3.7,0.3143,0.9677,0.2507,0.2289,0.2618
2026-08-19,-62.86,-31.76,0.2807,0.2755,0.2735,0.2444,6.3,349.4,-14.0,0.0649,0.222,3.9,0.3143,0.9677,0.2345,0.3128,0.1875
2026-08-19,-62.86,-10.59,0.252,0.3289,0.3538,0.3375,7.77,281.9,-11.1,0.2602,0.2136,5.5,0.3143,0.9677,0.3158,0.2527,0.337
2026-08-19,-62.86,10.59,0.3629,0.4048,0.3901,0.3263,8.85,172.0,-11.0,0.1187,-0.0167,3.9,0.3143,0.9677,0.3732,0.2921,0.3999
2026-08-19,-62.86,31.76,0.4073,0.3998,0.2672,0.3741,15.66,237.3,-7.9,0.3803,-0.2416,5.7,0.3143,0.9677,0.4166,0.3407,0.3409
2026-08-19,-62.86,52.94,0.4343,0.3818,0.4309,0.4205,16.72,155.2,-8.4,0.1828,0.1864,4.3,0.3143,0.9677,0.4466,0.4121,0.5015
2026-08-19,-62.86,74.12,0.3413,0.441,0.3635,0.3534,8.07,183.7,-15.3,0.2359,-0.0357,5.3,0.3143,0.9677,0.4122,0.3575,0.4487
2026-08-19,-62.86,95.29,0.2877,0.2945,0.2843,0.3245,7.9,334.9,-12.1,0.2517,0.1908,5.3,0.3143,0.9677,0.3253,0.3257,0.3391
2026-08-19,-62.86,116.47,0.3266,0.3057,0.359,0.3426,17.66,143.3,-14.4,0.2935,-0.3126,5.7,0.3143,0.9677,0.3089,0.2794,0.2811
2026-08-19,-62.86,137.65,0.3036,0.2765,0.3799,0.3034,14.98,298.0,-17.0,0.2504,0.0495,5.9,0.3143,0.9677,0.3431,0.2972,0.3386
2026-08-19,-62.86,158.82,0.2539,0.2355,0.34,0.2191,16.11,359.9,-15.9,0.1662,-0.0802,5.9,0.3143,0.9677,0.2809,0.1927,0.1967
2026-08-19,-62.86,180.0,0.2366,0.2157,0.2019,0.1997,17.24,202.1,-15.0,0.3292,0.025,5.8,0.3143,0.9677,0.2281,0.1439,0.2362
2026-08-19,-61.43,-180.0,0.1166,0.1385,0.1646,0.1685,14.16,220.8,-13.2,0.1258,0.067,4.8,0.2571,0.9677,0.2636,0.2526,0.1606
2026-08-19,-61.43,-158.82,0.2111,0.1754,0.2044,0.161,5.06,138.4,-12.3,0.3258,-0.2254,5.4,0.2571,0.9677,0.1919,0.1396,0.1547
2026-08-19,-61.43,-137.65,0.1721,0.1153,0.1231,0.1806,13.88,58.2,-6.2,0.1184,0.2025,6.7,0.2571,0.9677,0.1168,0.123,0.1599
2026-08-19,-61.43,-116.47,0.1421,0.129,0.0816,0.1304,6.2,344.7,-8.0,0.3229,0.1633,6.3,0.2571,0.9677,0.0664,0.1988,0.2238
2026-08-19,-61.43,-95.29,0.1189,0.1372,0.1771,0.1377,8.73,183.9,-11.8,0.2265,-0.0003,6.1,0.2571,0.9677,0.251,0.0863,0.1588
2026-08-19,-61.43,-74.12,0.1943,0.2059,0.1288,0.1819,9.31,45.2,-7.8,0.1502,-0.0915,5.4,0.2571,0.9677,0.1858,0.1634,0.1541
2026-08-19,-61.43,-52.94,0.1795,0.1141,0.2096,0.1946,8.68,129.4,-9.8,0.3899,-0.0475,5.4,0.2571,0.9677,0.1822,0.1707,0.2282
2026-08-19,-61.43,-31.76,0.2391,0.2569,0.2266,0.2321,16.13,249.1,-7.6,0.1323,-0.0891,4.6,0.2571,0.9677,0.2355,0.2224,0.2396
2026-08-19,-61.43,-10.59,0.2897,0.2027,0.1897,0.2914,10.75,120.9,-16.8,0.1762,-0.1269,7.1,0.2571,0.9677,0.278,0.2503,0.2924
2026-08-19,-61.43,10.59,0.3062,0.2341,0.3349,0.2193,13.66,181.0,-8.3,0.3695,-0.131,5.3,0.2571,0.9677,0.2834,0.3509,0.3116
2026-08-19,-61.43,31.76,0.3708,0.3546,0.3462,0.2687,9.51,93.7,-9.3,0.0948,-0.0489,4.6,0.2571,0.9677,0.2743,0.2773,0.2784
2026-08-19,-61.43,52.94,0.3123,0.2893,0.3864,0.2663,11.42,234.4,-8.8,0.3113,-0.3655,5.6,0.2571,0.9677,0.3568,0.2964,0.3351
2026-08-19,-61.43,74.12,0.3335,0.3159,0.349,0.3553,17.19,140.3,-11.0,0.2665,0.057,4.4,0.2571,0.9677,0.3442,0.2908,0.3036
2026-08-19,-61.43,95.29,0.3345,0.3927,0.3093,0.2988,15.01,113.6,-16.6,0.236,-0.0389,5.1,0.2571,0.9677,0.3054,0.3403,0.3471
2026-08-19,-61.43,116.47,0.3692,0.2908,0.3364,0.3459,17.38,352.9,-15.5,0.2234,-0.0807,5.6,0.2571,0.9677,0.2846,0.27,0.2492
2026-08-19,-61.43,137.65,0.2705,0.3153,0.2487,0.2474,9.0,18.3,-10.0,0.2742,0.0656,4.2,0.2571,0.9677,0.3044,0.2416,0.319
2026-08-19,-61.43,158.82,0.175,0.2166,0.2175,0.2481,6.38,76.0,-19.7,0.3108,0.0466,5.0,0.2571,0.9677,0.2,0.2178,0.2039
2026-08-19,-61.43,180.0,0.2325,0.1626,0.2152,0.1395,8.69,89.1,-9.7,0.3108,-0.0283,5.7,0.2571,0.9677,0.1511,0.156,0.0951
2026-08-19,-60.0,-180.0,0.1317,0.1267,0.1699,0.1169,14.61,357.5,-8.2,0.3986,-0.2402,4.0,0.2,0.9677,0.1943,0.1647,0.0668
2026-08-19,-60.0,-158.82,0.0705,0.0401,0.085,0.1484,17.63,349.9,-8.4,0.0911,0.0118,6.7,0.2,0.9677,0.1579,0.1261,0.116
2026-08-19,-60.0,-137.65,0.0,0.0434,0.0627,0.0817,15.2,167.4,-10.1,0.1361,-0.1535,3.5,0.2,0.9677,0.1266,0.1236,0.1023
2026-08-19,-60.0,-116.47,0.0587,0.0219,0.0407,0.0414,15.09,307.9,-7.1,0.1456,-0.0958,7.3,0.2,0.9677,0.0328,0.0771,0.0916
2026-08-19,-60.0,-95.29,0.0956,0.0813,0.1558,0.088,13.07,290.4,-11.3,0.3564,0.2183,5.5,0.2,0.9677,0.0775,0.0727,0.1116
2026-08-19,-60.0,-74.12,0.1164,0.0944,0.1251,0.0737,8.33,27.6,-7.7,0.1269,-0.0076,7.3,0.2,0.9677,0.0732,0.0267,0.0883
2026-08-19,-60.0,-52.94,0.1281,0.1319,0.205,0.1848,15.8,4.4,-7.6,0.1025,0.0648,7.3,0.2,0.9677,0.1519,0.1917,0.1228
2026-08-19,-60.0,-31.76,0.1659,0.1047,0.1369,0.2106,9.8,106.0,-3.9,0.158,0.0756,5.7,0.2,0.9677,0.2201,0.195,0.1662
2026-08-19,-60.0,-10.59,0.2556,0.2014,0.212,0.1521,11.16,226.3,-11.4,0.2437,0.09,6.1,0.2,0.9677,0.2294,0.2216,0.2136
2026-08-19,-60.0,10.59,0.2831,0.2217,0.206,0.2403,10.53,286.3,-8.5,0.4233,0.0633,6.6,0.2,0.9677,0.1628,0.1919,0.2245
2026-08-19,-60.0,31.76,0.3742,0.2475,0.2361,0.3228,12.65,107.0,-8.5,0.241,0.0108,5.5,0.2,0.9677,0.2437,0.3051,0.3178
2026-08-19,-60.0,52.94,0.3167,0.286,0.2717,0.2077,17.79,86.5,-9.6,0.3115,-0.2189,7.9,0.2,0.9677,0.2722,0.294,0.2393
2026-08-19,-60.0,74.12,0.2661,0.2934,0.2466,0.3597,8.96,14.1,-7.6,0.2124,0.17,5.7,0.2,0.9677,0.2031,0.2353,0.3144
2026-08-19,-60.0,95.29,0.2479,0.3029,0.27,0.2635,8.89,75.3,-8.9,0.1199,0.2748,5.6,0.2,0.9677,0.2424,0.2682,0.2606
2026-08-19,-60.0,116.47,0.2164,0.2601,0.1457,0.24,16.77,185.2,-7.4,0.2462,-0.1679,7.3,0.2,0.9677,0.2845,0.2329,0.2151
2026-08-19,-60.0,137.65,0.1884,0.1483,0.1943,0.2157,8.6,305.7,-12.3,0.2015,-0.047,7.3,0.2,0.9677,0.1739,0.1896,0.2211
2026-08-19,-60.0,158.82,0.1699,0.101,0.1842,0.1607,11.78,147.1,-5.7,0.0582,0.0359,5.4,0.2,0.9677,0.15,0.0902,0.1892
2026-08-19,-60.0,180.0,0.1244,0.0992,0.1176,0.1422,17.09,344.1,-8.8,0.1171,-0.1029,4.5,0.2,0.9677,0.0884,0.1327,0.195
2026-08-20,-80.0,-180.0,0.8511,0.8098,0.8512,0.8814,8.94,228.7,-28.1,0.2514,0.0951,-1.1,1.0,0.9646,0.8325,0.9026,0.8046
2026-08-20,-80.0,-158.82,0.7799,0.789,0.7599,0.8562,12.66,45.8,-22.5,0.3489,0.1996,-0.2,1.0,0.9646,0.764,0.8755,0.8082
2026-08-20,-80.0,-137.65,0.7384,0.8422,0.8326,0.8038,6.47,258.2,-28.4,0.1945,0.0301,-1.5,1.0,0.9646,0.7819,0.7665,0.7587
2026-08-20,-80.0,-116.47,0.8966,0.7354,0.7127,0.8153,7.68,204.8,-27.0,0.1459,-0.0386,-1.6,1.0,0.9646,0.7621,0.7916,0.7725
2026-08-20,-80.0,-95.29,0.785,0.7719,0.7887,0.8159,6.33,198.0,-23.1,0.0914,0.1726,-0.6,1.0,0.9646,0.82,0.7975,0.7247
2026-08-20,-80.0,-74.12,0.8104,0.7739,0.813,0.8005,8.85,156.6,-27.3,0.4124,-0.0978,-2.5,1.0,0.9646,0.7928,0.8277,0.8268
2026-08-20,-80.0,-52.94,0.9257,0.8732,0.8781,0.8631,9.57,76.4,-27.4,0.3423,-0.0175,-1.7,1.0,0.9646,0.8638,0.8487,0.9074
2026-08-20,-80.0,-31.76,0.8704,0.8247,0.8689,0.8806,15.12,6.5,-27.6,0.283,-0.1034,-2.5,1.0,0.9646,0.8425,0.8039,0.8282
2026-08-20,-80.0,-10.59,0.9004,1.0,1.0,0.8501,15.64,312.9,-22.5,0.3014,0.0133,-2.0,1.0,0.9646,0.9825,0.9851,0.9082
2026-08-20,-80.0,10.59,0.9047,0.9343,0.9982,0.8705,17.45,207.7,-22.5,0.3982,-0.1761,-3.2,1.0,0.9646,1.0,0.9237,0.9089
2026-08-20,-80.0,31.76,0.9657,1.0,0.9815,1.0,11.78,313.2,-24.1,0.217,0.1824,-1.6,1.0,0.9646,1.0,0.9576,0.9251
2026-08-20,-80.0,52.94,0.9724,0.9583,0.9717,0.9627,15.91,269.8,-21.0,0.3815,-0.1551,-1.3,1.0,0.9646,0.9791,0.9421,1.0
2026-08-20,-80.0,74.12,0.9489,0.9601,0.9342,1.0,13.3,215.7,-31.9,0.1761,-0.1604,-3.2,1.0,0.9646,1.0,1.0,0.9674
2026-08-20,-80.0,95.29,0.9197,1.0,0.9763,1.0,15.4,337.2,-26.9,0.2859,0.0145,-1.5,1.0,0.9646,0.9241,1.0,0.9615
2026-08-20,-80.0,116.47,0.9989,0.8697,0.9168,0.9435,9.99,134.4,-25.1,0.3628,-0.1663,-1.1,1.0,0.9646,1.0,0.9493,1.0
2026-08-20,-80.0,137.65,0.9045,0.9588,0.9143,0.9244,6.72,277.1,-20.7,0.2055,-0.0632,-2.4,1.0,0.9646,0.9109,0.9476,0.9016
2026-08-20,-80.0,158.82,0.8545,0.8869,0.8527,0.8817,15.43,113.5,-21.3,0.0751,-0.0246,-0.3,1.0,0.9646,0.8752,0.8424,0.9001
2026-08-20,-80.0,180.0,0.8492,0.8248,0.8441,0.8435,10.18,197.0,-22.4,0.3563,0.2711,-1.7,1.0,0.9646,0.8048,0.8445,0.8658
2026-08-20,-78.57,-180.0,0.703,0.7446,0.7202,0.8546,9.92,133.2,-24.0,0.2207,-0.1407,-1.5,0.9429,0.9646,0.767,0.7898,0.7667
2026-08-20,-78.57,-158.82,0.756,0.7674,0.7633,0.8526,10.09,224.7,-22.0,0.2095,-0.1901,0.4,0.9429,0.9646,0.7528,0.727,0.7797
2026-08-20,-78.57,-137.65,0.7488,0.7738,0.7595,0.7426,10.8,104.2,-23.8,0.289,-0.2145,-1.8,0.9429,0.9646,0.8807,0.7559,0.6817
2026-08-20,-78.57,-116.47,0.7112,0.8065,0.7501,0.776,13.01,227.7,-18.1,0.2951,0.0341,-1.3,0.9429,0.9646,0.6671,0.7166,0.6949
2026-08-20,-78.57,-95.29,0.7849,0.7425,0.8837,0.6941,16.49,13.0,-21.2,0.4291,0.0031,-1.3,0.9429,0.9646,0.7143,0.7799,0.7347
2026-08-20,-78.57,-74.12,0.7922,0.7224,0.8035,0.7231,8.24,116.2,-25.3,0.1121,-0.1773,-1.5,0.9429,0.9646,0.7744,0.7115,0.7457
2026-08-20,-78.57,-52.94,0.8042,0.7939,0.7433,0.8014,10.29,34.4,-24.1,0.27,-0.051,-1.9,0.9429,0.9646,0.7562,0.7057,0.8654
2026-08-20,-78.57,-31.76,0.8645,0.8115,0.8227,0.7736,9.96,122.5,-22.4,0.439,-0.2435,-3.0,0.9429,0.9646,0.8874,0.846,0.8688
2026-08-20,-78.57,-10.59,0.8512,0.8561,0.8432,0.8486,9.26,355.0,-26.6,0.1366,0.0081,-3.5,0.9429,0.9646,0.8125,0.8196,0.9558
2026-08-20,-78.57,10.59,0.9446,0.839,0.8871,0.9655,10.46,346.4,-26.5,0.1736,-0.0032,0.3,0.9429,0.9646,0.9331,0.9155,0.8304
2026-08-20,-78.57,31.76,0.9338,0.9072,0.9171,0.8804,16.51,77.3,-22.2,0.2405,0.07,-0.1,0.9429,0.9646,0.9164,0.8885,0.9056
2026-08-20,-78.57,52.94,0.9212,0.8685,0.9851,0.9584,10.41,239.0,-23.8,0.2309,0.1574,-2.7,0.9429,0.9646,0.8597,0.9042,0.9192
2026-08-20,-78.57,74.12,0.933,0.9973,0.9417,0.9265,5.54,86.9,-29.7,0.0681,-0.1204,-1.7,0.9429,0.9646,0.9076,0.9947,0.8884
2026-08-20,-78.57,95.29,0.9492,0.9246,0.9532,0.9108,7.7,181.4,-25.4,0.3609,0.0574,-2.6,0.9429,0.9646,0.9229,0.9399,0.9705
2026-08-20,-78.57,116.47,0.9706,0.8999,0.8504,0.9328,14.28,109.5,-23.5,0.3984,-0.2554,-1.0,0.9429,0.9646,0.8815,0.8697,0.9227
2026-08-20,-78.57,137.65,0.8627,0.8805,0.8617,0.8699,10.06,202.7,-25.0,0.3075,0.15,-0.5,0.9429,0.9646,0.8438,0.8909,0.7895
2026-08-20,-78.57,158.82,0.7175,0.7795,0.8523,0.8081,14.54,55.0,-24.0,0.3999,-0.0767,-1.3,0.9429,0.9646,0.832,0.7824,0.7897
2026-08-20,-78.57,180.0,0.7695,0.7816,0.7369,0.8322,11.75,71.0,-22.8,0.1692,-0.2213,-2.9,0.9429,0.9646,0.7758,0.8072,0.7171
2026-08-20,-77.14,-180.0,0.7047,0.7837,0.7042,0.7525,15.92,218.9,-18.3,0.0676,0.1922,-0.9,0.8857,0.9646,0.7265,0.7237,0.7171
2026-08-20,-77.14,-158.82,0.6963,0.744,0.7316,0.665,8.47,228.3,-18.8,0.4449,-0.1322,-0.9,0.8857,0.9646,0.7757,0.7243,0.7291
2026-08-20,-77.14,-137.65,0.7436,0.6753,0.6977,0.7186,7.0,22.6,-20.8,0.0883,0.0892,0.6,0.8857,0.9646,0.6857,0.6821,0.6951
2026-08-20,-77.14,-116.47,0.6227,0.6861,0.7144,0.7365,5.13,38.9,-16.4,0.2699,-0.1073,-1.0,0.8857,0.9646,0.7084,0.6789,0.7011
2026-08-20,-77.14,-95.29,0.7043,0.7083,0.7529,0.7321,12.19,327.2,-18.6,0.2959,-0.0545,0.0,0.8857,0.9646,0.6449,0.7081,0.6708
2026-08-20,-77.14,-74.12,0.7489,0.6575,0.7153,0.7035,11.97,109.6,-18.6,0.2037,-0.0462,-1.0,0.8857,0.9646,0.6716,0.6135,0.6992
2026-08-20,-77.14,-52.94,0.7258,0.6738,0.7887,0.7777,16.2,241.1,-23.5,0.1294,-0.0382,-2.2,0.8857,0.9646,0.8105,0.7189,0.7517
2026-08-20,-77.14,-31.76,0.7899,0.7814,0.7847,0.8716,12.59,227.0,-22.2,0.0607,0.017,-0.8,0.8857,0.9646,0.7124,0.7449,0.7288
2026-08-20,-77.14,-10.59,0.827,0.8482,0.8315,0.7705,15.35,173.7,-23.4,0.1283,0.0364,-1.4,0.8857,0.9646,0.7983,0.7896,0.7775
2026-08-20,-77.14,10.59,0.8207,0.7933,0.8223,0.8528,5.62,166.0,-20.0,0.1941,-0.1213,0.6,0.8857,0.9646,0.8439,0.8627,0.8386
2026-08-20,-77.14,31.76,0.8907,0.8759,0.8457,0.8788,15.12,94.8,-17.7,0.0755,-0.3072,0.9,0.8857,0.9646,0.887,0.8982,0.8616
2026-08-20,-77.14,52.94,0.851,0.8832,0.9063,0.9242,5.78,277.1,-24.1,0.2679,-0.0233,-0.6,0.8857,0.9646,0.8599,0.8677,0.8677
2026-08-20,-77.14,74.12,0.8842,0.8554,0.8435,0.8288,5.29,38.7,-23.4,0.4343,0.0262,-1.1,0.8857,0.9646,0.9004,0.8721,0.9107
2026-08-20,-77.14,95.29,0.8921,0.8537,0.9202,0.8854,13.94,223.1,-15.5,0.1138,-0.0735,-1.4,0.8857,0.9646,0.9155,0.8512,0.8958
2026-08-20,-77.14,116.47,0.827,0.8491,0.8333,0.8529,6.89,43.6,-20.4,0.4395,0.1199,-0.3,0.8857,0.9646,0.8315,0.8341,0.8773
2026-08-20,-77.14,137.65,0.8235,0.8388,0.7441,0.8298,16.12,262.6,-22.3,0.1581,0.0691,-1.4,0.8857,0.9646,0.8386,0.8385,0.8032
2026-08-20,-77.14,158.82,0.7886,0.788,0.7809,0.7417,5.23,221.3,-27.0,0.4357,-0.0755,-1.1,0.8857,0.9646,0.8125,0.7452,0.7734
2026-08-20,-77.14,180.0,0.7337,0.7961,0.6533,0.7454,5.88,111.8,-26.6,0.0526,-0.1701,-1.8,0.8857,0.9646,0.7329,0.7493,0.7843
2026-08-20,-75.71,-180.0,0.7424,0.7352,0.6361,0.6943,12.9,182.3,-23.6,0.263,-0.0834,-0.8,0.8286,0.9646,0.7094,0.7097,0.6974
2026-08-20,-75.71,-158.82,0.6328,0.62,0.6576,0.6325,5.25,345.1,-18.4,0.186,0.0054,0.4,0.8286,0.9646,0.5841,0.6741,0.6117
2026-08-20,-75.71,-137.65,0.6298,0.6381,0.6582,0.6203,17.34,314.2,-22.1,0.1841,-0.0528,-1.0,0.8286,0.9646,0.7013,0.6469,0.5865
2026-08-20,-75.71,-116.47,0.5638,0.6702,0.593,0.6934,11.58,87.8,-20.1,0.3603,-0.2192,-1.0,0.8286,0.9646,0.6718,0.6184,0.6261
2026-08-20,-75.71,-95.29,0.6705,0.6449,0.6443,0.6813,17.86,239.0,-16.4,0.3188,-0.0885,-1.9,0.8286,0.9646,0.6514,0.6943,0.5886
2026-08-20,-75.71,-74.12,0.6444,0.6874,0.6342,0.612,7.0,189.2,-21.8,0.1859,-0.126,-1.0,0.8286,0.9646,0.6793,0.6128,0.7533
2026-08-20,-75.71,-52.94,0.7774,0.6695,0.7055,0.6875,6.09,17.7,-18.4,0.2475,-0.0323,-1.8,0.8286,0.9646,0.6659,0.7462,0.6859
2026-08-20,-75.71,-31.76,0.7647,0.6473,0.794,0.7161,11.03,233.3,-27.5,0.3506,0.1082,0.6,0.8286,0.9646,0.704,0.7232,0.7817
2026-08-20,-75.71,-10.59,0.691,0.6973,0.7943,0.7255,15.3,39.7,-26.1,0.2846,0.1892,-0.4,0.8286,0.9646,0.7416,0.7555,0.8017
2026-08-20,-75.71,10.59,0.7514,0.7838,0.783,0.7801,5.43,30.8,-24.6,0.3904,-0.1353,0.9,0.8286,0.9646,0.8055,0.717,0.8815
2026-08-20,-75.71,31.76,0.7978,0.8454,0.8372,0.8176,6.76,270.4,-22.7,0.2871,-0.1164,-1.6,0.8286,0.9646,0.8709,0.8159,0.8366
2026-08-20,-75.71,52.94,0.8233,0.9215,0.9359,0.8446,9.41,207.5,-23.3,0.1938,-0.0427,-0.3,0.8286,0.9646,0.8433,0.8509,0.8955
2026-08-20,-75.71,74.12,0.8072,0.7802,0.9129,0.8156,13.28,97.1,-19.7,0.0566,-0.0804,0.1,0.8286,0.9646,0.9233,0.8405,0.824
2026-08-20,-75.71,95.29,0.7901,0.8768,0.8446,1.0,9.41,207.5,-23.3,0.1938,-0.0427,-0.3,0.8286,0.9646,0.8335,0.8217,0.8393
2026-08-20,-75.71,116.47,0.7769,0.8146,0.7545,0.7908,17.82,105.2,-20.4,0.2743,0.0066,-1.1,0.8286,0.9646,0.8441,0.8138,0.7222
2026-08-20,-75.71,137.65,0.7338,0.7735,0.7246,0.7905,14.29,325.3,-20.7,0.2483,0.4391,-0.1,0.8286,0.9646,0.7691,0.7174,0.7234
2026-08-20,-75.71,158.82,0.7744,0.734,0.7589,0.6542,15.3,39.7,-26.1,0.2846,0.1892,-0.4,0.8286,0.9646,0.7216,0.7351,0.7438
2026-08-20,-75.71,180.0,0.7932,0.6425,0.6403,0.7037,7.53,78.4,-18.3,0.2487,0.1766,-0.9,0.8286,0.9646,0.6866,0.6818,0.6151
2026-08-20,-74.29,-180.0,0.5988,0.5758,0.6478,0.5871,16.64,287.7,-12.9,0.0795,0.153,0.8,0.7714,0.9646,0.5765,0.645,0.6559
2026-08-20,-74.29,-158.82,0.704,0.6514,0.5554,0.6391,6.31,307.7,-20.5,0.1567,0.0756,3.7,0.7714,0.9646,0.6065,0.6224,0.6246
2026-08-20,-74.29,-137.65,0.5986,0.5897,0.622,0.622,12.77,233.4,-19.5,0.1296,0.1236,1.0,0.7714,0.9646,0.5471,0.5645,0.6166
2026-08-20,-74.29,-116.47,0.5992,0.5465,0.5957,0.5577,8.49,194.7,-18.8,0.3849,0.0591,-1.3,0.7714,0.9646,0.5953,0.5687,0.5193
2026-08-20,-74.29,-95.29,0.6072,0.6478,0.5877,0.6185,10.65,273.7,-15.9,0.0504,-0.0014,0.8,0.7714,0.9646,0.5897,0.5453,0.5852
2026-08-20,-74.29,-74.12,0.6174,0.6143,0.6446,0.5953,16.67,307.3,-20.5,0.2172,0.0411,-0.6,0.7714,0.9646,0.6436,0.5939,0.7253
2026-08-20,-74.29,-52.94,0.6545,0.6336,0.5539,0.5652,7.42,71.5,-19.5,0.3835,0.1051,0.6,0.7714,0.9646,0.6442,0.6196,0.6952
2026-08-20,-74.29,-31.76,0.6788,0.7212,0.6719,0.6453,5.88,111.8,-24.3,0.0526,-0.1701,-0.6,0.7714,0.9646,0.7421,0.6943,0.7136
2026-08-20,-74.29,-10.59,0.7255,0.7364,0.7056,0.7019,5.39,35.7,-18.6,0.2876,-0.203,0.0,0.7714,0.9646,0.7122,0.7667,0.727
2026-08-20,-74.29,10.59,0.7453,0.7622,0.6403,0.7705,14.96,63.3,-20.8,0.3038,-0.0942,0.2,0.7714,0.9646,0.7611,0.7238,0.7722
2026-08-20,-74.29,31.76,0.8708,0.6704,0.7116,0.7818,6.89,43.6,-18.1,0.4395,0.1199,0.9,0.7714,0.9646,0.8573,0.7636,0.779
2026-08-20,-74.29,52.94,0.7397,0.8331,0.7877,0.795,14.3,317.0,-19.6,0.2397,0.0436,0.6,0.7714,0.9646,0.7843,0.7587,0.8098
2026-08-20,-74.29,74.12,0.7598,0.8284,0.7677,0.8101,10.37,351.6,-20.3,0.3117,-0.2395,0.2,0.7714,0.9646,0.7256,0.8099,0.8543
2026-08-20,-74.29,95.29,0.81,0.8053,0.7508,0.8135,5.78,277.1,-21.8,0.2679,-0.0233,0.6,0.7714,0.9646,0.7125,0.7593,0.7426
2026-08-20,-74.29,116.47,0.7175,0.7075,0.7807,0.716,8.23,40.1,-21.9,0.4432,0.0989,1.3,0.7714,0.9646,0.6922,0.7518,0.7682
2026-08-20,-74.29,137.65,0.6436,0.6667,0.7272,0.7668,9.68,353.4,-22.9,0.3386,-0.161,-0.8,0.7714,0.9646,0.7634,0.7581,0.7442
2026-08-20,-74.29,158.82,0.7123,0.671,0.7126,0.6641,15.35,173.7,-21.1,0.1283,0.0364,-0.3,0.7714,0.9646,0.6627,0.6512,0.6093
2026-08-20,-74.29,180.0,0.6535,0.6414,0.5993,0.5845,5.38,338.0,-20.2,0.4082,-0.1708,-0.2,0.7714,0.9646,0.6158,0.6241,0.6341
2026-08-20,-72.86,-180.0,0.6251,0.568,0.627,0.6161,12.15,195.9,-19.2,0.3268,0.0999,0.4,0.7143,0.9646,0.5111,0.5576,0.583
2026-08-20,-72.86,-158.82,0.5429,0.5608,0.5956,0.5183,7.07,331.2,-21.1,0.371,0.1821,1.6,0.7143,0.9646,0.5427,0.5472,0.5513
2026-08-20,-72.86,-137.65,0.5723,0.4722,0.5281,0.5435,10.92,177.9,-12.0,0.1921,0.2185,1.4,0.7143,0.9646,0.5786,0.5731,0.519
2026-08-20,-72.86,-116.47,0.5171,0.5607,0.5517,0.528,14.91,199.1,-13.9,0.3654,-0.1474,0.6,0.7143,0.9646,0.6037,0.4752,0.4954
2026-08-20,-72.86,-95.29,0.5192,0.555,0.5206,0.5361,9.71,356.5,-18.0,0.304,0.2209,0.8,0.7143,0.9646,0.4898,0.5708,0.5502
2026-08-20,-72.86,-74.12,0.5887,0.5666,0.5734,0.5978,10.94,133.0,-11.3,0.1836,-0.1659,-0.6,0.7143,0.9646,0.5913,0.5209,0.5719
2026-08-20,-72.86,-52.94,0.6401,0.6307,0.5487,0.603,7.76,251.5,-20.6,0.2534,-0.342,0.6,0.7143,0.9646,0.6053,0.5831,0.6025
2026-08-20,-72.86,-31.76,0.5768,0.6517,0.6567,0.6755,11.75,71.0,-18.2,0.1692,-0.2213,-0.6,0.7143,0.9646,0.6193,0.6241,0.6528
2026-08-20,-72.86,-10.59,0.6372,0.6658,0.6648,0.6416,16.36,302.3,-16.7,0.1652,0.3565,1.2,0.7143,0.9646,0.6783,0.6571,0.6775
2026-08-20,-72.86,10.59,0.6864,0.7079,0.6952,0.63,7.62,240.2,-20.9,0.2909,-0.2316,1.2,0.7143,0.9646,0.7333,0.7717,0.7144
2026-08-20,-72.86,31.76,0.7246,0.7363,0.7784,0.703,14.28,109.5,-18.9,0.3984,-0.2554,1.3,0.7143,0.9646,0.7163,0.7474,0.7317
2026-08-20,-72.86,52.94,0.7157,0.7193,0.7469,0.7533,16.98,264.1,-23.5,0.4084,0.1118,-0.1,0.7143,0.9646,0.7492,0.7339,0.7535
2026-08-20,-72.86,74.12,0.7355,0.6331,0.7221,0.7039,10.56,278.0,-14.0,0.1668,-0.0263,3.1,0.7143,0.9646,0.6676,0.7451,0.7322
2026-08-20,-72.86,95.29,0.7239,0.7601,0.7954,0.7118,10.41,239.0,-19.3,0.2309,0.1574,-0.4,0.7143,0.9646,0.7395,0.7069,0.6347
2026-08-20,-72.86,116.47,0.6308,0.6723,0.6704,0.7221,8.44,149.9,-20.3,0.3678,0.0551,1.2,0.7143,0.9646,0.721,0.7176,0.7363
2026-08-20,-72.86,137.65,0.7164,0.6988,0.6953,0.6331,10.46,346.4,-21.9,0.1736,-0.0032,2.6,0.7143,0.9646,0.6183,0.6645,0.616
2026-08-20,-72.86,158.82,0.6403,0.5904,0.5886,0.6385,15.31,267.0,-16.5,0.4189,-0.0891,2.4,0.7143,0.9646,0.5706,0.5768,0.6436
2026-08-20,-72.86,180.0,0.609,0.6132,0.5452,0.5898,17.38,353.8,-24.4,0.4193,0.0026,-0.3,0.7143,0.9646,0.6917,0.5503,0.5535
2026-08-20,-71.43,-180.0,0.4885,0.5839,0.4905,0.5547,5.74,55.0,-20.7,0.1288,0.1201,2.6,0.6571,0.9646,0.5211,0.5085,0.5301
2026-08-20,-71.43,-158.82,0.4886,0.4681,0.5423,0.4555,13.55,183.7,-18.6,0.3574,-0.087,2.2,0.6571,0.9646,0.577,0.4783,0.5103
2026-08-20,-71.43,-137.65,0.4284,0.5052,0.4697,0.5171,13.42,138.3,-22.7,0.34,-0.1049,1.9,0.6571,0.9646,0.4958,0.4837,0.4856
2026-08-20,-71.43,-116.47,0.5077,0.5285,0.5213,0.506,7.06,132.2,-19.6,0.3143,0.097,2.1,0.6571,0.9646,0.5111,0.4418,0.4776
2026-08-20,-71.43,-95.29,0.4549,0.4666,0.4856,0.5109,8.25,140.0,-15.1,0.3436,0.0185,0.7,0.6571,0.9646,0.5461,0.4546,0.5188
2026-08-20,-71.43,-74.12,0.5458,0.586,0.5177,0.4658,14.23,37.4,-17.5,0.2892,-0.0096,1.8,0.6571,0.9646,0.5379,0.5613,0.5308
2026-08-20,-71.43,-52.94,0.529,0.5097,0.5076,0.6525,16.96,280.2,-17.1,0.4309,-0.0264,1.6,0.6571,0.9646,0.4758,0.5207,0.599
2026-08-20,-71.43,-31.76,0.5032,0.5192,0.5875,0.5585,6.31,330.4,-19.7,0.0713,0.0621,0.6,0.6571,0.9646,0.5812,0.5517,0.5994
2026-08-20,-71.43,-10.59,0.6003,0.596,0.7013,0.5993,15.64,342.9,-21.5,0.0835,-0.1084,1.3,0.6571,0.9646,0.6234,0.5872,0.6305
2026-08-20,-71.43,10.59,0.6778,0.7108,0.6629,0.6097,6.72,277.1,-13.9,0.2055,-0.0632,1.0,0.6571,0.9646,0.6172,0.6205,0.6471
2026-08-20,-71.43,31.76,0.7176,0.6585,0.7183,0.6407,5.44,203.0,-21.6,0.286,-0.2551,4.4,0.6571,0.9646,0.5675,0.5977,0.647
2026-08-20,-71.43,52.94,0.6912,0.7191,0.6703,0.6369,9.86,39.2,-22.5,0.2072,0.1235,2.2,0.6571,0.9646,0.6973,0.6748,0.6841
2026-08-20,-71.43,74.12,0.7391,0.6948,0.743,0.6387,13.3,215.7,-25.1,0.1761,-0.1604,0.2,0.6571,0.9646,0.7155,0.6734,0.6642
2026-08-20,-71.43,95.29,0.6252,0.6512,0.6377,0.6556,10.55,1.2,-16.7,0.2081,-0.1631,0.6,0.6571,0.9646,0.6524,0.6539,0.6209
2026-08-20,-71.43,116.47,0.6474,0.6108,0.6545,0.6095,13.86,328.2,-19.8,0.2223,0.017,1.6,0.6571,0.9646,0.6188,0.636,0.6315
2026-08-20,-71.43,137.65,0.6278,0.6341,0.6416,0.6166,17.45,207.7,-15.7,0.3982,-0.1761,0.2,0.6571,0.9646,0.6523,0.6173,0.6037
2026-08-20,-71.43,158.82,0.5931,0.5807,0.5954,0.6095,14.42,271.8,-18.0,0.3952,0.0563,2.8,0.6571,0.9646,0.4899,0.583,0.526
2026-08-20,-71.43,180.0,0.6093,0.5214,0.5383,0.6015,8.89,199.2,-17.3,0.1807,0.1502,1.7,0.6571,0.9646,0.4971,0.4737,0.4948
2026-08-20,-70.0,-180.0,0.4998,0.5252,0.4643,0.5214,8.25,24.6,-17.8,0.1956,0.0702,2.4,0.6,0.9646,0.5016,0.5872,0.4869
2026-08-20,-70.0,-158.82,0.4354,0.4023,0.4667,0.5116,10.48,261.8,-21.3,0.0838,0.1027,3.5,0.6,0.9646,0.4007,0.5025,0.4539
2026-08-20,-70.0,-137.65,0.4432,0.4386,0.4692,0.4292,11.23,258.7,-14.1,0.4301,-0.0177,2.5,0.6,0.9646,0.4583,0.4729,0.4718
2026-08-20,-70.0,-116.47,0.4563,0.4708,0.4203,0.4452,8.06,268.3,-20.4,0.4029,0.1098,3.1,0.6,0.9646,0.4807,0.4357,0.3594
2026-08-20,-70.0,-95.29,0.4705,0.4336,0.4193,0.4356,16.42,82.7,-19.0,0.2506,-0.0066,1.9,0.6,0.9646,0.3529,0.4601,0.44
2026-08-20,-70.0,-74.12,0.5242,0.4213,0.4572,0.4462,14.84,162.8,-22.2,0.3356,0.0612,-0.2,0.6,0.9646,0.5019,0.4927,0.4289
2026-08-20,-70.0,-52.94,0.5733,0.4517,0.5204,0.4297,6.83,139.1,-16.0,0.398,-0.1024,3.3,0.6,0.9646,0.4749,0.5011,0.519
2026-08-20,-70.0,-31.76,0.6136,0.5261,0.4645,0.4843,6.45,142.0,-15.2,0.1871,-0.0335,1.8,0.6,0.9646,0.5494,0.562,0.517
2026-08-20,-70.0,-10.59,0.5625,0.6316,0.5669,0.5983,17.17,206.1,-12.6,0.1884,-0.1622,1.3,0.6,0.9646,0.5444,0.5137,0.5465
2026-08-20,-70.0,10.59,0.5544,0.6149,0.5213,0.6071,11.33,196.3,-16.2,0.2466,0.0848,2.6,0.6,0.9646,0.548,0.5852,0.581
2026-08-20,-70.0,31.76,0.5922,0.5834,0.6405,0.6432,16.33,161.7,-17.4,0.1453,0.1442,1.2,0.6,0.9646,0.6773,0.6685,0.6231
2026-08-20,-70.0,52.94,0.6101,0.6312,0.6856,0.7249,8.07,87.6,-21.9,0.2939,0.1724,2.2,0.6,0.9646,0.6116,0.611,0.6024
2026-08-20,-70.0,74.12,0.6064,0.6185,0.6098,0.6504,14.05,174.2,-18.9,0.2005,0.0503,0.8,0.6,0.9646,0.5934,0.6765,0.574
2026-08-20,-70.0,95.29,0.6032,0.6586,0.6083,0.5995,17.01,69.5,-17.7,0.1476,0.2165,3.8,0.6,0.9646,0.6456,0.6104,0.67
2026-08-20,-70.0,116.47,0.5803,0.5898,0.5113,0.5727,9.5,285.5,-14.0,0.4256,0.1459,1.2,0.6,0.9646,0.5867,0.5611,0.6359
2026-08-20,-70.0,137.65,0.5581,0.5983,0.5758,0.583,9.92,9.1,-19.1,0.2889,0.067,1.8,0.6,0.9646,0.5412,0.5726,0.5916
2026-08-20,-70.0,158.82,0.477,0.5383,0.5638,0.4881,10.5,222.3,-18.4,0.4204,-0.0283,3.9,0.6,0.9646,0.4756,0.5671,0.5198
2026-08-20,-70.0,180.0,0.4813,0.5068,0.5104,0.5482,8.2,234.8,-14.9,0.3709,-0.094,3.0,0.6,0.9646,0.5076,0.5048,0.4766
2026-08-20,-68.57,-180.0,0.4519,0.3744,0.4634,0.327,6.75,92.1,-16.3,0.1884,-0.2404,3.2,0.5429,0.9646,0.4666,0.4457,0.4648
2026-08-20,-68.57,-158.82,0.3953,0.4172,0.3754,0.4802,6.53,261.1,-17.5,0.3732,0.2492,2.5,0.5429,0.9646,0.4055,0.4168,0.4275
2026-08-20,-68.57,-137.65,0.3624,0.3969,0.4604,0.4464,13.16,173.9,-18.7,0.2611,0.0465,0.4,0.5429,0.9646,0.4185,0.3487,0.3985
2026-08-20,-68.57,-116.47,0.4629,0.3945,0.3097,0.3403,14.2,163.5,-17.4,0.1242,0.2385,1.8,0.5429,0.9646,0.3955,0.4258,0.3483
2026-08-20,-68.57,-95.29,0.3898,0.3945,0.5279,0.3823,13.34,225.3,-9.3,0.2543,0.0232,2.8,0.5429,0.9646,0.4254,0.4107,0.4423
2026-08-20,-68.57,-74.12,0.3884,0.3448,0.2666,0.4799,7.99,167.7,-21.6,0.0568,-0.1105,1.9,0.5429,0.9646,0.4591,0.435,0.3997
2026-08-20,-68.57,-52.94,0.4317,0.4517,0.4848,0.4561,8.59,107.1,-12.7,0.4465,0.2508,1.1,0.5429,0.9646,0.3719,0.4186,0.4627
2026-08-20,-68.57,-31.76,0.5197,0.5075,0.4608,0.5569,5.74,73.9,-13.4,0.3432,-0.1231,3.6,0.5429,0.9646,0.5567,0.4731,0.4685
2026-08-20,-68.57,-10.59,0.5284,0.5009,0.5187,0.5416,8.05,0.0,-14.1,0.3086,-0.1187,1.7,0.5429,0.9646,0.5085,0.5163,0.4651
2026-08-20,-68.57,10.59,0.5034,0.4335,0.5583,0.5964,9.59,95.1,-17.3,0.2116,-0.127,3.3,0.5429,0.9646,0.6235,0.5291,0.6451
2026-08-20,-68.57,31.76,0.531,0.5663,0.5872,0.6131,9.22,132.8,-19.0,0.2852,-0.3301,4.1,0.5429,0.9646,0.5583,0.5899,0.5533
2026-08-20,-68.57,52.94,0.5108,0.5797,0.5449,0.633,10.07,51.3,-18.9,0.2237,0.1244,3.3,0.5429,0.9646,0.555,0.5328,0.5811
2026-08-20,-68.57,74.12,0.5218,0.5144,0.6491,0.5731,12.24,32.7,-14.2,0.3758,-0.045,1.1,0.5429,0.9646,0.6381,0.5338,0.6116
2026-08-20,-68.57,95.29,0.6293,0.5285,0.6405,0.5542,14.41,171.4,-14.2,0.2586,-0.1994,1.5,0.5429,0.9646,0.5642,0.6077,0.5509
2026-08-20,-68.57,116.47,0.5724,0.5582,0.5073,0.6043,6.98,310.3,-12.6,0.3768,-0.052,2.8,0.5429,0.9646,0.5749,0.5014,0.5504
2026-08-20,-68.57,137.65,0.465,0.577,0.4678,0.4783,9.64,2.9,-19.0,0.1648,-0.0005,1.4,0.5429,0.9646,0.5319,0.5712,0.5339
2026-08-20,-68.57,158.82,0.4842,0.4877,0.512,0.5391,8.22,343.6,-14.2,0.3755,-0.1685,2.9,0.5429,0.9646,0.4531,0.47,0.3996
2026-08-20,-68.57,180.0,0.4372,0.4049,0.4228,0.4354,13.13,185.3,-17.6,0.4351,0.0948,2.2,0.5429,0.9646,0.435,0.5339,0.4017
2026-08-20,-67.14,-180.0,0.3838,0.3451,0.408,0.3301,12.62,277.4,-15.5,0.0774,-0.0434,3.7,0.4857,0.9646,0.3751,0.4215,0.3652
2026-08-20,-67.14,-158.82,0.3736,0.3338,0.3806,0.3683,12.33,160.1,-16.2,0.3603,-0.1759,3.9,0.4857,0.9646,0.3743,0.3515,0.3322
2026-08-20,-67.14,-137.65,0.3284,0.3069,0.3949,0.3461,5.3,96.4,-22.8,0.2118,0.1008,3.4,0.4857,0.9646,0.3128,0.3553,0.2831
2026-08-20,-67.14,-116.47,0.3782,0.3039,0.2788,0.3166,9.05,247.1,-17.0,0.2876,-0.1086,3.0,0.4857,0.9646,0.2786,0.4261,0.3579
2026-08-20,-67.14,-95.29,0.3841,0.3068,0.3255,0.3767,14.83,184.4,-15.3,0.2084,-0.0985,3.7,0.4857,0.9646,0.3405,0.324,0.3708
2026-08-20,-67.14,-74.12,0.2721,0.3743,0.3407,0.3209,13.48,295.5,-11.5,0.4342,0.0341,2.5,0.4857,0.9646,0.3798,0.3119,0.3616
2026-08-20,-67.14,-52.94,0.342,0.3903,0.3978,0.3984,9.97,77.0,-10.4,0.1369,-0.1357,4.3,0.4857,0.9646,0.3993,0.3539,0.3226
2026-08-20,-67.14,-31.76,0.4208,0.3993,0.4735,0.4299,16.49,188.8,-17.4,0.1991,0.1685,1.3,0.4857,0.9646,0.4223,0.4336,0.4071
2026-08-20,-67.14,-10.59,0.4685,0.4807,0.4586,0.4398,11.95,84.1,-12.7,0.21,-0.0007,2.2,0.4857,0.9646,0.4399,0.4772,0.4028
2026-08-20,-67.14,10.59,0.4792,0.553,0.5759,0.5237,15.74,39.9,-10.5,0.2126,-0.0176,3.7,0.4857,0.9646,0.481,0.4236,0.5291
2026-08-20,-67.14,31.76,0.5163,0.5067,0.6041,0.579,5.08,201.3,-15.1,0.1471,-0.0207,5.3,0.4857,0.9646,0.4729,0.5145,0.5504
2026-08-20,-67.14,52.94,0.5872,0.4563,0.5594,0.4938,10.86,277.9,-9.0,0.2795,0.2,4.6,0.4857,0.9646,0.4909,0.5944,0.5299
2026-08-20,-67.14,74.12,0.5066,0.5066,0.5534,0.5039,8.65,275.9,-16.8,0.1041,0.0526,3.8,0.4857,0.9646,0.5142,0.5551,0.5274
2026-08-20,-67.14,95.29,0.5361,0.4888,0.5721,0.5588,6.26,19.7,-15.1,0.1373,0.0603,3.2,0.4857,0.9646,0.5214,0.5489,0.5269
2026-08-20,-67.14,116.47,0.4813,0.5337,0.4992,0.5069,8.97,121.2,-17.8,0.2388,0.052,4.2,0.4857,0.9646,0.4922,0.4179,0.4157
2026-08-20,-67.14,137.65,0.4564,0.4132,0.4558,0.3996,13.17,209.9,-9.5,0.1854,0.0595,3.4,0.4857,0.9646,0.4959,0.4578,0.4748
2026-08-20,-67.14,158.82,0.4238,0.4325,0.3916,0.4203,7.13,97.0,-17.2,0.3262,0.0001,3.7,0.4857,0.9646,0.3807,0.3609,0.448
2026-08-20,-67.14,180.0,0.4044,0.4819,0.3882,0.4141,10.52,141.1,-16.1,0.2198,-0.381,3.4,0.4857,0.9646,0.3139,0.4159,0.3559
2026-08-20,-65.71,-180.0,0.2556,0.3404,0.3199,0.289,10.22,107.1,-19.3,0.2026,-0.1728,3.3,0.4286,0.9646,0.3893,0.2614,0.343
2026-08-20,-65.71,-158.82,0.3085,0.3454,0.2554,0.3092,6.53,258.2,-10.0,0.1684,-0.1851,3.2,0.4286,0.9646,0.3295,0.3119,0.338
2026-08-20,-65.71,-137.65,0.3483,0.2633,0.3204,0.2707,11.41,36.9,-13.4,0.4242,-0.2813,3.6,0.4286,0.9646,0.2998,0.254,0.2946
2026-08-20,-65.71,-116.47,0.2109,0.2975,0.2661,0.2369,8.33,9.2,-13.5,0.1289,0.0614,3.9,0.4286,0.9646,0.3564,0.2829,0.3013
2026-08-20,-65.71,-95.29,0.2653,0.2925,0.2347,0.2457,14.38,145.1,-10.7,0.4379,0.2136,2.1,0.4286,0.9646,0.3069,0.2732,0.2248
2026-08-20,-65.71,-74.12,0.2737,0.3463,0.2805,0.3444,12.3,15.3,-14.7,0.4372,-0.0267,3.5,0.4286,0.9646,0.2762,0.2652,0.2815
2026-08-20,-65.71,-52.94,0.3824,0.3166,0.3495,0.3537,17.23,21.8,-15.7,0.3416,-0.1787,5.7,0.4286,0.9646,0.3455,0.3823,0.3906
2026-08-20,-65.71,-31.76,0.3706,0.3062,0.3785,0.3544,17.55,249.1,-14.5,0.3236,-0.171,4.7,0.4286,0.9646,0.3817,0.3519,0.4163
2026-08-20,-65.71,-10.59,0.3524,0.4214,0.4029,0.4017,16.0,257.8,-20.0,0.1539,0.0692,3.2,0.4286,0.9646,0.4627,0.4112,0.4153
2026-08-20,-65.71,10.59,0.4943,0.4527,0.4925,0.4642,17.49,140.7,-17.5,0.2596,-0.1343,1.6,0.4286,0.9646,0.458,0.4378,0.4446
2026-08-20,-65.71,31.76,0.47,0.4191,0.4057,0.3764,13.94,116.4,-15.5,0.1934,-0.0343,4.4,0.4286,0.9646,0.4844,0.5047,0.4419
2026-08-20,-65.71,52.94,0.5341,0.4642,0.4232,0.4248,13.59,263.8,-16.8,0.1658,0.2706,2.9,0.4286,0.9646,0.5219,0.4533,0.5371
2026-08-20,-65.71,74.12,0.5286,0.5126,0.5256,0.5227,11.78,217.4,-8.5,0.1313,0.0233,2.5,0.4286,0.9646,0.4437,0.4582,0.4311
2026-08-20,-65.71,95.29,0.3969,0.441,0.4462,0.483,6.37,134.3,-11.9,0.2572,0.087,3.5,0.4286,0.9646,0.4591,0.3762,0.4532
2026-08-20,-65.71,116.47,0.4047,0.4902,0.4545,0.4064,9.7,259.6,-19.2,0.2495,0.1314,3.3,0.4286,0.9646,0.4293,0.4056,0.4693
2026-08-20,-65.71,137.65,0.3562,0.3526,0.3769,0.4279,14.94,5.2,-13.3,0.119,-0.0608,3.0,0.4286,0.9646,0.4766,0.4381,0.4412
2026-08-20,-65.71,158.82,0.2951,0.364,0.3892,0.3873,17.99,117.0,-17.6,0.2525,-0.0359,3.6,0.4286,0.9646,0.4077,0.3771,0.367
2026-08-20,-65.71,180.0,0.2947,0.3456,0.3987,0.3167,13.43,238.7,-13.6,0.3923,-0.076,3.8,0.4286,0.9646,0.3532,0.3496,0.3471
2026-08-20,-64.29,-180.0,0.2539,0.2725,0.2987,0.2279,16.35,142.1,-10.1,0.1856,-0.1306,4.4,0.3714,0.9646,0.3237,0.2562,0.3038
2026-08-20,-64.29,-158.82,0.181,0.2809,0.2232,0.2332,9.79,238.2,-12.0,0.2943,-0.27,4.8,0.3714,0.9646,0.2908,0.2087,0.2115
2026-08-20,-64.29,-137.65,0.2289,0.174,0.1713,0.2275,13.13,98.7,-11.3,0.4387,-0.0579,4.2,0.3714,0.9646,0.2734,0.1976,0.3459
2026-08-20,-64.29,-116.47,0.27,0.1639,0.265,0.2578,7.61,31.1,-16.8,0.084,0.1289,2.9,0.3714,0.9646,0.2849,0.2835,0.2845
2026-08-20,-64.29,-95.29,0.3119,0.2672,0.3051,0.2093,10.16,171.4,-10.0,0.3892,-0.0151,2.4,0.3714,0.9646,0.2666,0.2191,0.2596
2026-08-20,-64.29,-74.12,0.3009,0.2784,0.2622,0.2436,11.64,98.2,-12.5,0.1033,0.0694,4.8,0.3714,0.9646,0.2024,0.1911,0.2282
2026-08-20,-64.29,-52.94,0.2846,0.2267,0.2526,0.3183,5.38,24.7,-11.0,0.3877,-0.1831,5.6,0.3714,0.9646,0.2846,0.3382,0.2836
2026-08-20,-64.29,-31.76,0.3021,0.2572,0.3506,0.3506,8.24,357.5,-11.3,0.3795,-0.0088,3.8,0.3714,0.9646,0.3756,0.3051,0.3538
2026-08-20,-64.29,-10.59,0.3336,0.3787,0.388,0.4047,16.44,299.3,-9.9,0.138,0.1751,4.6,0.3714,0.9646,0.3235,0.3725,0.337
2026-08-20,-64.29,10.59,0.3323,0.3552,0.4451,0.3864,14.88,91.3,-12.7,0.4402,-0.0792,2.9,0.3714,0.9646,0.4906,0.3388,0.4133
2026-08-20,-64.29,31.76,0.387,0.3768,0.4301,0.3412,11.82,39.4,-16.3,0.1471,-0.0041,1.8,0.3714,0.9646,0.4605,0.4093,0.4399
2026-08-20,-64.29,52.94,0.4368,0.3865,0.4368,0.3857,13.67,226.3,-9.5,0.3266,0.0216,3.2,0.3714,0.9646,0.3977,0.3953,0.4321
2026-08-20,-64.29,74.12,0.4316,0.4927,0.4653,0.3684,15.86,117.9,-9.0,0.1344,-0.0864,5.2,0.3714,0.9646,0.4106,0.3368,0.4763
2026-08-20,-64.29,95.29,0.4899,0.4617,0.3776,0.372,8.62,291.3,-14.2,0.2414,-0.0921,2.9,0.3714,0.9646,0.4167,0.4517,0.4957
2026-08-20,-64.29,116.47,0.4091,0.4171,0.3902,0.4138,8.22,294.7,-7.6,0.3118,0.0078,5.0,0.3714,0.9646,0.3904,0.4225,0.3413
2026-08-20,-64.29,137.65,0.452,0.4031,0.3276,0.3922,5.49,252.9,-10.8,0.2089,0.0051,5.0,0.3714,0.9646,0.3919,0.328,0.3795
2026-08-20,-64.29,158.82,0.3546,0.2746,0.3402,0.2296,10.32,19.9,-13.9,0.3475,0.1039,6.5,0.3714,0.9646,0.3079,0.2737,0.3466
2026-08-20,-64.29,180.0,0.2493,0.242,0.326,0.3549,6.01,0.4,-9.0,0.3961,-0.1009,3.3,0.3714,0.9646,0.236,0.3048,0.3434
2026-08-20,-62.86,-180.0,0.1792,0.2718,0.2498,0.2314,15.09,146.7,-13.0,0.3285,-0.0091,4.8,0.3143,0.9646,0.2254,0.1708,0.1841
2026-08-20,-62.86,-158.82,0.1934,0.1594,0.2055,0.1489,7.92,281.2,-10.4,0.1525,0.1006,5.7,0.3143,0.9646,0.1426,0.1552,0.1503
2026-08-20,-62.86,-137.65,0.1612,0.0994,0.1277,0.149,16.52,99.1,-9.3,0.3915,0.1206,3.6,0.3143,0.9646,0.2344,0.1721,0.1689
2026-08-20,-62.86,-116.47,0.2244,0.1424,0.0919,0.2252,15.72,277.4,-9.5,0.087,0.0269,5.1,0.3143,0.9646,0.1536,0.1799,0.1866
2026-08-20,-62.86,-95.29,0.2171,0.1966,0.1528,0.2156,12.72,0.9,-7.7,0.0575,-0.0459,6.0,0.3143,0.9646,0.0857,0.1714,0.1955
2026-08-20,-62.86,-74.12,0.2074,0.1754,0.2224,0.232,5.47,191.2,-12.6,0.2545,0.1268,5.0,0.3143,0.9646,0.2733,0.2122,0.2324
2026-08-20,-62.86,-52.94,0.345,0.2898,0.3018,0.2268,13.81,101.3,-18.2,0.3697,0.1631,4.9,0.3143,0.9646,0.2504,0.2286,0.2615
2026-08-20,-62.86,-31.76,0.2804,0.2753,0.2733,0.2442,5.58,160.4,-10.6,0.0532,0.0697,5.8,0.3143,0.9646,0.2342,0.3124,0.1872
2026-08-20,-62.86,-10.59,0.2517,0.3287,0.3536,0.3373,14.29,323.3,-16.3,0.2675,0.1589,3.9,0.3143,0.9646,0.3155,0.2524,0.3367
2026-08-20,-62.86,10.59,0.3626,0.4045,0.3899,0.3261,11.42,213.4,-14.8,0.0862,0.2732,2.8,0.3143,0.9646,0.3728,0.2918,0.3996
2026-08-20,-62.86,31.76,0.407,0.3995,0.2669,0.3739,17.98,85.6,-15.9,0.1913,0.2697,5.1,0.3143,0.9646,0.4163,0.3403,0.3405
2026-08-20,-62.86,52.94,0.434,0.3815,0.4306,0.4203,13.1,90.0,-10.9,0.3953,0.0627,5.4,0.3143,0.9646,0.4463,0.4118,0.5011
2026-08-20,-62.86,74.12,0.341,0.4407,0.3633,0.3532,6.73,25.6,-13.3,0.3987,-0.0214,3.8,0.3143,0.9646,0.4119,0.3571,0.4484
2026-08-20,-62.86,95.29,0.2874,0.2943,0.284,0.3243,15.45,302.7,-14.4,0.256,0.002,5.3,0.3143,0.9646,0.325,0.3254,0.3388
2026-08-20,-62.86,116.47,0.3263,0.3054,0.3588,0.3424,13.8,104.1,-10.6,0.0701,0.0148,5.3,0.3143,0.9646,0.3086,0.2791,0.2808
2026-08-20,-62.86,137.65,0.3033,0.2762,0.3796,0.3032,17.85,346.3,-10.5,0.4321,-0.041,4.0,0.3143,0.9646,0.3428,0.2969,0.3383
2026-08-20,-62.86,158.82,0.2536,0.2352,0.3397,0.2189,7.54,296.2,-10.6,0.2531,-0.1121,4.9,0.3143,0.9646,0.2806,0.1924,0.1964
2026-08-20,-62.86,180.0,0.2363,0.2154,0.2016,0.1995,11.12,256.6,-9.3,0.3974,-0.1227,4.0,0.3143,0.9646,0.2278,0.1435,0.2359
2026-08-20,-61.43,-180.0,0.1164,0.1383,0.1644,0.1684,9.85,143.9,-11.7,0.1209,-0.1008,5.7,0.2571,0.9646,0.2633,0.2523,0.1603
2026-08-20,-61.43,-158.82,0.2108,0.1752,0.2041,0.1608,15.86,319.8,-13.9,0.1165,0.2691,3.6,0.2571,0.9646,0.1916,0.1393,0.1544
2026-08-20,-61.43,-137.65,0.1718,0.115,0.1229,0.1804,10.52,303.7,-7.3,0.214,-0.1022,6.7,0.2571,0.9646,0.1166,0.1227,0.1596
2026-08-20,-61.43,-116.47,0.1418,0.1287,0.0814,0.1302,17.54,199.6,-9.5,0.0936,0.0901,5.1,0.2571,0.9646,0.0661,0.1985,0.2235
2026-08-20,-61.43,-95.29,0.1186,0.1369,0.1768,0.1376,15.73,93.5,-8.2,0.1801,0.0244,6.7,0.2571,0.9646,0.2508,0.086,0.1586
2026-08-20,-61.43,-74.12,0.1941,0.2057,0.1286,0.1817,16.19,272.4,-8.8,0.3322,0.0273,5.7,0.2571,0.9646,0.1855,0.1632,0.1539
2026-08-20,-61.43,-52.94,0.1792,0.1139,0.2094,0.1944,16.41,237.5,-12.5,0.3442,0.1547,4.9,0.2571,0.9646,0.182,0.1705,0.2279
2026-08-20,-61.43,-31.76,0.2388,0.2566,0.2264,0.2319,10.8,240.6,-7.0,0.278,0.277,4.4,0.2571,0.9646,0.2352,0.2222,0.2394
2026-08-20,-61.43,-10.59,0.2895,0.2025,0.1894,0.2912,15.4,325.7,-8.1,0.2519,-0.2017,6.2,0.2571,0.9646,0.2778,0.25,0.2921
2026-08-20,-61.43,10.59,0.306,0.2338,0.3346,0.2192,15.6,177.6,-11.4,0.2428,-0.2503,6.8,0.2571,0.9646,0.2832,0.3507,0.3113
2026-08-20,-61.43,31.76,0.3706,0.3544,0.346,0.2685,14.23,329.6,-10.5,0.3577,-0.0015,7.0,0.2571,0.9646,0.274,0.277,0.2781
2026-08-20,-61.43,52.94,0.3121,0.289,0.3862,0.2661,5.02,173.0,-11.2,0.2353,-0.3577,4.7,0.2571,0.9646,0.3566,0.2962,0.3349
2026-08-20,-61.43,74.12,0.3333,0.3157,0.3488,0.3552,16.28,151.3,-11.1,0.2057,0.1873,4.4,0.2571,0.9646,0.344,0.2905,0.3034
2026-08-20,-61.43,95.29,0.3343,0.3925,0.3091,0.2987,5.39,187.2,-6.9,0.1033,0.1684,5.7,0.2571,0.9646,0.3052,0.3401,0.3469
2026-08-20,-61.43,116.47,0.369,0.2905,0.3362,0.3457,15.37,9.2,-4.1,0.3592,0.2709,5.4,0.2571,0.9646,0.2843,0.2698,0.249
2026-08-20,-61.43,137.65,0.2702,0.315,0.2484,0.2472,5.94,191.7,-14.0,0.1087,-0.0627,3.3,0.2571,0.9646,0.3042,0.2414,0.3187
2026-08-20,-61.43,158.82,0.1747,0.2164,0.2172,0.2479,8.11,213.5,-12.8,0.3631,0.0606,6.0,0.2571,0.9646,0.1998,0.2175,0.2037
2026-08-20,-61.43,180.0,0.2322,0.1624,0.215,0.1393,10.87,3.2,-16.3,0.0979,-0.0509,5.9,0.2571,0.9646,0.1509,0.1558,0.0949
2026-08-20,-60.0,-180.0,0.1315,0.1265,0.1698,0.1167,13.22,126.2,-13.6,0.258,0.1858,7.1,0.2,0.9646,0.1941,0.1645,0.0665
2026-08-20,-60.0,-158.82,0.0703,0.0399,0.0848,0.1483,16.55,84.5,-10.2,0.1786,0.0568,5.4,0.2,0.9646,0.1577,0.1259,0.1158
2026-08-20,-60.0,-137.65,0.0,0.0432,0.0626,0.0816,7.85,33.4,-8.3,0.3212,-0.0607,6.4,0.2,0.9646,0.1264,0.1234,0.1021
2026-08-20,-60.0,-116.47,0.0585,0.0217,0.0405,0.0413,5.5,354.5,-8.9,0.3157,0.2847,7.6,0.2,0.9646,0.0326,0.0769,0.0913
2026-08-20,-60.0,-95.29,0.0954,0.0812,0.1556,0.0879,16.35,287.1,-1.7,0.3399,-0.1818,7.7,0.2,0.9646,0.0773,0.0725,0.1114
2026-08-20,-60.0,-74.12,0.1162,0.0942,0.1249,0.0736,7.28,213.1,-10.3,0.0737,-0.2366,6.9,0.2,0.9646,0.073,0.0265,0.088
2026-08-20,-60.0,-52.94,0.1279,0.1317,0.2049,0.1847,13.01,290.1,-12.8,0.0971,-0.3201,6.9,0.2,0.9646,0.1517,0.1915,0.1226
2026-08-20,-60.0,-31.76,0.1657,0.1046,0.1367,0.2104,15.12,142.8,-5.7,0.4335,0.0226,5.7,0.2,0.9646,0.2199,0.1948,0.166
2026-08-20,-60.0,-10.59,0.2554,0.2012,0.2118,0.152,10.1,25.6,-13.5,0.2903,0.1273,8.1,0.2,0.9646,0.2292,0.2214,0.2134
2026-08-20,-60.0,10.59,0.2829,0.2215,0.2058,0.2401,14.06,166.3,-12.1,0.3641,-0.2475,6.3,0.2,0.9646,0.1626,0.1917,0.2243
2026-08-20,-60.0,31.76,0.3741,0.2473,0.236,0.3227,13.03,147.2,-9.7,0.187,-0.0114,5.7,0.2,0.9646,0.2435,0.3049,0.3176
2026-08-20,-60.0,52.94,0.3165,0.2858,0.2715,0.2075,7.63,294.0,-7.7,0.4402,-0.1282,5.3,0.2,0.9646,0.272,0.2938,0.239
2026-08-20,-60.0,74.12,0.2659,0.2932,0.2465,0.3595,9.93,2.5,-4.6,0.165,-0.0817,7.0,0.2,0.9646,0.2029,0.2351,0.3142
2026-08-20,-60.0,95.29,0.2477,0.3028,0.2698,0.2634,8.15,71.4,-3.0,0.1273,0.0348,5.9,0.2,0.9646,0.2422,0.268,0.2604
2026-08-20,-60.0,116.47,0.2162,0.2599,0.1455,0.2399,15.43,57.8,-6.4,0.2403,0.0271,6.7,0.2,0.9646,0.2843,0.2327,0.2148
2026-08-20,-60.0,137.65,0.1882,0.1481,0.1941,0.2156,11.31,140.0,-8.4,0.2207,-0.045,5.4,0.2,0.9646,0.1737,0.1894,0.2209
2026-08-20,-60.0,158.82,0.1697,0.1008,0.1841,0.1605,13.64,172.9,-9.8,0.1733,0.0684,8.2,0.2,0.9646,0.1498,0.09,0.189
2026-08-20,-60.0,180.0,0.1242,0.099,0.1175,0.142,11.89,228.1,-10.5,0.1542,0.0125,4.4,0.2,0.9646,0.0882,0.1325,0.1948
2026-08-21,-80.0,-180.0,0.8501,0.8089,0.8503,0.8807,17.76,243.9,-21.8,0.4469,0.2176,-2.6,1.0,0.9613,0.8315,0.9015,0.8035
2026-08-21,-80.0,-158.82,0.7789,0.788,0.759,0.8555,7.6,93.1,-22.1,0.4341,-0.3512,-5.6,1.0,0.9613,0.763,0.8745,0.8071
2026-08-21,-80.0,-137.65,0.7374,0.8413,0.8317,0.8031,6.32,195.1,-22.1,0.411,0.1737,-1.5,1.0,0.9613,0.7809,0.7655,0.7576
2026-08-21,-80.0,-116.47,0.8957,0.7344,0.7118,0.8146,5.03,238.8,-25.6,0.2569,0.1947,-1.5,1.0,0.9613,0.7611,0.7905,0.7714
2026-08-21,-80.0,-95.29,0.784,0.771,0.7879,0.8152,5.97,277.0,-26.6,0.3196,0.0292,-2.1,1.0,0.9613,0.8189,0.7964,0.7237
2026-08-21,-80.0,-74.12,0.8094,0.773,0.8121,0.7998,13.97,172.9,-26.1,0.3122,-0.2039,-2.6,1.0,0.9613,0.7917,0.8267,0.8257
2026-08-21,-80.0,-52.94,0.9247,0.8722,0.8772,0.8624,14.72,104.8,-18.9,0.165,0.0126,-1.2,1.0,0.9613,0.8628,0.8476,0.9063
2026-08-21,-80.0,-31.76,0.8694,0.8237,0.868,0.8799,5.0,317.5,-25.6,0.1755,-0.0598,-3.7,1.0,0.9613,0.8415,0.8028,0.8271
2026-08-21,-80.0,-10.59,0.8994,1.0,1.0,0.8494,9.96,77.8,-21.5,0.1553,-0.0601,-0.5,1.0,0.9613,0.9815,0.984,0.9071
2026-08-21,-80.0,10.59,0.9037,0.9333,0.9973,0.8698,8.45,300.8,-26.8,0.3207,0.0797,-0.9,1.0,0.9613,1.0,0.9226,0.9078
2026-08-21,-80.0,31.76,0.9647,1.0,0.9806,1.0,7.14,181.3,-23.6,0.1322,0.3258,-2.1,1.0,0.9613,1.0,0.9565,0.924
2026-08-21,-80.0,52.94,0.9715,0.9573,0.9708,0.962,17.0,326.6,-26.0,0.1257,0.114,-2.5,1.0,0.9613,0.9781,0.941,1.0
2026-08-21,-80.0,74.12,0.9479,0.9592,0.9333,1.0,16.17,246.6,-21.2,0.39,0.2329,-2.1,1.0,0.9613,1.0,1.0,0.9663
2026-08-21,-80.0,95.29,0.9188,1.0,0.9754,1.0,10.39,203.2,-27.0,0.322,-0.1908,-2.3,1.0,0.9613,0.9231,1.0,0.9605
2026-08-21,-80.0,116.47,0.998,0.8688,0.9159,0.9428,17.3,352.8,-29.6,0.2728,-0.1533,-3.0,1.0,0.9613,1.0,0.9483,1.0
2026-08-21,-80.0,137.65,0.9036,0.9579,0.9134,0.9237,12.53,152.0,-25.0,0.0915,-0.3726,-2.0,1.0,0.9613,0.9099,0.9465,0.9005
2026-08-21,-80.0,158.82,0.8535,0.8859,0.8518,0.8811,9.48,238.4,-23.6,0.0986,0.0753,-0.2,1.0,0.9613,0.8742,0.8414,0.899
2026-08-21,-80.0,180.0,0.8482,0.8239,0.8432,0.8428,8.83,264.6,-24.0,0.2915,0.0152,-1.2,1.0,0.9613,0.8038,0.8435,0.8647
2026-08-21,-78.57,-180.0,0.702,0.7437,0.7193,0.8539,17.36,225.7,-27.4,0.1457,-0.0712,-1.1,0.9429,0.9613,0.766,0.7888,0.7657
2026-08-21,-78.57,-158.82,0.7551,0.7665,0.7625,0.852,7.51,203.2,-24.7,0.2533,-0.318,-1.9,0.9429,0.9613,0.7518,0.726,0.7787
2026-08-21,-78.57,-137.65,0.7479,0.7729,0.7587,0.742,8.52,137.6,-23.0,0.3698,0.053,-4.2,0.9429,0.9613,0.8797,0.7549,0.6807
2026-08-21,-78.57,-116.47,0.7103,0.8056,0.7493,0.7753,8.08,6.9,-28.0,0.288,-0.0881,-1.6,0.9429,0.9613,0.6662,0.7156,0.6939
2026-08-21,-78.57,-95.29,0.7839,0.7416,0.8829,0.6935,5.7,187.7,-25.9,0.2279,0.138,0.7,0.9429,0.9613,0.7133,0.7789,0.7336
2026-08-21,-78.57,-74.12,0.7913,0.7215,0.8027,0.7224,5.98,202.4,-19.8,0.3647,0.2788,-3.0,0.9429,0.9613,0.7734,0.7105,0.7447
2026-08-21,-78.57,-52.94,0.8033,0.793,0.7424,0.8007,6.4,334.8,-17.3,0.1005,-0.1444,-1.7,0.9429,0.9613,0.7552,0.7047,0.8644
2026-08-21,-78.57,-31.76,0.8636,0.8107,0.8219,0.773,13.45,69.2,-22.3,0.1244,-0.107,-1.0,0.9429,0.9613,0.8864,0.8451,0.8678
2026-08-21,-78.57,-10.59,0.8503,0.8552,0.8424,0.848,11.6,353.8,-23.6,0.1814,-0.208,-1.5,0.9429,0.9613,0.8116,0.8186,0.9547
2026-08-21,-78.57,10.59,0.9437,0.8381,0.8863,0.9648,13.82,319.8,-29.2,0.362,-0.1364,-1.9,0.9429,0.9613,0.9321,0.9145,0.8294
2026-08-21,-78.57,31.76,0.9329,0.9063,0.9163,0.8797,6.78,40.7,-23.9,0.4105,-0.2365,-0.6,0.9429,0.9613,0.9154,0.8875,0.9046
2026-08-21,-78.57,52.94,0.9203,0.8676,0.9843,0.9577,6.12,333.0,-21.0,0.0858,-0.1866,-1.6,0.9429,0.9613,0.8588,0.9032,0.9181
2026-08-21,-78.57,74.12,0.9321,0.9965,0.9409,0.9259,6.84,23.2,-20.0,0.4118,0.1764,-2.2,0.9429,0.9613,0.9066,0.9937,0.8874
2026-08-21,-78.57,95.29,0.9482,0.9238,0.9524,0.9102,14.27,227.6,-24.4,0.383,0.1693,-1.8,0.9429,0.9613,0.922,0.9389,0.9695
2026-08-21,-78.57,116.47,0.9697,0.899,0.8496,0.9322,7.14,173.2,-28.8,0.4151,-0.0449,-1.5,0.9429,0.9613,0.8805,0.8687,0.9217
2026-08-21,-78.57,137.65,0.8618,0.8796,0.8609,0.8693,6.42,251.9,-15.9,0.1093,-0.0564,-1.9,0.9429,0.9613,0.8428,0.8899,0.7885
2026-08-21,-78.57,158.82,0.7166,0.7787,0.8515,0.8074,15.29,221.7,-28.6,0.3638,0.2223,-1.8,0.9429,0.9613,0.8311,0.7814,0.7887
2026-08-21,-78.57,180.0,0.7686,0.7807,0.7361,0.8316,10.86,13.3,-23.5,0.1958,0.183,-1.0,0.9429,0.9613,0.7749,0.8062,0.716
2026-08-21,-77.14,-180.0,0.7038,0.7829,0.7034,0.7519,12.48,116.5,-19.2,0.4497,-0.0248,-1.3,0.8857,0.9613,0.7256,0.7228,0.7161
2026-08-21,-77.14,-158.82,0.6955,0.7432,0.7308,0.6644,5.03,117.3,-25.5,0.2392,-0.2015,0.9,0.8857,0.9613,0.7748,0.7234,0.7281
2026-08-21,-77.14,-137.65,0.7427,0.6745,0.6969,0.718,9.17,159.3,-18.9,0.0592,0.1328,-0.0,0.8857,0.9613,0.6848,0.6812,0.6942
2026-08-21,-77.14,-116.47,0.6218,0.6853,0.7136,0.7359,17.11,79.6,-24.0,0.4171,-0.1655,1.1,0.8857,0.9613,0.7075,0.678,0.7001
2026-08-21,-77.14,-95.29,0.7035,0.7075,0.7521,0.7315,12.76,125.6,-26.5,0.2818,0.1726,-0.6,0.8857,0.9613,0.644,0.7072,0.6699
2026-08-21,-77.14,-74.12,0.748,0.6567,0.7145,0.7029,17.78,80.3,-21.8,0.0746,0.1277,0.1,0.8857,0.9613,0.6707,0.6126,0.6983
2026-08-21,-77.14,-52.94,0.7249,0.6729,0.7879,0.7771,9.14,57.2,-20.3,0.4451,0.2465,-1.2,0.8857,0.9613,0.8096,0.7179,0.7508
2026-08-21,-77.14,-31.76,0.789,0.7806,0.7839,0.871,6.53,205.4,-17.8,0.0986,-0.106,-0.5,0.8857,0.9613,0.7115,0.7439,0.7278
2026-08-21,-77.14,-10.59,0.8262,0.8474,0.8307,0.7699,16.84,36.5,-24.6,0.0529,-0.0487,-0.3,0.8857,0.9613,0.7974,0.7887,0.7765
2026-08-21,-77.14,10.59,0.8199,0.7925,0.8215,0.8522,9.44,88.6,-19.6,0.4009,-0.1464,-2.5,0.8857,0.9613,0.843,0.8617,0.8377
2026-08-21,-77.14,31.76,0.8898,0.8751,0.8449,0.8781,7.68,161.9,-25.7,0.2679,-0.1319,-0.4,0.8857,0.9613,0.8861,0.8973,0.8606
2026-08-21,-77.14,52.94,0.8501,0.8823,0.9055,0.9236,5.48,178.7,-24.8,0.1708,-0.152,-0.6,0.8857,0.9613,0.859,0.8668,0.8668
2026-08-21,-77.14,74.12,0.8833,0.8545,0.8427,0.8282,7.84,93.8,-25.1,0.2654,-0.0944,-0.4,0.8857,0.9613,0.8995,0.8712,0.9097
2026-08-21,-77.14,95.29,0.8912,0.8529,0.9194,0.8848,6.79,144.9,-30.5,0.3373,-0.1348,1.4,0.8857,0.9613,0.9146,0.8503,0.8948
2026-08-21,-77.14,116.47,0.8262,0.8482,0.8325,0.8523,13.4,248.6,-19.8,0.3001,0.1918,-0.1,0.8857,0.9613,0.8306,0.8332,0.8764
2026-08-21,-77.14,137.65,0.8226,0.8379,0.7433,0.8292,11.53,355.4,-27.5,0.2038,-0.0079,-0.3,0.8857,0.9613,0.8377,0.8375,0.8022
2026-08-21,-77.14,158.82,0.7877,0.7871,0.7801,0.7411,15.73,304.7,-24.9,0.063,0.1024,-1.4,0.8857,0.9613,0.8116,0.7443,0.7724
2026-08-21,-77.14,180.0,0.7328,0.7953,0.6525,0.7448,7.87,181.7,-21.8,0.053,0.2219,-2.8,0.8857,0.9613,0.732,0.7483,0.7833
2026-08-21,-75.71,-180.0,0.7416,0.7344,0.6354,0.6937,17.61,247.1,-16.0,0.3082,-0.0421,-0.3,0.8286,0.9613,0.7086,0.7088,0.6965
2026-08-21,-75.71,-158.82,0.632,0.6193,0.6569,0.6319,5.81,250.5,-23.0,0.1761,-0.1042,0.3,0.8286,0.9613,0.5833,0.6733,0.6108
2026-08-21,-75.71,-137.65,0.629,0.6373,0.6575,0.6197,10.54,240.8,-20.1,0.237,0.1242,0.2,0.8286,0.9613,0.7005,0.6461,0.5856
2026-08-21,-75.71,-116.47,0.563,0.6694,0.5923,0.6928,16.62,278.6,-23.6,0.2731,-0.0572,0.1,0.8286,0.9613,0.6709,0.6176,0.6251
2026-08-21,-75.71,-95.29,0.6697,0.6442,0.6436,0.6807,16.54,16.7,-22.0,0.0963,0.0194,-0.4,0.8286,0.9613,0.6505,0.6934,0.5877
2026-08-21,-75.71,-74.12,0.6436,0.6867,0.6334,0.6114,9.39,236.0,-25.1,0.1821,-0.0554,1.4,0.8286,0.9613,0.6785,0.6119,0.7524
2026-08-21,-75.71,-52.94,0.7766,0.6687,0.7047,0.6869,11.14,146.8,-22.1,0.3024,0.2359,-1.1,0.8286,0.9613,0.665,0.7453,0.685
2026-08-21,-75.71,-31.76,0.7639,0.6465,0.7933,0.7155,10.58,127.7,-19.2,0.2603,-0.1879,-2.3,0.8286,0.9613,0.7031,0.7224,0.7808
2026-08-21,-75.71,-10.59,0.6902,0.6966,0.7935,0.7249,12.02,318.5,-24.0,0.1598,-0.3196,-1.1,0.8286,0.9613,0.7408,0.7546,0.8008
2026-08-21,-75.71,10.59,0.7506,0.7831,0.7823,0.7795,6.94,352.1,-23.0,0.2547,-0.1017,0.3,0.8286,0.9613,0.8047,0.7161,0.8806
2026-08-21,-75.71,31.76,0.797,0.8447,0.8365,0.817,6.75,122.7,-23.4,0.2397,-0.136,-2.6,0.8286,0.9613,0.8701,0.815,0.8357
2026-08-21,-75.71,52.94,0.8225,0.9207,0.9352,0.8441,17.82,306.0,-23.4,0.2423,0.2193,0.1,0.8286,0.9613,0.8425,0.85,0.8946
2026-08-21,-75.71,74.12,0.8064,0.7794,0.9122,0.8151,16.31,103.3,-26.5,0.361,0.1715,-0.7,0.8286,0.9613,0.9225,0.8396,0.8231
2026-08-21,-75.71,95.29,0.7893,0.876,0.8438,1.0,9.6,64.1,-17.5,0.393,0.2312,0.9,0.8286,0.9613,0.8327,0.8208,0.8384
2026-08-21,-75.71,116.47,0.776,0.8138,0.7538,0.7903,10.35,281.4,-20.0,0.1976,-0.103,-0.9,0.8286,0.9613,0.8432,0.8129,0.7213
2026-08-21,-75.71,137.65,0.733,0.7727,0.7238,0.7899,6.67,109.7,-18.1,0.2651,-0.1735,-1.8,0.8286,0.9613,0.7682,0.7165,0.7225
2026-08-21,-75.71,158.82,0.7736,0.7332,0.7582,0.6536,5.63,306.6,-22.5,0.2089,-0.288,-0.5,0.8286,0.9613,0.7208,0.7342,0.7429
2026-08-21,-75.71,180.0,0.7924,0.6417,0.6395,0.7032,10.98,207.3,-19.9,0.0739,-0.0435,0.6,0.8286,0.9613,0.6857,0.6809,0.6142
2026-08-21,-74.29,-180.0,0.598,0.5751,0.6471,0.5866,9.91,48.3,-23.6,0.3534,-0.1655,1.5,0.7714,0.9613,0.5757,0.6442,0.6551
2026-08-21,-74.29,-158.82,0.7032,0.6506,0.5547,0.6385,9.16,123.6,-19.1,0.2286,0.2115,-0.5,0.7714,0.9613,0.6058,0.6216,0.6237
2026-08-21,-74.29,-137.65,0.5978,0.5889,0.6213,0.6215,14.18,75.2,-16.7,0.1537,0.0101,2.4,0.7714,0.9613,0.5463,0.5637,0.6158
2026-08-21,-74.29,-116.47,0.5984,0.5458,0.595,0.5572,15.16,110.1,-21.4,0.4166,-0.0707,-0.6,0.7714,0.9613,0.5945,0.5679,0.5185
2026-08-21,-74.29,-95.29,0.6065,0.647,0.587,0.618,11.97,168.6,-21.4,0.1205,-0.2805,1.9,0.7714,0.9613,0.5889,0.5445,0.5843
2026-08-21,-74.29,-74.12,0.6166,0.6136,0.6439,0.5948,11.93,295.4,-19.5,0.183,-0.2859,0.1,0.7714,0.9613,0.6428,0.5931,0.7244
2026-08-21,-74.29,-52.94,0.6537,0.6329,0.5532,0.5646,13.04,11.9,-17.9,0.4417,0.0309,-0.4,0.7714,0.9613,0.6434,0.6188,0.6943
2026-08-21,-74.29,-31.76,0.6781,0.7205,0.6713,0.6448,10.75,46.2,-19.9,0.2479,0.0618,1.1,0.7714,0.9613,0.7413,0.6934,0.7128
2026-08-21,-74.29,-10.59,0.7247,0.7356,0.7049,0.7013,14.89,237.6,-18.5,0.2419,0.1377,1.6,0.7714,0.9613,0.7114,0.7659,0.7262
2026-08-21,-74.29,10.59,0.7446,0.7615,0.6396,0.77,12.91,316.2,-17.3,0.1719,0.0478,0.6,0.7714,0.9613,0.7603,0.723,0.7714
2026-08-21,-74.29,31.76,0.8701,0.6697,0.7109,0.7813,10.06,197.7,-23.2,0.3108,-0.1752,0.5,0.7714,0.9613,0.8566,0.7628,0.7781
2026-08-21,-74.29,52.94,0.7389,0.8324,0.787,0.7945,7.57,3.3,-20.2,0.0824,-0.0034,1.1,0.7714,0.9613,0.7836,0.7579,0.8089
2026-08-21,-74.29,74.12,0.7591,0.8277,0.767,0.8096,17.68,184.4,-23.7,0.2805,0.2183,1.1,0.7714,0.9613,0.7248,0.8091,0.8535
2026-08-21,-74.29,95.29,0.8093,0.8046,0.7501,0.813,10.06,158.9,-18.5,0.0956,-0.1014,1.1,0.7714,0.9613,0.7118,0.7585,0.7418
2026-08-21,-74.29,116.47,0.7168,0.7068,0.78,0.7154,11.85,338.5,-24.9,0.2957,-0.0111,3.0,0.7714,0.9613,0.6914,0.751,0.7674
2026-08-21,-74.29,137.65,0.6429,0.666,0.7265,0.7663,9.68,24.0,-24.0,0.2256,0.1804,0.9,0.7714,0.9613,0.7626,0.7573,0.7434
2026-08-21,-74.29,158.82,0.7115,0.6703,0.7119,0.6636,7.99,206.9,-20.8,0.0812,0.024,1.2,0.7714,0.9613,0.6619,0.6504,0.6084
2026-08-21,-74.29,180.0,0.6527,0.6406,0.5986,0.584,17.65,88.6,-16.1,0.3128,-0.0018,0.5,0.7714,0.9613,0.615,0.6233,0.6333
2026-08-21,-72.86,-180.0,0.6244,0.5673,0.6263,0.6156,8.24,95.3,-17.6,0.0982,0.0215,0.0,0.7143,0.9613,0.5104,0.5568,0.5822
2026-08-21,-72.86,-158.82,0.5422,0.5602,0.595,0.5178,6.24,16.0,-25.2,0.3688,-0.1268,1.3,0.7143,0.9613,0.542,0.5464,0.5505
2026-08-21,-72.86,-137.65,0.5716,0.4716,0.5274,0.543,8.31,356.8,-16.1,0.1681,0.0541,1.4,0.7143,0.9613,0.5779,0.5723,0.5182
2026-08-21,-72.86,-116.47,0.5164,0.5601,0.551,0.5275,11.49,134.7,-21.3,0.1195,0.0382,0.7,0.7143,0.9613,0.603,0.4744,0.4946
2026-08-21,-72.86,-95.29,0.5185,0.5543,0.5199,0.5356,8.1,10.7,-16.8,0.0849,0.0956,2.1,0.7143,0.9613,0.4891,0.57,0.5494
2026-08-21,-72.86,-74.12,0.588,0.5659,0.5727,0.5973,6.01,314.6,-20.5,0.407,0.0854,2.5,0.7143,0.9613,0.5906,0.5201,0.5711
2026-08-21,-72.86,-52.94,0.6394,0.63,0.548,0.6025,12.37,305.9,-20.0,0.0824,0.0568,2.3,0.7143,0.9613,0.6046,0.5823,0.6018
2026-08-21,-72.86,-31.76,0.5761,0.6511,0.6561,0.675,17.8,154.7,-16.9,0.0995,-0.0947,1.0,0.7143,0.9613,0.6186,0.6234,0.6521
2026-08-21,-72.86,-10.59,0.6365,0.6651,0.6641,0.6411,6.57,295.9,-18.5,0.2736,0.4304,1.1,0.7143,0.9613,0.6775,0.6564,0.6767
2026-08-21,-72.86,10.59,0.6857,0.7072,0.6946,0.6295,5.72,326.3,-17.9,0.4188,-0.0602,-0.2,0.7143,0.9613,0.7326,0.7709,0.7137
2026-08-21,-72.86,31.76,0.7239,0.7356,0.7777,0.7025,12.82,19.2,-20.8,0.1001,-0.0025,0.7,0.7143,0.9613,0.7155,0.7467,0.7309
2026-08-21,-72.86,52.94,0.715,0.7186,0.7462,0.7528,10.58,21.7,-21.9,0.2771,-0.1065,0.5,0.7143,0.9613,0.7484,0.7331,0.7527
2026-08-21,-72.86,74.12,0.7348,0.6324,0.7214,0.7034,15.69,21.7,-21.0,0.3918,-0.0249,0.3,0.7143,0.9613,0.6669,0.7443,0.7314
2026-08-21,-72.86,95.29,0.7232,0.7594,0.7948,0.7113,5.98,139.7,-18.6,0.0957,0.097,2.5,0.7143,0.9613,0.7388,0.7062,0.6339
2026-08-21,-72.86,116.47,0.6302,0.6716,0.6697,0.7216,10.1,148.5,-18.8,0.3313,-0.1827,0.4,0.7143,0.9613,0.7202,0.7168,0.7356
2026-08-21,-72.86,137.65,0.7157,0.6981,0.6947,0.6326,9.23,193.8,-20.5,0.1363,0.0544,-0.6,0.7143,0.9613,0.6175,0.6638,0.6152
2026-08-21,-72.86,158.82,0.6396,0.5897,0.588,0.638,8.69,339.5,-22.1,0.1169,0.0046,0.9,0.7143,0.9613,0.5698,0.5761,0.6429
2026-08-21,-72.86,180.0,0.6083,0.6125,0.5446,0.5893,9.09,223.8,-22.3,0.1405,-0.2177,1.9,0.7143,0.9613,0.691,0.5496,0.5527
2026-08-21,-71.43,-180.0,0.4878,0.5833,0.4899,0.5543,12.49,221.7,-20.7,0.3749,0.2116,0.3,0.6571,0.9613,0.5204,0.5078,0.5294
2026-08-21,-71.43,-158.82,0.488,0.4675,0.5417,0.455,17.28,161.1,-17.5,0.241,0.1387,1.7,0.6571,0.9613,0.5763,0.4776,0.5096
2026-08-21,-71.43,-137.65,0.4278,0.5046,0.4692,0.5167,6.9,272.8,-17.2,0.1516,0.0538,3.1,0.6571,0.9613,0.4952,0.483,0.4849
2026-08-21,-71.43,-116.47,0.5071,0.5279,0.5207,0.5056,13.02,142.8,-17.0,0.0846,0.244,1.5,0.6571,0.9613,0.5105,0.4411,0.4768
2026-08-21,-71.43,-95.29,0.4543,0.466,0.485,0.5104,13.24,197.4,-18.5,0.3076,0.1008,0.6,0.6571,0.9613,0.5455,0.4539,0.518
2026-08-21,-71.43,-74.12,0.5452,0.5854,0.5172,0.4654,16.08,117.8,-15.6,0.2564,0.0062,-0.2,0.6571,0.9613,0.5373,0.5606,0.53
2026-08-21,-71.43,-52.94,0.5283,0.5091,0.507,0.652,9.62,106.2,-16.9,0.2446,-0.0305,2.4,0.6571,0.9613,0.4751,0.52,0.5983
2026-08-21,-71.43,-31.76,0.5025,0.5186,0.5869,0.558,9.81,117.1,-14.0,0.1428,-0.0606,0.7,0.6571,0.9613,0.5805,0.551,0.5987
2026-08-21,-71.43,-10.59,0.5996,0.5954,0.7008,0.5988,16.45,117.0,-24.2,0.4291,0.1661,1.8,0.6571,0.9613,0.6227,0.5865,0.6298
2026-08-21,-71.43,10.59,0.6772,0.7102,0.6623,0.6093,5.5,191.4,-18.4,0.3753,-0.0865,1.4,0.6571,0.9613,0.6166,0.6198,0.6464
2026-08-21,-71.43,31.76,0.717,0.6579,0.7177,0.6403,7.32,119.6,-13.1,0.2895,0.0899,2.8,0.6571,0.9613,0.5668,0.597,0.6463
2026-08-21,-71.43,52.94,0.6906,0.7185,0.6697,0.6364,13.59,24.9,-18.3,0.2011,0.0255,2.0,0.6571,0.9613,0.6966,0.6741,0.6833
2026-08-21,-71.43,74.12,0.7384,0.6942,0.7424,0.6383,9.15,356.3,-21.2,0.1685,-0.0481,1.2,0.6571,0.9613,0.7149,0.6727,0.6635
2026-08-21,-71.43,95.29,0.6246,0.6505,0.6371,0.6552,13.16,71.2,-16.1,0.2341,0.1196,1.5,0.6571,0.9613,0.6517,0.6532,0.6202
2026-08-21,-71.43,116.47,0.6467,0.6102,0.6539,0.609,12.21,191.5,-23.7,0.4311,-0.2173,0.4,0.6571,0.9613,0.6182,0.6353,0.6308
2026-08-21,-71.43,137.65,0.6272,0.6335,0.641,0.6161,10.88,116.4,-16.2,0.2294,0.3619,2.3,0.6571,0.9613,0.6517,0.6166,0.603
2026-08-21,-71.43,158.82,0.5924,0.5801,0.5948,0.6091,11.24,190.3,-19.9,0.4493,0.0963,0.9,0.6571,0.9613,0.4892,0.5823,0.5252
2026-08-21,-71.43,180.0,0.6086,0.5207,0.5377,0.601,5.16,161.0,-22.0,0.0512,-0.1102,1.8,0.6571,0.9613,0.4965,0.473,0.4941
2026-08-21,-70.0,-180.0,0.4992,0.5246,0.4638,0.521,12.42,202.7,-16.7,0.4027,-0.1301,2.7,0.6,0.9613,0.501,0.5866,0.4863
2026-08-21,-70.0,-158.82,0.4348,0.4017,0.4662,0.5112,16.58,182.3,-14.6,0.3585,0.1652,1.6,0.6,0.9613,0.4001,0.5018,0.4533
2026-08-21,-70.0,-137.65,0.4426,0.438,0.4687,0.4288,14.16,342.6,-21.4,0.0923,0.096,1.8,0.6,0.9613,0.4577,0.4723,0.4711
2026-08-21,-70.0,-116.47,0.4557,0.4702,0.4198,0.4448,6.45,30.5,-21.6,0.3913,0.0753,2.8,0.6,0.9613,0.4801,0.4351,0.3588
2026-08-21,-70.0,-95.29,0.4699,0.433,0.4188,0.4352,7.48,270.0,-18.8,0.4362,0.0705,2.5,0.6,0.9613,0.3523,0.4594,0.4394
2026-08-21,-70.0,-74.12,0.5236,0.4207,0.4566,0.4458,17.03,127.8,-20.3,0.1949,0.1521,3.0,0.6,0.9613,0.5013,0.492,0.4282
2026-08-21,-70.0,-52.94,0.5727,0.4511,0.5199,0.4293,9.81,89.3,-16.9,0.2305,0.1448,2.1,0.6,0.9613,0.4743,0.5004,0.5183
2026-08-21,-70.0,-31.76,0.6131,0.5255,0.464,0.4839,16.97,22.2,-18.9,0.2664,-0.1415,2.0,0.6,0.9613,0.5488,0.5613,0.5163
2026-08-21,-70.0,-10.59,0.5619,0.631,0.5664,0.5979,12.33,18.9,-20.8,0.231,0.1313,3.4,0.6,0.9613,0.5437,0.5131,0.5458
2026-08-21,-70.0,10.59,0.5538,0.6144,0.5208,0.6067,5.32,119.1,-14.7,0.1473,0.1465,2.6,0.6,0.9613,0.5474,0.5846,0.5804
2026-08-21,-70.0,31.76,0.5916,0.5829,0.64,0.6427,9.26,336.0,-19.8,0.3925,0.094,2.2,0.6,0.9613,0.6767,0.6679,0.6224
2026-08-21,-70.0,52.94,0.6095,0.6307,0.6851,0.7245,13.23,179.3,-18.9,0.1289,0.1502,2.0,0.6,0.9613,0.611,0.6104,0.6018
2026-08-21,-70.0,74.12,0.6058,0.6179,0.6093,0.65,14.1,286.9,-10.2,0.308,0.0924,2.9,0.6,0.9613,0.5928,0.6759,0.5733
2026-08-21,-70.0,95.29,0.6026,0.6581,0.6077,0.5991,17.03,302.0,-18.7,0.3997,0.1843,1.3,0.6,0.9613,0.645,0.6097,0.6693
2026-08-21,-70.0,116.47,0.5797,0.5893,0.5107,0.5723,15.03,226.8,-10.6,0.3741,0.0389,2.7,0.6,0.9613,0.5861,0.5605,0.6353
2026-08-21,-70.0,137.65,0.5575,0.5977,0.5752,0.5826,15.0,126.2,-16.0,0.2215,0.142,1.8,0.6,0.9613,0.5406,0.5719,0.5909
2026-08-21,-70.0,158.82,0.4764,0.5378,0.5633,0.4877,11.67,34.5,-18.7,0.2713,0.1485,3.3,0.6,0.9613,0.475,0.5664,0.5192
2026-08-21,-70.0,180.0,0.4807,0.5062,0.5098,0.5478,10.34,203.8,-19.0,0.4005,-0.0269,2.4,0.6,0.9613,0.507,0.5042,0.4759
2026-08-21,-68.57,-180.0,0.4513,0.3739,0.4629,0.3267,14.1,358.8,-18.6,0.3263,0.0647,1.8,0.5429,0.9613,0.466,0.4451,0.4642
2026-08-21,-68.57,-158.82,0.3948,0.4167,0.3749,0.4798,10.75,271.2,-11.2,0.3097,0.035,0.4,0.5429,0.9613,0.4049,0.4162,0.4269
2026-08-21,-68.57,-137.65,0.3618,0.3964,0.4599,0.4461,16.71,172.8,-18.2,0.2407,0.3084,1.2,0.5429,0.9613,0.418,0.3482,0.398
2026-08-21,-68.57,-116.47,0.4624,0.394,0.3092,0.34,6.23,223.9,-17.0,0.1185,0.3424,2.4,0.5429,0.9613,0.3949,0.4253,0.3477
2026-08-21,-68.57,-95.29,0.3893,0.394,0.5274,0.3819,12.12,265.4,-19.9,0.4237,0.0402,2.0,0.5429,0.9613,0.4248,0.4101,0.4417
2026-08-21,-68.57,-74.12,0.3878,0.3443,0.2661,0.4795,7.64,90.5,-11.1,0.3349,-0.043,3.1,0.5429,0.9613,0.4586,0.4344,0.3991
2026-08-21,-68.57,-52.94,0.4312,0.4512,0.4843,0.4558,9.66,210.1,-13.7,0.1165,-0.077,1.9,0.5429,0.9613,0.3713,0.418,0.4621
2026-08-21,-68.57,-31.76,0.5192,0.507,0.4604,0.5565,10.88,322.1,-17.3,0.2996,0.1835,3.7,0.5429,0.9613,0.5561,0.4725,0.4679
2026-08-21,-68.57,-10.59,0.5279,0.5004,0.5182,0.5413,12.07,280.5,-11.6,0.0561,0.2069,2.4,0.5429,0.9613,0.5079,0.5157,0.4646
2026-08-21,-68.57,10.59,0.5029,0.433,0.5579,0.596,14.17,328.3,-19.3,0.055,0.1897,3.8,0.5429,0.9613,0.6229,0.5285,0.6445
2026-08-21,-68.57,31.76,0.5304,0.5658,0.5867,0.6127,13.79,15.7,-12.7,0.0724,0.1791,3.7,0.5429,0.9613,0.5577,0.5894,0.5527
2026-08-21,-68.57,52.94,0.5102,0.5792,0.5445,0.6326,17.49,287.8,-15.2,0.2218,-0.0266,2.2,0.5429,0.9613,0.5544,0.5322,0.5805
2026-08-21,-68.57,74.12,0.5212,0.5139,0.6486,0.5728,9.96,312.5,-14.8,0.3784,-0.0714,3.2,0.5429,0.9613,0.6375,0.5332,0.611
2026-08-21,-68.57,95.29,0.6288,0.528,0.64,0.5538,16.8,291.4,-13.8,0.2041,0.1358,2.4,0.5429,0.9613,0.5637,0.6071,0.5503
2026-08-21,-68.57,116.47,0.5718,0.5577,0.5068,0.6039,12.52,294.4,-15.0,0.1619,0.0799,2.1,0.5429,0.9613,0.5743,0.5009,0.5498
2026-08-21,-68.57,137.65,0.4644,0.5765,0.4673,0.4779,16.81,97.9,-12.6,0.2796,0.1506,3.5,0.5429,0.9613,0.5314,0.5706,0.5333
2026-08-21,-68.57,158.82,0.4837,0.4872,0.5115,0.5388,5.84,166.4,-13.4,0.2981,-0.1319,2.7,0.5429,0.9613,0.4525,0.4695,0.399
2026-08-21,-68.57,180.0,0.4367,0.4044,0.4223,0.435,16.1,82.7,-14.8,0.0905,-0.1198,0.9,0.5429,0.9613,0.4345,0.5333,0.4011
2026-08-21,-67.14,-180.0,0.3833,0.3446,0.4075,0.3298,7.44,51.9,-13.8,0.1821,0.0748,2.6,0.4857,0.9613,0.3746,0.421,0.3646
2026-08-21,-67.14,-158.82,0.3731,0.3333,0.3801,0.3679,8.3,19.9,-14.9,0.2385,-0.0875,2.4,0.4857,0.9613,0.3738,0.351,0.3316
2026-08-21,-67.14,-137.65,0.3279,0.3064,0.3945,0.3458,10.68,209.8,-14.9,0.1572,-0.0991,3.0,0.4857,0.9613,0.3123,0.3548,0.2826
2026-08-21,-67.14,-116.47,0.3777,0.3035,0.2783,0.3163,7.04,272.2,-19.4,0.0535,0.109,1.9,0.4857,0.9613,0.2781,0.4256,0.3574
2026-08-21,-67.14,-95.29,0.3837,0.3063,0.3251,0.3763,10.7,357.6,-14.8,0.3557,0.083,4.2,0.4857,0.9613,0.34,0.3235,0.3702
2026-08-21,-67.14,-74.12,0.2716,0.3738,0.3403,0.3205,8.67,116.6,-20.1,0.0685,0.0343,5.3,0.4857,0.9613,0.3793,0.3113,0.3611
2026-08-21,-67.14,-52.94,0.3416,0.3898,0.3974,0.398,17.27,8.8,-9.2,0.1997,0.0275,3.1,0.4857,0.9613,0.3988,0.3534,0.322
2026-08-21,-67.14,-31.76,0.4203,0.3988,0.4731,0.4296,5.57,272.0,-15.5,0.2661,-0.3759,0.6,0.4857,0.9613,0.4218,0.4331,0.4065
2026-08-21,-67.14,-10.59,0.468,0.4802,0.4582,0.4395,15.17,256.9,-12.8,0.3324,-0.1846,3.3,0.4857,0.9613,0.4394,0.4767,0.4023
2026-08-21,-67.14,10.59,0.4787,0.5525,0.5755,0.5233,6.65,199.1,-11.7,0.2875,0.1076,2.7,0.4857,0.9613,0.4805,0.4231,0.5286
2026-08-21,-67.14,31.76,0.5159,0.5062,0.6037,0.5787,8.83,316.1,-6.4,0.1997,0.0646,1.1,0.4857,0.9613,0.4724,0.5139,0.5498
2026-08-21,-67.14,52.94,0.5867,0.4558,0.559,0.4935,17.4,299.7,-17.5,0.4396,0.0173,0.5,0.4857,0.9613,0.4905,0.5939,0.5293
2026-08-21,-67.14,74.12,0.5061,0.5061,0.553,0.5036,9.49,279.1,-12.2,0.2056,-0.0428,2.7,0.4857,0.9613,0.5137,0.5546,0.5269
2026-08-21,-67.14,95.29,0.5356,0.4883,0.5716,0.5584,8.9,308.5,-17.3,0.3344,0.1241,1.6,0.4857,0.9613,0.5209,0.5484,0.5263
2026-08-21,-67.14,116.47,0.4809,0.5333,0.4987,0.5066,15.75,86.0,-11.4,0.277,-0.1262,3.3,0.4857,0.9613,0.4917,0.4174,0.4152
2026-08-21,-67.14,137.65,0.4559,0.4127,0.4553,0.3993,15.25,305.1,-11.5,0.1377,0.1245,3.8,0.4857,0.9613,0.4954,0.4573,0.4743
2026-08-21,-67.14,158.82,0.4233,0.432,0.3911,0.4199,9.05,159.2,-15.1,0.3419,-0.0541,1.8,0.4857,0.9613,0.3802,0.3604,0.4474
2026-08-21,-67.14,180.0,0.4039,0.4815,0.3877,0.4138,15.75,165.3,-9.3,0.3263,-0.2748,4.4,0.4857,0.9613,0.3134,0.4154,0.3553
2026-08-21,-65.71,-180.0,0.2552,0.34,0.3195,0.2887,12.52,345.2,-15.6,0.2456,-0.0125,3.9,0.4286,0.9613,0.3889,0.2609,0.3426
2026-08-21,-65.71,-158.82,0.308,0.345,0.255,0.3089,17.98,261.0,-16.5,0.4071,0.0181,4.1,0.4286,0.9613,0.3291,0.3115,0.3376
2026-08-21,-65.71,-137.65,0.3479,0.2629,0.3201,0.2704,9.82,339.4,-14.6,0.3404,-0.2594,2.2,0.4286,0.9613,0.2993,0.2535,0.2942
2026-08-21,-65.71,-116.47,0.2104,0.2971,0.2658,0.2366,13.94,126.9,-9.6,0.381,-0.1422,4.4,0.4286,0.9613,0.356,0.2824,0.3009
2026-08-21,-65.71,-95.29,0.2649,0.2921,0.2343,0.2454,13.51,186.1,-15.1,0.1631,-0.1046,3.2,0.4286,0.9613,0.3065,0.2727,0.2243
2026-08-21,-65.71,-74.12,0.2733,0.3459,0.2801,0.3441,16.81,211.8,-15.1,0.1795,-0.1912,4.8,0.4286,0.9613,0.2757,0.2647,0.2811
2026-08-21,-65.71,-52.94,0.382,0.3162,0.3492,0.3534,16.47,242.0,-9.1,0.2978,0.0772,3.1,0.4286,0.9613,0.3451,0.3818,0.3902
2026-08-21,-65.71,-31.76,0.3702,0.3058,0.3781,0.3541,8.59,189.7,-9.3,0.2224,-0.0965,4.9,0.4286,0.9613,0.3813,0.3515,0.4159
2026-08-21,-65.71,-10.59,0.352,0.421,0.4025,0.4014,9.98,300.3,-22.4,0.2944,0.0525,4.5,0.4286,0.9613,0.4622,0.4107,0.4149
2026-08-21,-65.71,10.59,0.4939,0.4523,0.4921,0.4639,15.31,358.2,-11.3,0.2846,0.0892,3.1,0.4286,0.9613,0.4576,0.4374,0.4441
2026-08-21,-65.71,31.76,0.4696,0.4187,0.4053,0.3761,14.38,306.7,-12.8,0.3844,0.1037,3.0,0.4286,0.9613,0.4839,0.5042,0.4414
2026-08-21,-65.71,52.94,0.5336,0.4638,0.4228,0.4245,15.74,203.7,-15.1,0.2729,-0.0589,1.6,0.4286,0.9613,0.5215,0.4529,0.5366
2026-08-21,-65.71,74.12,0.5282,0.5122,0.5253,0.5224,6.55,172.3,-13.4,0.2463,0.0958,2.8,0.4286,0.9613,0.4433,0.4577,0.4307
2026-08-21,-65.71,95.29,0.3965,0.4406,0.4458,0.4827,10.53,139.2,-16.2,0.1983,-0.061,4.6,0.4286,0.9613,0.4587,0.3758,0.4528
2026-08-21,-65.71,116.47,0.4043,0.4898,0.4542,0.4061,15.84,222.6,-8.9,0.1754,-0.1961,4.4,0.4286,0.9613,0.4288,0.4051,0.4688
2026-08-21,-65.71,137.65,0.3558,0.3522,0.3765,0.4276,13.22,305.3,-14.1,0.3373,0.1002,2.0,0.4286,0.9613,0.4761,0.4376,0.4408
2026-08-21,-65.71,158.82,0.2947,0.3636,0.3888,0.387,17.54,272.1,-10.8,0.3507,0.2189,1.7,0.4286,0.9613,0.4073,0.3767,0.3665
2026-08-21,-65.71,180.0,0.2943,0.3452,0.3983,0.3164,8.96,270.2,-9.3,0.3703,0.0359,3.4,0.4286,0.9613,0.3527,0.3492,0.3467
2026-08-21,-64.29,-180.0,0.2535,0.2722,0.2984,0.2276,9.78,245.1,-10.4,0.0867,-0.3193,4.6,0.3714,0.9613,0.3233,0.2558,0.3034
2026-08-21,-64.29,-158.82,0.1806,0.2806,0.2229,0.233,9.69,34.0,-13.2,0.3792,0.1177,3.6,0.3714,0.9613,0.2905,0.2083,0.2111
2026-08-21,-64.29,-137.65,0.2286,0.1736,0.171,0.2273,12.5,154.7,-13.8,0.2194,0.378,4.1,0.3714,0.9613,0.273,0.1972,0.3455
2026-08-21,-64.29,-116.47,0.2697,0.1635,0.2647,0.2575,5.95,3.7,-16.4,0.3659,0.2828,5.0,0.3714,0.9613,0.2846,0.2831,0.2841
2026-08-21,-64.29,-95.29,0.3115,0.2668,0.3048,0.209,8.1,237.3,-11.2,0.2931,0.1813,4.0,0.3714,0.9613,0.2662,0.2187,0.2592
2026-08-21,-64.29,-74.12,0.3006,0.278,0.2618,0.2433,15.4,148.9,-12.4,0.3344,-0.0897,4.4,0.3714,0.9613,0.202,0.1907,0.2278
2026-08-21,-64.29,-52.94,0.2842,0.2263,0.2523,0.318,14.08,188.1,-6.8,0.271,-0.0805,4.8,0.3714,0.9613,0.2842,0.3378,0.2832
2026-08-21,-64.29,-31.76,0.3018,0.2568,0.3502,0.3504,9.61,274.1,-14.4,0.191,-0.0199,4.5,0.3714,0.9613,0.3753,0.3047,0.3534
2026-08-21,-64.29,-10.59,0.3332,0.3784,0.3877,0.4045,9.19,326.0,-13.9,0.2747,0.1877,4.7,0.3714,0.9613,0.3231,0.3721,0.3366
2026-08-21,-64.29,10.59,0.3319,0.3548,0.4448,0.3861,14.92,248.2,-15.4,0.1084,0.1845,3.9,0.3714,0.9613,0.4902,0.3384,0.4129
2026-08-21,-64.29,31.76,0.3866,0.3764,0.4298,0.3409,15.7,274.5,-14.3,0.1416,-0.0029,4.8,0.3714,0.9613,0.4601,0.4089,0.4395
2026-08-21,-64.29,52.94,0.4364,0.3862,0.4365,0.3854,7.51,196.6,-16.7,0.214,0.0035,3.2,0.3714,0.9613,0.3974,0.3949,0.4316
2026-08-21,-64.29,74.12,0.4313,0.4924,0.465,0.3681,10.51,359.6,-14.8,0.2883,0.0407,5.0,0.3714,0.9613,0.4103,0.3364,0.4759
2026-08-21,-64.29,95.29,0.4895,0.4614,0.3773,0.3718,11.63,185.7,-13.8,0.1059,0.0816,4.7,0.3714,0.9613,0.4163,0.4513,0.4953
2026-08-21,-64.29,116.47,0.4087,0.4168,0.3899,0.4136,13.0,97.7,-12.2,0.2815,-0.334,4.5,0.3714,0.9613,0.39,0.4221,0.3408
2026-08-21,-64.29,137.65,0.4516,0.4028,0.3273,0.3919,16.01,187.4,-11.8,0.1774,0.0711,3.6,0.3714,0.9613,0.3915,0.3277,0.3791
2026-08-21,-64.29,158.82,0.3542,0.2742,0.3399,0.2294,12.08,173.4,-8.0,0.097,-0.0957,2.6,0.3714,0.9613,0.3075,0.2733,0.3462
2026-08-21,-64.29,180.0,0.249,0.2417,0.3256,0.3547,6.96,274.8,-13.1,0.0546,0.3326,5.9,0.3714,0.9613,0.2356,0.3044,0.343
2026-08-21,-62.86,-180.0,0.1789,0.2715,0.2495,0.2312,13.38,291.4,-7.3,0.3026,0.0648,4.1,0.3143,0.9613,0.2251,0.1705,0.1838
2026-08-21,-62.86,-158.82,0.1931,0.1591,0.2052,0.1486,8.41,228.2,-12.3,0.3179,-0.1305,3.0,0.3143,0.9613,0.1423,0.1549,0.15
2026-08-21,-62.86,-137.65,0.1609,0.0991,0.1275,0.1488,7.26,223.1,-7.0,0.3515,-0.1562,4.4,0.3143,0.9613,0.2341,0.1718,0.1686
2026-08-21,-62.86,-116.47,0.2241,0.1421,0.0916,0.225,8.97,305.5,-10.5,0.1982,0.2167,6.4,0.3143,0.9613,0.1533,0.1796,0.1863
2026-08-21,-62.86,-95.29,0.2168,0.1963,0.1525,0.2154,11.6,315.5,-13.3,0.3598,0.0406,6.1,0.3143,0.9613,0.0854,0.1711,0.1952
2026-08-21,-62.86,-74.12,0.207,0.1751,0.2222,0.2318,5.49,101.2,-7.8,0.1659,0.1623,3.4,0.3143,0.9613,0.2729,0.2119,0.2321
2026-08-21,-62.86,-52.94,0.3447,0.2895,0.3016,0.2266,7.11,166.3,-6.0,0.4318,0.0792,2.5,0.3143,0.9613,0.25,0.2283,0.2611
2026-08-21,-62.86,-31.76,0.2801,0.275,0.273,0.2439,16.58,77.5,-13.7,0.197,0.1038,5.6,0.3143,0.9613,0.2339,0.3121,0.1869
2026-08-21,-62.86,-10.59,0.2514,0.3284,0.3533,0.337,8.16,275.4,-9.2,0.23,-0.1629,4.0,0.3143,0.9613,0.3151,0.252,0.3363
2026-08-21,-62.86,10.59,0.3623,0.4042,0.3896,0.3259,15.98,296.3,-15.9,0.2921,-0.0019,4.9,0.3143,0.9613,0.3725,0.2914,0.3992
2026-08-21,-62.86,31.76,0.4067,0.3992,0.2667,0.3736,14.35,252.6,-14.3,0.1458,0.2125,4.7,0.3143,0.9613,0.416,0.34,0.3402
2026-08-21,-62.86,52.94,0.4337,0.3812,0.4303,0.4201,10.99,70.6,-8.9,0.3045,0.0392,3.7,0.3143,0.9613,0.446,0.4115,0.5008
2026-08-21,-62.86,74.12,0.3407,0.4405,0.363,0.353,6.3,54.6,-11.9,0.1959,0.1329,5.0,0.3143,0.9613,0.4116,0.3568,0.448
2026-08-21,-62.86,95.29,0.2871,0.294,0.2837,0.3241,17.08,68.4,-9.2,0.4275,-0.1047,3.7,0.3143,0.9613,0.3246,0.325,0.3385
2026-08-21,-62.86,116.47,0.326,0.3051,0.3585,0.3422,16.75,289.3,-8.8,0.3324,-0.0019,5.3,0.3143,0.9613,0.3083,0.2788,0.2804
2026-08-21,-62.86,137.65,0.303,0.2759,0.3793,0.303,9.88,149.9,-14.0,0.0689,0.1636,3.7,0.3143,0.9613,0.3424,0.2965,0.3379
2026-08-21,-62.86,158.82,0.2533,0.2349,0.3395,0.2187,10.11,38.8,-12.2,0.2994,-0.1147,4.8,0.3143,0.9613,0.2803,0.1921,0.1961
2026-08-21,-62.86,180.0,0.236,0.2151,0.2013,0.1993,10.06,234.0,-8.0,0.2989,0.1532,7.8,0.3143,0.9613,0.2274,0.1432,0.2356
2026-08-21,-61.43,-180.0,0.1161,0.1381,0.1642,0.1682,9.04,132.7,-5.8,0.1955,-0.1214,3.6,0.2571,0.9613,0.2631,0.2521,0.16
2026-08-21,-61.43,-158.82,0.2106,0.175,0.2039,0.1606,17.35,220.3,-15.8,0.1063,-0.2051,4.4,0.2571,0.9613,0.1914,0.139,0.1541
2026-08-21,-61.43,-137.65,0.1716,0.1148,0.1227,0.1802,7.56,106.6,-11.5,0.3354,0.1258,5.2,0.2571,0.9613,0.1163,0.1225,0.1594
2026-08-21,-61.43,-116.47,0.1416,0.1285,0.0811,0.13,17.33,212.9,-8.7,0.0945,0.0146,5.1,0.2571,0.9613,0.0659,0.1982,0.2232
2026-08-21,-61.43,-95.29,0.1184,0.1367,0.1766,0.1374,10.86,59.8,-10.1,0.2388,-0.1454,5.6,0.2571,0.9613,0.2505,0.0857,0.1583
2026-08-21,-61.43,-74.12,0.1938,0.2055,0.1283,0.1816,14.2,123.8,-10.4,0.2046,0.2135,4.9,0.2571,0.9613,0.1853,0.1629,0.1536
2026-08-21,-61.43,-52.94,0.179,0.1137,0.2092,0.1942,9.36,158.8,-10.1,0.161,0.0683,5.1,0.2571,0.9613,0.1817,0.1702,0.2276
2026-08-21,-61.43,-31.76,0.2386,0.2564,0.2262,0.2318,10.46,169.7,-10.7,0.1126,0.1549,4.3,0.2571,0.9613,0.2349,0.2219,0.2391
2026-08-21,-61.43,-10.59,0.2892,0.2023,0.1892,0.291,9.25,153.3,-9.3,0.2435,0.2755,5.3,0.2571,0.9613,0.2775,0.2497,0.2919
2026-08-21,-61.43,10.59,0.3057,0.2336,0.3344,0.219,16.25,88.2,-12.0,0.408,0.019,5.5,0.2571,0.9613,0.2829,0.3504,0.3111
2026-08-21,-61.43,31.76,0.3703,0.3541,0.3457,0.2683,6.92,190.0,-9.4,0.1678,0.003,4.1,0.2571,0.9613,0.2737,0.2767,0.2779
2026-08-21,-61.43,52.94,0.3118,0.2888,0.386,0.2659,13.53,323.8,-7.0,0.2609,0.0236,6.6,0.2571,0.9613,0.3563,0.2959,0.3346
2026-08-21,-61.43,74.12,0.333,0.3154,0.3486,0.355,12.74,149.8,-10.6,0.4354,0.1506,4.1,0.2571,0.9613,0.3437,0.2903,0.3031
2026-08-21,-61.43,95.29,0.334,0.3922,0.3088,0.2985,12.49,156.3,-8.9,0.0511,0.0841,3.9,0.2571,0.9613,0.3049,0.3398,0.3466
2026-08-21,-61.43,116.47,0.3688,0.2903,0.3359,0.3455,15.23,286.7,-12.5,0.2866,-0.0528,3.7,0.2571,0.9613,0.2841,0.2695,0.2487
2026-08-21,-61.43,137.65,0.27,0.3148,0.2482,0.247,7.06,265.0,-7.9,0.2462,-0.0189,5.0,0.2571,0.9613,0.3039,0.2411,0.3184
2026-08-21,-61.43,158.82,0.1745,0.2162,0.217,0.2478,14.81,144.4,-6.6,0.2527,-0.1017,5.2,0.2571,0.9613,0.1995,0.2172,0.2034
2026-08-21,-61.43,180.0,0.232,0.1621,0.2148,0.1392,15.17,145.7,-11.5,0.342,-0.1672,4.2,0.2571,0.9613,0.1506,0.1555,0.0946
2026-08-21,-60.0,-180.0,0.1313,0.1263,0.1696,0.1166,11.38,90.2,-8.3,0.2857,-0.0272,6.4,0.2,0.9613,0.1939,0.1643,0.0663
2026-08-21,-60.0,-158.82,0.0701,0.0397,0.0847,0.1482,12.83,48.8,-9.5,0.0688,0.0816,5.0,0.2,0.9613,0.1575,0.1257,0.1156
2026-08-21,-60.0,-137.65,0.0,0.043,0.0624,0.0814,12.29,157.7,-8.3,0.0881,0.0374,6.2,0.2,0.9613,0.1262,0.1232,0.1018
2026-08-21,-60.0,-116.47,0.0583,0.0215,0.0403,0.0412,17.66,162.6,-5.1,0.2006,-0.2129,6.8,0.2,0.9613,0.0324,0.0767,0.0911
2026-08-21,-60.0,-95.29,0.0952,0.081,0.1554,0.0877,17.21,79.1,-14.3,0.0854,-0.0686,6.6,0.2,0.9613,0.0771,0.0723,0.1112
2026-08-21,-60.0,-74.12,0.116,0.094,0.1247,0.0735,17.47,118.9,-9.5,0.3184,-0.0828,3.1,0.2,0.9613,0.0728,0.0263,0.0878
2026-08-21,-60.0,-52.94,0.1277,0.1315,0.2047,0.1845,14.44,281.2,-11.2,0.4071,0.0831,5.6,0.2,0.9613,0.1515,0.1913,0.1224
2026-08-21,-60.0,-31.76,0.1655,0.1044,0.1366,0.2103,8.66,67.3,-6.1,0.1256,0.0551,5.1,0.2,0.9613,0.2197,0.1946,0.1658
2026-08-21,-60.0,-10.59,0.2552,0.201,0.2116,0.1518,11.03,139.1,-12.0,0.1629,-0.0756,7.0,0.2,0.9613,0.229,0.2212,0.2132
2026-08-21,-60.0,10.59,0.2828,0.2214,0.2057,0.24,17.4,236.2,-7.5,0.1572,0.2337,6.5,0.2,0.9613,0.1624,0.1915,0.2241
2026-08-21,-60.0,31.76,0.3739,0.2471,0.2358,0.3226,6.66,52.6,-13.8,0.0782,-0.0457,5.7,0.2,0.9613,0.2433,0.3047,0.3174
2026-08-21,-60.0,52.94,0.3164,0.2857,0.2714,0.2074,7.8,4.5,-9.8,0.3382,-0.2903,6.1,0.2,0.9613,0.2718,0.2936,0.2388
2026-08-21,-60.0,74.12,0.2657,0.293,0.2463,0.3594,11.19,79.3,-11.2,0.2154,0.0033,4.4,0.2,0.9613,0.2027,0.2349,0.314
2026-08-21,-60.0,95.29,0.2475,0.3026,0.2696,0.2632,5.3,262.9,-11.4,0.1176,-0.0906,7.2,0.2,0.9613,0.242,0.2678,0.2602
2026-08-21,-60.0,116.47,0.2161,0.2597,0.1453,0.2398,11.41,9.7,-8.5,0.1111,0.1693,6.6,0.2,0.9613,0.2841,0.2325,0.2146
2026-08-21,-60.0,137.65,0.188,0.148,0.1939,0.2154,10.78,117.6,-10.3,0.4053,-0.09,6.2,0.2,0.9613,0.1735,0.1892,0.2206
2026-08-21,-60.0,158.82,0.1695,0.1006,0.1839,0.1604,17.68,12.8,-7.8,0.4484,-0.0067,5.2,0.2,0.9613,0.1496,0.0898,0.1888
2026-08-21,-60.0,180.0,0.124,0.0989,0.1173,0.1419,14.31,109.4,-7.5,0.3831,0.0106,5.6,0.2,0.9613,0.088,0.1323,0.1946
2026-08-22,-80.0,-180.0,0.8491,0.8079,0.8493,0.88,9.93,270.6,-25.2,0.2746,-0.1763,-2.9,1.0,0.9579,0.8304,0.9004,0.8024
2026-08-22,-80.0,-158.82,0.7779,0.7871,0.7581,0.8548,14.99,48.2,-25.5,0.3388,-0.1065,-2.1,1.0,0.9579,0.762,0.8734,0.806
2026-08-22,-80.0,-137.65,0.7364,0.8403,0.8308,0.8024,8.08,240.2,-21.9,0.2908,0.1415,-2.6,1.0,0.9579,0.7798,0.7644,0.7564
2026-08-22,-80.0,-116.47,0.8946,0.7335,0.7108,0.8139,15.83,78.6,-21.8,0.3204,0.0172,-2.7,1.0,0.9579,0.7601,0.7894,0.7703
2026-08-22,-80.0,-95.29,0.783,0.77,0.7869,0.8145,12.38,332.6,-27.6,0.1167,0.1208,-2.1,1.0,0.9579,0.8179,0.7953,0.7225
2026-08-22,-80.0,-74.12,0.8084,0.772,0.8112,0.7991,6.66,134.2,-30.3,0.2108,0.0731,-2.2,1.0,0.9579,0.7907,0.8256,0.8245
2026-08-22,-80.0,-52.94,0.9237,0.8713,0.8762,0.8617,11.5,60.8,-22.1,0.2979,0.1111,-0.5,1.0,0.9579,0.8617,0.8465,0.9051
2026-08-22,-80.0,-31.76,0.8684,0.8228,0.8671,0.8792,15.41,63.1,-23.7,0.2732,-0.0489,-2.9,1.0,0.9579,0.8404,0.8017,0.826
2026-08-22,-80.0,-10.59,0.8984,1.0,0.9993,0.8487,6.4,50.1,-24.5,0.3703,-0.0264,-1.1,1.0,0.9579,0.9804,0.9829,0.906
2026-08-22,-80.0,10.59,0.9027,0.9324,0.9964,0.8691,11.5,314.7,-29.8,0.2953,0.1633,-2.1,1.0,0.9579,1.0,0.9215,0.9066
2026-08-22,-80.0,31.76,0.9637,1.0,0.9796,1.0,7.03,39.3,-24.8,0.4203,-0.054,-1.3,1.0,0.9579,1.0,0.9554,0.9229
2026-08-22,-80.0,52.94,0.9704,0.9564,0.9699,0.9613,15.92,116.8,-21.0,0.1108,0.1492,-3.9,1.0,0.9579,0.977,0.9399,0.9995
2026-08-22,-80.0,74.12,0.9469,0.9582,0.9323,1.0,5.42,39.9,-28.0,0.2184,-0.1484,-1.6,1.0,0.9579,1.0,1.0,0.9651
2026-08-22,-80.0,95.29,0.9177,1.0,0.9745,1.0,10.17,313.5,-25.6,0.2836,-0.0162,-2.3,1.0,0.9579,0.922,0.9997,0.9593
2026-08-22,-80.0,116.47,0.9969,0.8678,0.915,0.9421,9.26,214.5,-25.2,0.3063,-0.1769,-3.8,1.0,0.9579,1.0,0.9472,1.0
2026-08-22,-80.0,137.65,0.9026,0.9569,0.9125,0.923,16.11,27.1,-23.6,0.2575,-0.2864,-3.9,1.0,0.9579,0.9089,0.9454,0.8994
2026-08-22,-80.0,158.82,0.8525,0.8849,0.8509,0.8803,7.89,313.5,-29.4,0.1772,0.0793,-0.5,1.0,0.9579,0.8731,0.8403,0.8979
2026-08-22,-80.0,180.0,0.8472,0.8229,0.8423,0.8421,9.07,68.7,-24.6,0.3106,-0.1218,-2.3,1.0,0.9579,0.8028,0.8424,0.8635
2026-08-22,-78.57,-180.0,0.7011,0.7428,0.7185,0.8532,17.28,195.9,-25.3,0.4473,0.0209,-0.7,0.9429,0.9579,0.765,0.7878,0.7646
2026-08-22,-78.57,-158.82,0.7541,0.7656,0.7616,0.8513,15.49,92.6,-21.2,0.3618,0.2411,-2.9,0.9429,0.9579,0.7508,0.725,0.7776
2026-08-22,-78.57,-137.65,0.747,0.772,0.7578,0.7413,9.63,160.5,-24.1,0.078,0.1695,0.2,0.9429,0.9579,0.8787,0.7539,0.6796
2026-08-22,-78.57,-116.47,0.7093,0.8047,0.7484,0.7746,7.64,231.1,-25.6,0.3179,-0.0285,-2.3,0.9429,0.9579,0.6652,0.7146,0.6928
2026-08-22,-78.57,-95.29,0.783,0.7407,0.882,0.6928,6.41,75.8,-20.2,0.3434,0.2279,0.1,0.9429,0.9579,0.7123,0.7779,0.7326
2026-08-22,-78.57,-74.12,0.7904,0.7206,0.8018,0.7217,16.71,238.3,-25.5,0.2471,-0.18,-1.5,0.9429,0.9579,0.7724,0.7095,0.7436
2026-08-22,-78.57,-52.94,0.8024,0.7921,0.7416,0.8,7.21,145.4,-26.9,0.4019,0.0802,-1.2,0.9429,0.9579,0.7542,0.7037,0.8633
2026-08-22,-78.57,-31.76,0.8626,0.8097,0.821,0.7723,6.91,219.7,-25.2,0.4367,-0.2662,-3.7,0.9429,0.9579,0.8854,0.844,0.8667
2026-08-22,-78.57,-10.59,0.8493,0.8543,0.8415,0.8473,6.79,3.9,-23.2,0.0971,-0.0497,-1.1,0.9429,0.9579,0.8106,0.8175,0.9537
2026-08-22,-78.57,10.59,0.9427,0.8372,0.8854,0.9642,6.09,289.3,-26.1,0.4462,0.04,-1.1,0.9429,0.9579,0.9311,0.9135,0.8283
2026-08-22,-78.57,31.76,0.9319,0.9054,0.9154,0.879,15.46,305.0,-22.7,0.4254,-0.0125,-1.6,0.9429,0.9579,0.9144,0.8865,0.9035
2026-08-22,-78.57,52.94,0.9193,0.8667,0.9834,0.9571,5.89,177.5,-31.7,0.3114,-0.3043,-1.9,0.9429,0.9579,0.8578,0.9021,0.9171
2026-08-22,-78.57,74.12,0.9312,0.9955,0.94,0.9252,14.3,249.0,-20.7,0.2697,0.0851,-2.9,0.9429,0.9579,0.9056,0.9927,0.8863
2026-08-22,-78.57,95.29,0.9473,0.9228,0.9515,0.9095,15.88,129.4,-20.7,0.4252,0.0025,-3.2,0.9429,0.9579,0.921,0.9378,0.9684
2026-08-22,-78.57,116.47,0.9688,0.8981,0.8487,0.9315,9.33,92.7,-23.9,0.2073,0.0705,-2.0,0.9429,0.9579,0.8795,0.8677,0.9206
2026-08-22,-78.57,137.65,0.8609,0.8787,0.86,0.8686,11.95,155.7,-20.2,0.4256,-0.1512,-0.9,0.9429,0.9579,0.8418,0.8889,0.7874
2026-08-22,-78.57,158.82,0.7157,0.7777,0.8506,0.8067,17.61,327.6,-28.4,0.3569,0.2884,-0.7,0.9429,0.9579,0.8301,0.7804,0.7876
2026-08-22,-78.57,180.0,0.7676,0.7798,0.7352,0.8309,5.94,108.1,-23.1,0.3507,0.289,-0.9,0.9429,0.9579,0.7739,0.8051,0.715
2026-08-22,-77.14,-180.0,0.7029,0.782,0.7026,0.7513,5.56,254.6,-22.3,0.0704,-0.0609,-0.0,0.8857,0.9579,0.7247,0.7218,0.7151
2026-08-22,-77.14,-158.82,0.6946,0.7423,0.73,0.6638,14.88,84.9,-22.5,0.1218,0.0392,-1.4,0.8857,0.9579,0.7738,0.7224,0.7271
2026-08-22,-77.14,-137.65,0.7418,0.6736,0.6961,0.7173,5.49,6.8,-20.4,0.1763,-0.1411,-1.5,0.8857,0.9579,0.6839,0.6802,0.6932
2026-08-22,-77.14,-116.47,0.6209,0.6844,0.7128,0.7352,13.15,169.4,-23.6,0.3404,-0.017,-0.2,0.8857,0.9579,0.7066,0.677,0.6991
2026-08-22,-77.14,-95.29,0.7026,0.7066,0.7513,0.7309,8.51,150.3,-18.4,0.1515,-0.1351,-2.0,0.8857,0.9579,0.643,0.7062,0.6689
2026-08-22,-77.14,-74.12,0.7471,0.6558,0.7137,0.7023,11.88,94.8,-23.6,0.3746,0.5305,-2.9,0.8857,0.9579,0.6697,0.6116,0.6973
2026-08-22,-77.14,-52.94,0.724,0.6721,0.787,0.7764,8.62,307.1,-21.1,0.3617,0.0351,-0.9,0.8857,0.9579,0.8086,0.717,0.7498
2026-08-22,-77.14,-31.76,0.7881,0.7797,0.783,0.8703,13.58,109.9,-20.0,0.1163,0.0109,-0.6,0.8857,0.9579,0.7106,0.743,0.7268
2026-08-22,-77.14,-10.59,0.8253,0.8465,0.8299,0.7693,13.07,206.2,-22.4,0.3737,0.0179,-0.5,0.8857,0.9579,0.7964,0.7877,0.7755
2026-08-22,-77.14,10.59,0.819,0.7916,0.8206,0.8516,12.7,55.4,-25.3,0.2551,0.108,-1.0,0.8857,0.9579,0.842,0.8607,0.8367
2026-08-22,-77.14,31.76,0.8889,0.8742,0.8441,0.8775,7.25,68.1,-23.8,0.0763,-0.1517,-0.8,0.8857,0.9579,0.8852,0.8963,0.8596
2026-08-22,-77.14,52.94,0.8492,0.8815,0.9047,0.923,9.61,292.6,-20.9,0.2442,0.0462,-0.4,0.8857,0.9579,0.858,0.8658,0.8657
2026-08-22,-77.14,74.12,0.8824,0.8537,0.8418,0.8276,5.93,84.0,-21.9,0.3755,0.0153,0.0,0.8857,0.9579,0.8986,0.8702,0.9087
2026-08-22,-77.14,95.29,0.8903,0.852,0.9186,0.8841,7.24,279.9,-19.9,0.4375,-0.1479,-1.1,0.8857,0.9579,0.9137,0.8493,0.8938
2026-08-22,-77.14,116.47,0.8253,0.8474,0.8316,0.8517,9.33,52.8,-24.8,0.0578,-0.1087,0.1,0.8857,0.9579,0.8297,0.8322,0.8754
2026-08-22,-77.14,137.65,0.8217,0.8371,0.7425,0.8286,9.63,193.1,-19.2,0.41,0.1302,-0.1,0.8857,0.9579,0.8367,0.8366,0.8012
2026-08-22,-77.14,158.82,0.7868,0.7863,0.7793,0.7405,14.1,250.7,-23.2,0.1896,0.0218,-1.8,0.8857,0.9579,0.8107,0.7433,0.7714
2026-08-22,-77.14,180.0,0.7319,0.7944,0.6516,0.7442,6.72,40.2,-25.4,0.1328,-0.1393,-0.1,0.8857,0.9579,0.7311,0.7473,0.7823
2026-08-22,-75.71,-180.0,0.7407,0.7336,0.6346,0.6931,8.87,222.7,-22.6,0.3781,0.2429,1.7,0.8286,0.9579,0.7077,0.7079,0.6956
2026-08-22,-75.71,-158.82,0.6312,0.6185,0.6561,0.6313,11.4,333.9,-23.7,0.2088,0.2198,-0.7,0.8286,0.9579,0.5824,0.6724,0.6098
2026-08-22,-75.71,-137.65,0.6282,0.6365,0.6567,0.6191,9.57,40.1,-18.9,0.0883,0.0983,0.9,0.8286,0.9579,0.6996,0.6452,0.5847
2026-08-22,-75.71,-116.47,0.5622,0.6686,0.5915,0.6922,8.99,203.3,-18.0,0.1644,0.0673,-1.3,0.8286,0.9579,0.67,0.6166,0.6242
2026-08-22,-75.71,-95.29,0.6689,0.6434,0.6428,0.6801,5.79,252.4,-20.6,0.3253,0.2787,0.2,0.8286,0.9579,0.6497,0.6925,0.5868
2026-08-22,-75.71,-74.12,0.6427,0.6858,0.6327,0.6108,7.68,330.0,-23.9,0.1072,0.025,-1.3,0.8286,0.9579,0.6776,0.611,0.7514
2026-08-22,-75.71,-52.94,0.7758,0.6679,0.7039,0.6863,8.51,40.5,-17.4,0.2897,0.0345,-0.1,0.8286,0.9579,0.6642,0.7444,0.6841
2026-08-22,-75.71,-31.76,0.763,0.6457,0.7925,0.7149,17.6,85.7,-20.1,0.1457,0.2414,2.2,0.8286,0.9579,0.7023,0.7215,0.7798
2026-08-22,-75.71,-10.59,0.6893,0.6957,0.7927,0.7243,17.38,169.0,-21.0,0.2522,0.0128,-1.5,0.8286,0.9579,0.7399,0.7537,0.7999
2026-08-22,-75.71,10.59,0.7498,0.7823,0.7815,0.7789,14.67,199.1,-23.6,0.2267,0.1873,-0.8,0.8286,0.9579,0.8038,0.7152,0.8796
2026-08-22,-75.71,31.76,0.7961,0.8438,0.8357,0.8164,9.56,67.2,-21.7,0.4432,-0.0728,-0.3,0.8286,0.9579,0.8692,0.8141,0.8348
2026-08-22,-75.71,52.94,0.8217,0.9199,0.9344,0.8435,9.87,336.3,-20.7,0.4172,0.033,-0.9,0.8286,0.9579,0.8416,0.8491,0.8937
2026-08-22,-75.71,74.12,0.8055,0.7786,0.9114,0.8145,10.46,333.3,-20.3,0.074,0.1008,-1.7,0.8286,0.9579,0.9216,0.8387,0.8221
2026-08-22,-75.71,95.29,0.7885,0.8752,0.8431,1.0,6.34,229.3,-16.9,0.141,0.1324,1.0,0.8286,0.9579,0.8318,0.8199,0.8374
2026-08-22,-75.71,116.47,0.7752,0.813,0.753,0.7897,5.45,90.0,-24.9,0.1054,0.0335,-0.5,0.8286,0.9579,0.8424,0.812,0.7203
2026-08-22,-75.71,137.65,0.7322,0.7719,0.723,0.7893,15.59,127.9,-20.3,0.2926,0.0142,-0.6,0.8286,0.9579,0.7674,0.7156,0.7215
2026-08-22,-75.71,158.82,0.7728,0.7324,0.7574,0.653,11.24,138.7,-22.3,0.1325,0.4439,0.9,0.8286,0.9579,0.7199,0.7333,0.7419
2026-08-22,-75.71,180.0,0.7915,0.6409,0.6388,0.7026,10.89,28.7,-26.9,0.1802,-0.0844,1.1,0.8286,0.9579,0.6848,0.68,0.6133
2026-08-22,-74.29,-180.0,0.5972,0.5743,0.6464,0.586,14.49,4.8,-15.2,0.2401,0.264,0.8,0.7714,0.9579,0.5749,0.6434,0.6542
2026-08-22,-74.29,-158.82,0.7025,0.6499,0.554,0.638,10.82,215.2,-18.7,0.4309,-0.0415,0.6,0.7714,0.9579,0.6049,0.6208,0.6228
2026-08-22,-74.29,-137.65,0.5971,0.5882,0.6206,0.621,7.93,9.8,-18.4,0.1118,-0.0276,-0.1,0.7714,0.9579,0.5455,0.5628,0.6149
2026-08-22,-74.29,-116.47,0.5977,0.545,0.5943,0.5566,13.25,185.0,-23.6,0.3532,0.0587,1.1,0.7714,0.9579,0.5937,0.567,0.5176
2026-08-22,-74.29,-95.29,0.6057,0.6463,0.5862,0.6174,15.25,279.3,-17.7,0.3226,0.123,2.0,0.7714,0.9579,0.5881,0.5436,0.5835
2026-08-22,-74.29,-74.12,0.6158,0.6129,0.6432,0.5942,12.62,283.6,-24.8,0.3346,-0.1133,0.1,0.7714,0.9579,0.642,0.5923,0.7235
2026-08-22,-74.29,-52.94,0.6529,0.6322,0.5525,0.5641,6.3,331.5,-19.4,0.2784,-0.0043,1.2,0.7714,0.9579,0.6426,0.6179,0.6934
2026-08-22,-74.29,-31.76,0.6773,0.7198,0.6705,0.6443,6.64,48.1,-23.2,0.3279,0.3047,0.9,0.7714,0.9579,0.7405,0.6926,0.7119
2026-08-22,-74.29,-10.59,0.7239,0.7349,0.7042,0.7008,10.19,316.7,-23.0,0.3182,0.2007,0.3,0.7714,0.9579,0.7106,0.765,0.7253
2026-08-22,-74.29,10.59,0.7438,0.7607,0.6389,0.7694,11.35,304.1,-21.6,0.2305,0.161,-0.7,0.7714,0.9579,0.7595,0.7221,0.7705
2026-08-22,-74.29,31.76,0.8693,0.669,0.7102,0.7807,10.64,164.6,-16.4,0.1185,0.0588,0.6,0.7714,0.9579,0.8557,0.7619,0.7772
2026-08-22,-74.29,52.94,0.7382,0.8316,0.7863,0.7939,13.61,2.0,-16.6,0.4175,-0.0102,1.1,0.7714,0.9579,0.7827,0.757,0.808
2026-08-22,-74.29,74.12,0.7583,0.8269,0.7663,0.809,13.87,19.4,-16.6,0.1237,0.138,0.9,0.7714,0.9579,0.724,0.8082,0.8526
2026-08-22,-74.29,95.29,0.8085,0.8038,0.7494,0.8125,15.26,337.8,-25.5,0.1181,-0.1603,-0.7,0.7714,0.9579,0.7109,0.7577,0.7409
2026-08-22,-74.29,116.47,0.716,0.7061,0.7793,0.7149,16.77,119.9,-21.1,0.443,-0.0252,1.0,0.7714,0.9579,0.6906,0.7501,0.7665
2026-08-22,-74.29,137.65,0.6421,0.6652,0.7258,0.7658,13.58,46.9,-21.3,0.3162,0.0367,-0.4,0.7714,0.9579,0.7618,0.7565,0.7425
2026-08-22,-74.29,158.82,0.7107,0.6696,0.7111,0.6631,10.13,39.3,-23.4,0.0651,-0.0533,2.1,0.7714,0.9579,0.6611,0.6495,0.6075
2026-08-22,-74.29,180.0,0.6519,0.6399,0.5978,0.5834,13.34,139.3,-23.6,0.1987,0.1322,0.2,0.7714,0.9579,0.6142,0.6225,0.6324
2026-08-22,-72.86,-180.0,0.6237,0.5666,0.6257,0.6151,5.33,1.2,-20.0,0.2469,0.3376,0.9,0.7143,0.9579,0.5096,0.5561,0.5814
2026-08-22,-72.86,-158.82,0.5415,0.5595,0.5943,0.5173,10.24,180.7,-14.1,0.3274,0.0223,0.4,0.7143,0.9579,0.5413,0.5456,0.5497
2026-08-22,-72.86,-137.65,0.5709,0.4709,0.5268,0.5425,14.12,350.9,-20.2,0.1406,-0.085,0.6,0.7143,0.9579,0.5772,0.5716,0.5174
2026-08-22,-72.86,-116.47,0.5156,0.5594,0.5504,0.527,12.7,27.6,-21.5,0.1451,-0.0269,2.0,0.7143,0.9579,0.6022,0.4736,0.4938
2026-08-22,-72.86,-95.29,0.5178,0.5536,0.5193,0.5351,11.35,283.2,-18.3,0.3425,0.2421,1.5,0.7143,0.9579,0.4883,0.5693,0.5486
2026-08-22,-72.86,-74.12,0.5872,0.5652,0.5721,0.5968,7.15,233.1,-19.0,0.3822,-0.091,1.0,0.7143,0.9579,0.5899,0.5193,0.5703
2026-08-22,-72.86,-52.94,0.6387,0.6293,0.5474,0.602,6.6,154.4,-21.3,0.3367,-0.188,-0.3,0.7143,0.9579,0.6038,0.5815,0.601
2026-08-22,-72.86,-31.76,0.5754,0.6504,0.6554,0.6745,17.78,43.1,-14.0,0.3911,-0.0584,0.3,0.7143,0.9579,0.6178,0.6226,0.6513
2026-08-22,-72.86,-10.59,0.6357,0.6644,0.6635,0.6406,9.22,201.7,-18.3,0.0807,-0.0688,2.5,0.7143,0.9579,0.6768,0.6556,0.6759
2026-08-22,-72.86,10.59,0.685,0.7065,0.6939,0.629,5.74,180.1,-19.7,0.2351,0.2724,1.5,0.7143,0.9579,0.7318,0.7702,0.7128
2026-08-22,-72.86,31.76,0.7232,0.7349,0.7771,0.702,17.05,104.5,-17.3,0.1614,0.1371,2.8,0.7143,0.9579,0.7148,0.7459,0.7301
2026-08-22,-72.86,52.94,0.7142,0.7179,0.7456,0.7523,7.36,210.7,-19.1,0.0518,-0.1407,1.2,0.7143,0.9579,0.7477,0.7323,0.7519
2026-08-22,-72.86,74.12,0.734,0.6317,0.7208,0.7029,7.67,165.9,-20.4,0.1551,-0.0981,0.1,0.7143,0.9579,0.6662,0.7435,0.7306
2026-08-22,-72.86,95.29,0.7224,0.7587,0.7941,0.7108,10.47,297.6,-19.5,0.1077,0.1791,1.3,0.7143,0.9579,0.738,0.7054,0.6331
2026-08-22,-72.86,116.47,0.6294,0.6709,0.6691,0.7211,14.28,359.3,-24.7,0.2814,-0.0726,-0.2,0.7143,0.9579,0.7195,0.7161,0.7347
2026-08-22,-72.86,137.65,0.7149,0.6974,0.694,0.6321,12.79,321.5,-21.3,0.2137,0.0971,1.3,0.7143,0.9579,0.6168,0.663,0.6144
2026-08-22,-72.86,158.82,0.6389,0.589,0.5873,0.6375,7.23,48.3,-22.6,0.2936,-0.2489,1.9,0.7143,0.9579,0.5691,0.5753,0.6421
2026-08-22,-72.86,180.0,0.6076,0.6118,0.5439,0.5888,6.21,315.9,-21.0,0.2733,0.058,1.6,0.7143,0.9579,0.6902,0.5488,0.5519
2026-08-22,-71.43,-180.0,0.4872,0.5827,0.4893,0.5538,10.44,90.5,-19.3,0.2059,0.2189,3.4,0.6571,0.9579,0.5197,0.5071,0.5286
2026-08-22,-71.43,-158.82,0.4873,0.4668,0.5411,0.4546,5.06,192.4,-20.4,0.2437,0.1972,0.0,0.6571,0.9579,0.5756,0.4769,0.5088
2026-08-22,-71.43,-137.65,0.4271,0.504,0.4685,0.5162,11.22,291.4,-16.1,0.1201,0.0132,1.9,0.6571,0.9579,0.4945,0.4822,0.4841
2026-08-22,-71.43,-116.47,0.5064,0.5272,0.5201,0.5051,8.55,231.8,-20.4,0.4017,0.0215,2.8,0.6571,0.9579,0.5098,0.4404,0.4761
2026-08-22,-71.43,-95.29,0.4536,0.4654,0.4844,0.5099,16.75,72.1,-15.2,0.4417,0.3108,2.7,0.6571,0.9579,0.5448,0.4532,0.5173
2026-08-22,-71.43,-74.12,0.5445,0.5848,0.5165,0.4649,10.88,183.7,-10.6,0.3381,-0.0189,3.2,0.6571,0.9579,0.5366,0.5599,0.5293
2026-08-22,-71.43,-52.94,0.5277,0.5085,0.5064,0.6516,11.31,343.1,-23.5,0.3936,0.105,1.6,0.6571,0.9579,0.4744,0.5192,0.5975
2026-08-22,-71.43,-31.76,0.5018,0.518,0.5863,0.5576,14.38,242.3,-14.9,0.2735,0.0186,0.6,0.6571,0.9579,0.5798,0.5503,0.5979
2026-08-22,-71.43,-10.59,0.599,0.5948,0.7001,0.5983,17.62,253.1,-18.7,0.2531,0.0351,1.4,0.6571,0.9579,0.622,0.5858,0.6291
2026-08-22,-71.43,10.59,0.6765,0.7095,0.6617,0.6088,12.17,10.9,-17.1,0.1346,0.1998,0.4,0.6571,0.9579,0.6159,0.619,0.6456
2026-08-22,-71.43,31.76,0.7163,0.6573,0.7171,0.6398,10.78,3.0,-22.4,0.0703,-0.1366,2.2,0.6571,0.9579,0.5661,0.5963,0.6456
2026-08-22,-71.43,52.94,0.6899,0.7179,0.6691,0.636,9.95,260.9,-18.9,0.155,-0.1371,1.3,0.6571,0.9579,0.6959,0.6734,0.6826
2026-08-22,-71.43,74.12,0.7378,0.6935,0.7418,0.6378,12.79,77.0,-25.2,0.0581,0.1966,0.6,0.6571,0.9579,0.7142,0.672,0.6627
2026-08-22,-71.43,95.29,0.6239,0.6499,0.6365,0.6547,12.21,36.1,-21.4,0.1216,0.0863,0.7,0.6571,0.9579,0.651,0.6525,0.6195
2026-08-22,-71.43,116.47,0.6461,0.6096,0.6533,0.6086,17.4,116.4,-17.7,0.3083,-0.1727,1.6,0.6571,0.9579,0.6175,0.6346,0.63
2026-08-22,-71.43,137.65,0.6265,0.6329,0.6404,0.6156,13.9,39.6,-20.4,0.2748,0.1962,1.1,0.6571,0.9579,0.651,0.6159,0.6023
2026-08-22,-71.43,158.82,0.5918,0.5795,0.5942,0.6086,15.55,268.7,-16.7,0.4383,-0.1709,2.3,0.6571,0.9579,0.4885,0.5815,0.5245
2026-08-22,-71.43,180.0,0.608,0.5201,0.5371,0.6006,12.13,263.4,-15.0,0.3385,-0.0863,1.7,0.6571,0.9579,0.4958,0.4723,0.4933
2026-08-22,-70.0,-180.0,0.4986,0.5241,0.4632,0.5206,6.0,238.4,-12.7,0.3788,0.2368,1.4,0.6,0.9579,0.5004,0.5859,0.4856
2026-08-22,-70.0,-158.82,0.4342,0.4011,0.4656,0.5108,7.91,134.5,-21.6,0.1484,0.0617,2.3,0.6,0.9579,0.3995,0.5012,0.4526
2026-08-22,-70.0,-137.65,0.442,0.4374,0.4681,0.4284,5.42,290.0,-19.6,0.0645,-0.0788,0.4,0.6,0.9579,0.4571,0.4716,0.4704
2026-08-22,-70.0,-116.47,0.4551,0.4697,0.4192,0.4443,6.81,82.0,-16.4,0.201,0.0845,1.8,0.6,0.9579,0.4795,0.4344,0.3581
2026-08-22,-70.0,-95.29,0.4693,0.4324,0.4182,0.4348,12.98,28.8,-10.2,0.1576,0.1272,1.3,0.6,0.9579,0.3517,0.4588,0.4387
2026-08-22,-70.0,-74.12,0.523,0.4202,0.4561,0.4454,12.02,135.4,-15.8,0.2595,-0.0766,2.0,0.6,0.9579,0.5007,0.4914,0.4275
2026-08-22,-70.0,-52.94,0.5721,0.4505,0.5193,0.4289,17.65,106.6,-19.3,0.3362,-0.1284,1.5,0.6,0.9579,0.4737,0.4998,0.5176
2026-08-22,-70.0,-31.76,0.6124,0.5249,0.4634,0.4835,6.08,176.5,-15.1,0.3444,0.0207,-0.5,0.6,0.9579,0.5482,0.5607,0.5156
2026-08-22,-70.0,-10.59,0.5613,0.6305,0.5658,0.5974,12.27,308.3,-12.4,0.085,0.0511,1.4,0.6,0.9579,0.5431,0.5124,0.5451
2026-08-22,-70.0,10.59,0.5532,0.6138,0.5203,0.6063,17.11,169.7,-18.7,0.1069,-0.0257,2.0,0.6,0.9579,0.5467,0.584,0.5797
2026-08-22,-70.0,31.76,0.591,0.5823,0.6394,0.6423,15.17,326.4,-13.0,0.2437,0.1618,1.9,0.6,0.9579,0.6761,0.6672,0.6218
2026-08-22,-70.0,52.94,0.6089,0.6301,0.6845,0.7241,10.94,355.8,-21.9,0.3121,-0.153,3.2,0.6,0.9579,0.6104,0.6098,0.6011
2026-08-22,-70.0,74.12,0.6052,0.6173,0.6088,0.6496,17.52,78.7,-18.7,0.1151,-0.0193,2.0,0.6,0.9579,0.5922,0.6752,0.5726
2026-08-22,-70.0,95.29,0.602,0.6575,0.6072,0.5987,10.13,211.3,-18.1,0.1712,-0.0297,1.8,0.6,0.9579,0.6444,0.6091,0.6686
2026-08-22,-70.0,116.47,0.5791,0.5887,0.5102,0.5718,8.9,2.2,-16.1,0.18,0.096,4.6,0.6,0.9579,0.5855,0.5598,0.6346
2026-08-22,-70.0,137.65,0.5569,0.5971,0.5747,0.5822,15.37,8.8,-14.9,0.085,-0.0562,1.9,0.6,0.9579,0.54,0.5713,0.5902
2026-08-22,-70.0,158.82,0.4758,0.5372,0.5628,0.4872,15.69,175.3,-19.5,0.2705,-0.0727,1.9,0.6,0.9579,0.4743,0.5658,0.5185
2026-08-22,-70.0,180.0,0.4801,0.5056,0.5093,0.5474,15.24,292.5,-21.3,0.1299,0.0126,2.4,0.6,0.9579,0.5064,0.5035,0.4752
2026-08-22,-68.57,-180.0,0.4508,0.3734,0.4624,0.3263,6.26,220.5,-18.5,0.1552,-0.0368,5.0,0.5429,0.9579,0.4654,0.4445,0.4636
2026-08-22,-68.57,-158.82,0.3942,0.4162,0.3744,0.4794,7.58,276.2,-19.7,0.3651,-0.2141,2.6,0.5429,0.9579,0.4043,0.4156,0.4263
2026-08-22,-68.57,-137.65,0.3613,0.3958,0.4594,0.4457,6.85,142.6,-14.2,0.2279,0.1895,3.2,0.5429,0.9579,0.4174,0.3476,0.3973
2026-08-22,-68.57,-116.47,0.4619,0.3934,0.3087,0.3396,6.16,60.2,-20.5,0.3969,0.3467,3.8,0.5429,0.9579,0.3943,0.4247,0.3471
2026-08-22,-68.57,-95.29,0.3887,0.3934,0.5269,0.3816,16.97,288.8,-17.6,0.285,0.2377,3.1,0.5429,0.9579,0.4243,0.4095,0.441
2026-08-22,-68.57,-74.12,0.3873,0.3438,0.2656,0.4792,13.91,126.1,-16.0,0.1796,0.0244,1.3,0.5429,0.9579,0.458,0.4338,0.3985
2026-08-22,-68.57,-52.94,0.4306,0.4506,0.4838,0.4554,6.5,278.7,-12.2,0.337,0.05,2.7,0.5429,0.9579,0.3708,0.4174,0.4615
2026-08-22,-68.57,-31.76,0.5186,0.5065,0.4598,0.5561,12.54,222.7,-14.5,0.0616,-0.0966,4.0,0.5429,0.9579,0.5555,0.4719,0.4673
2026-08-22,-68.57,-10.59,0.5273,0.4999,0.5177,0.5409,13.33,71.7,-15.0,0.3202,0.1058,1.6,0.5429,0.9579,0.5073,0.5151,0.4639
2026-08-22,-68.57,10.59,0.5023,0.4325,0.5574,0.5956,12.08,218.3,-13.5,0.1542,-0.1155,2.6,0.5429,0.9579,0.6224,0.5279,0.6439
2026-08-22,-68.57,31.76,0.5299,0.5653,0.5862,0.6123,17.38,157.3,-14.7,0.3874,0.0797,1.4,0.5429,0.9579,0.5571,0.5888,0.5521
2026-08-22,-68.57,52.94,0.5097,0.5787,0.544,0.6322,11.51,146.4,-15.1,0.3779,-0.0646,3.8,0.5429,0.9579,0.5539,0.5316,0.5799
2026-08-22,-68.57,74.12,0.5207,0.5133,0.6481,0.5724,11.94,231.8,-11.4,0.2194,0.2048,3.5,0.5429,0.9579,0.637,0.5326,0.6104
2026-08-22,-68.57,95.29,0.6282,0.5274,0.6395,0.5535,17.92,266.6,-18.7,0.1602,-0.1215,2.1,0.5429,0.9579,0.5631,0.6065,0.5496
2026-08-22,-68.57,116.47,0.5713,0.5571,0.5063,0.6035,10.73,149.3,-12.4,0.0583,0.2511,2.5,0.5429,0.9579,0.5738,0.5003,0.5492
2026-08-22,-68.57,137.65,0.4639,0.576,0.4668,0.4775,10.53,75.8,-13.3,0.4248,0.1084,2.8,0.5429,0.9579,0.5308,0.57,0.5327
2026-08-22,-68.57,158.82,0.4831,0.4866,0.511,0.5384,17.84,169.0,-16.5,0.2093,0.0669,0.7,0.5429,0.9579,0.452,0.4689,0.3984
2026-08-22,-68.57,180.0,0.4362,0.4038,0.4218,0.4346,9.62,189.1,-13.3,0.2329,0.0934,2.7,0.5429,0.9579,0.4339,0.5327,0.4005
2026-08-22,-67.14,-180.0,0.3828,0.3442,0.4071,0.3294,15.92,250.3,-13.9,0.3023,-0.1036,1.5,0.4857,0.9579,0.3741,0.4205,0.3641
2026-08-22,-67.14,-158.82,0.3726,0.3329,0.3797,0.3676,15.98,37.5,-17.9,0.417,-0.1334,4.1,0.4857,0.9579,0.3733,0.3505,0.3311
2026-08-22,-67.14,-137.65,0.3274,0.3059,0.394,0.3454,12.61,330.3,-10.6,0.0874,-0.0501,2.9,0.4857,0.9579,0.3118,0.3543,0.282
2026-08-22,-67.14,-116.47,0.3772,0.303,0.2779,0.316,11.89,156.8,-14.9,0.4207,-0.2233,2.7,0.4857,0.9579,0.2775,0.4251,0.3569
2026-08-22,-67.14,-95.29,0.3832,0.3058,0.3246,0.376,12.16,328.4,-15.4,0.358,-0.0196,2.9,0.4857,0.9579,0.3395,0.323,0.3697
2026-08-22,-67.14,-74.12,0.2711,0.3733,0.3398,0.3202,11.48,266.4,-15.7,0.1575,-0.0161,3.4,0.4857,0.9579,0.3788,0.3108,0.3605
2026-08-22,-67.14,-52.94,0.3411,0.3894,0.3969,0.3977,7.38,185.3,-16.0,0.1617,0.0475,4.2,0.4857,0.9579,0.3983,0.3529,0.3215
2026-08-22,-67.14,-31.76,0.4198,0.3984,0.4726,0.4293,14.8,71.8,-16.0,0.1463,-0.0094,2.6,0.4857,0.9579,0.4212,0.4325,0.406
2026-08-22,-67.14,-10.59,0.4675,0.4798,0.4577,0.4391,13.82,141.1,-11.2,0.2061,-0.0969,4.3,0.4857,0.9579,0.4389,0.4762,0.4018
2026-08-22,-67.14,10.59,0.4782,0.5521,0.575,0.523,15.42,310.4,-14.9,0.3094,-0.0028,2.6,0.4857,0.9579,0.48,0.4226,0.528
2026-08-22,-67.14,31.76,0.5154,0.5057,0.6032,0.5783,13.65,118.4,-14.2,0.2188,0.0142,2.5,0.4857,0.9579,0.4719,0.5134,0.5493
2026-08-22,-67.14,52.94,0.5862,0.4554,0.5586,0.4932,17.41,265.5,-14.2,0.3115,-0.1024,3.6,0.4857,0.9579,0.4899,0.5933,0.5288
2026-08-22,-67.14,74.12,0.5057,0.5057,0.5525,0.5032,13.54,1.9,-15.7,0.4304,0.0326,2.4,0.4857,0.9579,0.5132,0.554,0.5263
2026-08-22,-67.14,95.29,0.5351,0.4879,0.5712,0.5581,17.28,36.0,-14.1,0.0641,-0.151,2.1,0.4857,0.9579,0.5204,0.5478,0.5258
2026-08-22,-67.14,116.47,0.4804,0.5328,0.4983,0.5063,16.23,346.1,-16.1,0.415,0.0722,4.2,0.4857,0.9579,0.4912,0.4169,0.4146
2026-08-22,-67.14,137.65,0.4554,0.4122,0.4549,0.399,10.28,108.4,-12.0,0.156,0.1707,1.3,0.4857,0.9579,0.4949,0.4568,0.4737
2026-08-22,-67.14,158.82,0.4228,0.4315,0.3907,0.4196,9.08,132.3,-13.1,0.4449,-0.0497,5.0,0.4857,0.9579,0.3797,0.3598,0.4469
2026-08-22,-67.14,180.0,0.4034,0.481,0.3873,0.4135,13.44,333.4,-14.9,0.2237,0.0714,4.1,0.4857,0.9579,0.3129,0.4148,0.3548
2026-08-22,-65.71,-180.0,0.2548,0.3396,0.3191,0.2884,14.68,245.7,-11.3,0.2997,0.0159,3.7,0.4286,0.9579,0.3884,0.2605,0.3421
2026-08-22,-65.71,-158.82,0.3076,0.3446,0.2546,0.3086,11.14,348.2,-15.8,0.0713,0.2761,2.2,0.4286,0.9579,0.3286,0.311,0.3371
2026-08-22,-65.71,-137.65,0.3475,0.2625,0.3197,0.2701,13.86,172.9,-11.4,0.1128,0.0527,3.9,0.4286,0.9579,0.2989,0.2531,0.2937
2026-08-22,-65.71,-116.47,0.21,0.2967,0.2654,0.2363,12.36,66.4,-15.5,0.1433,0.0084,2.3,0.4286,0.9579,0.3555,0.282,0.3004
2026-08-22,-65.71,-95.29,0.2645,0.2917,0.2339,0.2451,16.89,170.2,-16.5,0.3398,-0.0662,2.6,0.4286,0.9579,0.306,0.2722,0.2238
2026-08-22,-65.71,-74.12,0.2729,0.3455,0.2797,0.3438,10.4,357.3,-17.1,0.3348,0.1711,5.0,0.4286,0.9579,0.2753,0.2642,0.2806
2026-08-22,-65.71,-52.94,0.3816,0.3158,0.3488,0.3531,12.4,240.4,-11.9,0.2448,0.095,3.0,0.4286,0.9579,0.3446,0.3814,0.3897
2026-08-22,-65.71,-31.76,0.3698,0.3054,0.3777,0.3538,5.52,301.8,-17.7,0.3761,-0.0911,3.8,0.4286,0.9579,0.3809,0.351,0.4154
2026-08-22,-65.71,-10.59,0.3516,0.4206,0.4021,0.4011,10.99,307.1,-16.6,0.1432,0.0537,2.7,0.4286,0.9579,0.4618,0.4102,0.4144
2026-08-22,-65.71,10.59,0.4935,0.4519,0.4917,0.4636,6.17,53.7,-13.1,0.2401,0.0765,3.4,0.4286,0.9579,0.4571,0.4369,0.4436
2026-08-22,-65.71,31.76,0.4692,0.4183,0.4049,0.3758,7.0,5.2,-13.3,0.4027,0.1968,4.1,0.4286,0.9579,0.4835,0.5037,0.4409
2026-08-22,-65.71,52.94,0.5332,0.4634,0.4224,0.4242,6.99,291.7,-10.7,0.2778,0.0559,3.2,0.4286,0.9579,0.521,0.4524,0.5361
2026-08-22,-65.71,74.12,0.5278,0.5118,0.5249,0.5221,13.31,113.2,-9.4,0.2648,-0.0288,2.2,0.4286,0.9579,0.4428,0.4573,0.4302
2026-08-22,-65.71,95.29,0.3961,0.4402,0.4454,0.4824,17.32,73.9,-12.5,0.2472,0.1879,3.1,0.4286,0.9579,0.4583,0.3753,0.4523
2026-08-22,-65.71,116.47,0.4038,0.4894,0.4538,0.4058,9.16,206.9,-13.9,0.3117,-0.1936,4.4,0.4286,0.9579,0.4284,0.4046,0.4683
2026-08-22,-65.71,137.65,0.3554,0.3518,0.3761,0.4273,5.17,210.5,-13.2,0.1823,0.3376,4.9,0.4286,0.9579,0.4757,0.4371,0.4403
2026-08-22,-65.71,158.82,0.2942,0.3632,0.3884,0.3867,15.85,236.0,-9.7,0.2825,0.0069,2.3,0.4286,0.9579,0.4068,0.3762,0.366
2026-08-22,-65.71,180.0,0.2938,0.3448,0.3979,0.3161,12.14,286.1,-17.9,0.0893,0.0982,2.8,0.4286,0.9579,0.3523,0.3487,0.3462
2026-08-22,-64.29,-180.0,0.2531,0.2718,0.298,0.2274,9.21,296.5,-8.5,0.1503,0.1535,4.2,0.3714,0.9579,0.3229,0.2554,0.303
2026-08-22,-64.29,-158.82,0.1802,0.2802,0.2225,0.2327,13.2,46.4,-12.4,0.2517,0.017,4.5,0.3714,0.9579,0.2901,0.2079,0.2107
2026-08-22,-64.29,-137.65,0.2282,0.1733,0.1706,0.227,16.48,17.3,-10.1,0.2929,0.0389,4.9,0.3714,0.9579,0.2726,0.1968,0.345
2026-08-22,-64.29,-116.47,0.2693,0.1632,0.2643,0.2572,6.56,300.0,-12.8,0.2623,0.1187,5.6,0.3714,0.9579,0.2842,0.2827,0.2837
2026-08-22,-64.29,-95.29,0.3112,0.2664,0.3044,0.2088,7.52,232.6,-12.2,0.2888,0.0701,5.4,0.3714,0.9579,0.2658,0.2183,0.2588
2026-08-22,-64.29,-74.12,0.3002,0.2777,0.2615,0.2431,14.15,265.9,-15.8,0.0534,-0.023,5.9,0.3714,0.9579,0.2016,0.1903,0.2274
2026-08-22,-64.29,-52.94,0.2838,0.2259,0.2519,0.3178,8.87,353.0,-16.9,0.1673,-0.0916,5.4,0.3714,0.9579,0.2838,0.3374,0.2827
2026-08-22,-64.29,-31.76,0.3014,0.2565,0.3499,0.3501,7.53,62.3,-14.3,0.1999,0.3339,5.5,0.3714,0.9579,0.3749,0.3043,0.3529
2026-08-22,-64.29,-10.59,0.3328,0.378,0.3874,0.4042,11.4,7.5,-14.3,0.0701,-0.0364,5.4,0.3714,0.9579,0.3228,0.3717,0.3361
2026-08-22,-64.29,10.59,0.3315,0.3545,0.4444,0.3859,8.83,147.2,-10.5,0.1625,0.0466,2.2,0.3714,0.9579,0.4898,0.338,0.4125
2026-08-22,-64.29,31.76,0.3862,0.3761,0.4294,0.3406,9.98,10.2,-12.3,0.1343,-0.0959,3.9,0.3714,0.9579,0.4597,0.4085,0.4391
2026-08-22,-64.29,52.94,0.436,0.3858,0.4361,0.3852,11.03,75.1,-13.6,0.235,0.1245,4.4,0.3714,0.9579,0.397,0.3945,0.4312
2026-08-22,-64.29,74.12,0.4309,0.492,0.4646,0.3679,9.95,108.7,-11.5,0.2355,-0.0714,3.4,0.3714,0.9579,0.4099,0.336,0.4755
2026-08-22,-64.29,95.29,0.4892,0.461,0.3769,0.3715,7.43,148.7,-10.6,0.435,-0.2184,5.4,0.3714,0.9579,0.416,0.4509,0.4948
2026-08-22,-64.29,116.47,0.4083,0.4164,0.3896,0.4133,5.04,87.7,-12.2,0.3009,0.0324,5.6,0.3714,0.9579,0.3896,0.4217,0.3404
2026-08-22,-64.29,137.65,0.4513,0.4024,0.3269,0.3917,11.3,51.5,-17.9,0.2042,-0.0894,3.8,0.3714,0.9579,0.3911,0.3272,0.3787
2026-08-22,-64.29,158.82,0.3539,0.2739,0.3395,0.2291,13.06,235.5,-4.4,0.31,-0.0291,6.5,0.3714,0.9579,0.3071,0.2729,0.3458
2026-08-22,-64.29,180.0,0.2486,0.2413,0.3253,0.3544,10.55,71.6,-11.2,0.2297,-0.2839,4.0,0.3714,0.9579,0.2352,0.304,0.3426
2026-08-22,-62.86,-180.0,0.1785,0.2712,0.2492,0.231,17.68,209.3,-17.6,0.0826,0.2535,2.6,0.3143,0.9579,0.2247,0.1701,0.1834
2026-08-22,-62.86,-158.82,0.1928,0.1588,0.205,0.1484,11.75,108.5,-13.1,0.0578,0.1945,6.2,0.3143,0.9579,0.142,0.1545,0.1496
2026-08-22,-62.86,-137.65,0.1605,0.0988,0.1272,0.1486,12.23,354.3,-16.1,0.3158,0.0758,6.3,0.3143,0.9579,0.2337,0.1715,0.1682
2026-08-22,-62.86,-116.47,0.2238,0.1418,0.0913,0.2248,14.27,163.1,-15.4,0.3608,-0.0022,6.1,0.3143,0.9579,0.153,0.1792,0.1859
2026-08-22,-62.86,-95.29,0.2165,0.196,0.1522,0.2152,6.77,135.9,-12.1,0.1171,-0.0428,4.9,0.3143,0.9579,0.085,0.1707,0.1948
2026-08-22,-62.86,-74.12,0.2067,0.1748,0.2219,0.2316,6.77,329.2,-11.2,0.4402,0.0537,3.0,0.3143,0.9579,0.2726,0.2116,0.2317
2026-08-22,-62.86,-52.94,0.3444,0.2892,0.3013,0.2263,12.86,60.9,-9.4,0.1786,0.0938,3.7,0.3143,0.9579,0.2497,0.2279,0.2607
2026-08-22,-62.86,-31.76,0.2798,0.2747,0.2727,0.2437,10.18,5.9,-10.5,0.0504,0.1874,5.9,0.3143,0.9579,0.2336,0.3118,0.1865
2026-08-22,-62.86,-10.59,0.251,0.3281,0.353,0.3368,11.68,352.9,-10.7,0.2421,-0.062,4.5,0.3143,0.9579,0.3148,0.2517,0.3359
2026-08-22,-62.86,10.59,0.362,0.4039,0.3893,0.3256,12.81,131.6,-11.2,0.406,0.0477,3.9,0.3143,0.9579,0.3722,0.2911,0.3989
2026-08-22,-62.86,31.76,0.4064,0.3989,0.2664,0.3734,8.43,167.4,-8.2,0.0797,0.0581,6.1,0.3143,0.9579,0.4156,0.3397,0.3398
2026-08-22,-62.86,52.94,0.4334,0.3809,0.43,0.4198,15.63,254.4,-9.4,0.3925,-0.2926,5.0,0.3143,0.9579,0.4456,0.4111,0.5004
2026-08-22,-62.86,74.12,0.3404,0.4401,0.3627,0.3527,14.29,99.5,-14.2,0.127,-0.2337,6.1,0.3143,0.9579,0.4112,0.3565,0.4477
2026-08-22,-62.86,95.29,0.2868,0.2937,0.2835,0.3238,12.71,128.8,-14.7,0.1974,-0.0953,5.8,0.3143,0.9579,0.3243,0.3247,0.3381
2026-08-22,-62.86,116.47,0.3256,0.3048,0.3582,0.342,14.17,224.7,-8.9,0.2543,-0.1018,4.0,0.3143,0.9579,0.308,0.2784,0.2801
2026-08-22,-62.86,137.65,0.3027,0.2756,0.379,0.3028,16.67,149.0,-8.9,0.44,-0.1526,4.3,0.3143,0.9579,0.3421,0.2962,0.3376
2026-08-22,-62.86,158.82,0.253,0.2346,0.3392,0.2185,5.85,328.1,-11.8,0.2431,-0.1411,5.3,0.3143,0.9579,0.2799,0.1917,0.1957
2026-08-22,-62.86,180.0,0.2356,0.2148,0.201,0.1991,8.19,258.5,-12.3,0.0703,-0.0188,4.2,0.3143,0.9579,0.2271,0.1429,0.2352
2026-08-22,-61.43,-180.0,0.1158,0.1378,0.1639,0.168,10.8,205.7,-8.9,0.3355,0.1938,5.2,0.2571,0.9579,0.2628,0.2518,0.1597
2026-08-22,-61.43,-158.82,0.2103,0.1747,0.2037,0.1605,9.01,161.1,-6.0,0.2877,-0.1427,4.4,0.2571,0.9579,0.1911,0.1388,0.1538
2026-08-22,-61.43,-137.65,0.1713,0.1145,0.1224,0.18,12.12,205.0,-8.4,0.4028,-0.3145,6.2,0.2571,0.9579,0.1161,0.1222,0.1591
2026-08-22,-61.43,-116.47,0.1413,0.1282,0.0809,0.1299,15.9,342.1,-12.0,0.2652,-0.02,6.1,0.2571,0.9579,0.0656,0.198,0.2229
2026-08-22,-61.43,-95.29,0.1181,0.1365,0.1764,0.1372,10.79,338.0,-12.4,0.1422,0.1327,5.0,0.2571,0.9579,0.2503,0.0855,0.158
2026-08-22,-61.43,-74.12,0.1936,0.2052,0.1281,0.1814,15.83,66.6,-7.8,0.2521,-0.1381,5.4,0.2571,0.9579,0.185,0.1626,0.1533
2026-08-22,-61.43,-52.94,0.1787,0.1134,0.2089,0.194,17.89,66.3,-7.0,0.169,0.2432,6.1,0.2571,0.9579,0.1815,0.1699,0.2273
2026-08-22,-61.43,-31.76,0.2383,0.2562,0.2259,0.2316,14.9,142.5,-8.6,0.2427,0.0477,5.4,0.2571,0.9579,0.2347,0.2216,0.2388
2026-08-22,-61.43,-10.59,0.289,0.202,0.189,0.2909,16.54,337.0,-3.7,0.375,-0.0914,5.5,0.2571,0.9579,0.2772,0.2494,0.2916
2026-08-22,-61.43,10.59,0.3055,0.2333,0.3342,0.2188,12.96,236.8,-9.1,0.0797,-0.0757,5.9,0.2571,0.9579,0.2826,0.3501,0.3108
2026-08-22,-61.43,31.76,0.37,0.3539,0.3455,0.2681,15.32,20.9,-7.7,0.2759,0.0024,6.0,0.2571,0.9579,0.2735,0.2765,0.2776
2026-08-22,-61.43,52.94,0.3116,0.2885,0.3858,0.2657,10.9,357.4,-9.0,0.0943,-0.3358,3.6,0.2571,0.9579,0.356,0.2956,0.3343
2026-08-22,-61.43,74.12,0.3328,0.3152,0.3483,0.3548,9.73,311.9,-9.0,0.0547,-0.231,4.7,0.2571,0.9579,0.3434,0.29,0.3028
2026-08-22,-61.43,95.29,0.3338,0.392,0.3086,0.2983,8.06,48.5,-7.3,0.4059,-0.2033,4.4,0.2571,0.9579,0.3047,0.3395,0.3463
2026-08-22,-61.43,116.47,0.3685,0.29,0.3357,0.3453,9.29,223.8,-17.3,0.3643,0.1888,5.2,0.2571,0.9579,0.2838,0.2692,0.2484
2026-08-22,-61.43,137.65,0.2697,0.3146,0.248,0.2468,6.59,192.9,-3.8,0.4008,0.3391,6.3,0.2571,0.9579,0.3036,0.2408,0.3181
2026-08-22,-61.43,158.82,0.1742,0.2159,0.2168,0.2476,5.91,128.2,-5.9,0.116,-0.0353,3.1,0.2571,0.9579,0.1993,0.217,0.2031
2026-08-22,-61.43,180.0,0.2317,0.1619,0.2145,0.139,13.64,147.0,-7.2,0.129,0.0258,4.1,0.2571,0.9579,0.1503,0.1552,0.0943
2026-08-22,-60.0,-180.0,0.1311,0.1261,0.1694,0.1165,7.13,80.2,-12.9,0.2277,-0.1244,5.4,0.2,0.9579,0.1937,0.164,0.0661
2026-08-22,-60.0,-158.82,0.0699,0.0395,0.0845,0.148,16.0,264.9,-9.0,0.1196,-0.0661,6.6,0.2,0.9579,0.1573,0.1255,0.1153
2026-08-22,-60.0,-137.65,0.0,0.0428,0.0622,0.0813,16.87,40.4,-10.1,0.4218,0.1941,7.1,0.2,0.9579,0.126,0.1229,0.1016
2026-08-22,-60.0,-116.47,0.0581,0.0213,0.0401,0.041,6.03,206.3,-11.4,0.4184,0.0149,5.2,0.2,0.9579,0.0322,0.0765,0.0909
2026-08-22,-60.0,-95.29,0.095,0.0808,0.1552,0.0876,11.41,60.5,-11.1,0.4243,-0.1147,5.6,0.2,0.9579,0.0769,0.0721,0.111
2026-08-22,-60.0,-74.12,0.1158,0.0938,0.1245,0.0733,9.78,303.9,-8.3,0.2353,-0.2115,6.1,0.2,0.9579,0.0726,0.0261,0.0876
2026-08-22,-60.0,-52.94,0.1275,0.1314,0.2045,0.1844,9.26,109.2,-8.2,0.2733,0.1283,5.7,0.2,0.9579,0.1513,0.191,0.1221
2026-08-22,-60.0,-31.76,0.1653,0.1042,0.1364,0.2102,12.64,235.7,-12.6,0.0675,0.0153,4.1,0.2,0.9579,0.2194,0.1944,0.1656
2026-08-22,-60.0,-10.59,0.255,0.2008,0.2114,0.1517,16.02,243.6,-6.2,0.3407,-0.0529,7.2,0.2,0.9579,0.2288,0.2209,0.213
2026-08-22,-60.0,10.59,0.2826,0.2212,0.2055,0.2398,15.13,47.9,-12.7,0.3741,0.0883,7.5,0.2,0.9579,0.1622,0.1912,0.2239
2026-08-22,-60.0,31.76,0.3737,0.2469,0.2356,0.3224,10.74,33.2,-8.7,0.1726,-0.008,3.9,0.2,0.9579,0.2431,0.3044,0.3172
2026-08-22,-60.0,52.94,0.3162,0.2855,0.2712,0.2073,11.16,200.0,-3.2,0.3569,-0.004,6.5,0.2,0.9579,0.2716,0.2933,0.2386
2026-08-22,-60.0,74.12,0.2655,0.2928,0.2461,0.3592,11.85,75.3,-11.2,0.3434,-0.0006,4.9,0.2,0.9579,0.2025,0.2347,0.3137
2026-08-22,-60.0,95.29,0.2473,0.3024,0.2694,0.2631,15.21,105.3,-12.5,0.3276,-0.0323,7.0,0.2,0.9579,0.2417,0.2676,0.26
2026-08-22,-60.0,116.47,0.2158,0.2595,0.1451,0.2396,10.03,189.9,-13.5,0.2157,0.0286,5.7,0.2,0.9579,0.2838,0.2323,0.2144
2026-08-22,-60.0,137.65,0.1878,0.1478,0.1937,0.2153,6.11,269.0,-7.6,0.0779,0.0091,5.3,0.2,0.9579,0.1733,0.1889,0.2204
2026-08-22,-60.0,158.82,0.1693,0.1004,0.1837,0.1603,14.32,265.7,-9.3,0.1308,0.0497,8.1,0.2,0.9579,0.1494,0.0896,0.1885
2026-08-22,-60.0,180.0,0.1238,0.0987,0.1171,0.1418,6.05,329.4,-5.8,0.1374,0.0142,5.4,0.2,0.9579,0.0877,0.1321,0.1944
2026-08-23,-80.0,-180.0,0.848,0.8069,0.8484,0.8792,15.05,237.7,-29.1,0.2837,0.0042,-2.7,1.0,0.9544,0.8293,0.8993,0.8012
2026-08-23,-80.0,-158.82,0.7768,0.7861,0.7571,0.854,16.72,347.3,-27.5,0.1996,0.1514,-1.7,1.0,0.9544,0.7609,0.8722,0.8048
2026-08-23,-80.0,-137.65,0.7353,0.8393,0.8298,0.8016,14.86,304.7,-27.7,0.2877,-0.1818,-1.2,1.0,0.9544,0.7787,0.7633,0.7553
2026-08-23,-80.0,-116.47,0.8936,0.7325,0.7099,0.8131,6.33,250.3,-25.4,0.407,-0.2067,-1.6,1.0,0.9544,0.759,0.7883,0.7691
2026-08-23,-80.0,-95.29,0.782,0.769,0.7859,0.8138,7.86,6.7,-28.1,0.2406,0.1351,-2.5,1.0,0.9544,0.8168,0.7942,0.7213
2026-08-23,-80.0,-74.12,0.8073,0.771,0.8102,0.7983,7.74,12.4,-29.5,0.2753,0.0613,-2.2,1.0,0.9544,0.7896,0.8244,0.8233
2026-08-23,-80.0,-52.94,0.9226,0.8703,0.8753,0.8609,16.36,239.2,-28.4,0.3556,-0.1793,-1.9,1.0,0.9544,0.8606,0.8454,0.904
2026-08-23,-80.0,-31.76,0.8673,0.8218,0.8661,0.8784,13.16,304.7,-23.4,0.3394,0.0023,-2.1,1.0,0.9544,0.8393,0.8006,0.8248
2026-08-23,-80.0,-10.59,0.8974,1.0,0.9983,0.8479,14.06,141.1,-22.5,0.1815,-0.0183,-1.7,1.0,0.9544,0.9793,0.9818,0.9048
2026-08-23,-80.0,10.59,0.9016,0.9314,0.9954,0.8683,8.94,111.2,-28.9,0.1009,0.2398,-2.4,1.0,0.9544,1.0,0.9204,0.9054
2026-08-23,-80.0,31.76,0.9626,1.0,0.9787,1.0,10.16,307.7,-28.3,0.1454,0.0277,-2.2,1.0,0.9544,1.0,0.9543,0.9217
2026-08-23,-80.0,52.94,0.9694,0.9554,0.9689,0.9606,5.31,255.2,-23.2,0.2216,-0.2469,-3.1,1.0,0.9544,0.9759,0.9388,0.9983
2026-08-23,-80.0,74.12,0.9458,0.9572,0.9314,1.0,13.01,112.3,-20.8,0.0868,0.34,-1.7,1.0,0.9544,1.0,1.0,0.964
2026-08-23,-80.0,95.29,0.9167,1.0,0.9735,1.0,14.79,279.5,-27.6,0.0693,0.0678,-3.9,1.0,0.9544,0.9209,0.9985,0.9581
2026-08-23,-80.0,116.47,0.9959,0.8668,0.914,0.9413,16.69,29.7,-23.2,0.2953,0.1902,-1.6,1.0,0.9544,1.0,0.946,1.0
2026-08-23,-80.0,137.65,0.9015,0.9559,0.9115,0.9222,6.61,51.9,-22.0,0.0598,0.1278,-1.9,1.0,0.9544,0.9078,0.9443,0.8982
2026-08-23,-80.0,158.82,0.8514,0.8839,0.8499,0.8796,5.25,319.4,-24.9,0.3838,0.0561,-2.3,1.0,0.9544,0.872,0.8391,0.8967
2026-08-23,-80.0,180.0,0.8461,0.8219,0.8413,0.8413,12.94,94.9,-25.0,0.073,0.0321,-0.9,1.0,0.9544,0.8017,0.8412,0.8623
2026-08-23,-78.57,-180.0,0.7001,0.7418,0.7175,0.8525,7.45,159.1,-24.9,0.0707,0.0161,-2.9,0.9429,0.9544,0.764,0.7867,0.7635
2026-08-23,-78.57,-158.82,0.7531,0.7646,0.7607,0.8506,14.88,33.6,-28.9,0.1907,-0.0366,0.5,0.9429,0.9544,0.7498,0.7239,0.7765
2026-08-23,-78.57,-137.65,0.746,0.771,0.7569,0.7406,7.7,115.4,-24.2,0.1397,-0.1327,-0.5,0.9429,0.9544,0.8777,0.7528,0.6785
2026-08-23,-78.57,-116.47,0.7083,0.8037,0.7475,0.7739,16.19,84.6,-20.9,0.4128,-0.0562,-1.2,0.9429,0.9544,0.6641,0.7135,0.6917
2026-08-23,-78.57,-95.29,0.782,0.7397,0.8811,0.6921,16.03,239.4,-20.3,0.1071,-0.1082,-1.9,0.9429,0.9544,0.7113,0.7768,0.7315
2026-08-23,-78.57,-74.12,0.7894,0.7196,0.8009,0.721,13.42,351.4,-18.1,0.3272,-0.1633,-2.3,0.9429,0.9544,0.7714,0.7084,0.7425
2026-08-23,-78.57,-52.94,0.8014,0.7911,0.7406,0.7993,8.84,160.1,-26.0,0.4238,-0.1301,-0.2,0.9429,0.9544,0.7532,0.7026,0.8622
2026-08-23,-78.57,-31.76,0.8616,0.8088,0.8201,0.7716,12.94,169.5,-23.9,0.0788,0.3485,-1.0,0.9429,0.9544,0.8844,0.8429,0.8656
2026-08-23,-78.57,-10.59,0.8483,0.8533,0.8406,0.8466,12.56,347.3,-20.1,0.114,0.0492,-1.0,0.9429,0.9544,0.8095,0.8164,0.9525
2026-08-23,-78.57,10.59,0.9417,0.8363,0.8845,0.9634,7.51,123.0,-23.1,0.4427,-0.3272,-2.6,0.9429,0.9544,0.9301,0.9124,0.8272
2026-08-23,-78.57,31.76,0.9309,0.9044,0.9145,0.8783,12.62,349.9,-23.5,0.394,0.3095,-1.7,0.9429,0.9544,0.9134,0.8854,0.9024
2026-08-23,-78.57,52.94,0.9183,0.8657,0.9825,0.9563,15.43,288.4,-23.5,0.1232,-0.0909,-2.4,0.9429,0.9544,0.8567,0.9011,0.916
2026-08-23,-78.57,74.12,0.9302,0.9946,0.9391,0.9245,15.21,317.3,-26.8,0.3456,0.256,-0.8,0.9429,0.9544,0.9046,0.9916,0.8852
2026-08-23,-78.57,95.29,0.9463,0.9219,0.9506,0.9088,17.2,168.9,-22.2,0.2737,-0.1647,-2.5,0.9429,0.9544,0.9199,0.9368,0.9673
2026-08-23,-78.57,116.47,0.9678,0.8972,0.8478,0.9308,9.4,311.7,-24.2,0.2251,-0.2285,-1.9,0.9429,0.9544,0.8785,0.8666,0.9195
2026-08-23,-78.57,137.65,0.8599,0.8778,0.8591,0.8679,9.65,166.5,-26.0,0.4468,0.0863,-1.2,0.9429,0.9544,0.8408,0.8878,0.7863
2026-08-23,-78.57,158.82,0.7147,0.7768,0.8497,0.806,9.53,149.9,-30.3,0.0781,-0.1259,-2.1,0.9429,0.9544,0.829,0.7793,0.7865
2026-08-23,-78.57,180.0,0.7666,0.7788,0.7343,0.8302,15.63,232.7,-20.0,0.3605,-0.2302,-1.6,0.9429,0.9544,0.7728,0.8041,0.7138
2026-08-23,-77.14,-180.0,0.702,0.7811,0.7017,0.7506,5.18,48.6,-28.0,0.1356,-0.0516,-1.4,0.8857,0.9544,0.7237,0.7208,0.7141
2026-08-23,-77.14,-158.82,0.6936,0.7414,0.7291,0.6631,13.46,243.8,-20.8,0.2716,-0.0332,-1.4,0.8857,0.9544,0.7729,0.7214,0.7261
2026-08-23,-77.14,-137.65,0.7409,0.6727,0.6952,0.7167,9.67,316.2,-25.8,0.12,0.1213,-0.1,0.8857,0.9544,0.6829,0.6792,0.6921
2026-08-23,-77.14,-116.47,0.62,0.6835,0.7119,0.7346,10.84,289.2,-27.8,0.2962,-0.0475,-0.3,0.8857,0.9544,0.7056,0.676,0.6981
2026-08-23,-77.14,-95.29,0.7016,0.7057,0.7504,0.7302,15.63,265.0,-17.7,0.3964,0.0398,-2.0,0.8857,0.9544,0.6421,0.7052,0.6678
2026-08-23,-77.14,-74.12,0.7462,0.6549,0.7128,0.7016,16.21,339.3,-22.0,0.1658,0.1435,-0.7,0.8857,0.9544,0.6688,0.6106,0.6962
2026-08-23,-77.14,-52.94,0.7231,0.6712,0.7862,0.7758,17.35,314.2,-19.5,0.3812,-0.0028,-1.2,0.8857,0.9544,0.8077,0.7159,0.7487
2026-08-23,-77.14,-31.76,0.7872,0.7788,0.7822,0.8696,11.11,141.3,-23.1,0.0906,0.116,-2.2,0.8857,0.9544,0.7096,0.742,0.7258
2026-08-23,-77.14,-10.59,0.8243,0.8456,0.829,0.7686,16.95,79.2,-19.6,0.2606,-0.019,-0.6,0.8857,0.9544,0.7955,0.7867,0.7744
2026-08-23,-77.14,10.59,0.818,0.7907,0.8198,0.8509,9.3,347.3,-23.0,0.2869,-0.3908,0.2,0.8857,0.9544,0.8411,0.8597,0.8356
2026-08-23,-77.14,31.76,0.888,0.8733,0.8432,0.8768,12.98,217.1,-24.2,0.375,-0.3114,-0.0,0.8857,0.9544,0.8842,0.8953,0.8585
2026-08-23,-77.14,52.94,0.8483,0.8806,0.9038,0.9223,6.01,190.5,-21.6,0.336,0.1677,-1.0,0.8857,0.9544,0.8571,0.8648,0.8647
2026-08-23,-77.14,74.12,0.8815,0.8528,0.841,0.8269,7.21,332.3,-19.5,0.1726,0.2479,-1.9,0.8857,0.9544,0.8976,0.8692,0.9077
2026-08-23,-77.14,95.29,0.8894,0.8511,0.9177,0.8835,16.46,242.6,-23.4,0.3223,-0.2347,0.1,0.8857,0.9544,0.9127,0.8483,0.8928
2026-08-23,-77.14,116.47,0.8243,0.8465,0.8308,0.851,10.27,347.4,-20.0,0.1319,0.3607,-2.1,0.8857,0.9544,0.8287,0.8312,0.8743
2026-08-23,-77.14,137.65,0.8208,0.8362,0.7416,0.8279,17.24,336.9,-27.6,0.1414,0.1265,-0.5,0.8857,0.9544,0.8358,0.8355,0.8001
2026-08-23,-77.14,158.82,0.7859,0.7854,0.7784,0.7398,14.65,55.4,-24.0,0.3675,0.0202,-0.9,0.8857,0.9544,0.8097,0.7423,0.7704
2026-08-23,-77.14,180.0,0.731,0.7935,0.6508,0.7435,5.75,71.0,-23.5,0.2766,0.1255,0.6,0.8857,0.9544,0.7301,0.7463,0.7813
2026-08-23,-75.71,-180.0,0.7399,0.7327,0.6338,0.6925,12.99,265.8,-23.5,0.4012,0.011,-0.3,0.8286,0.9544,0.7068,0.707,0.6946
2026-08-23,-75.71,-158.82,0.6303,0.6176,0.6553,0.6307,13.32,98.1,-22.2,0.0973,-0.0618,-2.3,0.8286,0.9544,0.5815,0.6714,0.6089
2026-08-23,-75.71,-137.65,0.6273,0.6356,0.6559,0.6185,6.4,222.0,-23.2,0.4431,0.1846,0.3,0.8286,0.9544,0.6987,0.6442,0.5837
2026-08-23,-75.71,-116.47,0.5613,0.6677,0.5907,0.6916,17.23,234.6,-19.5,0.4144,-0.0107,1.0,0.8286,0.9544,0.6691,0.6157,0.6232
2026-08-23,-75.71,-95.29,0.668,0.6425,0.642,0.6795,7.14,292.6,-22.9,0.1089,-0.1122,-0.3,0.8286,0.9544,0.6487,0.6916,0.5858
2026-08-23,-75.71,-74.12,0.6418,0.685,0.6319,0.6102,12.58,223.6,-22.5,0.1946,-0.068,-0.2,0.8286,0.9544,0.6767,0.61,0.7505
2026-08-23,-75.71,-52.94,0.7749,0.667,0.7031,0.6857,9.97,286.2,-22.6,0.2603,-0.0312,1.3,0.8286,0.9544,0.6633,0.7434,0.6831
2026-08-23,-75.71,-31.76,0.7622,0.6449,0.7917,0.7143,7.04,266.9,-19.6,0.3594,0.4263,1.4,0.8286,0.9544,0.7014,0.7205,0.7789
2026-08-23,-75.71,-10.59,0.6884,0.6949,0.7919,0.7237,11.02,334.2,-19.8,0.237,0.1243,0.7,0.8286,0.9544,0.739,0.7528,0.7989
2026-08-23,-75.71,10.59,0.7489,0.7814,0.7807,0.7783,13.22,68.7,-25.5,0.3126,0.1346,0.3,0.8286,0.9544,0.8029,0.7143,0.8787
2026-08-23,-75.71,31.76,0.7953,0.843,0.8349,0.8158,6.5,299.3,-20.0,0.4088,0.0837,0.3,0.8286,0.9544,0.8683,0.8131,0.8338
2026-08-23,-75.71,52.94,0.8208,0.9191,0.9336,0.8428,8.87,195.2,-19.5,0.4283,-0.1156,0.6,0.8286,0.9544,0.8407,0.8482,0.8927
2026-08-23,-75.71,74.12,0.8047,0.7778,0.9106,0.8139,5.65,182.3,-22.1,0.1561,0.0094,-0.5,0.8286,0.9544,0.9207,0.8378,0.8211
2026-08-23,-75.71,95.29,0.7876,0.8743,0.8422,1.0,10.43,209.7,-21.0,0.1528,0.0199,-0.1,0.8286,0.9544,0.8309,0.819,0.8365
2026-08-23,-75.71,116.47,0.7743,0.8122,0.7522,0.789,13.29,143.0,-19.4,0.251,0.0213,-0.5,0.8286,0.9544,0.8414,0.8111,0.7194
2026-08-23,-75.71,137.65,0.7313,0.7711,0.7222,0.7887,13.54,195.2,-24.0,0.3589,0.0137,-0.4,0.8286,0.9544,0.7664,0.7147,0.7205
2026-08-23,-75.71,158.82,0.7719,0.7316,0.7566,0.6524,13.29,141.5,-14.5,0.3464,0.127,-0.9,0.8286,0.9544,0.719,0.7323,0.741
2026-08-23,-75.71,180.0,0.7907,0.6401,0.6379,0.7019,17.68,59.4,-22.4,0.4134,0.0543,-2.1,0.8286,0.9544,0.6839,0.6791,0.6123
2026-08-23,-74.29,-180.0,0.5964,0.5735,0.6456,0.5854,17.55,116.0,-15.6,0.1765,-0.0535,-0.9,0.7714,0.9544,0.574,0.6425,0.6533
2026-08-23,-74.29,-158.82,0.7016,0.6491,0.5532,0.6374,14.97,255.4,-19.9,0.1891,0.1493,-0.2,0.7714,0.9544,0.6041,0.6199,0.6219
2026-08-23,-74.29,-137.65,0.5963,0.5874,0.6198,0.6204,15.44,247.0,-24.2,0.2449,-0.0611,0.8,0.7714,0.9544,0.5446,0.562,0.614
2026-08-23,-74.29,-116.47,0.5968,0.5442,0.5935,0.556,5.01,199.9,-21.1,0.3802,-0.1491,1.2,0.7714,0.9544,0.5928,0.5662,0.5167
2026-08-23,-74.29,-95.29,0.6049,0.6455,0.5855,0.6168,15.88,223.3,-20.9,0.4215,-0.0225,1.5,0.7714,0.9544,0.5873,0.5428,0.5826
2026-08-23,-74.29,-74.12,0.615,0.6121,0.6425,0.5936,9.83,210.6,-20.2,0.1479,0.2259,0.9,0.7714,0.9544,0.6411,0.5914,0.7226
2026-08-23,-74.29,-52.94,0.6521,0.6314,0.5518,0.5635,10.48,79.3,-17.9,0.1523,-0.3579,0.2,0.7714,0.9544,0.6417,0.617,0.6925
2026-08-23,-74.29,-31.76,0.6765,0.719,0.6698,0.6437,11.37,310.2,-20.5,0.1627,0.1021,2.3,0.7714,0.9544,0.7396,0.6917,0.711
2026-08-23,-74.29,-10.59,0.7231,0.7341,0.7035,0.7002,6.12,229.6,-20.7,0.4151,-0.2769,0.7,0.7714,0.9544,0.7097,0.7641,0.7244
2026-08-23,-74.29,10.59,0.743,0.7599,0.6381,0.7688,7.75,286.4,-19.8,0.3069,0.0095,-0.1,0.7714,0.9544,0.7587,0.7212,0.7696
2026-08-23,-74.29,31.76,0.8685,0.6682,0.7095,0.7801,5.6,338.8,-21.5,0.4007,0.177,1.1,0.7714,0.9544,0.8549,0.761,0.7763
2026-08-23,-74.29,52.94,0.7373,0.8308,0.7855,0.7933,13.32,104.7,-18.7,0.3151,-0.0837,-0.9,0.7714,0.9544,0.7819,0.7562,0.8071
2026-08-23,-74.29,74.12,0.7575,0.8261,0.7656,0.8084,5.92,54.3,-20.6,0.2942,0.1482,2.7,0.7714,0.9544,0.7232,0.8074,0.8517
2026-08-23,-74.29,95.29,0.8077,0.8031,0.7486,0.8119,17.39,289.4,-24.3,0.4303,-0.068,-0.6,0.7714,0.9544,0.7101,0.7568,0.74
2026-08-23,-74.29,116.47,0.7152,0.7053,0.7785,0.7143,16.08,215.7,-19.3,0.255,0.16,-0.9,0.7714,0.9544,0.6898,0.7493,0.7656
2026-08-23,-74.29,137.65,0.6413,0.6644,0.725,0.7652,12.82,27.7,-21.3,0.2072,0.0655,1.3,0.7714,0.9544,0.7609,0.7556,0.7416
2026-08-23,-74.29,158.82,0.7099,0.6688,0.7104,0.6625,11.49,328.5,-21.5,0.4001,-0.0087,-0.9,0.7714,0.9544,0.6602,0.6486,0.6066
2026-08-23,-74.29,180.0,0.6511,0.6391,0.5971,0.5828,11.48,231.3,-17.9,0.4246,0.096,1.4,0.7714,0.9544,0.6134,0.6216,0.6315
2026-08-23,-72.86,-180.0,0.6229,0.5659,0.625,0.6146,16.91,35.6,-17.9,0.4256,-0.1086,1.4,0.7143,0.9544,0.5089,0.5553,0.5806
2026-08-23,-72.86,-158.82,0.5408,0.5587,0.5936,0.5168,10.02,36.7,-19.5,0.4264,0.0778,2.0,0.7143,0.9544,0.5405,0.5448,0.5488
2026-08-23,-72.86,-137.65,0.5701,0.4701,0.5261,0.542,7.65,112.3,-16.7,0.1674,-0.0107,2.1,0.7143,0.9544,0.5764,0.5707,0.5166
2026-08-23,-72.86,-116.47,0.5149,0.5586,0.5497,0.5264,13.06,35.2,-18.7,0.1153,0.0879,1.8,0.7143,0.9544,0.6014,0.4728,0.493
2026-08-23,-72.86,-95.29,0.5171,0.5529,0.5186,0.5345,15.18,292.7,-21.5,0.3758,-0.1371,0.2,0.7143,0.9544,0.4875,0.5684,0.5477
2026-08-23,-72.86,-74.12,0.5865,0.5645,0.5714,0.5963,12.33,327.0,-17.6,0.3672,-0.0823,0.2,0.7143,0.9544,0.5891,0.5185,0.5694
2026-08-23,-72.86,-52.94,0.638,0.6286,0.5467,0.6015,12.1,18.5,-20.8,0.3984,0.0088,0.3,0.7143,0.9544,0.603,0.5807,0.6001
2026-08-23,-72.86,-31.76,0.5747,0.6496,0.6547,0.6739,7.88,171.8,-17.6,0.0714,0.0112,-0.6,0.7143,0.9544,0.617,0.6218,0.6504
2026-08-23,-72.86,-10.59,0.635,0.6637,0.6628,0.64,6.9,57.0,-14.6,0.0785,-0.0049,2.1,0.7143,0.9544,0.676,0.6548,0.6751
2026-08-23,-72.86,10.59,0.6842,0.7058,0.6932,0.6285,6.58,338.0,-20.4,0.3174,0.1621,0.7,0.7143,0.9544,0.7311,0.7694,0.712
2026-08-23,-72.86,31.76,0.7224,0.7342,0.7764,0.7015,14.82,317.1,-15.4,0.2226,-0.069,-0.2,0.7143,0.9544,0.714,0.7451,0.7292
2026-08-23,-72.86,52.94,0.7135,0.7172,0.7449,0.7517,11.98,55.3,-21.0,0.1479,-0.011,1.1,0.7143,0.9544,0.7469,0.7315,0.751
2026-08-23,-72.86,74.12,0.7333,0.631,0.7201,0.7024,14.31,356.1,-12.7,0.2363,-0.0427,-0.4,0.7143,0.9544,0.6654,0.7427,0.7298
2026-08-23,-72.86,95.29,0.7217,0.758,0.7934,0.7102,11.95,100.9,-17.3,0.3003,-0.2503,1.0,0.7143,0.9544,0.7372,0.7046,0.6323
2026-08-23,-72.86,116.47,0.6287,0.6702,0.6684,0.7205,9.75,264.4,-23.2,0.1295,0.3098,1.1,0.7143,0.9544,0.7187,0.7152,0.7339
2026-08-23,-72.86,137.65,0.7142,0.6967,0.6933,0.6316,10.71,168.9,-21.4,0.3275,0.0328,1.7,0.7143,0.9544,0.616,0.6622,0.6135
2026-08-23,-72.86,158.82,0.6381,0.5883,0.5866,0.637,11.98,303.0,-22.2,0.4048,0.0516,-0.5,0.7143,0.9544,0.5683,0.5745,0.6412
2026-08-23,-72.86,180.0,0.6069,0.6111,0.5432,0.5882,8.73,349.6,-15.2,0.2169,0.0402,0.8,0.7143,0.9544,0.6894,0.548,0.551
2026-08-23,-71.43,-180.0,0.4865,0.582,0.4886,0.5533,5.73,342.9,-17.2,0.1499,-0.1046,1.0,0.6571,0.9544,0.519,0.5063,0.5279
2026-08-23,-71.43,-158.82,0.4866,0.4662,0.5405,0.4541,13.08,206.1,-14.3,0.204,0.0281,1.1,0.6571,0.9544,0.5749,0.4761,0.508
2026-08-23,-71.43,-137.65,0.4264,0.5033,0.4679,0.5157,11.43,95.3,-22.1,0.235,0.0431,1.8,0.6571,0.9544,0.4938,0.4815,0.4833
2026-08-23,-71.43,-116.47,0.5057,0.5265,0.5194,0.5046,12.14,236.5,-16.3,0.131,-0.1083,0.1,0.6571,0.9544,0.509,0.4396,0.4753
2026-08-23,-71.43,-95.29,0.4529,0.4647,0.4838,0.5094,6.68,196.8,-20.5,0.4488,0.1514,0.4,0.6571,0.9544,0.544,0.4524,0.5165
2026-08-23,-71.43,-74.12,0.5438,0.5841,0.5159,0.4644,6.69,232.9,-20.1,0.1278,-0.0408,0.3,0.6571,0.9544,0.5359,0.5591,0.5285
2026-08-23,-71.43,-52.94,0.527,0.5078,0.5058,0.6511,17.2,190.0,-12.9,0.3384,0.0616,1.5,0.6571,0.9544,0.4737,0.5185,0.5967
2026-08-23,-71.43,-31.76,0.5012,0.5173,0.5856,0.5571,16.28,151.2,-20.3,0.2423,-0.0862,0.5,0.6571,0.9544,0.5791,0.5495,0.5972
2026-08-23,-71.43,-10.59,0.5983,0.5941,0.6995,0.5978,14.25,127.4,-19.7,0.0745,-0.0512,1.1,0.6571,0.9544,0.6213,0.5851,0.6283
2026-08-23,-71.43,10.59,0.6758,0.7089,0.661,0.6083,16.09,269.0,-25.3,0.3104,-0.1037,-0.6,0.6571,0.9544,0.6151,0.6183,0.6449
2026-08-23,-71.43,31.76,0.7156,0.6566,0.7164,0.6393,16.04,188.6,-15.7,0.0567,-0.1333,-0.4,0.6571,0.9544,0.5654,0.5955,0.6448
2026-08-23,-71.43,52.94,0.6892,0.7172,0.6684,0.6355,11.99,349.2,-17.8,0.0971,0.1899,0.2,0.6571,0.9544,0.6952,0.6726,0.6818
2026-08-23,-71.43,74.12,0.7371,0.6929,0.7411,0.6373,15.47,167.0,-22.2,0.2725,0.0148,0.6,0.6571,0.9544,0.7134,0.6712,0.6619
2026-08-23,-71.43,95.29,0.6232,0.6492,0.6358,0.6542,13.56,226.2,-23.0,0.4466,0.0702,0.6,0.6571,0.9544,0.6503,0.6518,0.6187
2026-08-23,-71.43,116.47,0.6454,0.6089,0.6527,0.6081,12.14,63.4,-14.9,0.3735,0.0723,1.4,0.6571,0.9544,0.6167,0.6338,0.6293
2026-08-23,-71.43,137.65,0.6258,0.6322,0.6398,0.6151,5.21,163.0,-15.3,0.1486,-0.1548,3.0,0.6571,0.9544,0.6502,0.6152,0.6015
2026-08-23,-71.43,158.82,0.5911,0.5788,0.5935,0.6081,16.17,65.4,-16.2,0.0728,-0.0392,2.1,0.6571,0.9544,0.4878,0.5808,0.5237
2026-08-23,-71.43,180.0,0.6073,0.5194,0.5365,0.6001,15.39,227.6,-20.1,0.2936,-0.0124,2.3,0.6571,0.9544,0.495,0.4716,0.4925
2026-08-23,-70.0,-180.0,0.498,0.5234,0.4626,0.5201,13.72,81.3,-19.9,0.0918,0.028,1.7,0.6,0.9544,0.4997,0.5852,0.4849
2026-08-23,-70.0,-158.82,0.4336,0.4005,0.465,0.5103,7.42,313.7,-18.7,0.284,0.0171,3.0,0.6,0.9544,0.3988,0.5005,0.4519
2026-08-23,-70.0,-137.65,0.4413,0.4368,0.4675,0.4279,16.71,39.5,-15.4,0.3232,-0.0284,3.6,0.6,0.9544,0.4564,0.471,0.4697
2026-08-23,-70.0,-116.47,0.4545,0.469,0.4186,0.4439,12.66,168.3,-14.9,0.0914,0.0698,3.9,0.6,0.9544,0.4788,0.4337,0.3574
2026-08-23,-70.0,-95.29,0.4687,0.4318,0.4176,0.4343,15.42,250.8,-20.5,0.2628,-0.1717,2.0,0.6,0.9544,0.351,0.4581,0.438
2026-08-23,-70.0,-74.12,0.5224,0.4196,0.4555,0.4449,7.65,183.4,-16.1,0.0603,0.0955,1.7,0.6,0.9544,0.5,0.4907,0.4268
2026-08-23,-70.0,-52.94,0.5714,0.4499,0.5187,0.4284,11.59,291.1,-18.1,0.2082,0.0695,1.3,0.6,0.9544,0.473,0.4991,0.5169
2026-08-23,-70.0,-31.76,0.6118,0.5243,0.4628,0.483,11.57,21.1,-19.0,0.0758,-0.179,1.3,0.6,0.9544,0.5475,0.56,0.5149
2026-08-23,-70.0,-10.59,0.5607,0.6298,0.5652,0.597,7.15,108.0,-20.2,0.3903,0.2998,3.1,0.6,0.9544,0.5425,0.5117,0.5444
2026-08-23,-70.0,10.59,0.5525,0.6132,0.5197,0.6058,8.29,57.8,-18.7,0.138,0.0377,2.3,0.6,0.9544,0.5461,0.5833,0.579
2026-08-23,-70.0,31.76,0.5903,0.5817,0.6388,0.6418,17.48,71.6,-15.1,0.3086,-0.0472,2.5,0.6,0.9544,0.6754,0.6665,0.6211
2026-08-23,-70.0,52.94,0.6082,0.6295,0.684,0.7236,5.08,75.9,-13.9,0.2202,0.0333,3.6,0.6,0.9544,0.6097,0.6091,0.6004
2026-08-23,-70.0,74.12,0.6046,0.6167,0.6082,0.6491,14.54,138.6,-18.8,0.2734,-0.1567,1.1,0.6,0.9544,0.5915,0.6745,0.5719
2026-08-23,-70.0,95.29,0.6014,0.6569,0.6066,0.5982,12.03,199.0,-15.1,0.4338,-0.1114,1.6,0.6,0.9544,0.6437,0.6084,0.6679
2026-08-23,-70.0,116.47,0.5785,0.5881,0.5096,0.5714,9.93,1.5,-12.1,0.3291,0.1697,1.7,0.6,0.9544,0.5848,0.5592,0.6339
2026-08-23,-70.0,137.65,0.5563,0.5965,0.5741,0.5817,9.98,68.0,-15.9,0.1439,0.0228,2.6,0.6,0.9544,0.5393,0.5706,0.5895
2026-08-23,-70.0,158.82,0.4752,0.5366,0.5622,0.4868,14.23,282.4,-17.2,0.3939,-0.1282,2.1,0.6,0.9544,0.4737,0.5651,0.5178
2026-08-23,-70.0,180.0,0.4795,0.505,0.5087,0.5469,6.36,6.3,-19.3,0.1375,0.0592,2.4,0.6,0.9544,0.5057,0.5028,0.4745
2026-08-23,-68.57,-180.0,0.4502,0.3728,0.4619,0.3258,12.56,61.6,-13.3,0.3296,0.0184,3.2,0.5429,0.9544,0.4648,0.4439,0.463
2026-08-23,-68.57,-158.82,0.3936,0.4156,0.3739,0.479,11.65,217.2,-15.6,0.2166,0.0246,1.6,0.5429,0.9544,0.4037,0.415,0.4256
2026-08-23,-68.57,-137.65,0.3607,0.3953,0.4589,0.4453,9.46,98.0,-13.8,0.3191,-0.0168,1.4,0.5429,0.9544,0.4168,0.3469,0.3967
2026-08-23,-68.57,-116.47,0.4613,0.3929,0.3082,0.3392,16.63,208.5,-14.5,0.3089,0.0324,1.9,0.5429,0.9544,0.3937,0.424,0.3464
2026-08-23,-68.57,-95.29,0.3881,0.3929,0.5263,0.3811,15.69,4.5,-18.8,0.0713,-0.0268,2.5,0.5429,0.9544,0.4237,0.4089,0.4404
2026-08-23,-68.57,-74.12,0.3867,0.3432,0.2651,0.4787,13.65,211.9,-15.5,0.2342,0.2062,2.8,0.5429,0.9544,0.4574,0.4332,0.3979
2026-08-23,-68.57,-52.94,0.43,0.4501,0.4833,0.4549,5.65,117.6,-23.1,0.0628,-0.1188,5.0,0.5429,0.9544,0.3702,0.4168,0.4608
2026-08-23,-68.57,-31.76,0.518,0.5059,0.4593,0.5557,11.71,291.8,-12.1,0.2494,0.2841,1.1,0.5429,0.9544,0.5549,0.4713,0.4667
2026-08-23,-68.57,-10.59,0.5268,0.4993,0.5171,0.5404,6.85,334.0,-13.6,0.379,-0.1336,1.7,0.5429,0.9544,0.5068,0.5145,0.4633
2026-08-23,-68.57,10.59,0.5018,0.4319,0.5568,0.5952,9.4,359.9,-11.4,0.4488,-0.0268,1.6,0.5429,0.9544,0.6218,0.5273,0.6432
2026-08-23,-68.57,31.76,0.5293,0.5647,0.5857,0.6119,15.57,64.3,-14.7,0.1039,0.0671,1.9,0.5429,0.9544,0.5565,0.5881,0.5514
2026-08-23,-68.57,52.94,0.5091,0.5781,0.5434,0.6318,5.81,24.0,-12.8,0.2254,0.2172,2.7,0.5429,0.9544,0.5533,0.531,0.5793
2026-08-23,-68.57,74.12,0.5201,0.5128,0.6476,0.572,13.08,199.6,-14.4,0.3903,-0.084,3.1,0.5429,0.9544,0.6364,0.532,0.6097
2026-08-23,-68.57,95.29,0.6276,0.5269,0.6389,0.553,9.72,92.4,-15.4,0.436,0.0993,2.9,0.5429,0.9544,0.5625,0.6059,0.549
2026-08-23,-68.57,116.47,0.5707,0.5566,0.5058,0.6031,5.69,149.6,-18.1,0.0999,0.3636,2.2,0.5429,0.9544,0.5732,0.4997,0.5485
2026-08-23,-68.57,137.65,0.4633,0.5755,0.4663,0.4771,17.09,119.6,-13.0,0.0611,0.0312,2.8,0.5429,0.9544,0.5302,0.5694,0.532
2026-08-23,-68.57,158.82,0.4826,0.4861,0.5104,0.538,17.67,185.2,-17.5,0.1278,0.1444,2.7,0.5429,0.9544,0.4514,0.4682,0.3977
2026-08-23,-68.57,180.0,0.4356,0.4033,0.4213,0.4342,11.29,1.9,-8.8,0.213,0.1062,2.0,0.5429,0.9544,0.4333,0.5321,0.3999
2026-08-23,-67.14,-180.0,0.3823,0.3437,0.4066,0.329,16.97,81.3,-14.6,0.318,-0.3076,2.9,0.4857,0.9544,0.3736,0.4199,0.3635
2026-08-23,-67.14,-158.82,0.3721,0.3324,0.3792,0.3672,8.44,217.3,-15.0,0.4425,-0.1224,4.1,0.4857,0.9544,0.3728,0.3499,0.3305
2026-08-23,-67.14,-137.65,0.3269,0.3054,0.3936,0.345,12.41,181.3,-9.8,0.1905,-0.0187,3.9,0.4857,0.9544,0.3113,0.3537,0.2815
2026-08-23,-67.14,-116.47,0.3767,0.3025,0.2774,0.3156,7.23,259.1,-14.9,0.3807,0.0842,2.5,0.4857,0.9544,0.277,0.4245,0.3563
2026-08-23,-67.14,-95.29,0.3827,0.3054,0.3242,0.3756,13.22,155.7,-14.0,0.1648,-0.1087,2.8,0.4857,0.9544,0.3389,0.3224,0.3691
2026-08-23,-67.14,-74.12,0.2706,0.3728,0.3394,0.3198,15.86,96.3,-16.4,0.2706,0.134,3.6,0.4857,0.9544,0.3783,0.3103,0.36
2026-08-23,-67.14,-52.94,0.3405,0.3889,0.3964,0.3973,15.43,48.2,-15.5,0.4381,-0.0972,1.0,0.4857,0.9544,0.3977,0.3523,0.3209
2026-08-23,-67.14,-31.76,0.4193,0.3979,0.4722,0.4289,5.71,19.0,-22.5,0.2276,-0.1259,2.9,0.4857,0.9544,0.4207,0.432,0.4054
2026-08-23,-67.14,-10.59,0.467,0.4793,0.4572,0.4388,9.38,348.5,-17.6,0.3912,0.1859,2.8,0.4857,0.9544,0.4383,0.4756,0.4012
2026-08-23,-67.14,10.59,0.4777,0.5516,0.5745,0.5226,11.15,24.5,-14.2,0.1104,-0.0455,3.6,0.4857,0.9544,0.4795,0.422,0.5275
2026-08-23,-67.14,31.76,0.5149,0.5052,0.6027,0.578,6.58,123.9,-13.1,0.3577,-0.0271,2.8,0.4857,0.9544,0.4713,0.5129,0.5487
2026-08-23,-67.14,52.94,0.5857,0.4549,0.5581,0.4928,13.21,166.0,-15.3,0.2633,-0.3604,4.4,0.4857,0.9544,0.4894,0.5928,0.5282
2026-08-23,-67.14,74.12,0.5051,0.5052,0.552,0.5028,15.62,218.5,-17.3,0.1614,-0.0316,3.6,0.4857,0.9544,0.5126,0.5535,0.5258
2026-08-23,-67.14,95.29,0.5346,0.4874,0.5707,0.5577,6.73,14.9,-17.1,0.187,-0.0278,1.5,0.4857,0.9544,0.5198,0.5473,0.5252
2026-08-23,-67.14,116.47,0.4799,0.5323,0.4978,0.5059,13.3,269.4,-16.6,0.4392,-0.0744,3.4,0.4857,0.9544,0.4906,0.4163,0.4141
2026-08-23,-67.14,137.65,0.4549,0.4117,0.4544,0.3986,17.41,343.8,-17.0,0.3283,0.0729,1.9,0.4857,0.9544,0.4944,0.4562,0.4731
2026-08-23,-67.14,158.82,0.4223,0.431,0.3902,0.4192,15.19,33.7,-9.8,0.3719,-0.0666,3.0,0.4857,0.9544,0.3792,0.3593,0.4463
2026-08-23,-67.14,180.0,0.4029,0.4805,0.3868,0.4131,10.82,297.0,-13.6,0.1835,0.3005,3.9,0.4857,0.9544,0.3124,0.4143,0.3542
2026-08-23,-65.71,-180.0,0.2543,0.3392,0.3187,0.2881,5.21,165.3,-17.2,0.0815,-0.0208,3.0,0.4286,0.9544,0.388,0.26,0.3416
2026-08-23,-65.71,-158.82,0.3071,0.3442,0.2542,0.3083,7.64,288.2,-15.7,0.3945,0.0544,4.0,0.4286,0.9544,0.3282,0.3105,0.3366
2026-08-23,-65.71,-137.65,0.347,0.2621,0.3192,0.2698,13.85,21.1,-15.3,0.4171,0.1767,4.4,0.4286,0.9544,0.2984,0.2526,0.2932
2026-08-23,-65.71,-116.47,0.2096,0.2962,0.2649,0.2359,11.22,255.9,-13.3,0.1987,-0.1106,5.2,0.4286,0.9544,0.355,0.2815,0.2999
2026-08-23,-65.71,-95.29,0.264,0.2913,0.2335,0.2448,17.02,336.0,-17.5,0.1106,-0.0965,3.1,0.4286,0.9544,0.3055,0.2717,0.2233
2026-08-23,-65.71,-74.12,0.2724,0.3451,0.2793,0.3434,11.29,211.9,-12.0,0.2108,-0.172,6.2,0.4286,0.9544,0.2748,0.2637,0.2801
2026-08-23,-65.71,-52.94,0.3811,0.3154,0.3483,0.3528,10.54,178.5,-13.4,0.1312,0.1223,3.4,0.4286,0.9544,0.3441,0.3809,0.3892
2026-08-23,-65.71,-31.76,0.3693,0.3049,0.3773,0.3534,11.39,96.8,-15.2,0.3591,0.2623,4.1,0.4286,0.9544,0.3804,0.3505,0.4149
2026-08-23,-65.71,-10.59,0.3511,0.4201,0.4017,0.4008,9.01,154.2,-15.6,0.2161,0.1064,3.6,0.4286,0.9544,0.4613,0.4098,0.4139
2026-08-23,-65.71,10.59,0.493,0.4514,0.4913,0.4633,9.81,238.7,-11.6,0.1863,0.0482,1.7,0.4286,0.9544,0.4566,0.4364,0.4431
2026-08-23,-65.71,31.76,0.4687,0.4178,0.4045,0.3754,16.53,64.0,-11.7,0.3296,0.062,3.0,0.4286,0.9544,0.483,0.5032,0.4404
2026-08-23,-65.71,52.94,0.5328,0.4629,0.422,0.4239,12.99,253.5,-13.5,0.1565,-0.1833,3.4,0.4286,0.9544,0.5205,0.4519,0.5356
2026-08-23,-65.71,74.12,0.5273,0.5113,0.5244,0.5217,17.32,244.1,-11.8,0.1802,-0.0178,4.2,0.4286,0.9544,0.4423,0.4568,0.4297
2026-08-23,-65.71,95.29,0.3956,0.4397,0.445,0.4821,13.89,323.7,-12.5,0.3618,0.1383,4.0,0.4286,0.9544,0.4578,0.3748,0.4518
2026-08-23,-65.71,116.47,0.4034,0.4889,0.4533,0.4055,17.17,57.3,-11.4,0.1931,0.1222,2.5,0.4286,0.9544,0.4279,0.4042,0.4678
2026-08-23,-65.71,137.65,0.3549,0.3513,0.3757,0.4269,12.74,192.0,-11.6,0.0931,0.0199,2.9,0.4286,0.9544,0.4752,0.4367,0.4398
2026-08-23,-65.71,158.82,0.2938,0.3628,0.388,0.3863,17.76,267.8,-11.2,0.1978,0.0196,4.4,0.4286,0.9544,0.4064,0.3757,0.3655
2026-08-23,-65.71,180.0,0.2934,0.3443,0.3975,0.3157,5.83,156.5,-10.7,0.0681,-0.0715,4.7,0.4286,0.9544,0.3518,0.3482,0.3457
2026-08-23,-64.29,-180.0,0.2527,0.2714,0.2977,0.2271,17.81,59.4,-11.9,0.1636,-0.0581,4.0,0.3714,0.9544,0.3225,0.2549,0.3025
2026-08-23,-64.29,-158.82,0.1798,0.2798,0.2222,0.2324,14.67,290.8,-9.9,0.1258,-0.3712,4.8,0.3714,0.9544,0.2897,0.2075,0.2102
2026-08-23,-64.29,-137.65,0.2278,0.1729,0.1703,0.2267,16.17,205.6,-13.4,0.1864,-0.1335,4.4,0.3714,0.9544,0.2722,0.1964,0.3446
2026-08-23,-64.29,-116.47,0.2689,0.1628,0.264,0.257,7.12,97.2,-11.9,0.3637,-0.1733,4.8,0.3714,0.9544,0.2838,0.2823,0.2833
2026-08-23,-64.29,-95.29,0.3108,0.2661,0.3041,0.2085,17.72,296.2,-12.6,0.2475,-0.0407,1.4,0.3714,0.9544,0.2654,0.2179,0.2584
2026-08-23,-64.29,-74.12,0.2998,0.2773,0.2611,0.2428,17.93,31.8,-10.3,0.1472,0.0581,4.5,0.3714,0.9544,0.2012,0.1899,0.227
2026-08-23,-64.29,-52.94,0.2834,0.2256,0.2516,0.3175,6.53,177.0,-9.0,0.1429,-0.0768,4.6,0.3714,0.9544,0.2834,0.337,0.2823
2026-08-23,-64.29,-31.76,0.301,0.2561,0.3495,0.3498,16.96,358.4,-12.0,0.1575,0.044,2.3,0.3714,0.9544,0.3745,0.3039,0.3525
2026-08-23,-64.29,-10.59,0.3324,0.3776,0.387,0.4039,10.13,295.7,-15.8,0.4182,-0.1946,3.5,0.3714,0.9544,0.3223,0.3713,0.3357
2026-08-23,-64.29,10.59,0.3312,0.3541,0.4441,0.3856,12.9,223.5,-9.9,0.3812,0.2355,4.2,0.3714,0.9544,0.4894,0.3376,0.4121
2026-08-23,-64.29,31.76,0.3858,0.3757,0.4291,0.3404,6.16,183.0,-17.3,0.2441,-0.2614,5.1,0.3714,0.9544,0.4593,0.4081,0.4386
2026-08-23,-64.29,52.94,0.4356,0.3855,0.4358,0.3849,5.01,46.9,-11.7,0.2023,0.1774,5.7,0.3714,0.9544,0.3966,0.394,0.4308
2026-08-23,-64.29,74.12,0.4305,0.4916,0.4643,0.3676,17.66,17.6,-10.5,0.3242,-0.1388,5.1,0.3714,0.9544,0.4095,0.3356,0.4751
2026-08-23,-64.29,95.29,0.4888,0.4606,0.3766,0.3712,10.3,356.0,-13.8,0.3313,0.0536,3.2,0.3714,0.9544,0.4155,0.4505,0.4944
2026-08-23,-64.29,116.47,0.408,0.416,0.3892,0.413,8.79,295.1,-12.4,0.2246,0.0074,5.0,0.3714,0.9544,0.3892,0.4213,0.34
2026-08-23,-64.29,137.65,0.4509,0.4021,0.3266,0.3914,6.32,109.6,-13.5,0.387,-0.0193,4.6,0.3714,0.9544,0.3907,0.3268,0.3782
2026-08-23,-64.29,158.82,0.3535,0.2735,0.3392,0.2288,6.62,313.8,-10.8,0.255,-0.1415,2.8,0.3714,0.9544,0.3067,0.2725,0.3453
2026-08-23,-64.29,180.0,0.2482,0.2409,0.3249,0.3541,8.69,30.5,-10.6,0.1713,-0.1316,6.2,0.3714,0.9544,0.2348,0.3036,0.3421
2026-08-23,-62.86,-180.0,0.1782,0.2709,0.2489,0.2307,14.54,88.7,-7.5,0.0762,-0.0178,4.8,0.3143,0.9544,0.2244,0.1698,0.1831
2026-08-23,-62.86,-158.82,0.1925,0.1585,0.2046,0.1482,11.74,54.4,-16.5,0.3451,0.1975,7.1,0.3143,0.9544,0.1416,0.1542,0.1493
2026-08-23,-62.86,-137.65,0.1602,0.0985,0.1269,0.1483,9.64,356.6,-7.9,0.2201,-0.1687,6.4,0.3143,0.9544,0.2334,0.1711,0.1678
2026-08-23,-62.86,-116.47,0.2234,0.1415,0.091,0.2245,14.6,79.9,-11.5,0.1475,-0.0623,5.3,0.3143,0.9544,0.1526,0.1789,0.1856
2026-08-23,-62.86,-95.29,0.2162,0.1957,0.1519,0.2149,11.24,20.9,-7.4,0.2573,0.0083,4.2,0.3143,0.9544,0.0847,0.1704,0.1944
2026-08-23,-62.86,-74.12,0.2064,0.1745,0.2216,0.2313,16.95,343.9,-11.3,0.131,0.0316,5.0,0.3143,0.9544,0.2723,0.2112,0.2313
2026-08-23,-62.86,-52.94,0.344,0.2888,0.301,0.2261,6.26,29.4,-6.5,0.3977,0.0713,4.2,0.3143,0.9544,0.2494,0.2276,0.2604
2026-08-23,-62.86,-31.76,0.2795,0.2743,0.2724,0.2435,12.16,327.5,-14.3,0.4481,-0.0838,3.9,0.3143,0.9544,0.2332,0.3114,0.1861
2026-08-23,-62.86,-10.59,0.2507,0.3277,0.3527,0.3366,11.43,31.3,-11.9,0.2211,0.0274,4.0,0.3143,0.9544,0.3145,0.2513,0.3356
2026-08-23,-62.86,10.59,0.3616,0.4036,0.389,0.3254,13.66,343.7,-6.4,0.0908,0.1436,3.8,0.3143,0.9544,0.3719,0.2907,0.3985
2026-08-23,-62.86,31.76,0.4061,0.3986,0.2661,0.3732,6.24,25.9,-17.2,0.2963,0.203,5.1,0.3143,0.9544,0.4153,0.3393,0.3395
2026-08-23,-62.86,52.94,0.4331,0.3806,0.4297,0.4196,16.35,101.1,-12.0,0.2679,-0.0117,6.5,0.3143,0.9544,0.4453,0.4108,0.5001
2026-08-23,-62.86,74.12,0.3401,0.4398,0.3624,0.3525,9.13,44.0,-11.1,0.096,-0.0218,5.2,0.3143,0.9544,0.4109,0.3561,0.4473
2026-08-23,-62.86,95.29,0.2864,0.2933,0.2831,0.3236,8.78,2.6,-10.7,0.0971,0.1148,7.1,0.3143,0.9544,0.324,0.3243,0.3377
2026-08-23,-62.86,116.47,0.3253,0.3045,0.3579,0.3417,13.32,261.6,-15.6,0.0594,0.0036,5.0,0.3143,0.9544,0.3076,0.2781,0.2797
2026-08-23,-62.86,137.65,0.3024,0.2753,0.3787,0.3025,12.26,103.6,-14.1,0.1012,0.2088,5.7,0.3143,0.9544,0.3418,0.2958,0.3372
2026-08-23,-62.86,158.82,0.2527,0.2343,0.3389,0.2183,9.06,241.5,-13.0,0.1984,-0.0467,4.2,0.3143,0.9544,0.2796,0.1914,0.1953
2026-08-23,-62.86,180.0,0.2353,0.2145,0.2007,0.1989,10.58,241.9,-10.4,0.1857,0.0945,5.5,0.3143,0.9544,0.2268,0.1425,0.2348
2026-08-23,-61.43,-180.0,0.1156,0.1375,0.1637,0.1678,11.07,39.6,-7.8,0.3217,0.1477,4.4,0.2571,0.9544,0.2625,0.2515,0.1594
2026-08-23,-61.43,-158.82,0.2101,0.1745,0.2034,0.1603,10.91,319.0,-12.8,0.4148,-0.0698,6.1,0.2571,0.9544,0.1908,0.1385,0.1535
2026-08-23,-61.43,-137.65,0.1711,0.1143,0.1222,0.1798,5.31,161.1,-11.7,0.2034,-0.257,5.0,0.2571,0.9544,0.1158,0.1219,0.1588
2026-08-23,-61.43,-116.47,0.1411,0.128,0.0806,0.1297,6.45,217.7,-7.4,0.1784,0.1043,2.8,0.2571,0.9544,0.0653,0.1977,0.2226
2026-08-23,-61.43,-95.29,0.1178,0.1362,0.1761,0.137,14.48,207.2,-12.3,0.4,0.2152,4.3,0.2571,0.9544,0.25,0.0852,0.1577
2026-08-23,-61.43,-74.12,0.1933,0.205,0.1278,0.1812,13.22,347.7,-10.1,0.2886,-0.0885,5.7,0.2571,0.9544,0.1847,0.1623,0.153
2026-08-23,-61.43,-52.94,0.1784,0.1132,0.2087,0.1938,15.89,6.6,-13.4,0.0822,0.234,4.2,0.2571,0.9544,0.1812,0.1696,0.227
2026-08-23,-61.43,-31.76,0.2381,0.2559,0.2257,0.2314,15.6,28.7,-10.5,0.4469,0.1475,6.5,0.2571,0.9544,0.2344,0.2213,0.2385
2026-08-23,-61.43,-10.59,0.2887,0.2017,0.1887,0.2907,16.92,9.3,-7.0,0.3183,-0.199,4.9,0.2571,0.9544,0.277,0.2491,0.2913
2026-08-23,-61.43,10.59,0.3052,0.2331,0.3339,0.2186,11.54,281.7,-5.9,0.3553,0.027,5.0,0.2571,0.9544,0.2824,0.3498,0.3105
2026-08-23,-61.43,31.76,0.3698,0.3536,0.3452,0.2679,11.64,159.9,-7.6,0.4296,0.1842,5.3,0.2571,0.9544,0.2732,0.2762,0.2773
2026-08-23,-61.43,52.94,0.3113,0.2883,0.3855,0.2655,15.8,150.7,-9.4,0.4022,0.4087,6.8,0.2571,0.9544,0.3558,0.2953,0.334
2026-08-23,-61.43,74.12,0.3325,0.3149,0.3481,0.3546,5.86,30.1,-11.0,0.3665,0.0267,6.0,0.2571,0.9544,0.3431,0.2897,0.3025
2026-08-23,-61.43,95.29,0.3335,0.3917,0.3083,0.2981,14.72,1.2,-12.2,0.1804,0.2319,5.4,0.2571,0.9544,0.3044,0.3392,0.346
2026-08-23,-61.43,116.47,0.3682,0.2898,0.3355,0.3451,13.29,353.5,-10.6,0.1889,0.1307,4.5,0.2571,0.9544,0.2835,0.2689,0.2481
2026-08-23,-61.43,137.65,0.2694,0.3143,0.2477,0.2466,8.72,307.2,-5.0,0.1589,0.2072,6.1,0.2571,0.9544,0.3034,0.2405,0.3178
2026-08-23,-61.43,158.82,0.174,0.2157,0.2165,0.2474,6.13,194.4,-8.2,0.0504,0.1645,5.1,0.2571,0.9544,0.199,0.2167,0.2028
2026-08-23,-61.43,180.0,0.2314,0.1616,0.2143,0.1388,9.13,95.7,-8.1,0.1744,-0.1023,5.9,0.2571,0.9544,0.1501,0.1549,0.094
2026-08-23,-60.0,-180.0,0.1309,0.1259,0.1692,0.1163,6.61,250.3,-12.1,0.3825,0.0293,5.7,0.2,0.9544,0.1934,0.1638,0.0659
2026-08-23,-60.0,-158.82,0.0697,0.0393,0.0843,0.1479,17.65,306.4,-10.1,0.4116,-0.2455,6.5,0.2,0.9544,0.1571,0.1252,0.1151
2026-08-23,-60.0,-137.65,0.0,0.0426,0.062,0.0811,6.05,146.5,-8.6,0.219,0.2066,5.5,0.2,0.9544,0.1258,0.1227,0.1014
2026-08-23,-60.0,-116.47,0.0579,0.0211,0.04,0.0409,5.01,258.6,-7.9,0.3912,0.0216,4.9,0.2,0.9544,0.032,0.0763,0.0907
2026-08-23,-60.0,-95.29,0.0948,0.0806,0.155,0.0875,17.65,356.8,-9.8,0.1333,0.3315,6.5,0.2,0.9544,0.0767,0.0719,0.1107
2026-08-23,-60.0,-74.12,0.1156,0.0936,0.1243,0.0732,11.77,201.2,-6.6,0.1778,0.0329,6.0,0.2,0.9544,0.0724,0.0258,0.0874
2026-08-23,-60.0,-52.94,0.1273,0.1311,0.2043,0.1842,16.51,86.9,-10.0,0.0861,-0.0392,6.0,0.2,0.9544,0.1511,0.1908,0.1219
2026-08-23,-60.0,-31.76,0.1651,0.104,0.1362,0.21,9.72,239.0,-9.3,0.1257,0.2295,5.0,0.2,0.9544,0.2192,0.1942,0.1653
2026-08-23,-60.0,-10.59,0.2548,0.2006,0.2112,0.1516,10.54,32.4,-2.9,0.2553,0.052,5.3,0.2,0.9544,0.2286,0.2207,0.2127
2026-08-23,-60.0,10.59,0.2823,0.221,0.2053,0.2397,12.34,342.7,-5.4,0.3515,-0.2283,6.5,0.2,0.9544,0.162,0.191,0.2236
2026-08-23,-60.0,31.76,0.3734,0.2467,0.2354,0.3223,11.34,41.1,-11.6,0.1873,-0.1442,5.7,0.2,0.9544,0.2429,0.3042,0.3169
2026-08-23,-60.0,52.94,0.3159,0.2853,0.271,0.2071,6.12,148.2,-10.1,0.3074,-0.0647,5.9,0.2,0.9544,0.2714,0.2931,0.2384
2026-08-23,-60.0,74.12,0.2653,0.2926,0.2459,0.3591,17.58,16.8,-7.7,0.2478,0.1765,6.8,0.2,0.9544,0.2023,0.2345,0.3135
2026-08-23,-60.0,95.29,0.2471,0.3022,0.2692,0.2629,14.24,152.4,-9.9,0.2908,-0.1479,7.9,0.2,0.9544,0.2415,0.2673,0.2597
2026-08-23,-60.0,116.47,0.2156,0.2593,0.1449,0.2395,13.81,58.4,-4.3,0.0647,-0.1664,5.2,0.2,0.9544,0.2836,0.232,0.2142
2026-08-23,-60.0,137.65,0.1876,0.1476,0.1935,0.2151,9.39,194.7,-9.1,0.1769,-0.2269,6.0,0.2,0.9544,0.1731,0.1887,0.2202
2026-08-23,-60.0,158.82,0.1691,0.1002,0.1835,0.1601,6.19,71.8,-12.4,0.0913,-0.2994,4.4,0.2,0.9544,0.1492,0.0894,0.1883
2026-08-23,-60.0,180.0,0.1236,0.0985,0.1169,0.1416,17.76,80.6,-11.5,0.263,-0.2694,4.7,0.2,0.9544,0.0875,0.1319,0.1941
2026-08-24,-80.0,-180.0,0.8469,0.8058,0.8473,0.8784,15.47,314.1,-22.8,0.2047,0.0522,-3.0,1.0,0.9508,0.8282,0.8981,0.8
2026-08-24,-80.0,-158.82,0.7757,0.785,0.7561,0.8532,11.8,318.7,-27.3,0.0898,-0.0928,-1.9,1.0,0.9508,0.7597,0.871,0.8036
2026-08-24,-80.0,-137.65,0.7342,0.8382,0.8288,0.8008,9.36,341.3,-27.0,0.0888,0.1856,-1.5,1.0,0.9508,0.7776,0.7621,0.754
2026-08-24,-80.0,-116.47,0.8925,0.7314,0.7088,0.8123,17.75,181.9,-25.6,0.3891,-0.0824,-2.0,1.0,0.9508,0.7578,0.7871,0.7679
2026-08-24,-80.0,-95.29,0.7809,0.768,0.7849,0.813,13.11,45.4,-29.8,0.3476,-0.0713,-2.5,1.0,0.9508,0.8156,0.793,0.7201
2026-08-24,-80.0,-74.12,0.8062,0.7699,0.8092,0.7975,9.34,4.9,-18.2,0.4246,-0.0354,-1.6,1.0,0.9508,0.7885,0.8233,0.8221
2026-08-24,-80.0,-52.94,0.9215,0.8692,0.8742,0.8601,15.81,349.8,-24.8,0.2774,0.1523,-0.2,1.0,0.9508,0.8595,0.8442,0.9027
2026-08-24,-80.0,-31.76,0.8662,0.8207,0.8651,0.8776,7.47,350.3,-24.4,0.2155,-0.1329,-2.2,1.0,0.9508,0.8382,0.7994,0.8236
2026-08-24,-80.0,-10.59,0.8963,1.0,0.9973,0.8471,11.93,133.4,-25.2,0.3231,-0.103,-0.7,1.0,0.9508,0.9782,0.9806,0.9036
2026-08-24,-80.0,10.59,0.9005,0.9303,0.9944,0.8675,8.2,274.9,-18.7,0.3339,-0.1955,-1.0,1.0,0.9508,1.0,0.9192,0.9042
2026-08-24,-80.0,31.76,0.9615,1.0,0.9776,1.0,14.41,133.3,-25.6,0.2969,0.0098,-3.5,1.0,0.9508,1.0,0.9531,0.9205
2026-08-24,-80.0,52.94,0.9683,0.9543,0.9679,0.9598,11.75,16.3,-21.4,0.0655,-0.0701,-1.8,1.0,0.9508,0.9748,0.9376,0.9971
2026-08-24,-80.0,74.12,0.9447,0.9562,0.9303,1.0,15.33,327.0,-25.7,0.0753,0.0137,-1.5,1.0,0.9508,1.0,1.0,0.9628
2026-08-24,-80.0,95.29,0.9156,1.0,0.9725,1.0,10.65,275.8,-24.2,0.0595,-0.1537,-2.4,1.0,0.9508,0.9198,0.9973,0.9569
2026-08-24,-80.0,116.47,0.9948,0.8657,0.913,0.9405,14.93,251.1,-25.7,0.4107,0.1569,-2.2,1.0,0.9508,1.0,0.9449,0.9994
2026-08-24,-80.0,137.65,0.9004,0.9548,0.9105,0.9214,13.71,269.0,-24.3,0.194,0.1314,-3.7,1.0,0.9508,0.9066,0.9431,0.897
2026-08-24,-80.0,158.82,0.8503,0.8829,0.8489,0.8788,5.02,253.7,-24.2,0.1665,-0.0103,-2.4,1.0,0.9508,0.8709,0.838,0.8955
2026-08-24,-80.0,180.0,0.8451,0.8209,0.8403,0.8405,9.7,11.7,-20.0,0.2746,0.0217,-2.8,1.0,0.9508,0.8005,0.8401,0.8611
2026-08-24,-78.57,-180.0,0.699,0.7408,0.7166,0.8518,9.11,209.4,-20.9,0.229,0.1647,-1.0,0.9429,0.9508,0.7629,0.7856,0.7624
2026-08-24,-78.57,-158.82,0.7521,0.7636,0.7597,0.8498,10.04,194.9,-24.5,0.0984,-0.1399,0.3,0.9429,0.9508,0.7487,0.7228,0.7754
2026-08-24,-78.57,-137.65,0.7449,0.77,0.7559,0.7398,17.64,249.4,-24.7,0.3373,0.0024,-3.0,0.9429,0.9508,0.8766,0.7517,0.6774
2026-08-24,-78.57,-116.47,0.7073,0.8027,0.7465,0.7732,13.91,302.7,-21.2,0.0873,-0.1598,-2.8,0.9429,0.9508,0.6631,0.7124,0.6906
2026-08-24,-78.57,-95.29,0.781,0.7387,0.8801,0.6913,12.84,292.6,-28.4,0.2847,0.3724,-2.0,0.9429,0.9508,0.7102,0.7757,0.7303
2026-08-24,-78.57,-74.12,0.7883,0.7186,0.7999,0.7202,12.36,22.8,-27.8,0.2431,0.1738,-2.1,0.9429,0.9508,0.7703,0.7073,0.7413
2026-08-24,-78.57,-52.94,0.8003,0.7901,0.7397,0.7986,13.66,201.4,-22.3,0.2919,-0.1683,-0.4,0.9429,0.9508,0.7521,0.7015,0.861
2026-08-24,-78.57,-31.76,0.8606,0.8078,0.8191,0.7708,5.03,160.5,-24.0,0.1116,-0.1197,-2.2,0.9429,0.9508,0.8833,0.8418,0.8645
2026-08-24,-78.57,-10.59,0.8473,0.8523,0.8396,0.8458,17.92,61.5,-33.4,0.416,0.187,-0.7,0.9429,0.9508,0.8085,0.8153,0.9514
2026-08-24,-78.57,10.59,0.9407,0.8353,0.8835,0.9627,14.25,301.1,-24.0,0.2448,0.0918,-2.0,0.9429,0.9508,0.929,0.9113,0.8261
2026-08-24,-78.57,31.76,0.9299,0.9034,0.9135,0.8776,13.75,231.8,-23.0,0.3951,-0.0908,-0.7,0.9429,0.9508,0.9123,0.8843,0.9013
2026-08-24,-78.57,52.94,0.9173,0.8647,0.9815,0.9556,15.64,99.0,-31.6,0.4456,0.0693,-2.6,0.9429,0.9508,0.8556,0.8999,0.9148
2026-08-24,-78.57,74.12,0.9291,0.9936,0.9381,0.9237,11.09,136.8,-22.9,0.3045,0.0792,-3.2,0.9429,0.9508,0.9035,0.9905,0.8841
2026-08-24,-78.57,95.29,0.9453,0.9209,0.9496,0.908,7.41,114.9,-23.5,0.3058,-0.3006,0.8,0.9429,0.9508,0.9189,0.9357,0.9662
2026-08-24,-78.57,116.47,0.9667,0.8962,0.8468,0.93,13.5,182.1,-24.8,0.1781,0.0423,-0.3,0.9429,0.9508,0.8774,0.8655,0.9183
2026-08-24,-78.57,137.65,0.8588,0.8768,0.8581,0.8671,14.41,316.2,-21.7,0.1337,-0.0638,-0.1,0.9429,0.9508,0.8397,0.8867,0.7852
2026-08-24,-78.57,158.82,0.7136,0.7758,0.8487,0.8052,11.07,20.3,-24.6,0.3238,-0.2028,-2.0,0.9429,0.9508,0.828,0.7782,0.7853
2026-08-24,-78.57,180.0,0.7656,0.7778,0.7333,0.8294,11.17,240.9,-23.1,0.164,0.1987,-1.1,0.9429,0.9508,0.7718,0.803,0.7127
2026-08-24,-77.14,-180.0,0.701,0.7802,0.7008,0.7499,14.34,339.8,-20.0,0.3315,-0.0006,0.5,0.8857,0.9508,0.7227,0.7198,0.713
2026-08-24,-77.14,-158.82,0.6927,0.7405,0.7282,0.6624,12.94,167.7,-22.6,0.352,-0.1336,0.3,0.8857,0.9508,0.7719,0.7204,0.725
2026-08-24,-77.14,-137.65,0.7399,0.6718,0.6943,0.7159,10.07,94.6,-23.2,0.3069,-0.1498,-0.1,0.8857,0.9508,0.6819,0.6782,0.691
2026-08-24,-77.14,-116.47,0.619,0.6826,0.711,0.7338,12.54,171.0,-25.8,0.2715,0.0509,-0.1,0.8857,0.9508,0.7046,0.675,0.697
2026-08-24,-77.14,-95.29,0.7006,0.7048,0.7495,0.7295,15.47,23.0,-23.1,0.4052,-0.0328,-1.2,0.8857,0.9508,0.6411,0.7042,0.6667
2026-08-24,-77.14,-74.12,0.7452,0.654,0.7119,0.7009,11.69,162.0,-22.4,0.2597,0.0645,-0.5,0.8857,0.9508,0.6678,0.6096,0.6951
2026-08-24,-77.14,-52.94,0.7221,0.6702,0.7853,0.775,5.05,1.4,-20.7,0.1607,0.2308,-0.2,0.8857,0.9508,0.8067,0.7149,0.7476
2026-08-24,-77.14,-31.76,0.7862,0.7779,0.7813,0.8689,12.82,26.7,-21.8,0.349,-0.24,-1.0,0.8857,0.9508,0.7086,0.7409,0.7247
2026-08-24,-77.14,-10.59,0.8234,0.8447,0.8281,0.7679,14.59,334.2,-22.1,0.3201,0.0844,-1.6,0.8857,0.9508,0.7944,0.7857,0.7734
2026-08-24,-77.14,10.59,0.817,0.7898,0.8189,0.8502,10.19,54.4,-21.3,0.34,-0.2582,-1.3,0.8857,0.9508,0.8401,0.8587,0.8345
2026-08-24,-77.14,31.76,0.887,0.8724,0.8423,0.8761,10.31,21.6,-23.7,0.2616,-0.0609,0.3,0.8857,0.9508,0.8832,0.8943,0.8575
2026-08-24,-77.14,52.94,0.8473,0.8796,0.9029,0.9216,17.26,214.8,-25.5,0.3419,0.1499,-0.7,0.8857,0.9508,0.8561,0.8638,0.8636
2026-08-24,-77.14,74.12,0.8805,0.8518,0.8401,0.8262,7.16,114.6,-17.9,0.1691,-0.1031,-0.1,0.8857,0.9508,0.8966,0.8682,0.9066
2026-08-24,-77.14,95.29,0.8884,0.8502,0.9168,0.8828,10.52,290.6,-24.6,0.297,0.1412,-0.1,0.8857,0.9508,0.9117,0.8473,0.8917
2026-08-24,-77.14,116.47,0.8234,0.8455,0.8299,0.8503,5.07,254.2,-22.4,0.0838,-0.2913,-0.6,0.8857,0.9508,0.8277,0.8302,0.8732
2026-08-24,-77.14,137.65,0.8198,0.8352,0.7407,0.8272,7.35,110.2,-21.1,0.3668,0.0628,-1.7,0.8857,0.9508,0.8347,0.8345,0.7991
2026-08-24,-77.14,158.82,0.7849,0.7844,0.7775,0.7391,11.84,270.5,-23.1,0.0897,0.052,-0.3,0.8857,0.9508,0.8087,0.7412,0.7693
2026-08-24,-77.14,180.0,0.73,0.7926,0.6499,0.7428,6.24,199.3,-20.1,0.3916,0.0542,0.0,0.8857,0.9508,0.7291,0.7453,0.7802
2026-08-24,-75.71,-180.0,0.739,0.7319,0.633,0.6918,15.07,12.4,-23.7,0.0942,0.1321,-0.9,0.8286,0.9508,0.7058,0.706,0.6936
2026-08-24,-75.71,-158.82,0.6294,0.6167,0.6545,0.63,11.04,221.7,-19.6,0.3113,-0.1116,-1.9,0.8286,0.9508,0.5806,0.6704,0.6079
2026-08-24,-75.71,-137.65,0.6264,0.6348,0.6551,0.6178,17.21,152.2,-20.5,0.4225,0.2088,-0.9,0.8286,0.9508,0.6977,0.6432,0.5827
2026-08-24,-75.71,-116.47,0.5604,0.6669,0.5898,0.6909,16.64,272.2,-22.8,0.2799,0.2596,0.8,0.8286,0.9508,0.6682,0.6147,0.6222
2026-08-24,-75.71,-95.29,0.6671,0.6416,0.6412,0.6788,5.98,223.8,-17.4,0.2061,-0.2335,1.1,0.8286,0.9508,0.6478,0.6906,0.5848
2026-08-24,-75.71,-74.12,0.6409,0.6841,0.631,0.6095,16.38,230.6,-22.3,0.3069,-0.1414,-0.3,0.8286,0.9508,0.6758,0.6091,0.7495
2026-08-24,-75.71,-52.94,0.774,0.6662,0.7023,0.685,8.2,86.5,-21.3,0.2681,-0.0889,-0.7,0.8286,0.9508,0.6623,0.7425,0.6821
2026-08-24,-75.71,-31.76,0.7612,0.644,0.7909,0.7136,14.22,206.5,-24.9,0.1636,0.0403,-1.9,0.8286,0.9508,0.7004,0.7195,0.7778
2026-08-24,-75.71,-10.59,0.6875,0.694,0.7911,0.723,17.95,253.1,-25.0,0.4095,-0.0448,-0.0,0.8286,0.9508,0.7381,0.7518,0.7979
2026-08-24,-75.71,10.59,0.748,0.7805,0.7798,0.7776,11.98,2.1,-22.2,0.3938,0.2199,1.8,0.8286,0.9508,0.8019,0.7133,0.8777
2026-08-24,-75.71,31.76,0.7944,0.8421,0.8341,0.8151,8.7,19.1,-17.4,0.1368,-0.0216,0.7,0.8286,0.9508,0.8674,0.8122,0.8328
2026-08-24,-75.71,52.94,0.8199,0.9182,0.9327,0.8422,12.53,301.9,-19.9,0.3276,0.281,0.0,0.8286,0.9508,0.8397,0.8472,0.8917
2026-08-24,-75.71,74.12,0.8037,0.7769,0.9097,0.8132,11.52,194.2,-21.0,0.1726,-0.1754,0.1,0.8286,0.9508,0.9198,0.8368,0.8201
2026-08-24,-75.71,95.29,0.7867,0.8735,0.8414,1.0,17.7,211.7,-18.3,0.1351,0.1337,1.2,0.8286,0.9508,0.8299,0.818,0.8355
2026-08-24,-75.71,116.47,0.7734,0.8113,0.7513,0.7884,10.79,68.7,-14.8,0.3521,-0.2357,0.6,0.8286,0.9508,0.8405,0.8101,0.7183
2026-08-24,-75.71,137.65,0.7304,0.7702,0.7214,0.788,6.19,4.8,-19.1,0.1194,-0.1691,0.4,0.8286,0.9508,0.7655,0.7137,0.7195
2026-08-24,-75.71,158.82,0.771,0.7307,0.7558,0.6517,5.22,291.9,-23.2,0.2753,0.2168,0.6,0.8286,0.9508,0.7181,0.7313,0.7399
2026-08-24,-75.71,180.0,0.7898,0.6392,0.6371,0.7012,13.81,340.8,-27.2,0.2171,-0.0235,0.4,0.8286,0.9508,0.683,0.6781,0.6113
2026-08-24,-74.29,-180.0,0.5956,0.5727,0.6449,0.5848,12.15,51.4,-22.8,0.3849,0.0945,0.8,0.7714,0.9508,0.5731,0.6416,0.6523
2026-08-24,-74.29,-158.82,0.7008,0.6483,0.5525,0.6368,16.78,184.1,-20.8,0.3746,0.0041,-1.5,0.7714,0.9508,0.6032,0.619,0.621
2026-08-24,-74.29,-137.65,0.5954,0.5866,0.619,0.6198,15.73,287.5,-17.9,0.4031,0.0305,1.0,0.7714,0.9508,0.5437,0.5611,0.613
2026-08-24,-74.29,-116.47,0.596,0.5434,0.5927,0.5554,12.81,299.9,-28.1,0.131,-0.1614,1.1,0.7714,0.9508,0.592,0.5653,0.5157
2026-08-24,-74.29,-95.29,0.604,0.6447,0.5847,0.6162,15.76,47.6,-18.2,0.3093,0.2919,-0.9,0.7714,0.9508,0.5864,0.5419,0.5816
2026-08-24,-74.29,-74.12,0.6142,0.6113,0.6417,0.593,15.54,60.7,-24.3,0.3312,-0.2285,1.0,0.7714,0.9508,0.6403,0.5905,0.7217
2026-08-24,-74.29,-52.94,0.6513,0.6306,0.551,0.5629,12.44,149.5,-22.0,0.1163,0.3127,1.2,0.7714,0.9508,0.6408,0.6161,0.6916
2026-08-24,-74.29,-31.76,0.6756,0.7182,0.669,0.643,16.0,293.7,-21.7,0.0923,-0.1054,-0.5,0.7714,0.9508,0.7387,0.6908,0.7101
2026-08-24,-74.29,-10.59,0.7223,0.7333,0.7027,0.6996,17.48,344.4,-21.3,0.4035,-0.0766,-0.4,0.7714,0.9508,0.7089,0.7632,0.7234
2026-08-24,-74.29,10.59,0.7421,0.7591,0.6373,0.7682,14.18,218.7,-22.1,0.4386,-0.0487,1.1,0.7714,0.9508,0.7578,0.7203,0.7686
2026-08-24,-74.29,31.76,0.8676,0.6674,0.7087,0.7795,12.64,271.1,-19.2,0.0928,0.0324,-1.0,0.7714,0.9508,0.854,0.7601,0.7754
2026-08-24,-74.29,52.94,0.7365,0.83,0.7847,0.7927,16.94,257.1,-19.9,0.2607,0.1276,-0.9,0.7714,0.9508,0.781,0.7552,0.8062
2026-08-24,-74.29,74.12,0.7566,0.8253,0.7648,0.8078,9.06,80.8,-18.5,0.3941,0.1608,-1.3,0.7714,0.9508,0.7223,0.8065,0.8508
2026-08-24,-74.29,95.29,0.8068,0.8022,0.7478,0.8113,15.51,22.6,-23.3,0.4067,-0.1428,-0.9,0.7714,0.9508,0.7092,0.7559,0.7391
2026-08-24,-74.29,116.47,0.7143,0.7045,0.7777,0.7137,7.4,263.6,-15.8,0.0923,-0.0667,-0.6,0.7714,0.9508,0.6889,0.7484,0.7647
2026-08-24,-74.29,137.65,0.6404,0.6636,0.7243,0.7645,14.49,275.3,-16.2,0.3682,-0.0786,0.6,0.7714,0.9508,0.76,0.7547,0.7407
2026-08-24,-74.29,158.82,0.7091,0.668,0.7096,0.6618,9.31,205.8,-22.8,0.4323,0.1327,0.1,0.7714,0.9508,0.6593,0.6477,0.6057
2026-08-24,-74.29,180.0,0.6503,0.6383,0.5963,0.5822,11.4,327.3,-23.0,0.0992,0.0242,0.4,0.7714,0.9508,0.6125,0.6207,0.6306
2026-08-24,-72.86,-180.0,0.6222,0.5652,0.6242,0.614,5.57,245.5,-22.5,0.157,0.0318,0.5,0.7143,0.9508,0.508,0.5544,0.5797
2026-08-24,-72.86,-158.82,0.54,0.558,0.5929,0.5162,7.23,166.3,-17.0,0.2307,0.3298,1.7,0.7143,0.9508,0.5397,0.544,0.5479
2026-08-24,-72.86,-137.65,0.5693,0.4694,0.5253,0.5414,13.34,229.9,-16.8,0.1631,0.1431,2.9,0.7143,0.9508,0.5756,0.5699,0.5157
2026-08-24,-72.86,-116.47,0.5141,0.5579,0.5489,0.5258,9.47,33.3,-18.3,0.1295,0.2684,1.3,0.7143,0.9508,0.6006,0.472,0.4921
2026-08-24,-72.86,-95.29,0.5163,0.5522,0.5179,0.5339,16.84,39.3,-20.2,0.1433,-0.0014,0.3,0.7143,0.9508,0.4867,0.5676,0.5469
2026-08-24,-72.86,-74.12,0.5857,0.5637,0.5706,0.5957,17.29,140.9,-12.1,0.1538,0.1071,1.3,0.7143,0.9508,0.5883,0.5177,0.5686
2026-08-24,-72.86,-52.94,0.6372,0.6278,0.546,0.6009,9.23,127.4,-20.6,0.0821,0.2588,0.7,0.7143,0.9508,0.6022,0.5799,0.5992
2026-08-24,-72.86,-31.76,0.5739,0.6489,0.654,0.6734,9.23,32.6,-21.0,0.4414,0.2931,1.2,0.7143,0.9508,0.6162,0.6209,0.6495
2026-08-24,-72.86,-10.59,0.6342,0.663,0.662,0.6394,7.38,119.2,-15.3,0.4191,0.221,1.2,0.7143,0.9508,0.6752,0.6539,0.6742
2026-08-24,-72.86,10.59,0.6834,0.7051,0.6925,0.6279,17.62,282.0,-17.9,0.1316,-0.2183,0.7,0.7143,0.9508,0.7302,0.7685,0.7111
2026-08-24,-72.86,31.76,0.7216,0.7334,0.7757,0.7009,5.26,23.6,-16.6,0.159,0.11,0.5,0.7143,0.9508,0.7132,0.7442,0.7283
2026-08-24,-72.86,52.94,0.7127,0.7165,0.7442,0.7511,10.44,91.4,-26.3,0.3766,-0.0632,-0.5,0.7143,0.9508,0.7461,0.7307,0.7501
2026-08-24,-72.86,74.12,0.7325,0.6302,0.7193,0.7018,8.28,114.7,-21.1,0.3379,0.0192,0.1,0.7143,0.9508,0.6646,0.7419,0.7289
2026-08-24,-72.86,95.29,0.7209,0.7572,0.7927,0.7097,7.4,78.3,-22.9,0.1182,-0.0428,1.8,0.7143,0.9508,0.7364,0.7038,0.6314
2026-08-24,-72.86,116.47,0.6279,0.6694,0.6676,0.72,8.63,296.6,-18.9,0.3479,0.1135,2.2,0.7143,0.9508,0.7179,0.7144,0.733
2026-08-24,-72.86,137.65,0.7134,0.6959,0.6926,0.631,6.83,201.7,-20.8,0.4007,-0.1142,2.7,0.7143,0.9508,0.6152,0.6613,0.6127
2026-08-24,-72.86,158.82,0.6374,0.5875,0.5859,0.6364,5.22,268.3,-25.3,0.3656,0.0075,2.0,0.7143,0.9508,0.5675,0.5736,0.6403
2026-08-24,-72.86,180.0,0.6061,0.6104,0.5425,0.5877,10.41,100.8,-22.6,0.1914,0.077,1.6,0.7143,0.9508,0.6886,0.5472,0.5502
2026-08-24,-71.43,-180.0,0.4857,0.5813,0.4879,0.5528,7.84,196.1,-18.6,0.2028,0.0745,2.1,0.6571,0.9508,0.5182,0.5056,0.5271
2026-08-24,-71.43,-158.82,0.4859,0.4655,0.5398,0.4535,17.76,128.5,-20.2,0.436,-0.0261,1.8,0.6571,0.9508,0.5741,0.4753,0.5072
2026-08-24,-71.43,-137.65,0.4257,0.5026,0.4672,0.5152,6.92,307.9,-17.1,0.4004,0.1128,2.1,0.6571,0.9508,0.493,0.4807,0.4825
2026-08-24,-71.43,-116.47,0.505,0.5258,0.5188,0.504,7.78,7.1,-17.0,0.0636,-0.0143,2.7,0.6571,0.9508,0.5083,0.4389,0.4745
2026-08-24,-71.43,-95.29,0.4522,0.464,0.4831,0.5089,8.71,302.5,-21.3,0.0884,0.1126,3.3,0.6571,0.9508,0.5433,0.4517,0.5157
2026-08-24,-71.43,-74.12,0.5431,0.5834,0.5152,0.4639,16.69,348.1,-18.8,0.0919,-0.0675,2.2,0.6571,0.9508,0.5351,0.5584,0.5277
2026-08-24,-71.43,-52.94,0.5263,0.5071,0.5051,0.6505,5.72,102.7,-24.4,0.0612,-0.0344,3.4,0.6571,0.9508,0.4729,0.5177,0.5959
2026-08-24,-71.43,-31.76,0.5004,0.5166,0.5849,0.5565,17.41,342.9,-17.4,0.1784,-0.0078,1.0,0.6571,0.9508,0.5784,0.5488,0.5964
2026-08-24,-71.43,-10.59,0.5976,0.5934,0.6988,0.5973,6.97,290.2,-21.8,0.279,0.1131,1.5,0.6571,0.9508,0.6206,0.5843,0.6275
2026-08-24,-71.43,10.59,0.6751,0.7082,0.6604,0.6078,8.03,257.2,-19.2,0.1133,-0.0666,1.9,0.6571,0.9508,0.6144,0.6175,0.6441
2026-08-24,-71.43,31.76,0.7149,0.6559,0.7158,0.6388,11.83,171.3,-17.8,0.1386,0.0553,-0.1,0.6571,0.9508,0.5647,0.5948,0.644
2026-08-24,-71.43,52.94,0.6885,0.7165,0.6678,0.6349,14.97,252.7,-19.8,0.336,-0.0173,1.3,0.6571,0.9508,0.6945,0.6719,0.681
2026-08-24,-71.43,74.12,0.7364,0.6922,0.7405,0.6368,7.5,308.6,-16.8,0.1321,0.0565,0.5,0.6571,0.9508,0.7127,0.6704,0.6611
2026-08-24,-71.43,95.29,0.6225,0.6485,0.6352,0.6537,14.9,208.1,-16.4,0.436,-0.1158,2.0,0.6571,0.9508,0.6496,0.651,0.6179
2026-08-24,-71.43,116.47,0.6447,0.6082,0.652,0.6075,8.97,309.5,-15.7,0.1826,0.2373,1.8,0.6571,0.9508,0.616,0.633,0.6285
2026-08-24,-71.43,137.65,0.6251,0.6315,0.6391,0.6146,10.1,126.2,-18.9,0.0922,0.0826,2.1,0.6571,0.9508,0.6495,0.6144,0.6007
2026-08-24,-71.43,158.82,0.5903,0.5781,0.5928,0.6076,14.0,99.8,-17.2,0.225,0.1987,0.9,0.6571,0.9508,0.487,0.58,0.5229
2026-08-24,-71.43,180.0,0.6066,0.5187,0.5358,0.5995,15.63,3.7,-20.3,0.0529,-0.1844,-0.1,0.6571,0.9508,0.4943,0.4708,0.4917
2026-08-24,-70.0,-180.0,0.4973,0.5228,0.462,0.5197,8.44,53.2,-17.0,0.4327,-0.3614,2.2,0.6,0.9508,0.499,0.5845,0.4842
2026-08-24,-70.0,-158.82,0.4329,0.3999,0.4644,0.5098,9.57,267.0,-16.1,0.4035,0.1141,0.6,0.6,0.9508,0.3982,0.4998,0.4512
2026-08-24,-70.0,-137.65,0.4407,0.4362,0.4669,0.4274,10.2,127.9,-14.5,0.1559,0.0338,1.5,0.6,0.9508,0.4557,0.4703,0.469
2026-08-24,-70.0,-116.47,0.4538,0.4684,0.418,0.4434,5.41,187.3,-9.1,0.0775,0.0709,3.4,0.6,0.9508,0.4781,0.433,0.3567
2026-08-24,-70.0,-95.29,0.468,0.4312,0.417,0.4338,10.21,122.5,-21.0,0.4265,0.0399,1.9,0.6,0.9508,0.3503,0.4574,0.4373
2026-08-24,-70.0,-74.12,0.5217,0.4189,0.4549,0.4445,5.71,345.1,-15.8,0.1547,0.1089,-0.5,0.6,0.9508,0.4993,0.49,0.4261
2026-08-24,-70.0,-52.94,0.5708,0.4493,0.5181,0.4279,13.51,31.0,-19.4,0.3909,0.1816,1.2,0.6,0.9508,0.4723,0.4984,0.5162
2026-08-24,-70.0,-31.76,0.6112,0.5237,0.4622,0.4825,9.99,87.3,-16.4,0.0743,-0.1134,2.6,0.6,0.9508,0.5468,0.5593,0.5142
2026-08-24,-70.0,-10.59,0.56,0.6292,0.5646,0.5965,5.35,41.7,-16.3,0.3502,0.0727,2.8,0.6,0.9508,0.5418,0.511,0.5437
2026-08-24,-70.0,10.59,0.5519,0.6126,0.5191,0.6053,14.61,109.3,-14.1,0.2359,-0.1032,1.3,0.6,0.9508,0.5454,0.5826,0.5782
2026-08-24,-70.0,31.76,0.5897,0.581,0.6382,0.6414,8.64,273.3,-18.9,0.2311,0.0541,0.8,0.6,0.9508,0.6747,0.6658,0.6203
2026-08-24,-70.0,52.94,0.6076,0.6288,0.6834,0.7231,13.71,84.3,-12.7,0.1716,0.025,-0.3,0.6,0.9508,0.609,0.6084,0.5996
2026-08-24,-70.0,74.12,0.6039,0.6161,0.6076,0.6486,15.86,335.8,-12.2,0.3666,-0.1233,1.8,0.6,0.9508,0.5909,0.6738,0.5712
2026-08-24,-70.0,95.29,0.6007,0.6562,0.606,0.5977,15.51,84.5,-14.0,0.061,0.0236,-1.3,0.6,0.9508,0.643,0.6077,0.6672
2026-08-24,-70.0,116.47,0.5778,0.5874,0.509,0.5709,17.88,93.8,-13.8,0.4259,-0.0696,2.4,0.6,0.9508,0.5841,0.5585,0.6331
2026-08-24,-70.0,137.65,0.5556,0.5959,0.5735,0.5812,14.75,19.9,-19.3,0.2243,0.1668,0.8,0.6,0.9508,0.5387,0.5699,0.5888
2026-08-24,-70.0,158.82,0.4745,0.5359,0.5616,0.4863,17.03,109.5,-14.5,0.3295,-0.0907,0.7,0.6,0.9508,0.473,0.5644,0.5171
2026-08-24,-70.0,180.0,0.4788,0.5044,0.5081,0.5464,11.11,268.8,-9.7,0.0547,0.1783,1.9,0.6,0.9508,0.505,0.5021,0.4738
2026-08-24,-68.57,-180.0,0.4496,0.3723,0.4613,0.3254,7.11,335.5,-17.5,0.1704,-0.0327,3.1,0.5429,0.9508,0.4642,0.4433,0.4623
2026-08-24,-68.57,-158.82,0.393,0.415,0.3733,0.4785,8.24,139.1,-14.7,0.0544,0.0201,2.8,0.5429,0.9508,0.4031,0.4144,0.425
2026-08-24,-68.57,-137.65,0.3601,0.3947,0.4583,0.4448,11.97,211.3,-16.6,0.0886,0.057,2.4,0.5429,0.9508,0.4162,0.3463,0.396
2026-08-24,-68.57,-116.47,0.4607,0.3923,0.3076,0.3387,9.32,83.3,-15.7,0.1191,-0.193,4.2,0.5429,0.9508,0.3931,0.4234,0.3458
2026-08-24,-68.57,-95.29,0.3875,0.3923,0.5258,0.3807,8.48,323.1,-12.0,0.2675,0.0426,3.1,0.5429,0.9508,0.423,0.4083,0.4397
2026-08-24,-68.57,-74.12,0.3861,0.3427,0.2645,0.4783,17.49,335.1,-12.0,0.2249,-0.0434,1.9,0.5429,0.9508,0.4568,0.4326,0.3972
2026-08-24,-68.57,-52.94,0.4294,0.4495,0.4828,0.4545,10.12,147.3,-12.7,0.3785,-0.0407,2.6,0.5429,0.9508,0.3696,0.4162,0.4602
2026-08-24,-68.57,-31.76,0.5175,0.5053,0.4588,0.5553,12.17,202.8,-17.0,0.3684,0.1581,2.5,0.5429,0.9508,0.5543,0.4706,0.466
2026-08-24,-68.57,-10.59,0.5262,0.4988,0.5166,0.54,8.96,152.9,-20.8,0.148,-0.0365,2.0,0.5429,0.9508,0.5061,0.5138,0.4626
2026-08-24,-68.57,10.59,0.5012,0.4313,0.5563,0.5948,17.0,241.5,-12.3,0.2622,0.0769,2.1,0.5429,0.9508,0.6212,0.5267,0.6426
2026-08-24,-68.57,31.76,0.5287,0.5641,0.5851,0.6114,12.67,71.2,-16.3,0.2853,-0.0314,3.8,0.5429,0.9508,0.5559,0.5875,0.5508
2026-08-24,-68.57,52.94,0.5085,0.5775,0.5429,0.6314,15.64,102.5,-17.7,0.2227,-0.0337,2.2,0.5429,0.9508,0.5527,0.5304,0.5786
2026-08-24,-68.57,74.12,0.5195,0.5122,0.6471,0.5715,9.49,265.9,-16.5,0.1161,-0.3049,1.6,0.5429,0.9508,0.6358,0.5313,0.6091
2026-08-24,-68.57,95.29,0.627,0.5263,0.6384,0.5526,12.83,163.1,-12.0,0.4349,-0.0809,1.9,0.5429,0.9508,0.5619,0.6053,0.5483
2026-08-24,-68.57,116.47,0.5701,0.556,0.5052,0.6027,15.09,193.2,-12.8,0.4241,0.4342,1.4,0.5429,0.9508,0.5726,0.499,0.5479
2026-08-24,-68.57,137.65,0.4627,0.5749,0.4658,0.4766,9.96,125.4,-18.1,0.1844,-0.1305,3.0,0.5429,0.9508,0.5296,0.5687,0.5314
2026-08-24,-68.57,158.82,0.482,0.4855,0.5099,0.5375,12.39,162.7,-21.7,0.0639,0.1772,1.8,0.5429,0.9508,0.4507,0.4676,0.3971
2026-08-24,-68.57,180.0,0.435,0.4027,0.4207,0.4338,10.47,27.3,-18.8,0.0929,0.0642,1.9,0.5429,0.9508,0.4327,0.5315,0.3992
2026-08-24,-67.14,-180.0,0.3817,0.3431,0.4061,0.3287,14.9,299.1,-13.1,0.4131,0.011,3.5,0.4857,0.9508,0.373,0.4194,0.3629
2026-08-24,-67.14,-158.82,0.3715,0.3319,0.3787,0.3668,8.06,309.7,-16.2,0.112,0.0241,3.6,0.4857,0.9508,0.3722,0.3493,0.3299
2026-08-24,-67.14,-137.65,0.3264,0.3049,0.3931,0.3446,17.98,110.2,-8.7,0.3118,-0.1901,3.9,0.4857,0.9508,0.3107,0.3531,0.2809
2026-08-24,-67.14,-116.47,0.3762,0.302,0.2769,0.3152,7.34,345.7,-18.9,0.1707,-0.3802,2.9,0.4857,0.9508,0.2765,0.424,0.3557
2026-08-24,-67.14,-95.29,0.3821,0.3048,0.3237,0.3752,8.67,97.5,-12.5,0.1875,0.0387,2.6,0.4857,0.9508,0.3384,0.3219,0.3685
2026-08-24,-67.14,-74.12,0.2701,0.3723,0.3389,0.3194,17.67,58.8,-17.0,0.2798,0.1096,3.2,0.4857,0.9508,0.3777,0.3097,0.3594
2026-08-24,-67.14,-52.94,0.34,0.3883,0.3959,0.3969,6.17,54.1,-9.7,0.1071,-0.043,3.2,0.4857,0.9508,0.3972,0.3518,0.3203
2026-08-24,-67.14,-31.76,0.4188,0.3973,0.4717,0.4285,9.08,275.3,-12.4,0.1591,-0.0468,3.7,0.4857,0.9508,0.4202,0.4314,0.4048
2026-08-24,-67.14,-10.59,0.4665,0.4788,0.4567,0.4384,10.66,244.1,-16.6,0.112,-0.2094,3.0,0.4857,0.9508,0.4378,0.475,0.4006
2026-08-24,-67.14,10.59,0.4772,0.551,0.574,0.5222,13.55,271.2,-16.7,0.141,0.0086,2.8,0.4857,0.9508,0.4789,0.4214,0.5269
2026-08-24,-67.14,31.76,0.5143,0.5047,0.6022,0.5776,16.7,108.8,-16.5,0.3489,-0.1348,3.8,0.4857,0.9508,0.4708,0.5123,0.5481
2026-08-24,-67.14,52.94,0.5852,0.4543,0.5576,0.4924,16.94,33.7,-14.2,0.077,-0.0353,1.6,0.4857,0.9508,0.4889,0.5922,0.5276
2026-08-24,-67.14,74.12,0.5046,0.5046,0.5515,0.5024,5.69,275.5,-9.3,0.1182,-0.0599,1.9,0.4857,0.9508,0.5121,0.5529,0.5252
2026-08-24,-67.14,95.29,0.534,0.4869,0.5702,0.5573,6.47,136.5,-17.3,0.4466,0.0978,3.6,0.4857,0.9508,0.5193,0.5467,0.5246
2026-08-24,-67.14,116.47,0.4793,0.5318,0.4973,0.5055,17.37,214.0,-10.7,0.2929,-0.0443,3.4,0.4857,0.9508,0.4901,0.4158,0.4135
2026-08-24,-67.14,137.65,0.4543,0.4112,0.4539,0.3982,8.73,320.0,-17.7,0.2782,0.1416,3.2,0.4857,0.9508,0.4938,0.4556,0.4726
2026-08-24,-67.14,158.82,0.4218,0.4305,0.3897,0.4188,8.36,16.2,-14.0,0.1705,0.1008,2.8,0.4857,0.9508,0.3786,0.3587,0.4457
2026-08-24,-67.14,180.0,0.4024,0.48,0.3863,0.4127,5.92,178.8,-9.5,0.2008,0.162,2.8,0.4857,0.9508,0.3118,0.4137,0.3536
2026-08-24,-65.71,-180.0,0.2539,0.3387,0.3183,0.2878,14.41,58.5,-15.0,0.1738,-0.0652,3.7,0.4286,0.9508,0.3875,0.2595,0.3411
2026-08-24,-65.71,-158.82,0.3067,0.3437,0.2537,0.3079,15.41,311.4,-10.9,0.0675,-0.1764,3.8,0.4286,0.9508,0.3277,0.31,0.3361
2026-08-24,-65.71,-137.65,0.3466,0.2616,0.3188,0.2694,5.37,306.1,-15.7,0.2617,-0.0926,2.9,0.4286,0.9508,0.2979,0.2521,0.2926
2026-08-24,-65.71,-116.47,0.2091,0.2958,0.2645,0.2356,12.09,324.3,-13.8,0.3934,0.1374,2.6,0.4286,0.9508,0.3546,0.281,0.2994
2026-08-24,-65.71,-95.29,0.2635,0.2908,0.2331,0.2444,17.23,287.7,-8.2,0.4298,-0.3558,4.9,0.4286,0.9508,0.305,0.2712,0.2228
2026-08-24,-65.71,-74.12,0.2719,0.3446,0.2788,0.3431,14.98,255.0,-15.5,0.1549,0.3239,4.9,0.4286,0.9508,0.2743,0.2632,0.2796
2026-08-24,-65.71,-52.94,0.3806,0.3149,0.3479,0.3524,16.39,156.7,-12.8,0.436,-0.3056,5.3,0.4286,0.9508,0.3436,0.3804,0.3887
2026-08-24,-65.71,-31.76,0.3688,0.3045,0.3769,0.3531,13.8,243.9,-10.5,0.3435,-0.1514,4.2,0.4286,0.9508,0.3799,0.35,0.4143
2026-08-24,-65.71,-10.59,0.3506,0.4197,0.4012,0.4004,14.8,319.0,-13.9,0.2904,0.0324,4.3,0.4286,0.9508,0.4608,0.4092,0.4133
2026-08-24,-65.71,10.59,0.4925,0.451,0.4909,0.4629,15.18,313.3,-17.2,0.412,-0.0143,3.5,0.4286,0.9508,0.4562,0.4359,0.4426
2026-08-24,-65.71,31.76,0.4682,0.4174,0.4041,0.3751,16.04,137.2,-12.2,0.3283,-0.117,2.4,0.4286,0.9508,0.4825,0.5027,0.4399
2026-08-24,-65.71,52.94,0.5323,0.4625,0.4216,0.4236,14.36,304.2,-12.8,0.1872,-0.0909,4.7,0.4286,0.9508,0.52,0.4514,0.5351
2026-08-24,-65.71,74.12,0.5268,0.5109,0.524,0.5214,5.73,348.6,-16.5,0.053,0.3384,3.0,0.4286,0.9508,0.4418,0.4563,0.4292
2026-08-24,-65.71,95.29,0.3952,0.4393,0.4445,0.4817,7.81,92.2,-12.3,0.4031,-0.0676,2.4,0.4286,0.9508,0.4573,0.3743,0.4513
2026-08-24,-65.71,116.47,0.4029,0.4885,0.4529,0.4052,15.06,284.8,-13.1,0.4483,0.1378,4.4,0.4286,0.9508,0.4274,0.4037,0.4673
2026-08-24,-65.71,137.65,0.3544,0.3509,0.3753,0.4266,8.33,146.4,-9.0,0.1422,-0.1009,4.0,0.4286,0.9508,0.4747,0.4361,0.4392
2026-08-24,-65.71,158.82,0.2933,0.3623,0.3875,0.386,15.86,187.0,-6.9,0.2654,0.0356,4.0,0.4286,0.9508,0.4059,0.3752,0.365
2026-08-24,-65.71,180.0,0.2929,0.3439,0.397,0.3154,9.22,302.1,-9.2,0.31,0.2304,3.1,0.4286,0.9508,0.3513,0.3477,0.3452
2026-08-24,-64.29,-180.0,0.2523,0.271,0.2973,0.2268,14.7,32.5,-11.6,0.2781,-0.062,3.3,0.3714,0.9508,0.3221,0.2545,0.3021
2026-08-24,-64.29,-158.82,0.1794,0.2794,0.2218,0.2321,6.91,87.5,-13.8,0.3842,-0.076,2.5,0.3714,0.9508,0.2892,0.2071,0.2098
2026-08-24,-64.29,-137.65,0.2274,0.1725,0.1699,0.2264,6.98,307.1,-13.2,0.4361,-0.2294,4.9,0.3714,0.9508,0.2718,0.196,0.3441
2026-08-24,-64.29,-116.47,0.2685,0.1624,0.2636,0.2567,11.16,96.4,-10.2,0.2326,0.0562,5.9,0.3714,0.9508,0.2833,0.2818,0.2828
2026-08-24,-64.29,-95.29,0.3104,0.2657,0.3037,0.2082,17.9,84.1,-10.0,0.2318,-0.2748,3.7,0.3714,0.9508,0.265,0.2175,0.2579
2026-08-24,-64.29,-74.12,0.2994,0.2769,0.2608,0.2425,8.63,218.8,-14.4,0.3884,-0.0906,2.8,0.3714,0.9508,0.2008,0.1894,0.2265
2026-08-24,-64.29,-52.94,0.283,0.2252,0.2512,0.3172,7.24,273.1,-9.6,0.1487,-0.111,3.6,0.3714,0.9508,0.283,0.3365,0.2819
2026-08-24,-64.29,-31.76,0.3006,0.2557,0.3491,0.3495,11.43,327.7,-13.9,0.1006,-0.2207,5.6,0.3714,0.9508,0.374,0.3034,0.352
2026-08-24,-64.29,-10.59,0.332,0.3772,0.3866,0.4036,12.4,96.8,-13.3,0.2734,-0.1972,5.8,0.3714,0.9508,0.3219,0.3709,0.3352
2026-08-24,-64.29,10.59,0.3307,0.3537,0.4437,0.3853,17.56,54.3,-19.2,0.4136,-0.1638,5.4,0.3714,0.9508,0.489,0.3372,0.4116
2026-08-24,-64.29,31.76,0.3854,0.3753,0.4287,0.3401,10.29,37.9,-10.5,0.0669,0.1253,4.2,0.3714,0.9508,0.4589,0.4077,0.4382
2026-08-24,-64.29,52.94,0.4352,0.3851,0.4354,0.3846,10.66,210.9,-11.5,0.447,0.0322,3.1,0.3714,0.9508,0.3961,0.3936,0.4303
2026-08-24,-64.29,74.12,0.4301,0.4912,0.4639,0.3673,7.97,268.0,-15.7,0.1205,0.2745,4.5,0.3714,0.9508,0.409,0.3351,0.4746
2026-08-24,-64.29,95.29,0.4884,0.4602,0.3762,0.3709,7.79,4.0,-10.3,0.0931,0.1514,5.0,0.3714,0.9508,0.4151,0.4501,0.494
2026-08-24,-64.29,116.47,0.4075,0.4156,0.3888,0.4127,7.86,273.6,-13.1,0.1714,0.0546,1.7,0.3714,0.9508,0.3888,0.4209,0.3395
2026-08-24,-64.29,137.65,0.4505,0.4017,0.3262,0.3911,6.7,112.6,-8.8,0.1641,0.0247,4.5,0.3714,0.9508,0.3903,0.3264,0.3778
2026-08-24,-64.29,158.82,0.3531,0.2731,0.3388,0.2285,6.87,5.3,-10.9,0.3204,-0.041,5.2,0.3714,0.9508,0.3063,0.2721,0.3449
2026-08-24,-64.29,180.0,0.2478,0.2405,0.3246,0.3538,11.41,67.8,-13.8,0.1572,0.1071,6.1,0.3714,0.9508,0.2344,0.3031,0.3417
2026-08-24,-62.86,-180.0,0.1779,0.2705,0.2486,0.2305,15.55,205.2,-13.9,0.1407,-0.13,5.8,0.3143,0.9508,0.224,0.1694,0.1827
2026-08-24,-62.86,-158.82,0.1921,0.1581,0.2043,0.1479,11.78,76.2,-13.1,0.3578,0.0309,4.5,0.3143,0.9508,0.1413,0.1538,0.1489
2026-08-24,-62.86,-137.65,0.1599,0.0981,0.1265,0.1481,5.07,161.8,-13.0,0.1759,-0.1648,4.4,0.3143,0.9508,0.233,0.1707,0.1674
2026-08-24,-62.86,-116.47,0.2231,0.1412,0.0907,0.2243,5.54,27.9,-9.0,0.3461,0.1416,4.3,0.3143,0.9508,0.1523,0.1785,0.1852
2026-08-24,-62.86,-95.29,0.2158,0.1954,0.1516,0.2147,17.71,241.7,-11.3,0.3823,-0.0747,2.2,0.3143,0.9508,0.0843,0.17,0.1941
2026-08-24,-62.86,-74.12,0.2061,0.1741,0.2212,0.2311,5.57,23.2,-12.8,0.3505,-0.0028,4.4,0.3143,0.9508,0.2719,0.2108,0.2309
2026-08-24,-62.86,-52.94,0.3437,0.2885,0.3006,0.2258,15.29,304.3,-10.3,0.1331,0.0301,4.5,0.3143,0.9508,0.249,0.2272,0.26
2026-08-24,-62.86,-31.76,0.2791,0.274,0.2721,0.2432,7.46,314.1,-10.8,0.2751,0.2855,5.6,0.3143,0.9508,0.2329,0.311,0.1858
2026-08-24,-62.86,-10.59,0.2504,0.3274,0.3524,0.3363,9.56,344.7,-8.5,0.2288,-0.0957,5.0,0.3143,0.9508,0.3141,0.251,0.3352
2026-08-24,-62.86,10.59,0.3613,0.4032,0.3887,0.3251,17.11,35.0,-15.6,0.0719,0.0543,4.6,0.3143,0.9508,0.3715,0.2904,0.3981
2026-08-24,-62.86,31.76,0.4057,0.3983,0.2657,0.3729,5.16,268.0,-7.0,0.1452,-0.3592,6.0,0.3143,0.9508,0.4149,0.3389,0.3391
2026-08-24,-62.86,52.94,0.4327,0.3803,0.4294,0.4193,5.25,291.6,-11.2,0.4486,0.0279,5.1,0.3143,0.9508,0.4449,0.4104,0.4997
2026-08-24,-62.86,74.12,0.3397,0.4395,0.3621,0.3523,13.08,200.5,-8.8,0.092,0.0377,4.7,0.3143,0.9508,0.4105,0.3557,0.4469
2026-08-24,-62.86,95.29,0.2861,0.293,0.2828,0.3233,7.62,215.5,-13.0,0.0577,0.0429,5.6,0.3143,0.9508,0.3236,0.324,0.3374
2026-08-24,-62.86,116.47,0.325,0.3042,0.3576,0.3415,10.54,116.6,-10.8,0.0677,-0.3099,4.2,0.3143,0.9508,0.3073,0.2777,0.2793
2026-08-24,-62.86,137.65,0.302,0.2749,0.3784,0.3023,16.25,91.7,-6.6,0.4139,0.0063,5.0,0.3143,0.9508,0.3414,0.2955,0.3368
2026-08-24,-62.86,158.82,0.2523,0.234,0.3385,0.218,10.99,93.9,-7.7,0.1332,-0.1039,4.8,0.3143,0.9508,0.2792,0.191,0.1949
2026-08-24,-62.86,180.0,0.235,0.2142,0.2004,0.1986,5.22,76.9,-10.6,0.3894,0.1421,5.2,0.3143,0.9508,0.2264,0.1421,0.2344
2026-08-24,-61.43,-180.0,0.1153,0.1373,0.1634,0.1676,11.31,66.4,-8.4,0.1308,-0.0309,5.3,0.2571,0.9508,0.2622,0.2512,0.1591
2026-08-24,-61.43,-158.82,0.2098,0.1742,0.2032,0.16,17.57,49.1,-10.2,0.1971,0.1538,6.4,0.2571,0.9508,0.1905,0.1382,0.1532
2026-08-24,-61.43,-137.65,0.1708,0.114,0.1219,0.1796,14.32,320.7,-18.9,0.4375,-0.0192,7.2,0.2571,0.9508,0.1155,0.1216,0.1585
2026-08-24,-61.43,-116.47,0.1408,0.1277,0.0804,0.1295,9.53,6.2,-10.9,0.1497,0.1472,7.2,0.2571,0.9508,0.065,0.1974,0.2223
2026-08-24,-61.43,-95.29,0.1176,0.1359,0.1759,0.1368,5.54,231.4,-10.1,0.2141,0.0131,5.9,0.2571,0.9508,0.2497,0.0849,0.1574
2026-08-24,-61.43,-74.12,0.193,0.2047,0.1276,0.181,11.89,277.0,-10.4,0.1346,0.043,5.8,0.2571,0.9508,0.1844,0.162,0.1527
2026-08-24,-61.43,-52.94,0.1782,0.1129,0.2084,0.1936,7.53,233.9,-12.6,0.1837,-0.007,3.9,0.2571,0.9508,0.1809,0.1693,0.2267
2026-08-24,-61.43,-31.76,0.2378,0.2556,0.2254,0.2312,15.29,96.1,-10.7,0.3493,0.3195,5.6,0.2571,0.9508,0.2341,0.221,0.2382
2026-08-24,-61.43,-10.59,0.2884,0.2015,0.1885,0.2905,17.8,77.6,-12.4,0.1885,-0.0584,4.1,0.2571,0.9508,0.2767,0.2488,0.2909
2026-08-24,-61.43,10.59,0.3049,0.2328,0.3336,0.2184,12.27,247.3,-13.9,0.2221,0.0077,4.2,0.2571,0.9508,0.2821,0.3495,0.3102
2026-08-24,-61.43,31.76,0.3695,0.3533,0.345,0.2677,7.85,169.3,-11.7,0.282,-0.0639,6.3,0.2571,0.9508,0.2729,0.2759,0.277
2026-08-24,-61.43,52.94,0.311,0.288,0.3852,0.2653,16.76,346.5,-7.2,0.2494,0.2124,3.9,0.2571,0.9508,0.3555,0.295,0.3337
2026-08-24,-61.43,74.12,0.3322,0.3146,0.3478,0.3544,6.08,304.0,-4.7,0.0555,-0.0234,3.6,0.2571,0.9508,0.3428,0.2894,0.3022
2026-08-24,-61.43,95.29,0.3332,0.3915,0.3081,0.2979,9.41,225.0,-8.2,0.3963,0.0989,6.0,0.2571,0.9508,0.3041,0.3389,0.3457
2026-08-24,-61.43,116.47,0.3679,0.2895,0.3352,0.3449,17.6,108.2,-9.7,0.3683,-0.0847,4.8,0.2571,0.9508,0.2832,0.2686,0.2478
2026-08-24,-61.43,137.65,0.2692,0.314,0.2475,0.2464,10.43,105.1,-14.7,0.3337,0.0057,4.9,0.2571,0.9508,0.3031,0.2402,0.3175
2026-08-24,-61.43,158.82,0.1737,0.2154,0.2163,0.2472,11.78,229.3,-11.2,0.0748,0.0606,4.4,0.2571,0.9508,0.1987,0.2164,0.2025
2026-08-24,-61.43,180.0,0.2312,0.1613,0.214,0.1386,10.9,30.8,-10.4,0.0965,0.1894,7.4,0.2571,0.9508,0.1498,0.1546,0.0937
2026-08-24,-60.0,-180.0,0.1307,0.1257,0.169,0.1161,11.47,115.6,-8.4,0.3918,-0.0462,5.7,0.2,0.9508,0.1932,0.1636,0.0656
2026-08-24,-60.0,-158.82,0.0695,0.0391,0.0841,0.1477,13.08,261.8,-5.3,0.4371,0.2808,6.3,0.2,0.9508,0.1569,0.125,0.1149
2026-08-24,-60.0,-137.65,0.0,0.0424,0.0618,0.081,12.03,300.3,-10.9,0.2328,-0.1536,7.4,0.2,0.9508,0.1255,0.1225,0.1011
2026-08-24,-60.0,-116.47,0.0576,0.0209,0.0398,0.0407,11.58,3.6,-7.9,0.2679,-0.098,8.4,0.2,0.9508,0.0317,0.076,0.0904
2026-08-24,-60.0,-95.29,0.0945,0.0804,0.1548,0.0873,8.5,254.4,-8.1,0.3692,-0.0632,6.3,0.2,0.9508,0.0765,0.0716,0.1105
2026-08-24,-60.0,-74.12,0.1154,0.0934,0.1241,0.073,6.35,65.9,-8.3,0.3524,-0.0253,6.3,0.2,0.9508,0.0722,0.0256,0.0871
2026-08-24,-60.0,-52.94,0.127,0.1309,0.2041,0.1841,8.21,63.8,-10.6,0.3882,0.1932,5.9,0.2,0.9508,0.1509,0.1906,0.1217
2026-08-24,-60.0,-31.76,0.1649,0.1038,0.136,0.2098,16.23,207.8,-11.7,0.1871,0.0634,6.0,0.2,0.9508,0.219,0.1939,0.1651
2026-08-24,-60.0,-10.59,0.2546,0.2004,0.211,0.1514,16.1,31.5,-6.0,0.3763,0.0165,7.2,0.2,0.9508,0.2284,0.2205,0.2125
2026-08-24,-60.0,10.59,0.2821,0.2207,0.2051,0.2395,10.28,162.4,-14.2,0.2713,-0.0362,6.3,0.2,0.9508,0.1618,0.1908,0.2234
2026-08-24,-60.0,31.76,0.3732,0.2465,0.2352,0.3221,13.97,199.8,-9.0,0.2313,0.1139,5.8,0.2,0.9508,0.2426,0.304,0.3167
2026-08-24,-60.0,52.94,0.3157,0.2851,0.2708,0.2069,8.68,354.3,-8.9,0.4014,0.1168,5.2,0.2,0.9508,0.2711,0.2929,0.2381
2026-08-24,-60.0,74.12,0.2651,0.2924,0.2457,0.3589,15.31,120.4,-9.1,0.1684,-0.0974,7.3,0.2,0.9508,0.202,0.2342,0.3133
2026-08-24,-60.0,95.29,0.2469,0.302,0.269,0.2628,8.32,342.2,-5.4,0.3205,-0.1006,6.2,0.2,0.9508,0.2413,0.2671,0.2595
2026-08-24,-60.0,116.47,0.2154,0.2591,0.1447,0.2393,11.88,306.7,-8.4,0.4202,-0.3349,7.3,0.2,0.9508,0.2834,0.2318,0.2139
2026-08-24,-60.0,137.65,0.1874,0.1473,0.1933,0.215,11.08,217.4,-2.1,0.3978,0.1449,4.6,0.2,0.9508,0.1729,0.1885,0.2199
2026-08-24,-60.0,158.82,0.1688,0.1,0.1833,0.1599,13.26,90.0,-10.9,0.0532,-0.0265,6.2,0.2,0.9508,0.1489,0.0891,0.1881
2026-08-24,-60.0,180.0,0.1234,0.0982,0.1167,0.1414,7.2,187.9,-11.2,0.1573,-0.1614,5.6,0.2,0.9508,0.0873,0.1316,0.1939
2026-08-25,-80.0,-180.0,0.8458,0.8047,0.8463,0.8775,12.38,195.7,-21.2,0.3717,0.2345,-1.9,1.0,0.947,0.827,0.8969,0.7988
2026-08-25,-80.0,-158.82,0.7746,0.7839,0.7551,0.8524,5.49,344.6,-26.8,0.226,-0.2717,-1.8,1.0,0.947,0.7585,0.8698,0.8023
2026-08-25,-80.0,-137.65,0.7331,0.8371,0.8277,0.8,8.21,319.9,-22.7,0.3853,-0.0612,-1.7,1.0,0.947,0.7764,0.7609,0.7528
2026-08-25,-80.0,-116.47,0.8914,0.7303,0.7078,0.8115,16.86,7.2,-24.2,0.3496,0.1336,-2.0,1.0,0.947,0.7567,0.7859,0.7666
2026-08-25,-80.0,-95.29,0.7797,0.7669,0.7839,0.8121,9.44,285.5,-29.9,0.2525,-0.1095,-2.6,1.0,0.947,0.8145,0.7918,0.7189
2026-08-25,-80.0,-74.12,0.8051,0.7688,0.8081,0.7967,11.87,141.5,-22.9,0.1922,-0.111,-1.1,1.0,0.947,0.7873,0.822,0.8209
2026-08-25,-80.0,-52.94,0.9204,0.8681,0.8732,0.8593,15.46,330.3,-22.9,0.1301,0.0067,-3.2,1.0,0.947,0.8583,0.843,0.9015
2026-08-25,-80.0,-31.76,0.8651,0.8196,0.8641,0.8768,10.82,336.5,-24.4,0.1553,0.1334,-1.9,1.0,0.947,0.837,0.7982,0.8223
2026-08-25,-80.0,-10.59,0.8951,1.0,0.9963,0.8462,9.92,345.3,-24.3,0.1812,-0.0034,-4.5,1.0,0.947,0.977,0.9794,0.9023
2026-08-25,-80.0,10.59,0.8994,0.9292,0.9933,0.8667,16.11,23.5,-25.4,0.2333,0.1113,-1.0,1.0,0.947,1.0,0.918,0.903
2026-08-25,-80.0,31.76,0.9604,1.0,0.9766,1.0,5.46,241.4,-27.5,0.4197,0.2462,-1.2,1.0,0.947,1.0,0.9519,0.9192
2026-08-25,-80.0,52.94,0.9671,0.9532,0.9668,0.9589,9.8,89.3,-24.2,0.3627,-0.0751,0.1,1.0,0.947,0.9736,0.9364,0.9958
2026-08-25,-80.0,74.12,0.9436,0.9551,0.9293,1.0,10.74,123.9,-24.9,0.138,-0.1555,-3.4,1.0,0.947,1.0,1.0,0.9615
2026-08-25,-80.0,95.29,0.9144,1.0,0.9714,1.0,6.74,87.9,-22.7,0.3053,0.3392,-2.5,1.0,0.947,0.9186,0.9961,0.9557
2026-08-25,-80.0,116.47,0.9937,0.8646,0.9119,0.9397,17.9,340.0,-21.0,0.2642,-0.0268,-2.5,1.0,0.947,1.0,0.9436,0.9982
2026-08-25,-80.0,137.65,0.8993,0.9537,0.9094,0.9206,6.64,291.6,-27.0,0.1227,0.208,-0.8,1.0,0.947,0.9055,0.9419,0.8957
2026-08-25,-80.0,158.82,0.8492,0.8818,0.8478,0.8779,12.92,231.9,-24.3,0.3937,0.1044,-1.6,1.0,0.947,0.8697,0.8368,0.8942
2026-08-25,-80.0,180.0,0.8439,0.8198,0.8392,0.8397,7.2,291.9,-28.0,0.1502,-0.0449,-1.3,1.0,0.947,0.7994,0.8388,0.8599
2026-08-25,-78.57,-180.0,0.698,0.7398,0.7156,0.851,13.64,16.6,-26.1,0.3827,-0.0417,-1.6,0.9429,0.947,0.7618,0.7844,0.7612
2026-08-25,-78.57,-158.82,0.751,0.7626,0.7587,0.849,9.18,102.9,-22.7,0.1052,-0.2683,-2.4,0.9429,0.947,0.7476,0.7216,0.7742
2026-08-25,-78.57,-137.65,0.7439,0.769,0.7549,0.739,17.37,211.5,-23.2,0.388,-0.0731,-1.8,0.9429,0.947,0.8755,0.7506,0.6762
2026-08-25,-78.57,-116.47,0.7062,0.8017,0.7455,0.7724,10.74,280.6,-21.1,0.3932,0.0248,-0.3,0.9429,0.947,0.662,0.7113,0.6894
2026-08-25,-78.57,-95.29,0.7799,0.7377,0.8791,0.6905,5.7,240.9,-22.0,0.2665,0.0089,-1.5,0.9429,0.947,0.7091,0.7745,0.7291
2026-08-25,-78.57,-74.12,0.7873,0.7176,0.7989,0.7194,7.42,132.7,-24.1,0.4193,-0.014,-1.2,0.9429,0.947,0.7692,0.7061,0.7401
2026-08-25,-78.57,-52.94,0.7993,0.7891,0.7387,0.7978,9.24,149.4,-29.2,0.2978,-0.1669,-0.1,0.9429,0.947,0.751,0.7004,0.8599
2026-08-25,-78.57,-31.76,0.8595,0.8068,0.8181,0.77,13.82,60.6,-25.8,0.419,0.0803,-0.9,0.9429,0.947,0.8822,0.8407,0.8633
2026-08-25,-78.57,-10.59,0.8462,0.8513,0.8386,0.845,10.65,74.5,-23.6,0.4276,-0.0094,-2.3,0.9429,0.947,0.8074,0.8142,0.9502
2026-08-25,-78.57,10.59,0.9396,0.8342,0.8825,0.9619,15.76,71.2,-24.9,0.2748,-0.0521,-2.6,0.9429,0.947,0.9279,0.9102,0.8249
2026-08-25,-78.57,31.76,0.9288,0.9024,0.9125,0.8768,16.83,49.1,-21.4,0.3348,0.2905,-1.5,0.9429,0.947,0.9112,0.8831,0.9001
2026-08-25,-78.57,52.94,0.9162,0.8637,0.9805,0.9548,15.7,342.9,-23.3,0.2827,0.1139,-0.2,0.9429,0.947,0.8545,0.8988,0.9136
2026-08-25,-78.57,74.12,0.928,0.9926,0.9371,0.9229,9.26,167.4,-20.0,0.2008,0.1832,-2.6,0.9429,0.947,0.9024,0.9893,0.8829
2026-08-25,-78.57,95.29,0.9442,0.9199,0.9486,0.9072,11.51,303.7,-22.5,0.2601,0.0364,-2.6,0.9429,0.947,0.9178,0.9345,0.965
2026-08-25,-78.57,116.47,0.9656,0.8951,0.8458,0.9292,16.03,248.7,-26.9,0.2946,-0.1061,-1.0,0.9429,0.947,0.8763,0.8643,0.9171
2026-08-25,-78.57,137.65,0.8578,0.8757,0.8571,0.8663,16.49,264.4,-22.2,0.1371,-0.3065,-2.0,0.9429,0.947,0.8386,0.8855,0.784
2026-08-25,-78.57,158.82,0.7126,0.7748,0.8477,0.8044,5.18,231.5,-21.8,0.0833,0.047,-1.1,0.9429,0.947,0.8269,0.7771,0.7842
2026-08-25,-78.57,180.0,0.7645,0.7768,0.7323,0.8286,9.24,270.5,-22.6,0.4118,0.2305,0.5,0.9429,0.947,0.7706,0.8018,0.7115
2026-08-25,-77.14,-180.0,0.7,0.7792,0.6999,0.7491,12.21,26.6,-25.9,0.351,0.1366,-0.2,0.8857,0.947,0.7217,0.7187,0.7119
2026-08-25,-77.14,-158.82,0.6917,0.7395,0.7273,0.6616,10.27,194.1,-22.2,0.2372,0.1199,-1.5,0.8857,0.947,0.7708,0.7193,0.7239
2026-08-25,-77.14,-137.65,0.7389,0.6708,0.6934,0.7152,8.89,255.6,-24.4,0.0707,-0.0804,-2.9,0.8857,0.947,0.6808,0.6771,0.6899
2026-08-25,-77.14,-116.47,0.618,0.6816,0.7101,0.7331,8.52,356.8,-27.2,0.149,0.0388,-2.4,0.8857,0.947,0.7035,0.6739,0.6959
2026-08-25,-77.14,-95.29,0.6996,0.7038,0.7486,0.7287,9.86,285.7,-21.6,0.1231,-0.0631,-0.7,0.8857,0.947,0.64,0.7031,0.6656
2026-08-25,-77.14,-74.12,0.7442,0.653,0.711,0.7001,17.64,120.3,-24.1,0.1681,0.0718,-1.1,0.8857,0.947,0.6667,0.6085,0.694
2026-08-25,-77.14,-52.94,0.7211,0.6693,0.7843,0.7743,17.31,280.1,-19.4,0.1978,0.0312,1.1,0.8857,0.947,0.8056,0.7138,0.7465
2026-08-25,-77.14,-31.76,0.7852,0.7769,0.7803,0.8682,15.36,110.4,-23.4,0.4013,0.0996,-1.1,0.8857,0.947,0.7075,0.7398,0.7236
2026-08-25,-77.14,-10.59,0.8224,0.8437,0.8272,0.7671,12.83,273.6,-22.8,0.0726,-0.0578,-0.2,0.8857,0.947,0.7934,0.7846,0.7723
2026-08-25,-77.14,10.59,0.816,0.7888,0.8179,0.8494,5.16,324.6,-25.9,0.4469,0.2323,-0.0,0.8857,0.947,0.839,0.8576,0.8334
2026-08-25,-77.14,31.76,0.886,0.8714,0.8414,0.8754,6.92,190.6,-24.2,0.3705,-0.0352,-0.7,0.8857,0.947,0.8821,0.8932,0.8563
2026-08-25,-77.14,52.94,0.8463,0.8787,0.902,0.9208,15.3,15.0,-22.2,0.3442,-0.2247,-0.3,0.8857,0.947,0.855,0.8627,0.8625
2026-08-25,-77.14,74.12,0.8795,0.8509,0.8391,0.8254,13.57,218.1,-22.1,0.0879,0.2546,-0.4,0.8857,0.947,0.8956,0.8671,0.9055
2026-08-25,-77.14,95.29,0.8874,0.8492,0.9159,0.882,9.71,242.6,-22.8,0.4468,-0.0776,-2.2,0.8857,0.947,0.9107,0.8462,0.8906
2026-08-25,-77.14,116.47,0.8223,0.8446,0.8289,0.8495,6.27,172.3,-27.2,0.3196,-0.083,-2.3,0.8857,0.947,0.8267,0.8291,0.8721
2026-08-25,-77.14,137.65,0.8188,0.8343,0.7398,0.8264,14.17,70.1,-17.1,0.0698,-0.0545,-0.4,0.8857,0.947,0.8337,0.8334,0.7979
2026-08-25,-77.14,158.82,0.7839,0.7835,0.7766,0.7383,17.79,14.9,-25.7,0.4058,-0.0225,-0.2,0.8857,0.947,0.8077,0.7402,0.7682
2026-08-25,-77.14,180.0,0.729,0.7916,0.6489,0.7421,7.76,164.4,-22.5,0.1947,-0.2067,-0.7,0.8857,0.947,0.728,0.7442,0.7791
2026-08-25,-75.71,-180.0,0.738,0.7309,0.6321,0.6911,7.94,247.6,-21.2,0.3026,-0.096,-0.5,0.8286,0.947,0.7048,0.705,0.6926
2026-08-25,-75.71,-158.82,0.6284,0.6158,0.6536,0.6293,15.33,345.3,-26.4,0.163,0.1072,-0.3,0.8286,0.947,0.5796,0.6694,0.6068
2026-08-25,-75.71,-137.65,0.6254,0.6339,0.6542,0.6171,7.26,3.6,-20.1,0.0608,-0.2175,-0.5,0.8286,0.947,0.6968,0.6422,0.5817
2026-08-25,-75.71,-116.47,0.5594,0.666,0.589,0.6902,13.03,8.9,-21.8,0.3157,-0.0801,-0.2,0.8286,0.947,0.6672,0.6137,0.6212
2026-08-25,-75.71,-95.29,0.6661,0.6407,0.6403,0.6781,8.14,319.4,-20.7,0.216,-0.1015,-1.5,0.8286,0.947,0.6468,0.6896,0.5838
2026-08-25,-75.71,-74.12,0.64,0.6832,0.6301,0.6088,16.65,288.0,-19.9,0.2997,0.0982,-0.5,0.8286,0.947,0.6748,0.6081,0.7484
2026-08-25,-75.71,-52.94,0.773,0.6652,0.7014,0.6843,16.35,155.6,-22.5,0.0819,-0.0982,-0.5,0.8286,0.947,0.6613,0.7415,0.6811
2026-08-25,-75.71,-31.76,0.7603,0.6431,0.79,0.7129,13.94,143.4,-23.4,0.4035,0.1868,-0.3,0.8286,0.947,0.6994,0.7185,0.7768
2026-08-25,-75.71,-10.59,0.6866,0.6931,0.7902,0.7223,12.33,175.6,-19.7,0.2722,-0.087,-1.0,0.8286,0.947,0.7371,0.7508,0.7969
2026-08-25,-75.71,10.59,0.747,0.7796,0.779,0.7769,14.55,233.0,-21.7,0.3216,-0.2115,-0.4,0.8286,0.947,0.801,0.7123,0.8766
2026-08-25,-75.71,31.76,0.7934,0.8412,0.8332,0.8144,14.89,57.5,-22.0,0.1783,0.0072,0.8,0.8286,0.947,0.8664,0.8112,0.8317
2026-08-25,-75.71,52.94,0.8189,0.9173,0.9319,0.8415,16.04,134.5,-23.3,0.3413,-0.0885,0.5,0.8286,0.947,0.8388,0.8462,0.8906
2026-08-25,-75.71,74.12,0.8028,0.776,0.9089,0.8125,9.72,213.6,-20.9,0.2995,0.018,-0.2,0.8286,0.947,0.9188,0.8358,0.8191
2026-08-25,-75.71,95.29,0.7857,0.8725,0.8405,1.0,15.83,224.4,-25.4,0.257,-0.0151,-0.7,0.8286,0.947,0.8289,0.817,0.8344
2026-08-25,-75.71,116.47,0.7725,0.8104,0.7505,0.7877,5.92,151.3,-21.9,0.3263,0.0765,-0.5,0.8286,0.947,0.8395,0.8091,0.7173
2026-08-25,-75.71,137.65,0.7294,0.7693,0.7205,0.7873,17.17,215.2,-18.5,0.4347,-0.1455,1.3,0.8286,0.947,0.7645,0.7127,0.7185
2026-08-25,-75.71,158.82,0.77,0.7298,0.7549,0.651,6.29,54.8,-23.8,0.073,-0.0196,1.6,0.8286,0.947,0.7171,0.7303,0.7389
2026-08-25,-75.71,180.0,0.7888,0.6383,0.6362,0.7005,15.57,323.7,-17.1,0.3235,0.1549,-1.5,0.8286,0.947,0.682,0.6771,0.6103
2026-08-25,-74.29,-180.0,0.5947,0.5719,0.644,0.5841,5.93,236.5,-16.7,0.3593,0.1799,-0.7,0.7714,0.947,0.5722,0.6407,0.6514
2026-08-25,-74.29,-158.82,0.6999,0.6474,0.5516,0.6361,10.04,225.4,-24.5,0.2506,0.0048,0.2,0.7714,0.947,0.6023,0.6181,0.62
2026-08-25,-74.29,-137.65,0.5945,0.5857,0.6182,0.6191,13.12,199.9,-19.1,0.2558,0.2588,-0.5,0.7714,0.947,0.5428,0.5601,0.6121
2026-08-25,-74.29,-116.47,0.5951,0.5426,0.5919,0.5548,7.8,263.3,-21.3,0.1036,-0.0372,-0.6,0.7714,0.947,0.5911,0.5643,0.5148
2026-08-25,-74.29,-95.29,0.6031,0.6438,0.5839,0.6155,9.02,225.8,-21.1,0.1232,-0.027,-1.0,0.7714,0.947,0.5855,0.5409,0.5806
2026-08-25,-74.29,-74.12,0.6133,0.6104,0.6409,0.5923,14.14,131.9,-18.6,0.2311,0.1397,-0.4,0.7714,0.947,0.6394,0.5895,0.7207
2026-08-25,-74.29,-52.94,0.6504,0.6297,0.5502,0.5622,5.83,312.2,-18.8,0.2912,0.2374,0.9,0.7714,0.947,0.6399,0.6152,0.6906
2026-08-25,-74.29,-31.76,0.6748,0.7173,0.6682,0.6424,11.79,87.0,-27.1,0.4348,0.2721,-1.8,0.7714,0.947,0.7378,0.6899,0.7091
2026-08-25,-74.29,-10.59,0.7214,0.7324,0.7019,0.6989,9.98,132.3,-22.1,0.4401,-0.0869,-0.4,0.7714,0.947,0.708,0.7623,0.7225
2026-08-25,-74.29,10.59,0.7413,0.7583,0.6365,0.7675,16.72,188.2,-20.6,0.2195,0.0129,0.7,0.7714,0.947,0.7569,0.7194,0.7677
2026-08-25,-74.29,31.76,0.8667,0.6665,0.7079,0.7788,10.06,260.0,-13.7,0.0994,-0.0206,1.2,0.7714,0.947,0.8531,0.7592,0.7744
2026-08-25,-74.29,52.94,0.7356,0.8292,0.7839,0.792,13.79,77.2,-17.0,0.3698,-0.2089,0.4,0.7714,0.947,0.7801,0.7543,0.8052
2026-08-25,-74.29,74.12,0.7557,0.8245,0.764,0.8072,17.81,195.5,-16.9,0.2239,0.0868,-0.4,0.7714,0.947,0.7214,0.8055,0.8498
2026-08-25,-74.29,95.29,0.8059,0.8014,0.747,0.8106,14.97,78.4,-20.4,0.2645,0.0989,-0.3,0.7714,0.947,0.7083,0.7549,0.7381
2026-08-25,-74.29,116.47,0.7134,0.7036,0.7769,0.713,13.66,295.5,-19.6,0.2896,-0.0162,0.7,0.7714,0.947,0.688,0.7474,0.7637
2026-08-25,-74.29,137.65,0.6396,0.6628,0.7234,0.7639,9.13,151.3,-21.7,0.0962,0.0101,1.8,0.7714,0.947,0.7591,0.7538,0.7397
2026-08-25,-74.29,158.82,0.7082,0.6671,0.7088,0.6612,14.6,227.9,-15.5,0.136,0.1508,0.7,0.7714,0.947,0.6584,0.6468,0.6047
2026-08-25,-74.29,180.0,0.6494,0.6374,0.5955,0.5816,10.28,183.8,-22.9,0.1152,-0.012,1.5,0.7714,0.947,0.6116,0.6197,0.6296
2026-08-25,-72.86,-180.0,0.6213,0.5644,0.6235,0.6134,6.79,323.9,-17.9,0.271,-0.1881,0.2,0.7143,0.947,0.5072,0.5535,0.5788
2026-08-25,-72.86,-158.82,0.5392,0.5572,0.5922,0.5156,11.92,128.7,-7.9,0.231,0.1584,1.4,0.7143,0.947,0.5388,0.5431,0.5471
2026-08-25,-72.86,-137.65,0.5685,0.4686,0.5246,0.5408,17.59,269.1,-22.1,0.3912,-0.0067,1.1,0.7143,0.947,0.5747,0.569,0.5148
2026-08-25,-72.86,-116.47,0.5133,0.5571,0.5482,0.5252,5.61,284.9,-26.9,0.3435,0.2538,-0.4,0.7143,0.947,0.5998,0.4711,0.4912
2026-08-25,-72.86,-95.29,0.5155,0.5514,0.5171,0.5333,5.79,320.5,-15.8,0.052,-0.0183,2.3,0.7143,0.947,0.4859,0.5667,0.546
2026-08-25,-72.86,-74.12,0.5849,0.5629,0.5699,0.5951,8.49,296.9,-20.8,0.252,0.1327,-0.7,0.7143,0.947,0.5874,0.5168,0.5677
2026-08-25,-72.86,-52.94,0.6364,0.6271,0.5452,0.6003,5.14,77.9,-17.2,0.1693,0.2821,1.9,0.7143,0.947,0.6014,0.579,0.5983
2026-08-25,-72.86,-31.76,0.5731,0.6481,0.6532,0.6727,7.19,75.3,-19.4,0.2796,-0.202,0.1,0.7143,0.947,0.6154,0.6201,0.6486
2026-08-25,-72.86,-10.59,0.6334,0.6622,0.6613,0.6388,5.4,171.8,-17.0,0.1054,0.1518,0.7,0.7143,0.947,0.6743,0.6531,0.6733
2026-08-25,-72.86,10.59,0.6826,0.7043,0.6917,0.6273,16.21,213.9,-19.0,0.3572,0.1164,0.5,0.7143,0.947,0.7294,0.7676,0.7102
2026-08-25,-72.86,31.76,0.7208,0.7326,0.7749,0.7003,14.2,167.3,-14.9,0.102,-0.0121,0.4,0.7143,0.947,0.7123,0.7434,0.7274
2026-08-25,-72.86,52.94,0.7119,0.7157,0.7434,0.7505,17.07,254.3,-23.5,0.1211,-0.0179,-0.7,0.7143,0.947,0.7452,0.7298,0.7492
2026-08-25,-72.86,74.12,0.7317,0.6294,0.7186,0.7012,15.76,113.3,-18.4,0.3438,-0.0438,-0.5,0.7143,0.947,0.6637,0.741,0.728
2026-08-25,-72.86,95.29,0.7201,0.7564,0.7919,0.7091,15.34,162.1,-25.7,0.1036,-0.0275,2.2,0.7143,0.947,0.7356,0.7029,0.6305
2026-08-25,-72.86,116.47,0.6271,0.6686,0.6669,0.7194,12.17,308.7,-17.2,0.2583,-0.1293,0.8,0.7143,0.947,0.717,0.7135,0.7321
2026-08-25,-72.86,137.65,0.7126,0.6952,0.6918,0.6304,14.93,349.8,-19.0,0.1105,0.0109,0.4,0.7143,0.947,0.6144,0.6605,0.6118
2026-08-25,-72.86,158.82,0.6365,0.5867,0.5852,0.6358,7.95,235.7,-16.7,0.4242,0.3321,-0.1,0.7143,0.947,0.5666,0.5728,0.6394
2026-08-25,-72.86,180.0,0.6053,0.6096,0.5417,0.587,5.61,114.4,-15.7,0.0757,0.0191,2.6,0.7143,0.947,0.6878,0.5463,0.5493
2026-08-25,-71.43,-180.0,0.485,0.5806,0.4872,0.5522,5.13,70.1,-23.3,0.4399,0.1338,0.5,0.6571,0.947,0.5175,0.5048,0.5262
2026-08-25,-71.43,-158.82,0.4852,0.4648,0.5391,0.453,7.19,52.1,-16.6,0.2049,-0.3243,3.0,0.6571,0.947,0.5733,0.4745,0.5064
2026-08-25,-71.43,-137.65,0.425,0.5019,0.4665,0.5146,16.89,93.5,-23.3,0.4199,-0.0876,0.1,0.6571,0.947,0.4922,0.4799,0.4817
2026-08-25,-71.43,-116.47,0.5042,0.5251,0.5181,0.5035,14.55,290.9,-15.0,0.3629,-0.0677,0.7,0.6571,0.947,0.5075,0.4381,0.4737
2026-08-25,-71.43,-95.29,0.4515,0.4633,0.4824,0.5083,5.45,359.8,-17.5,0.2145,0.001,1.1,0.6571,0.947,0.5425,0.4509,0.5149
2026-08-25,-71.43,-74.12,0.5423,0.5827,0.5145,0.4633,6.27,216.7,-16.1,0.0819,-0.0772,1.1,0.6571,0.947,0.5343,0.5576,0.5269
2026-08-25,-71.43,-52.94,0.5255,0.5064,0.5044,0.65,7.15,85.9,-15.3,0.2287,-0.0188,1.0,0.6571,0.947,0.4721,0.5169,0.5951
2026-08-25,-71.43,-31.76,0.4997,0.5159,0.5842,0.556,17.64,353.4,-19.1,0.1762,-0.0988,1.9,0.6571,0.947,0.5776,0.548,0.5955
2026-08-25,-71.43,-10.59,0.5968,0.5927,0.6981,0.5967,6.14,17.6,-18.6,0.1045,-0.026,0.3,0.6571,0.947,0.6198,0.5835,0.6267
2026-08-25,-71.43,10.59,0.6743,0.7075,0.6597,0.6072,6.83,56.5,-19.7,0.2389,-0.1427,1.8,0.6571,0.947,0.6136,0.6167,0.6432
2026-08-25,-71.43,31.76,0.7141,0.6552,0.7151,0.6382,16.26,100.7,-23.3,0.2233,-0.28,2.4,0.6571,0.947,0.5639,0.594,0.6432
2026-08-25,-71.43,52.94,0.6878,0.7158,0.6671,0.6344,15.61,17.7,-17.6,0.4348,-0.0372,1.3,0.6571,0.947,0.6937,0.6711,0.6802
2026-08-25,-71.43,74.12,0.7356,0.6914,0.7398,0.6362,12.34,47.4,-17.9,0.0528,0.2407,0.4,0.6571,0.947,0.7119,0.6696,0.6603
2026-08-25,-71.43,95.29,0.6218,0.6478,0.6345,0.6531,8.47,270.0,-18.8,0.1017,-0.1781,0.9,0.6571,0.947,0.6488,0.6502,0.6171
2026-08-25,-71.43,116.47,0.6439,0.6075,0.6513,0.607,11.58,290.1,-22.7,0.1737,0.2365,1.8,0.6571,0.947,0.6152,0.6322,0.6276
2026-08-25,-71.43,137.65,0.6244,0.6308,0.6384,0.614,15.37,128.1,-15.6,0.0974,0.2276,2.3,0.6571,0.947,0.6487,0.6136,0.5999
2026-08-25,-71.43,158.82,0.5896,0.5774,0.5922,0.607,8.72,216.5,-19.6,0.1402,0.3336,3.1,0.6571,0.947,0.4862,0.5792,0.5221
2026-08-25,-71.43,180.0,0.6058,0.518,0.5351,0.599,13.09,85.6,-19.3,0.1751,-0.2743,2.3,0.6571,0.947,0.4935,0.47,0.4909
2026-08-25,-70.0,-180.0,0.4966,0.5221,0.4614,0.5192,15.32,292.6,-18.9,0.1896,0.0866,1.6,0.6,0.947,0.4983,0.5838,0.4834
2026-08-25,-70.0,-158.82,0.4322,0.3992,0.4638,0.5093,9.22,50.8,-18.3,0.2797,0.1264,1.7,0.6,0.947,0.3975,0.4991,0.4504
2026-08-25,-70.0,-137.65,0.44,0.4355,0.4663,0.4269,7.42,17.7,-17.1,0.1601,0.1376,2.4,0.6,0.947,0.455,0.4695,0.4682
2026-08-25,-70.0,-116.47,0.4532,0.4678,0.4174,0.4429,15.37,242.4,-15.1,0.3528,0.0403,0.2,0.6,0.947,0.4774,0.4323,0.3559
2026-08-25,-70.0,-95.29,0.4673,0.4305,0.4164,0.4333,10.11,59.5,-19.3,0.2199,-0.0761,2.0,0.6,0.947,0.3496,0.4567,0.4365
2026-08-25,-70.0,-74.12,0.521,0.4183,0.4542,0.444,14.13,268.9,-21.8,0.4024,0.0684,1.3,0.6,0.947,0.4986,0.4892,0.4253
2026-08-25,-70.0,-52.94,0.5701,0.4486,0.5175,0.4274,8.59,137.9,-18.6,0.0796,-0.1078,1.8,0.6,0.947,0.4716,0.4976,0.5155
2026-08-25,-70.0,-31.76,0.6105,0.523,0.4616,0.482,8.36,173.0,-16.7,0.3699,-0.0565,1.5,0.6,0.947,0.5461,0.5586,0.5134
2026-08-25,-70.0,-10.59,0.5593,0.6286,0.564,0.596,6.66,317.5,-17.7,0.1076,-0.1905,3.8,0.6,0.947,0.5411,0.5103,0.543
2026-08-25,-70.0,10.59,0.5512,0.6119,0.5184,0.6048,15.91,69.2,-17.4,0.2537,0.0234,2.0,0.6,0.947,0.5447,0.5818,0.5775
2026-08-25,-70.0,31.76,0.589,0.5804,0.6376,0.6409,7.96,90.3,-20.3,0.3423,-0.1246,4.0,0.6,0.947,0.674,0.6651,0.6196
2026-08-25,-70.0,52.94,0.6069,0.6282,0.6827,0.7226,10.96,295.0,-14.4,0.058,0.0116,2.1,0.6,0.947,0.6083,0.6076,0.5989
2026-08-25,-70.0,74.12,0.6032,0.6154,0.6069,0.6481,15.27,94.2,-23.9,0.074,-0.2097,2.7,0.6,0.947,0.5902,0.6731,0.5705
2026-08-25,-70.0,95.29,0.6,0.6556,0.6053,0.5972,5.19,125.0,-12.0,0.2721,0.1997,3.0,0.6,0.947,0.6423,0.607,0.6664
2026-08-25,-70.0,116.47,0.5771,0.5868,0.5083,0.5704,6.28,0.9,-18.4,0.2296,-0.1575,-0.0,0.6,0.947,0.5834,0.5577,0.6324
2026-08-25,-70.0,137.65,0.5549,0.5952,0.5729,0.5807,5.96,199.4,-20.9,0.4477,-0.1142,-0.1,0.6,0.947,0.538,0.5692,0.588
2026-08-25,-70.0,158.82,0.4739,0.5353,0.5609,0.4858,7.36,106.1,-15.4,0.2781,-0.0467,1.4,0.6,0.947,0.4723,0.5637,0.5163
2026-08-25,-70.0,180.0,0.4781,0.5037,0.5074,0.5459,16.1,159.9,-19.3,0.3403,0.0434,2.6,0.6,0.947,0.5043,0.5014,0.473
2026-08-25,-68.57,-180.0,0.449,0.3717,0.4607,0.3249,17.66,330.3,-13.1,0.2716,-0.0264,1.5,0.5429,0.947,0.4636,0.4426,0.4616
2026-08-25,-68.57,-158.82,0.3924,0.4144,0.3727,0.4781,14.05,330.5,-16.6,0.163,-0.1769,2.8,0.5429,0.947,0.4025,0.4137,0.4243
2026-08-25,-68.57,-137.65,0.3595,0.3941,0.4577,0.4444,9.97,164.8,-14.6,0.294,-0.0531,1.6,0.5429,0.947,0.4155,0.3456,0.3954
2026-08-25,-68.57,-116.47,0.4601,0.3917,0.3071,0.3383,12.75,7.3,-14.6,0.2437,-0.1881,3.1,0.5429,0.947,0.3925,0.4227,0.3451
2026-08-25,-68.57,-95.29,0.3869,0.3917,0.5252,0.3802,10.48,164.9,-12.1,0.1825,0.4175,2.7,0.5429,0.947,0.4224,0.4076,0.4391
2026-08-25,-68.57,-74.12,0.3855,0.3421,0.2639,0.4778,8.03,161.1,-12.2,0.3029,0.1208,2.0,0.5429,0.947,0.4561,0.4319,0.3965
2026-08-25,-68.57,-52.94,0.4288,0.4489,0.4822,0.454,13.29,44.1,-19.4,0.17,-0.0783,2.1,0.5429,0.947,0.3689,0.4155,0.4595
2026-08-25,-68.57,-31.76,0.5168,0.5048,0.4582,0.5548,16.47,117.2,-18.4,0.1122,0.0744,0.8,0.5429,0.947,0.5537,0.47,0.4653
2026-08-25,-68.57,-10.59,0.5256,0.4982,0.516,0.5395,8.77,14.2,-15.7,0.2796,-0.2183,2.4,0.5429,0.947,0.5055,0.5132,0.462
2026-08-25,-68.57,10.59,0.5005,0.4307,0.5557,0.5943,12.32,189.4,-11.9,0.1594,-0.1035,1.9,0.5429,0.947,0.6205,0.526,0.6419
2026-08-25,-68.57,31.76,0.5281,0.5635,0.5845,0.611,8.03,19.5,-18.7,0.2912,-0.1932,2.8,0.5429,0.947,0.5553,0.5868,0.5501
2026-08-25,-68.57,52.94,0.5079,0.5769,0.5423,0.6309,13.31,165.2,-14.1,0.2279,-0.1783,0.5,0.5429,0.947,0.552,0.5297,0.5779
2026-08-25,-68.57,74.12,0.5189,0.5116,0.6465,0.5711,14.83,259.6,-20.1,0.0691,-0.2269,0.6,0.5429,0.947,0.6351,0.5307,0.6084
2026-08-25,-68.57,95.29,0.6264,0.5257,0.6378,0.5521,13.72,206.5,-16.5,0.4328,-0.0314,5.1,0.5429,0.947,0.5612,0.6046,0.5477
2026-08-25,-68.57,116.47,0.5695,0.5554,0.5047,0.6022,8.49,18.4,-16.9,0.1015,0.2107,3.7,0.5429,0.947,0.5719,0.4984,0.5472
2026-08-25,-68.57,137.65,0.4621,0.5743,0.4652,0.4762,10.83,101.3,-22.3,0.4493,0.0839,3.3,0.5429,0.947,0.529,0.5681,0.5307
2026-08-25,-68.57,158.82,0.4814,0.4849,0.5093,0.5371,10.36,334.5,-16.8,0.2938,0.0989,1.6,0.5429,0.947,0.4501,0.4669,0.3964
2026-08-25,-68.57,180.0,0.4344,0.4021,0.4201,0.4333,14.55,52.6,-22.5,0.1664,-0.043,1.5,0.5429,0.947,0.432,0.5308,0.3985
2026-08-25,-67.14,-180.0,0.3812,0.3426,0.4056,0.3282,10.31,284.9,-18.7,0.1678,-0.1767,3.9,0.4857,0.947,0.3724,0.4188,0.3623
2026-08-25,-67.14,-158.82,0.371,0.3313,0.3782,0.3664,16.45,359.5,-15.1,0.1794,0.0393,6.2,0.4857,0.947,0.3717,0.3487,0.3293
2026-08-25,-67.14,-137.65,0.3258,0.3044,0.3925,0.3442,12.93,78.0,-16.0,0.3204,-0.0296,4.2,0.4857,0.947,0.3101,0.3525,0.2803
2026-08-25,-67.14,-116.47,0.3756,0.3015,0.2764,0.3148,8.82,105.9,-12.1,0.3935,0.3114,4.0,0.4857,0.947,0.2759,0.4234,0.3551
2026-08-25,-67.14,-95.29,0.3816,0.3043,0.3232,0.3748,17.97,283.8,-14.7,0.3097,-0.1508,0.4,0.4857,0.947,0.3378,0.3213,0.3679
2026-08-25,-67.14,-74.12,0.2695,0.3718,0.3383,0.319,10.21,352.2,-7.6,0.0984,0.1694,4.2,0.4857,0.947,0.3772,0.3091,0.3588
2026-08-25,-67.14,-52.94,0.3395,0.3878,0.3954,0.3965,14.29,247.3,-13.7,0.3214,-0.1622,3.7,0.4857,0.947,0.3966,0.3512,0.3197
2026-08-25,-67.14,-31.76,0.4182,0.3968,0.4711,0.4281,11.47,122.5,-16.7,0.2533,-0.2655,3.4,0.4857,0.947,0.4196,0.4308,0.4042
2026-08-25,-67.14,-10.59,0.4659,0.4782,0.4562,0.438,11.39,144.3,-19.5,0.4162,-0.0291,2.6,0.4857,0.947,0.4372,0.4744,0.4
2026-08-25,-67.14,10.59,0.4766,0.5505,0.5735,0.5218,11.46,57.3,-15.4,0.2387,0.0192,3.9,0.4857,0.947,0.4784,0.4209,0.5263
2026-08-25,-67.14,31.76,0.5138,0.5042,0.6017,0.5771,7.64,164.8,-15.6,0.1477,0.0981,4.3,0.4857,0.947,0.4702,0.5117,0.5475
2026-08-25,-67.14,52.94,0.5846,0.4538,0.5571,0.492,7.25,298.5,-9.3,0.3968,-0.2505,2.3,0.4857,0.947,0.4883,0.5916,0.527
2026-08-25,-67.14,74.12,0.5041,0.5041,0.551,0.502,14.1,308.6,-17.4,0.3673,-0.0381,5.6,0.4857,0.947,0.5115,0.5523,0.5246
2026-08-25,-67.14,95.29,0.5335,0.4863,0.5697,0.5569,11.63,270.1,-17.0,0.306,0.1724,3.5,0.4857,0.947,0.5187,0.5461,0.524
2026-08-25,-67.14,116.47,0.4788,0.5312,0.4968,0.5051,8.16,233.9,-7.9,0.3587,0.042,3.7,0.4857,0.947,0.4895,0.4152,0.4129
2026-08-25,-67.14,137.65,0.4538,0.4107,0.4534,0.3978,8.91,359.9,-11.0,0.4127,-0.2129,3.2,0.4857,0.947,0.4932,0.4551,0.4719
2026-08-25,-67.14,158.82,0.4212,0.43,0.3892,0.4184,16.11,314.5,-14.1,0.4187,0.3496,3.6,0.4857,0.947,0.3781,0.3581,0.4451
2026-08-25,-67.14,180.0,0.4018,0.4794,0.3858,0.4123,15.78,300.8,-15.7,0.4466,-0.1151,1.4,0.4857,0.947,0.3113,0.4131,0.353
2026-08-25,-65.71,-180.0,0.2534,0.3383,0.3178,0.2874,9.25,126.6,-15.1,0.1401,-0.0082,1.5,0.4286,0.947,0.387,0.2589,0.3405
2026-08-25,-65.71,-158.82,0.3062,0.3432,0.2533,0.3075,8.61,252.1,-15.5,0.372,0.0778,5.2,0.4286,0.947,0.3272,0.3095,0.3355
2026-08-25,-65.71,-137.65,0.3461,0.2612,0.3183,0.2691,11.49,45.4,-10.3,0.2124,-0.0158,3.6,0.4286,0.947,0.2974,0.2516,0.2921
2026-08-25,-65.71,-116.47,0.2086,0.2953,0.264,0.2352,9.22,180.8,-8.2,0.3578,0.0524,2.5,0.4286,0.947,0.354,0.2804,0.2988
2026-08-25,-65.71,-95.29,0.263,0.2903,0.2326,0.2441,14.79,40.1,-8.7,0.1185,0.1876,3.6,0.4286,0.947,0.3045,0.2707,0.2223
2026-08-25,-65.71,-74.12,0.2715,0.3442,0.2784,0.3427,7.79,53.5,-11.4,0.2538,0.0129,2.7,0.4286,0.947,0.2738,0.2627,0.279
2026-08-25,-65.71,-52.94,0.3802,0.3145,0.3475,0.352,6.09,197.9,-15.5,0.1811,-0.0907,5.0,0.4286,0.947,0.3431,0.3799,0.3881
2026-08-25,-65.71,-31.76,0.3684,0.304,0.3764,0.3527,14.33,53.1,-11.6,0.336,0.0308,3.3,0.4286,0.947,0.3794,0.3495,0.4138
2026-08-25,-65.71,-10.59,0.3501,0.4192,0.4008,0.4,12.59,318.6,-15.2,0.3851,0.1769,2.3,0.4286,0.947,0.4603,0.4087,0.4128
2026-08-25,-65.71,10.59,0.492,0.4505,0.4904,0.4625,9.08,19.6,-13.8,0.2954,-0.1887,1.9,0.4286,0.947,0.4557,0.4354,0.442
2026-08-25,-65.71,31.76,0.4677,0.4169,0.4036,0.3747,16.78,334.6,-10.4,0.4464,0.3691,4.1,0.4286,0.947,0.482,0.5022,0.4393
2026-08-25,-65.71,52.94,0.5318,0.462,0.4211,0.4232,14.02,114.0,-11.7,0.1465,0.2426,2.5,0.4286,0.947,0.5195,0.4509,0.5346
2026-08-25,-65.71,74.12,0.5264,0.5104,0.5236,0.521,9.19,44.2,-15.4,0.1925,0.1495,2.6,0.4286,0.947,0.4413,0.4558,0.4286
2026-08-25,-65.71,95.29,0.3947,0.4388,0.4441,0.4814,14.92,72.8,-13.6,0.2744,0.1632,3.0,0.4286,0.947,0.4568,0.3738,0.4507
2026-08-25,-65.71,116.47,0.4024,0.488,0.4525,0.4048,12.02,298.8,-14.2,0.1632,0.0794,4.0,0.4286,0.947,0.4269,0.4031,0.4667
2026-08-25,-65.71,137.65,0.3539,0.3504,0.3748,0.4262,14.97,152.2,-11.7,0.0668,0.0043,3.2,0.4286,0.947,0.4742,0.4356,0.4387
2026-08-25,-65.71,158.82,0.2928,0.3619,0.3871,0.3856,6.57,347.0,-15.1,0.3561,-0.1492,5.0,0.4286,0.947,0.4054,0.3747,0.3644
2026-08-25,-65.71,180.0,0.2924,0.3434,0.3966,0.315,13.88,35.2,-9.1,0.2617,-0.1344,3.5,0.4286,0.947,0.3508,0.3472,0.3446
2026-08-25,-64.29,-180.0,0.2519,0.2706,0.2969,0.2265,11.68,175.0,-11.9,0.1689,0.1322,4.4,0.3714,0.947,0.3217,0.254,0.3016
2026-08-25,-64.29,-158.82,0.179,0.279,0.2214,0.2318,13.26,225.4,-13.1,0.1323,0.381,3.6,0.3714,0.947,0.2888,0.2066,0.2093
2026-08-25,-64.29,-137.65,0.227,0.1721,0.1695,0.2261,7.95,47.7,-13.7,0.447,-0.0144,5.3,0.3714,0.947,0.2713,0.1955,0.3437
2026-08-25,-64.29,-116.47,0.2681,0.162,0.2632,0.2563,5.54,222.1,-12.1,0.3883,0.0621,3.7,0.3714,0.947,0.2829,0.2814,0.2823
2026-08-25,-64.29,-95.29,0.3099,0.2653,0.3033,0.2079,6.23,217.5,-10.2,0.1263,-0.0071,3.8,0.3714,0.947,0.2646,0.217,0.2575
2026-08-25,-64.29,-74.12,0.299,0.2765,0.2604,0.2422,9.57,352.4,-19.5,0.4442,0.0875,6.8,0.3714,0.947,0.2003,0.189,0.2261
2026-08-25,-64.29,-52.94,0.2826,0.2248,0.2508,0.3169,14.11,230.5,-12.6,0.3431,-0.0649,3.6,0.3714,0.947,0.2826,0.3361,0.2814
2026-08-25,-64.29,-31.76,0.3002,0.2553,0.3488,0.3492,12.15,8.9,-14.1,0.3698,-0.2275,3.0,0.3714,0.947,0.3736,0.303,0.3516
2026-08-25,-64.29,-10.59,0.3316,0.3768,0.3862,0.4033,17.74,324.0,-17.6,0.4043,0.1023,1.8,0.3714,0.947,0.3215,0.3704,0.3348
2026-08-25,-64.29,10.59,0.3303,0.3533,0.4433,0.385,9.95,9.3,-14.1,0.404,-0.0745,4.6,0.3714,0.947,0.4886,0.3367,0.4111
2026-08-25,-64.29,31.76,0.385,0.3749,0.4283,0.3397,10.49,253.6,-7.4,0.1587,-0.0793,5.0,0.3714,0.947,0.4584,0.4072,0.4377
2026-08-25,-64.29,52.94,0.4348,0.3847,0.435,0.3843,9.19,93.0,-5.2,0.404,0.2229,4.7,0.3714,0.947,0.3957,0.3932,0.4299
2026-08-25,-64.29,74.12,0.4297,0.4908,0.4635,0.367,14.71,194.3,-12.8,0.2894,-0.2526,6.7,0.3714,0.947,0.4086,0.3347,0.4742
2026-08-25,-64.29,95.29,0.4879,0.4598,0.3758,0.3706,14.13,306.9,-14.4,0.1004,0.2144,2.8,0.3714,0.947,0.4147,0.4496,0.4935
2026-08-25,-64.29,116.47,0.4071,0.4152,0.3884,0.4124,15.3,38.0,-13.2,0.2907,0.0405,5.2,0.3714,0.947,0.3883,0.4204,0.3391
2026-08-25,-64.29,137.65,0.45,0.4013,0.3258,0.3908,17.48,273.1,-12.5,0.344,0.2586,5.1,0.3714,0.947,0.3899,0.3259,0.3773
2026-08-25,-64.29,158.82,0.3526,0.2727,0.3384,0.2282,13.0,234.8,-14.6,0.28,-0.002,3.7,0.3714,0.947,0.3059,0.2716,0.3444
2026-08-25,-64.29,180.0,0.2474,0.2401,0.3242,0.3535,9.92,353.6,-15.0,0.3388,0.0487,4.6,0.3714,0.947,0.2339,0.3027,0.3412
2026-08-25,-62.86,-180.0,0.1775,0.2702,0.2482,0.2302,16.07,130.2,-11.7,0.3014,-0.1311,3.5,0.3143,0.947,0.2237,0.169,0.1823
2026-08-25,-62.86,-158.82,0.1918,0.1578,0.204,0.1477,10.46,175.1,-13.5,0.3124,-0.1303,4.2,0.3143,0.947,0.1409,0.1534,0.1485
2026-08-25,-62.86,-137.65,0.1595,0.0978,0.1262,0.1478,9.83,212.6,-6.6,0.1257,-0.1412,3.9,0.3143,0.947,0.2327,0.1703,0.167
2026-08-25,-62.86,-116.47,0.2227,0.1408,0.0903,0.224,11.85,201.8,-16.6,0.2652,0.0672,5.3,0.3143,0.947,0.1519,0.1781,0.1848
2026-08-25,-62.86,-95.29,0.2155,0.195,0.1512,0.2144,10.71,123.4,-14.0,0.3666,-0.1548,4.4,0.3143,0.947,0.0839,0.1696,0.1937
2026-08-25,-62.86,-74.12,0.2057,0.1738,0.2209,0.2308,6.93,199.4,-13.8,0.2664,-0.0648,6.1,0.3143,0.947,0.2715,0.2105,0.2305
2026-08-25,-62.86,-52.94,0.3433,0.2882,0.3003,0.2256,10.12,131.1,-12.7,0.0771,-0.1052,4.3,0.3143,0.947,0.2486,0.2268,0.2596
2026-08-25,-62.86,-31.76,0.2787,0.2737,0.2717,0.243,10.02,306.8,-13.3,0.399,0.0819,5.0,0.3143,0.947,0.2325,0.3106,0.1854
2026-08-25,-62.86,-10.59,0.25,0.3271,0.352,0.336,9.86,207.6,-12.3,0.3481,-0.0468,4.6,0.3143,0.947,0.3137,0.2506,0.3348
2026-08-25,-62.86,10.59,0.3609,0.4029,0.3883,0.3249,13.88,109.7,-12.3,0.0965,0.129,5.7,0.3143,0.947,0.3711,0.29,0.3977
2026-08-25,-62.86,31.76,0.4054,0.3979,0.2654,0.3727,12.28,25.5,-13.1,0.3724,-0.0292,5.0,0.3143,0.947,0.4146,0.3385,0.3387
2026-08-25,-62.86,52.94,0.4323,0.3799,0.4291,0.4191,8.5,273.0,-13.0,0.2841,-0.1987,6.0,0.3143,0.947,0.4446,0.41,0.4993
2026-08-25,-62.86,74.12,0.3394,0.4391,0.3617,0.352,13.1,349.5,-10.3,0.1131,-0.0129,2.8,0.3143,0.947,0.4102,0.3554,0.4465
2026-08-25,-62.86,95.29,0.2857,0.2927,0.2825,0.3231,12.7,104.6,-8.6,0.1137,0.0442,4.1,0.3143,0.947,0.3232,0.3236,0.337
2026-08-25,-62.86,116.47,0.3246,0.3038,0.3572,0.3412,8.66,131.9,-10.5,0.2886,0.05,5.2,0.3143,0.947,0.3069,0.2773,0.2789
2026-08-25,-62.86,137.65,0.3016,0.2746,0.3781,0.302,6.31,180.3,-10.5,0.1165,-0.0019,4.2,0.3143,0.947,0.341,0.2951,0.3364
2026-08-25,-62.86,158.82,0.252,0.2336,0.3382,0.2177,11.99,19.1,-14.4,0.341,0.1178,6.7,0.3143,0.947,0.2788,0.1906,0.1945
2026-08-25,-62.86,180.0,0.2346,0.2138,0.2001,0.1983,10.95,320.2,-16.6,0.3387,-0.1708,4.8,0.3143,0.947,0.226,0.1418,0.234
2026-08-25,-61.43,-180.0,0.115,0.137,0.1632,0.1674,7.14,89.4,-12.6,0.242,0.1206,4.2,0.2571,0.947,0.2619,0.2509,0.1588
2026-08-25,-61.43,-158.82,0.2095,0.1739,0.2029,0.1598,12.14,106.1,-10.6,0.158,0.1504,6.3,0.2571,0.947,0.1902,0.1379,0.1529
2026-08-25,-61.43,-137.65,0.1705,0.1137,0.1217,0.1794,11.09,48.4,-7.8,0.3941,0.1399,5.5,0.2571,0.947,0.1152,0.1213,0.1581
2026-08-25,-61.43,-116.47,0.1405,0.1274,0.0801,0.1292,16.88,165.9,-8.5,0.2452,-0.3151,5.8,0.2571,0.947,0.0647,0.197,0.222
2026-08-25,-61.43,-95.29,0.1173,0.1356,0.1756,0.1366,10.75,325.8,-9.3,0.406,0.1108,6.5,0.2571,0.947,0.2494,0.0845,0.157
2026-08-25,-61.43,-74.12,0.1927,0.2044,0.1273,0.1808,15.94,286.4,-11.4,0.1472,0.037,7.2,0.2571,0.947,0.1841,0.1617,0.1524
2026-08-25,-61.43,-52.94,0.1779,0.1126,0.2081,0.1934,17.61,263.8,-7.2,0.2702,-0.0683,5.6,0.2571,0.947,0.1806,0.169,0.2264
2026-08-25,-61.43,-31.76,0.2375,0.2553,0.2251,0.231,6.14,47.2,-13.9,0.1398,0.2727,4.4,0.2571,0.947,0.2338,0.2207,0.2378
2026-08-25,-61.43,-10.59,0.2881,0.2012,0.1882,0.2902,7.95,247.6,-6.3,0.27,-0.1941,6.9,0.2571,0.947,0.2764,0.2485,0.2906
2026-08-25,-61.43,10.59,0.3046,0.2325,0.3334,0.2182,15.12,335.6,-7.6,0.2393,-0.1414,7.9,0.2571,0.947,0.2818,0.3492,0.3098
2026-08-25,-61.43,31.76,0.3692,0.3531,0.3447,0.2675,18.0,201.7,-10.8,0.3932,0.1097,5.4,0.2571,0.947,0.2726,0.2756,0.2766
2026-08-25,-61.43,52.94,0.3107,0.2877,0.385,0.2651,13.57,213.4,-8.3,0.4358,-0.0785,6.9,0.2571,0.947,0.3552,0.2947,0.3334
2026-08-25,-61.43,74.12,0.3319,0.3144,0.3475,0.3542,9.14,274.4,-7.7,0.2159,-0.0703,6.7,0.2571,0.947,0.3425,0.2891,0.3019
2026-08-25,-61.43,95.29,0.3329,0.3912,0.3078,0.2977,6.91,189.2,-10.1,0.0727,-0.0165,5.0,0.2571,0.947,0.3038,0.3386,0.3453
2026-08-25,-61.43,116.47,0.3676,0.2892,0.3349,0.3447,14.91,89.5,-12.0,0.3578,0.0752,5.2,0.2571,0.947,0.2829,0.2683,0.2475
2026-08-25,-61.43,137.65,0.2689,0.3137,0.2472,0.2462,13.13,81.4,-11.6,0.2081,0.1548,3.9,0.2571,0.947,0.3028,0.2399,0.3172
2026-08-25,-61.43,158.82,0.1734,0.2151,0.216,0.247,16.08,207.5,-10.7,0.0625,0.2225,5.0,0.2571,0.947,0.1984,0.216,0.2021
2026-08-25,-61.43,180.0,0.2309,0.161,0.2137,0.1383,8.94,166.7,-13.9,0.2965,-0.0347,5.3,0.2571,0.947,0.1495,0.1543,0.0934
2026-08-25,-60.0,-180.0,0.1304,0.1255,0.1688,0.116,7.23,303.3,-13.6,0.0773,0.0947,7.8,0.2,0.947,0.193,0.1633,0.0654
2026-08-25,-60.0,-158.82,0.0692,0.0389,0.0839,0.1475,17.99,134.6,-7.0,0.3783,-0.1363,6.5,0.2,0.947,0.1566,0.1248,0.1146
2026-08-25,-60.0,-137.65,0.0,0.0422,0.0616,0.0808,16.02,2.3,-3.8,0.0502,0.08,5.7,0.2,0.947,0.1253,0.1222,0.1009
2026-08-25,-60.0,-116.47,0.0574,0.0207,0.0395,0.0405,10.4,294.1,-11.1,0.2854,-0.0006,4.4,0.2,0.947,0.0315,0.0758,0.0902
2026-08-25,-60.0,-95.29,0.0943,0.0802,0.1546,0.0871,9.21,10.2,-10.3,0.1436,0.0823,7.6,0.2,0.947,0.0762,0.0714,0.1102
2026-08-25,-60.0,-74.12,0.1151,0.0932,0.1239,0.0728,8.65,297.0,-11.4,0.2779,-0.1261,6.4,0.2,0.947,0.0719,0.0253,0.0869
2026-08-25,-60.0,-52.94,0.1268,0.1307,0.2039,0.1839,12.22,344.8,-6.2,0.1299,0.1176,5.0,0.2,0.947,0.1506,0.1903,0.1214
2026-08-25,-60.0,-31.76,0.1647,0.1035,0.1358,0.2097,12.0,52.3,-8.9,0.1437,0.0706,7.0,0.2,0.947,0.2188,0.1937,0.1648
2026-08-25,-60.0,-10.59,0.2543,0.2002,0.2108,0.1512,12.88,280.3,-9.1,0.226,0.0457,8.0,0.2,0.947,0.2281,0.2202,0.2122
2026-08-25,-60.0,10.59,0.2819,0.2205,0.2049,0.2394,13.7,285.3,-8.9,0.1611,0.1079,8.2,0.2,0.947,0.1616,0.1905,0.2231
2026-08-25,-60.0,31.76,0.373,0.2463,0.235,0.3219,5.2,126.7,-13.0,0.0531,0.4656,6.9,0.2,0.947,0.2424,0.3037,0.3164
2026-08-25,-60.0,52.94,0.3155,0.2848,0.2706,0.2068,12.67,347.1,-12.6,0.3462,0.0097,5.4,0.2,0.947,0.2709,0.2926,0.2379
2026-08-25,-60.0,74.12,0.2648,0.2922,0.2455,0.3588,11.19,34.7,-7.9,0.2988,-0.1021,6.6,0.2,0.947,0.2018,0.234,0.313
2026-08-25,-60.0,95.29,0.2466,0.3018,0.2688,0.2626,7.01,306.4,-10.5,0.1625,0.3343,5.8,0.2,0.947,0.2411,0.2669,0.2592
2026-08-25,-60.0,116.47,0.2152,0.2589,0.1445,0.2391,8.34,97.0,-7.9,0.3024,0.0564,5.3,0.2,0.947,0.2832,0.2316,0.2137
2026-08-25,-60.0,137.65,0.1871,0.1471,0.1931,0.2148,15.05,61.6,-9.3,0.1406,-0.0739,7.2,0.2,0.947,0.1726,0.1882,0.2197
2026-08-25,-60.0,158.82,0.1686,0.0998,0.1831,0.1598,9.32,322.7,-8.2,0.3644,-0.1021,4.9,0.2,0.947,0.1487,0.0889,0.1878
2026-08-25,-60.0,180.0,0.1232,0.098,0.1165,0.1413,7.91,65.5,-11.6,0.1999,0.1028,4.7,0.2,0.947,0.0871,0.1314,0.1936
2026-08-26,-80.0,-180.0,0.8446,0.8036,0.8452,0.8766,14.99,319.3,-21.6,0.3027,0.1169,-0.4,1.0,0.943,0.8258,0.8957,0.7975
2026-08-26,-80.0,-158.82,0.7734,0.7828,0.754,0.8515,5.93,90.1,-25.7,0.2336,-0.0308,-0.2,1.0,0.943,0.7573,0.8686,0.801
2026-08-26,-80.0,-137.65,0.7319,0.836,0.8266,0.7991,7.25,228.3,-27.1,0.4224,0.0773,-1.0,1.0,0.943,0.7752,0.7596,0.7515
2026-08-26,-80.0,-116.47,0.8902,0.7292,0.7067,0.8106,11.88,323.2,-23.8,0.3437,0.0531,-3.0,1.0,0.943,0.7554,0.7846,0.7654
2026-08-26,-80.0,-95.29,0.7786,0.7657,0.7828,0.8112,9.13,347.3,-24.4,0.4182,-0.0891,-3.1,1.0,0.943,0.8132,0.7905,0.7176
2026-08-26,-80.0,-74.12,0.8039,0.7677,0.807,0.7958,13.13,68.9,-23.6,0.0921,0.1321,-0.2,1.0,0.943,0.7861,0.8208,0.8196
2026-08-26,-80.0,-52.94,0.9192,0.867,0.8721,0.8584,5.41,176.1,-22.1,0.3536,0.1275,-3.6,1.0,0.943,0.8571,0.8417,0.9002
2026-08-26,-80.0,-31.76,0.8639,0.8185,0.863,0.8759,10.77,208.6,-21.8,0.1846,0.0138,-1.8,1.0,0.943,0.8358,0.7969,0.821
2026-08-26,-80.0,-10.59,0.894,1.0,0.9952,0.8453,15.72,295.7,-18.3,0.3593,-0.0809,-2.7,1.0,0.943,0.9758,0.9781,0.901
2026-08-26,-80.0,10.59,0.8982,0.9281,0.9922,0.8658,13.59,94.9,-21.9,0.4382,0.2383,-1.6,1.0,0.943,1.0,0.9168,0.9017
2026-08-26,-80.0,31.76,0.9592,1.0,0.9755,1.0,10.55,134.0,-29.2,0.1275,-0.04,-2.4,1.0,0.943,1.0,0.9506,0.9179
2026-08-26,-80.0,52.94,0.966,0.9521,0.9657,0.958,16.78,322.7,-22.9,0.4366,-0.1702,-1.5,1.0,0.943,0.9724,0.9352,0.9945
2026-08-26,-80.0,74.12,0.9424,0.9539,0.9282,1.0,5.17,5.8,-25.3,0.2466,-0.2542,-2.1,1.0,0.943,1.0,1.0,0.9602
2026-08-26,-80.0,95.29,0.9133,1.0,0.9703,1.0,5.65,115.8,-23.7,0.3046,0.1179,-1.2,1.0,0.943,0.9174,0.9949,0.9544
2026-08-26,-80.0,116.47,0.9925,0.8635,0.9108,0.9388,12.49,310.1,-26.2,0.3155,0.0234,-2.3,1.0,0.943,1.0,0.9424,0.9969
2026-08-26,-80.0,137.65,0.8981,0.9526,0.9083,0.9197,11.16,5.7,-24.7,0.1795,-0.0003,-2.1,1.0,0.943,0.9042,0.9406,0.8944
2026-08-26,-80.0,158.82,0.848,0.8806,0.8467,0.877,17.38,116.6,-24.9,0.2988,-0.2486,-0.4,1.0,0.943,0.8685,0.8355,0.893
2026-08-26,-80.0,180.0,0.8427,0.8186,0.8381,0.8388,8.77,39.7,-21.9,0.1584,-0.0678,-3.4,1.0,0.943,0.7981,0.8376,0.8586
2026-08-26,-78.57,-180.0,0.6969,0.7387,0.7145,0.8501,16.65,271.0,-24.8,0.4024,0.1733,-1.7,0.9429,0.943,0.7607,0.7832,0.76
2026-08-26,-78.57,-158.82,0.7499,0.7615,0.7577,0.8482,13.82,24.9,-20.7,0.3313,0.2859,-2.3,0.9429,0.943,0.7464,0.7205,0.773
2026-08-26,-78.57,-137.65,0.7428,0.7679,0.7539,0.7382,15.31,207.5,-21.9,0.2419,0.0733,-2.1,0.9429,0.943,0.8744,0.7494,0.675
2026-08-26,-78.57,-116.47,0.7051,0.8006,0.7445,0.7715,11.91,270.1,-23.6,0.0559,-0.1723,-1.2,0.9429,0.943,0.6608,0.7101,0.6882
2026-08-26,-78.57,-95.29,0.7788,0.7366,0.8781,0.6896,13.61,115.4,-22.3,0.2629,0.1855,-1.9,0.9429,0.943,0.708,0.7733,0.7279
2026-08-26,-78.57,-74.12,0.7862,0.7165,0.7979,0.7186,5.13,123.9,-17.2,0.3816,0.3138,-1.8,0.9429,0.943,0.768,0.7049,0.7389
2026-08-26,-78.57,-52.94,0.7981,0.788,0.7377,0.7969,6.29,76.8,-23.9,0.2928,-0.0319,-2.6,0.9429,0.943,0.7499,0.6992,0.8586
2026-08-26,-78.57,-31.76,0.8584,0.8057,0.8171,0.7692,17.12,85.1,-21.3,0.4013,0.002,-1.5,0.9429,0.943,0.881,0.8395,0.8621
2026-08-26,-78.57,-10.59,0.8451,0.8502,0.8376,0.8442,6.35,310.8,-21.1,0.077,-0.096,-0.8,0.9429,0.943,0.8062,0.813,0.949
2026-08-26,-78.57,10.59,0.9385,0.8332,0.8815,0.961,7.08,176.3,-19.3,0.3195,0.0352,-2.6,0.9429,0.943,0.9268,0.909,0.8237
2026-08-26,-78.57,31.76,0.9277,0.9013,0.9115,0.8759,17.06,178.9,-26.2,0.2898,-0.048,-2.2,0.9429,0.943,0.9101,0.882,0.8989
2026-08-26,-78.57,52.94,0.9151,0.8626,0.9795,0.9539,7.57,308.2,-24.7,0.4496,-0.3642,-2.0,0.9429,0.943,0.8534,0.8976,0.9124
2026-08-26,-78.57,74.12,0.9269,0.9915,0.9361,0.9221,13.43,142.4,-21.8,0.123,0.0148,-2.8,0.9429,0.943,0.9012,0.9882,0.8817
2026-08-26,-78.57,95.29,0.9431,0.9188,0.9476,0.9064,6.94,198.2,-21.9,0.3857,-0.1108,-1.5,0.9429,0.943,0.9166,0.9333,0.9637
2026-08-26,-78.57,116.47,0.9645,0.8941,0.8448,0.9284,9.81,174.1,-24.7,0.3982,-0.1713,-3.3,0.9429,0.943,0.8751,0.8631,0.9159
2026-08-26,-78.57,137.65,0.8566,0.8747,0.8561,0.8655,16.56,135.5,-17.2,0.1907,-0.046,-1.7,0.9429,0.943,0.8375,0.8844,0.7828
2026-08-26,-78.57,158.82,0.7114,0.7737,0.8467,0.8036,7.75,162.0,-22.8,0.0535,-0.0479,-1.5,0.9429,0.943,0.8257,0.7759,0.7829
2026-08-26,-78.57,180.0,0.7634,0.7757,0.7313,0.8278,5.52,240.8,-19.6,0.3391,0.0753,-2.9,0.9429,0.943,0.7695,0.8006,0.7103
2026-08-26,-77.14,-180.0,0.699,0.7782,0.6989,0.7483,9.09,260.2,-26.3,0.0637,0.0157,-1.7,0.8857,0.943,0.7206,0.7176,0.7108
2026-08-26,-77.14,-158.82,0.6906,0.7385,0.7263,0.6608,15.22,286.8,-28.9,0.3947,0.1937,1.1,0.8857,0.943,0.7697,0.7182,0.7227
2026-08-26,-77.14,-137.65,0.7379,0.6698,0.6924,0.7144,11.49,126.4,-22.0,0.0697,0.0682,1.2,0.8857,0.943,0.6798,0.676,0.6888
2026-08-26,-77.14,-116.47,0.617,0.6806,0.7091,0.7323,5.48,285.5,-21.7,0.3411,0.3513,-3.1,0.8857,0.943,0.7025,0.6728,0.6947
2026-08-26,-77.14,-95.29,0.6986,0.7028,0.7476,0.7279,13.62,255.5,-22.2,0.3232,-0.0529,-1.1,0.8857,0.943,0.639,0.702,0.6645
2026-08-26,-77.14,-74.12,0.7432,0.652,0.71,0.6993,10.96,11.2,-21.7,0.3938,-0.2447,-0.5,0.8857,0.943,0.6656,0.6074,0.6929
2026-08-26,-77.14,-52.94,0.72,0.6682,0.7834,0.7735,15.5,343.6,-21.9,0.2873,-0.0222,-0.7,0.8857,0.943,0.8045,0.7127,0.7454
2026-08-26,-77.14,-31.76,0.7842,0.7759,0.7794,0.8674,5.03,10.0,-26.0,0.3766,-0.345,0.0,0.8857,0.943,0.7065,0.7387,0.7225
2026-08-26,-77.14,-10.59,0.8213,0.8427,0.8262,0.7663,13.6,143.3,-27.9,0.3309,-0.0477,-0.3,0.8857,0.943,0.7923,0.7835,0.7711
2026-08-26,-77.14,10.59,0.815,0.7878,0.817,0.8486,6.38,258.9,-20.6,0.3698,-0.0132,-2.2,0.8857,0.943,0.8379,0.8565,0.8323
2026-08-26,-77.14,31.76,0.885,0.8704,0.8404,0.8746,7.98,303.4,-27.2,0.3052,0.2984,-2.6,0.8857,0.943,0.8811,0.8921,0.8552
2026-08-26,-77.14,52.94,0.8452,0.8777,0.901,0.92,5.13,219.3,-28.1,0.2768,-0.2816,-0.1,0.8857,0.943,0.8539,0.8616,0.8614
2026-08-26,-77.14,74.12,0.8785,0.8499,0.8382,0.8246,9.5,159.7,-26.0,0.325,-0.1729,0.7,0.8857,0.943,0.8945,0.866,0.9043
2026-08-26,-77.14,95.29,0.8864,0.8482,0.9149,0.8812,17.17,207.0,-20.7,0.21,0.0814,-0.4,0.8857,0.943,0.9096,0.8451,0.8894
2026-08-26,-77.14,116.47,0.8213,0.8435,0.828,0.8487,6.64,328.4,-23.8,0.1061,-0.1922,-1.2,0.8857,0.943,0.8256,0.828,0.871
2026-08-26,-77.14,137.65,0.8178,0.8332,0.7388,0.8257,11.59,259.0,-19.4,0.2469,-0.0697,0.9,0.8857,0.943,0.8326,0.8323,0.7968
2026-08-26,-77.14,158.82,0.7829,0.7825,0.7756,0.7376,7.42,29.5,-15.8,0.3653,-0.0951,-0.8,0.8857,0.943,0.8066,0.739,0.767
2026-08-26,-77.14,180.0,0.728,0.7906,0.648,0.7413,5.17,220.8,-22.8,0.0623,-0.0473,-2.7,0.8857,0.943,0.727,0.7431,0.7779
2026-08-26,-75.71,-180.0,0.737,0.73,0.6312,0.6904,14.61,227.5,-20.7,0.322,-0.1195,2.1,0.8286,0.943,0.7038,0.704,0.6915
2026-08-26,-75.71,-158.82,0.6275,0.6149,0.6527,0.6286,9.29,116.9,-20.5,0.216,0.2905,-0.7,0.8286,0.943,0.5786,0.6684,0.6057
2026-08-26,-75.71,-137.65,0.6245,0.6329,0.6533,0.6164,10.68,32.1,-17.6,0.1738,-0.075,-1.3,0.8286,0.943,0.6958,0.6412,0.5806
2026-08-26,-75.71,-116.47,0.5585,0.665,0.5881,0.6894,5.26,134.6,-23.7,0.3887,0.1047,-0.2,0.8286,0.943,0.6662,0.6127,0.6201
2026-08-26,-75.71,-95.29,0.6652,0.6398,0.6394,0.6774,9.79,186.0,-14.2,0.4118,0.062,0.9,0.8286,0.943,0.6458,0.6886,0.5827
2026-08-26,-75.71,-74.12,0.639,0.6823,0.6292,0.608,12.22,313.7,-21.9,0.0505,0.1557,0.6,0.8286,0.943,0.6738,0.607,0.7473
2026-08-26,-75.71,-52.94,0.7721,0.6643,0.7005,0.6836,11.94,153.4,-28.9,0.1574,0.0786,-0.2,0.8286,0.943,0.6603,0.7404,0.68
2026-08-26,-75.71,-31.76,0.7593,0.6421,0.7891,0.7122,18.0,41.9,-19.6,0.3555,-0.1498,-1.1,0.8286,0.943,0.6984,0.7175,0.7757
2026-08-26,-75.71,-10.59,0.6856,0.6922,0.7893,0.7216,8.69,95.2,-15.1,0.2907,0.0988,-0.1,0.8286,0.943,0.7361,0.7498,0.7958
2026-08-26,-75.71,10.59,0.7461,0.7787,0.7781,0.7762,14.23,38.3,-17.7,0.3532,-0.0301,0.2,0.8286,0.943,0.8,0.7113,0.8755
2026-08-26,-75.71,31.76,0.7924,0.8403,0.8323,0.8136,11.2,235.7,-22.5,0.334,-0.1024,0.1,0.8286,0.943,0.8654,0.8101,0.8307
2026-08-26,-75.71,52.94,0.8179,0.9163,0.931,0.8407,7.29,312.2,-24.4,0.3562,-0.1617,-0.1,0.8286,0.943,0.8377,0.8451,0.8896
2026-08-26,-75.71,74.12,0.8018,0.7751,0.908,0.8117,12.64,297.4,-15.8,0.201,-0.1405,-0.9,0.8286,0.943,0.9178,0.8348,0.818
2026-08-26,-75.71,95.29,0.7847,0.8716,0.8396,1.0,17.41,117.0,-26.3,0.2358,0.0479,-0.8,0.8286,0.943,0.8279,0.8159,0.8333
2026-08-26,-75.71,116.47,0.7715,0.8095,0.7495,0.7869,14.35,249.1,-21.8,0.1903,0.1017,-1.3,0.8286,0.943,0.8385,0.808,0.7162
2026-08-26,-75.71,137.65,0.7285,0.7684,0.7196,0.7866,11.98,191.6,-23.1,0.3561,0.2859,0.9,0.8286,0.943,0.7635,0.7117,0.7174
2026-08-26,-75.71,158.82,0.769,0.7288,0.754,0.6503,5.29,204.3,-23.6,0.2392,-0.0518,0.7,0.8286,0.943,0.7161,0.7293,0.7378
2026-08-26,-75.71,180.0,0.7878,0.6373,0.6353,0.6998,11.5,239.8,-16.0,0.256,0.3948,0.0,0.8286,0.943,0.681,0.6761,0.6092
2026-08-26,-74.29,-180.0,0.5938,0.571,0.6432,0.5834,12.05,96.3,-19.3,0.2021,0.0918,0.3,0.7714,0.943,0.5713,0.6397,0.6504
2026-08-26,-74.29,-158.82,0.699,0.6466,0.5508,0.6354,13.05,28.7,-29.0,0.0768,0.0728,-2.4,0.7714,0.943,0.6014,0.6171,0.619
2026-08-26,-74.29,-137.65,0.5936,0.5849,0.6174,0.6184,17.72,81.8,-22.3,0.3765,0.1663,2.5,0.7714,0.943,0.5419,0.5591,0.6111
2026-08-26,-74.29,-116.47,0.5942,0.5417,0.5911,0.5541,10.76,81.9,-20.5,0.0667,-0.137,3.0,0.7714,0.943,0.5901,0.5634,0.5138
2026-08-26,-74.29,-95.29,0.6022,0.643,0.583,0.6148,12.63,115.9,-16.7,0.3173,-0.1242,0.5,0.7714,0.943,0.5846,0.5399,0.5796
2026-08-26,-74.29,-74.12,0.6124,0.6095,0.64,0.5916,16.25,244.5,-18.7,0.1249,-0.1838,1.0,0.7714,0.943,0.6384,0.5886,0.7197
2026-08-26,-74.29,-52.94,0.6495,0.6288,0.5493,0.5615,14.41,282.6,-21.7,0.1673,-0.1304,0.6,0.7714,0.943,0.639,0.6142,0.6896
2026-08-26,-74.29,-31.76,0.6739,0.7165,0.6673,0.6417,16.74,87.2,-19.3,0.4151,-0.1613,-0.9,0.7714,0.943,0.7369,0.6889,0.7081
2026-08-26,-74.29,-10.59,0.7205,0.7316,0.701,0.6982,13.24,207.0,-21.8,0.1971,0.2457,1.6,0.7714,0.943,0.707,0.7613,0.7215
2026-08-26,-74.29,10.59,0.7404,0.7574,0.6357,0.7669,10.33,69.5,-25.8,0.2678,-0.2785,-1.5,0.7714,0.943,0.7559,0.7184,0.7667
2026-08-26,-74.29,31.76,0.8658,0.6656,0.707,0.7781,15.86,213.7,-25.8,0.0529,-0.1154,1.4,0.7714,0.943,0.8522,0.7582,0.7734
2026-08-26,-74.29,52.94,0.7347,0.8283,0.7831,0.7914,5.7,284.5,-21.5,0.0521,-0.1216,2.0,0.7714,0.943,0.7792,0.7533,0.8042
2026-08-26,-74.29,74.12,0.7548,0.8236,0.7631,0.8065,9.11,16.1,-20.6,0.173,-0.1552,1.5,0.7714,0.943,0.7205,0.8045,0.8488
2026-08-26,-74.29,95.29,0.805,0.8005,0.7462,0.8099,14.04,75.7,-20.9,0.3732,0.036,-0.9,0.7714,0.943,0.7074,0.754,0.7371
2026-08-26,-74.29,116.47,0.7125,0.7027,0.7761,0.7123,9.43,222.4,-23.1,0.3186,-0.218,0.4,0.7714,0.943,0.687,0.7465,0.7627
2026-08-26,-74.29,137.65,0.6387,0.6619,0.7226,0.7632,8.22,321.7,-18.2,0.2402,0.2294,1.2,0.7714,0.943,0.7582,0.7528,0.7387
2026-08-26,-74.29,158.82,0.7073,0.6662,0.7079,0.6605,16.45,290.2,-19.1,0.2775,0.0213,0.6,0.7714,0.943,0.6575,0.6458,0.6037
2026-08-26,-74.29,180.0,0.6485,0.6366,0.5946,0.5809,11.72,283.8,-21.3,0.3564,-0.043,-0.6,0.7714,0.943,0.6107,0.6188,0.6286
2026-08-26,-72.86,-180.0,0.6205,0.5636,0.6227,0.6128,14.46,211.1,-22.6,0.1857,-0.0007,-0.5,0.7143,0.943,0.5063,0.5526,0.5779
2026-08-26,-72.86,-158.82,0.5383,0.5564,0.5914,0.5149,14.57,255.3,-13.6,0.2647,0.0335,0.2,0.7143,0.943,0.538,0.5422,0.5461
2026-08-26,-72.86,-137.65,0.5677,0.4678,0.5238,0.5402,12.62,296.9,-22.9,0.316,0.1263,1.3,0.7143,0.943,0.5738,0.5681,0.5139
2026-08-26,-72.86,-116.47,0.5124,0.5563,0.5474,0.5246,15.88,282.0,-16.6,0.093,-0.1157,-0.2,0.7143,0.943,0.5989,0.4702,0.4903
2026-08-26,-72.86,-95.29,0.5146,0.5506,0.5163,0.5327,8.47,132.5,-16.5,0.0666,-0.0092,-0.8,0.7143,0.943,0.485,0.5658,0.545
2026-08-26,-72.86,-74.12,0.5841,0.5621,0.5691,0.5945,12.78,178.6,-22.1,0.0908,-0.0185,0.1,0.7143,0.943,0.5865,0.5159,0.5668
2026-08-26,-72.86,-52.94,0.6355,0.6263,0.5444,0.5996,10.33,14.1,-17.5,0.338,-0.0632,0.3,0.7143,0.943,0.6005,0.5781,0.5974
2026-08-26,-72.86,-31.76,0.5722,0.6473,0.6524,0.6721,12.82,133.7,-17.5,0.1446,-0.0603,-0.3,0.7143,0.943,0.6145,0.6192,0.6477
2026-08-26,-72.86,-10.59,0.6325,0.6614,0.6605,0.6382,11.65,56.3,-22.9,0.1984,0.0213,2.0,0.7143,0.943,0.6735,0.6522,0.6724
2026-08-26,-72.86,10.59,0.6818,0.7035,0.691,0.6266,9.5,226.1,-20.6,0.3817,0.2527,0.5,0.7143,0.943,0.7285,0.7667,0.7093
2026-08-26,-72.86,31.76,0.72,0.7318,0.7741,0.6996,9.53,141.3,-17.2,0.2332,0.1814,1.7,0.7143,0.943,0.7115,0.7425,0.7265
2026-08-26,-72.86,52.94,0.7111,0.7149,0.7426,0.7499,9.34,28.7,-18.5,0.1705,0.1762,1.3,0.7143,0.943,0.7444,0.7289,0.7483
2026-08-26,-72.86,74.12,0.7309,0.6286,0.7178,0.7005,13.74,252.5,-24.3,0.3818,-0.1375,2.9,0.7143,0.943,0.6629,0.7401,0.7271
2026-08-26,-72.86,95.29,0.7193,0.7556,0.7911,0.7084,11.25,207.0,-15.0,0.3505,-0.1452,-0.3,0.7143,0.943,0.7347,0.702,0.6296
2026-08-26,-72.86,116.47,0.6262,0.6678,0.6661,0.7187,11.69,242.6,-16.1,0.0848,0.2069,0.8,0.7143,0.943,0.7162,0.7126,0.7312
2026-08-26,-72.86,137.65,0.7117,0.6943,0.691,0.6297,8.17,174.1,-25.9,0.3284,0.1013,-0.4,0.7143,0.943,0.6135,0.6596,0.6108
2026-08-26,-72.86,158.82,0.6357,0.5859,0.5844,0.6351,6.42,168.5,-20.0,0.2627,-0.0035,1.0,0.7143,0.943,0.5658,0.5719,0.6385
2026-08-26,-72.86,180.0,0.6044,0.6088,0.541,0.5864,12.01,272.8,-18.4,0.3193,0.1968,1.7,0.7143,0.943,0.6869,0.5454,0.5483
2026-08-26,-71.43,-180.0,0.4842,0.5798,0.4865,0.5516,15.47,287.5,-14.7,0.3061,0.1664,0.6,0.6571,0.943,0.5167,0.5039,0.5254
2026-08-26,-71.43,-158.82,0.4844,0.464,0.5384,0.4524,15.19,184.9,-15.9,0.2726,0.2884,2.1,0.6571,0.943,0.5725,0.4737,0.5056
2026-08-26,-71.43,-137.65,0.4242,0.5011,0.4658,0.514,13.57,347.2,-20.7,0.3634,0.0146,-0.1,0.6571,0.943,0.4914,0.4791,0.4809
2026-08-26,-71.43,-116.47,0.5035,0.5244,0.5174,0.5029,17.12,238.5,-19.4,0.1459,0.2481,2.9,0.6571,0.943,0.5067,0.4372,0.4728
2026-08-26,-71.43,-95.29,0.4507,0.4625,0.4817,0.5078,15.26,64.4,-13.1,0.3059,-0.3211,0.4,0.6571,0.943,0.5417,0.4501,0.514
2026-08-26,-71.43,-74.12,0.5416,0.582,0.5138,0.4627,7.44,53.5,-20.1,0.0871,-0.0444,0.2,0.6571,0.943,0.5335,0.5567,0.526
2026-08-26,-71.43,-52.94,0.5247,0.5057,0.5037,0.6494,9.11,196.0,-20.5,0.2396,-0.14,2.5,0.6571,0.943,0.4713,0.5161,0.5943
2026-08-26,-71.43,-31.76,0.4989,0.5151,0.5835,0.5554,8.62,183.2,-19.5,0.335,0.0561,1.3,0.6571,0.943,0.5768,0.5471,0.5947
2026-08-26,-71.43,-10.59,0.596,0.5919,0.6974,0.5961,7.79,67.4,-17.1,0.1344,0.0975,2.7,0.6571,0.943,0.619,0.5827,0.6258
2026-08-26,-71.43,10.59,0.6736,0.7067,0.659,0.6066,17.06,47.6,-15.6,0.3263,-0.1632,3.5,0.6571,0.943,0.6128,0.6159,0.6424
2026-08-26,-71.43,31.76,0.7134,0.6544,0.7143,0.6376,12.25,151.7,-19.0,0.3065,0.132,3.1,0.6571,0.943,0.5631,0.5931,0.6423
2026-08-26,-71.43,52.94,0.687,0.715,0.6664,0.6338,14.26,103.2,-21.1,0.3554,-0.0214,2.1,0.6571,0.943,0.6929,0.6702,0.6793
2026-08-26,-71.43,74.12,0.7348,0.6907,0.7391,0.6356,9.23,214.2,-14.4,0.2603,-0.0511,1.1,0.6571,0.943,0.7111,0.6688,0.6595
2026-08-26,-71.43,95.29,0.621,0.6471,0.6337,0.6525,10.07,226.5,-22.6,0.1754,0.1621,0.2,0.6571,0.943,0.648,0.6494,0.6162
2026-08-26,-71.43,116.47,0.6431,0.6067,0.6506,0.6064,13.57,104.9,-14.9,0.1494,0.5054,2.8,0.6571,0.943,0.6144,0.6314,0.6268
2026-08-26,-71.43,137.65,0.6236,0.63,0.6377,0.6135,17.97,279.3,-16.3,0.1746,-0.09,0.0,0.6571,0.943,0.6479,0.6128,0.599
2026-08-26,-71.43,158.82,0.5888,0.5766,0.5914,0.6064,10.13,119.3,-21.7,0.0504,-0.2601,0.4,0.6571,0.943,0.4854,0.5784,0.5213
2026-08-26,-71.43,180.0,0.605,0.5173,0.5344,0.5984,17.81,269.4,-12.7,0.2329,-0.0113,2.3,0.6571,0.943,0.4927,0.4692,0.4901
2026-08-26,-70.0,-180.0,0.4959,0.5215,0.4607,0.5186,9.83,265.7,-16.6,0.0792,-0.0077,0.6,0.6,0.943,0.4976,0.583,0.4826
2026-08-26,-70.0,-158.82,0.4315,0.3985,0.4631,0.5088,9.26,71.7,-16.4,0.3779,-0.2176,3.4,0.6,0.943,0.3967,0.4983,0.4496
2026-08-26,-70.0,-137.65,0.4393,0.4349,0.4656,0.4264,6.88,151.4,-22.0,0.4495,-0.0198,2.3,0.6,0.943,0.4543,0.4688,0.4675
2026-08-26,-70.0,-116.47,0.4524,0.4671,0.4167,0.4423,13.05,158.6,-17.7,0.3975,0.0953,3.2,0.6,0.943,0.4767,0.4316,0.3551
2026-08-26,-70.0,-95.29,0.4666,0.4298,0.4157,0.4328,12.07,288.4,-18.1,0.3104,0.019,3.4,0.6,0.943,0.3489,0.4559,0.4357
2026-08-26,-70.0,-74.12,0.5203,0.4176,0.4536,0.4434,8.4,163.3,-14.5,0.3951,0.1417,1.6,0.6,0.943,0.4979,0.4885,0.4245
2026-08-26,-70.0,-52.94,0.5694,0.4479,0.5168,0.4269,10.62,337.4,-19.1,0.3193,-0.0569,2.8,0.6,0.943,0.4709,0.4969,0.5147
2026-08-26,-70.0,-31.76,0.6098,0.5223,0.4609,0.4815,13.57,210.9,-17.6,0.3582,-0.0454,1.8,0.6,0.943,0.5454,0.5578,0.5127
2026-08-26,-70.0,-10.59,0.5586,0.6279,0.5633,0.5954,15.04,212.5,-20.7,0.1815,-0.2943,0.5,0.6,0.943,0.5403,0.5095,0.5422
2026-08-26,-70.0,10.59,0.5505,0.6112,0.5178,0.6043,11.15,49.6,-21.9,0.3347,-0.0355,2.7,0.6,0.943,0.544,0.5811,0.5767
2026-08-26,-70.0,31.76,0.5883,0.5797,0.6369,0.6403,10.28,191.3,-19.8,0.2233,-0.0907,2.4,0.6,0.943,0.6733,0.6643,0.6188
2026-08-26,-70.0,52.94,0.6062,0.6275,0.6821,0.7221,16.01,280.7,-13.5,0.3683,-0.1038,2.4,0.6,0.943,0.6076,0.6069,0.5981
2026-08-26,-70.0,74.12,0.6025,0.6148,0.6063,0.6476,17.3,161.2,-16.5,0.4068,-0.1811,1.6,0.6,0.943,0.5894,0.6724,0.5697
2026-08-26,-70.0,95.29,0.5993,0.6549,0.6047,0.5967,14.37,77.3,-24.0,0.1769,-0.0302,1.4,0.6,0.943,0.6416,0.6062,0.6657
2026-08-26,-70.0,116.47,0.5764,0.5861,0.5077,0.5698,11.49,260.8,-23.2,0.1218,-0.018,2.5,0.6,0.943,0.5827,0.557,0.6316
2026-08-26,-70.0,137.65,0.5542,0.5946,0.5722,0.5802,6.05,137.7,-13.0,0.3841,-0.2045,1.4,0.6,0.943,0.5372,0.5684,0.5873
2026-08-26,-70.0,158.82,0.4731,0.5346,0.5603,0.4852,9.86,207.5,-20.6,0.0953,-0.1046,2.2,0.6,0.943,0.4716,0.5629,0.5155
2026-08-26,-70.0,180.0,0.4774,0.5031,0.5068,0.5454,8.98,172.2,-17.2,0.2242,-0.0653,1.5,0.6,0.943,0.5036,0.5007,0.4722
2026-08-26,-68.57,-180.0,0.4483,0.3711,0.4601,0.3245,14.15,17.6,-11.9,0.255,0.1788,2.7,0.5429,0.943,0.4629,0.4419,0.4609
2026-08-26,-68.57,-158.82,0.3918,0.4138,0.3721,0.4776,9.62,11.6,-13.7,0.4369,-0.1972,1.7,0.5429,0.943,0.4018,0.4131,0.4236
2026-08-26,-68.57,-137.65,0.3588,0.3935,0.4571,0.4439,11.92,18.5,-24.1,0.2958,-0.0304,2.1,0.5429,0.943,0.4149,0.345,0.3946
2026-08-26,-68.57,-116.47,0.4594,0.3911,0.3065,0.3378,9.55,68.0,-17.0,0.3535,0.0087,2.0,0.5429,0.943,0.3918,0.4221,0.3444
2026-08-26,-68.57,-95.29,0.3863,0.3911,0.5246,0.3798,7.85,147.7,-17.5,0.3994,-0.0054,3.1,0.5429,0.943,0.4217,0.4069,0.4384
2026-08-26,-68.57,-74.12,0.3849,0.3414,0.2633,0.4773,6.31,255.3,-15.7,0.2258,0.0286,2.1,0.5429,0.943,0.4555,0.4312,0.3958
2026-08-26,-68.57,-52.94,0.4282,0.4483,0.4816,0.4536,6.98,251.6,-12.7,0.33,0.0205,2.5,0.5429,0.943,0.3683,0.4148,0.4588
2026-08-26,-68.57,-31.76,0.5162,0.5041,0.4576,0.5543,15.86,99.8,-17.0,0.1579,0.0934,0.5,0.5429,0.943,0.553,0.4693,0.4646
2026-08-26,-68.57,-10.59,0.5249,0.4976,0.5154,0.5391,17.69,193.2,-14.9,0.1479,-0.0672,2.2,0.5429,0.943,0.5048,0.5125,0.4613
2026-08-26,-68.57,10.59,0.4999,0.4301,0.5551,0.5938,5.91,11.5,-13.2,0.1182,0.0889,1.9,0.5429,0.943,0.6199,0.5253,0.6412
2026-08-26,-68.57,31.76,0.5274,0.5629,0.5839,0.6105,9.3,280.5,-13.7,0.234,-0.1852,5.6,0.5429,0.943,0.5546,0.5862,0.5494
2026-08-26,-68.57,52.94,0.5073,0.5763,0.5417,0.6304,7.47,306.6,-10.2,0.0811,-0.0079,4.2,0.5429,0.943,0.5514,0.529,0.5772
2026-08-26,-68.57,74.12,0.5183,0.511,0.6459,0.5706,9.2,356.9,-13.2,0.3155,0.2001,2.0,0.5429,0.943,0.6345,0.53,0.6077
2026-08-26,-68.57,95.29,0.6258,0.5251,0.6372,0.5517,8.37,95.0,-16.3,0.1826,-0.2284,4.5,0.5429,0.943,0.5606,0.6039,0.547
2026-08-26,-68.57,116.47,0.5689,0.5548,0.5041,0.6017,17.72,28.5,-13.7,0.3494,0.1646,0.4,0.5429,0.943,0.5713,0.4977,0.5465
2026-08-26,-68.57,137.65,0.4614,0.5737,0.4646,0.4757,6.5,294.3,-10.6,0.3925,0.0556,3.5,0.5429,0.943,0.5283,0.5674,0.53
2026-08-26,-68.57,158.82,0.4807,0.4843,0.5087,0.5366,13.25,184.7,-16.6,0.2995,-0.0831,3.4,0.5429,0.943,0.4494,0.4663,0.3957
2026-08-26,-68.57,180.0,0.4337,0.4015,0.4195,0.4328,12.31,166.9,-18.9,0.0856,-0.1342,3.2,0.5429,0.943,0.4314,0.5301,0.3978
2026-08-26,-67.14,-180.0,0.3806,0.3421,0.4051,0.3278,9.32,296.9,-14.2,0.1188,-0.1553,1.7,0.4857,0.943,0.3719,0.4182,0.3617
2026-08-26,-67.14,-158.82,0.3704,0.3308,0.3777,0.366,10.09,206.5,-7.5,0.3766,0.1244,2.8,0.4857,0.943,0.3711,0.3481,0.3287
2026-08-26,-67.14,-137.65,0.3253,0.3038,0.392,0.3438,14.77,15.3,-14.1,0.0778,-0.0244,4.6,0.4857,0.943,0.3095,0.3519,0.2796
2026-08-26,-67.14,-116.47,0.375,0.3009,0.2759,0.3144,13.93,43.7,-12.3,0.2737,0.1017,2.5,0.4857,0.943,0.2753,0.4228,0.3545
2026-08-26,-67.14,-95.29,0.381,0.3038,0.3226,0.3744,7.19,192.7,-18.6,0.0777,-0.1153,1.9,0.4857,0.943,0.3372,0.3207,0.3673
2026-08-26,-67.14,-74.12,0.269,0.3712,0.3378,0.3186,13.37,245.5,-13.8,0.0797,-0.0712,4.0,0.4857,0.943,0.3766,0.3085,0.3581
2026-08-26,-67.14,-52.94,0.3389,0.3873,0.3949,0.3961,6.49,149.6,-12.3,0.0957,0.0984,2.5,0.4857,0.943,0.396,0.3506,0.3191
2026-08-26,-67.14,-31.76,0.4176,0.3963,0.4706,0.4276,12.97,317.3,-11.8,0.3551,-0.0693,3.9,0.4857,0.943,0.419,0.4302,0.4036
2026-08-26,-67.14,-10.59,0.4654,0.4777,0.4557,0.4375,5.18,177.4,-10.0,0.1677,-0.124,2.9,0.4857,0.943,0.4366,0.4738,0.3994
2026-08-26,-67.14,10.59,0.476,0.55,0.573,0.5214,6.78,196.9,-16.5,0.3736,0.3143,2.2,0.4857,0.943,0.4778,0.4202,0.5256
2026-08-26,-67.14,31.76,0.5132,0.5036,0.6012,0.5767,7.35,59.1,-11.8,0.1434,0.0793,2.1,0.4857,0.943,0.4696,0.5111,0.5469
2026-08-26,-67.14,52.94,0.5841,0.4533,0.5565,0.4915,8.48,235.8,-15.8,0.3651,-0.0782,4.5,0.4857,0.943,0.4877,0.591,0.5264
2026-08-26,-67.14,74.12,0.5035,0.5036,0.5505,0.5016,9.38,144.3,-17.0,0.4054,0.4535,3.1,0.4857,0.943,0.5109,0.5517,0.5239
2026-08-26,-67.14,95.29,0.5329,0.4858,0.5692,0.5565,12.57,91.1,-18.6,0.4376,-0.1758,3.7,0.4857,0.943,0.5181,0.5455,0.5234
2026-08-26,-67.14,116.47,0.4782,0.5307,0.4963,0.5046,13.96,162.8,-14.1,0.3289,0.2248,2.7,0.4857,0.943,0.4889,0.4146,0.4122
2026-08-26,-67.14,137.65,0.4532,0.4101,0.4529,0.3974,14.51,127.4,-9.9,0.2129,0.0145,3.2,0.4857,0.943,0.4926,0.4544,0.4713
2026-08-26,-67.14,158.82,0.4207,0.4294,0.3887,0.418,14.28,356.3,-11.8,0.4255,0.0741,2.4,0.4857,0.943,0.3775,0.3575,0.4445
2026-08-26,-67.14,180.0,0.4012,0.4789,0.3853,0.4118,10.6,142.7,-14.7,0.3595,0.0231,2.9,0.4857,0.943,0.3107,0.4125,0.3524
2026-08-26,-65.71,-180.0,0.2529,0.3378,0.3174,0.287,8.36,111.9,-20.1,0.1789,0.1104,4.5,0.4286,0.943,0.3865,0.2584,0.34
2026-08-26,-65.71,-158.82,0.3057,0.3428,0.2528,0.3072,12.75,74.3,-13.3,0.4152,-0.0221,2.1,0.4286,0.943,0.3267,0.3089,0.335
2026-08-26,-65.71,-137.65,0.3456,0.2607,0.3179,0.2687,15.96,22.7,-15.5,0.4188,-0.2375,5.0,0.4286,0.943,0.2969,0.251,0.2915
2026-08-26,-65.71,-116.47,0.2081,0.2948,0.2636,0.2349,15.99,178.3,-16.8,0.182,0.0297,3.4,0.4286,0.943,0.3535,0.2799,0.2983
2026-08-26,-65.71,-95.29,0.2625,0.2899,0.2321,0.2437,10.24,233.8,-10.3,0.0753,-0.1073,3.5,0.4286,0.943,0.304,0.2702,0.2217
2026-08-26,-65.71,-74.12,0.271,0.3437,0.2779,0.3423,13.33,286.8,-16.8,0.1385,0.142,3.5,0.4286,0.943,0.2733,0.2622,0.2785
2026-08-26,-65.71,-52.94,0.3796,0.314,0.347,0.3517,17.18,90.7,-8.5,0.283,0.0329,4.5,0.4286,0.943,0.3426,0.3793,0.3876
2026-08-26,-65.71,-31.76,0.3679,0.3035,0.376,0.3523,8.38,29.2,-14.3,0.2625,0.0062,3.6,0.4286,0.943,0.3789,0.349,0.4132
2026-08-26,-65.71,-10.59,0.3496,0.4187,0.4003,0.3997,17.78,238.9,-14.6,0.2274,0.1172,4.4,0.4286,0.943,0.4598,0.4082,0.4123
2026-08-26,-65.71,10.59,0.4915,0.45,0.4899,0.4622,7.43,290.8,-12.0,0.2221,-0.0288,4.1,0.4286,0.943,0.4551,0.4348,0.4415
2026-08-26,-65.71,31.76,0.4672,0.4164,0.4031,0.3743,6.9,358.3,-13.2,0.1826,0.3678,4.1,0.4286,0.943,0.4815,0.5017,0.4388
2026-08-26,-65.71,52.94,0.5313,0.4615,0.4207,0.4228,7.4,202.0,-16.6,0.0555,-0.0001,5.7,0.4286,0.943,0.519,0.4504,0.534
2026-08-26,-65.71,74.12,0.5259,0.5099,0.5231,0.5206,11.31,248.5,-17.0,0.2333,-0.0584,4.7,0.4286,0.943,0.4408,0.4552,0.4281
2026-08-26,-65.71,95.29,0.3942,0.4383,0.4436,0.481,17.52,98.9,-12.4,0.4063,-0.1059,5.6,0.4286,0.943,0.4563,0.3732,0.4502
2026-08-26,-65.71,116.47,0.4019,0.4875,0.452,0.4044,8.21,126.5,-9.6,0.2538,-0.2689,3.7,0.4286,0.943,0.4264,0.4026,0.4662
2026-08-26,-65.71,137.65,0.3534,0.3499,0.3744,0.4258,14.68,77.6,-10.9,0.1246,-0.0141,3.0,0.4286,0.943,0.4737,0.4351,0.4381
2026-08-26,-65.71,158.82,0.2923,0.3614,0.3866,0.3853,11.63,39.2,-15.9,0.3965,-0.0726,4.1,0.4286,0.943,0.4049,0.3741,0.3639
2026-08-26,-65.71,180.0,0.2919,0.3429,0.3961,0.3146,6.96,220.0,-13.7,0.446,0.3866,4.3,0.4286,0.943,0.3503,0.3467,0.3441
2026-08-26,-64.29,-180.0,0.2515,0.2702,0.2965,0.2261,12.76,170.6,-12.8,0.1414,-0.1175,4.1,0.3714,0.943,0.3212,0.2536,0.3011
2026-08-26,-64.29,-158.82,0.1786,0.2786,0.221,0.2315,10.12,20.8,-6.9,0.338,-0.0586,4.1,0.3714,0.943,0.2884,0.2061,0.2088
2026-08-26,-64.29,-137.65,0.2265,0.1717,0.1691,0.2258,5.72,35.5,-13.4,0.4194,-0.2598,4.2,0.3714,0.943,0.2709,0.195,0.3432
2026-08-26,-64.29,-116.47,0.2676,0.1616,0.2628,0.256,8.86,67.2,-5.3,0.3729,0.3973,4.3,0.3714,0.943,0.2825,0.2809,0.2819
2026-08-26,-64.29,-95.29,0.3095,0.2648,0.3029,0.2075,17.01,17.7,-10.0,0.1282,0.1154,4.2,0.3714,0.943,0.2641,0.2165,0.257
2026-08-26,-64.29,-74.12,0.2985,0.2761,0.26,0.2418,11.0,95.6,-16.1,0.1649,0.185,5.2,0.3714,0.943,0.1999,0.1885,0.2256
2026-08-26,-64.29,-52.94,0.2822,0.2243,0.2504,0.3165,13.4,30.8,-9.6,0.2473,-0.0953,3.7,0.3714,0.943,0.2821,0.3356,0.2809
2026-08-26,-64.29,-31.76,0.2997,0.2549,0.3483,0.3489,6.09,208.8,-12.5,0.0995,-0.0832,3.6,0.3714,0.943,0.3732,0.3025,0.3511
2026-08-26,-64.29,-10.59,0.3312,0.3764,0.3858,0.403,14.0,298.8,-18.4,0.2282,-0.0646,4.7,0.3714,0.943,0.321,0.37,0.3343
2026-08-26,-64.29,10.59,0.3299,0.3529,0.4429,0.3846,5.51,355.0,-8.5,0.1175,0.1632,3.7,0.3714,0.943,0.4881,0.3362,0.4107
2026-08-26,-64.29,31.76,0.3846,0.3745,0.4279,0.3394,8.03,308.7,-8.1,0.2544,0.0017,4.8,0.3714,0.943,0.458,0.4067,0.4372
2026-08-26,-64.29,52.94,0.4344,0.3842,0.4346,0.3839,17.74,58.0,-6.8,0.4183,0.1605,4.4,0.3714,0.943,0.3952,0.3927,0.4294
2026-08-26,-64.29,74.12,0.4292,0.4904,0.4631,0.3666,10.25,293.2,-8.9,0.0852,-0.2588,5.1,0.3714,0.943,0.4082,0.3342,0.4737
2026-08-26,-64.29,95.29,0.4875,0.4594,0.3754,0.3703,15.45,160.3,-13.0,0.1773,-0.2238,4.9,0.3714,0.943,0.4142,0.4491,0.493
2026-08-26,-64.29,116.47,0.4067,0.4148,0.388,0.4121,5.02,338.5,-11.0,0.365,-0.127,3.9,0.3714,0.943,0.3879,0.4199,0.3386
2026-08-26,-64.29,137.65,0.4496,0.4008,0.3254,0.3904,15.52,199.1,-7.8,0.1651,0.0197,3.2,0.3714,0.943,0.3894,0.3255,0.3768
2026-08-26,-64.29,158.82,0.3522,0.2723,0.338,0.2279,11.14,52.7,-12.7,0.2133,0.2466,5.2,0.3714,0.943,0.3054,0.2712,0.3439
2026-08-26,-64.29,180.0,0.2469,0.2397,0.3238,0.3532,13.11,149.6,-7.9,0.2136,0.0136,5.1,0.3714,0.943,0.2335,0.3022,0.3407
2026-08-26,-62.86,-180.0,0.1771,0.2698,0.2479,0.2299,17.62,345.4,-17.7,0.1219,-0.1905,5.2,0.3143,0.943,0.2233,0.1686,0.1819
2026-08-26,-62.86,-158.82,0.1914,0.1574,0.2037,0.1474,11.33,347.2,-14.6,0.0582,-0.2874,6.7,0.3143,0.943,0.1405,0.153,0.1481
2026-08-26,-62.86,-137.65,0.1591,0.0974,0.1259,0.1475,9.03,21.5,-9.5,0.223,0.1101,5.2,0.3143,0.943,0.2323,0.17,0.1666
2026-08-26,-62.86,-116.47,0.2224,0.1405,0.09,0.2237,14.97,242.6,-11.3,0.3312,0.1705,5.4,0.3143,0.943,0.1515,0.1777,0.1844
2026-08-26,-62.86,-95.29,0.2151,0.1947,0.1509,0.2141,11.81,72.8,-14.6,0.1853,0.0878,5.4,0.3143,0.943,0.0836,0.1692,0.1933
2026-08-26,-62.86,-74.12,0.2053,0.1734,0.2206,0.2305,10.65,115.2,-14.5,0.288,-0.0768,5.3,0.3143,0.943,0.2712,0.2101,0.2301
2026-08-26,-62.86,-52.94,0.3429,0.2878,0.3,0.2253,5.71,187.7,-9.1,0.085,0.0305,2.9,0.3143,0.943,0.2483,0.2264,0.2592
2026-08-26,-62.86,-31.76,0.2784,0.2733,0.2714,0.2427,13.98,317.4,-11.6,0.3486,0.0943,4.8,0.3143,0.943,0.2321,0.3103,0.185
2026-08-26,-62.86,-10.59,0.2496,0.3267,0.3517,0.3358,14.35,9.3,-5.8,0.2209,-0.1158,4.8,0.3143,0.943,0.3133,0.2502,0.3344
2026-08-26,-62.86,10.59,0.3606,0.4025,0.388,0.3246,5.82,157.1,-12.9,0.0848,-0.0876,5.8,0.3143,0.943,0.3707,0.2896,0.3973
2026-08-26,-62.86,31.76,0.405,0.3976,0.2651,0.3724,15.8,99.4,-11.6,0.0632,0.0772,6.1,0.3143,0.943,0.4142,0.3382,0.3383
2026-08-26,-62.86,52.94,0.432,0.3796,0.4287,0.4188,16.09,73.8,-12.8,0.4474,-0.0623,6.8,0.3143,0.943,0.4442,0.4096,0.4989
2026-08-26,-62.86,74.12,0.339,0.4388,0.3614,0.3517,10.3,230.2,-13.8,0.0528,0.0558,5.0,0.3143,0.943,0.4098,0.355,0.4461
2026-08-26,-62.86,95.29,0.2853,0.2923,0.2822,0.3228,9.28,206.2,-12.5,0.3139,-0.2774,4.7,0.3143,0.943,0.3229,0.3232,0.3366
2026-08-26,-62.86,116.47,0.3242,0.3035,0.3569,0.3409,17.11,100.5,-10.3,0.0517,-0.0314,5.2,0.3143,0.943,0.3065,0.2769,0.2785
2026-08-26,-62.86,137.65,0.3013,0.2742,0.3777,0.3017,16.51,78.1,-12.1,0.0555,0.1238,3.9,0.3143,0.943,0.3407,0.2947,0.336
2026-08-26,-62.86,158.82,0.2516,0.2332,0.3379,0.2175,11.63,115.2,-7.6,0.1849,0.025,4.2,0.3143,0.943,0.2785,0.1902,0.1941
2026-08-26,-62.86,180.0,0.2342,0.2135,0.1997,0.1981,16.23,47.4,-10.4,0.3318,-0.0006,4.6,0.3143,0.943,0.2257,0.1414,0.2336
2026-08-26,-61.43,-180.0,0.1147,0.1367,0.1629,0.1671,14.52,51.4,-14.2,0.1744,0.0299,6.4,0.2571,0.943,0.2616,0.2505,0.1585
2026-08-26,-61.43,-158.82,0.2092,0.1736,0.2026,0.1596,7.13,212.6,-10.2,0.3353,0.1439,4.6,0.2571,0.943,0.1899,0.1375,0.1526
2026-08-26,-61.43,-137.65,0.1702,0.1134,0.1214,0.1792,5.31,47.4,-14.1,0.1771,0.0543,7.3,0.2571,0.943,0.1149,0.1209,0.1578
2026-08-26,-61.43,-116.47,0.1402,0.1271,0.0798,0.129,16.14,49.1,-11.5,0.4465,0.0259,5.3,0.2571,0.943,0.0644,0.1967,0.2216
2026-08-26,-61.43,-95.29,0.117,0.1353,0.1753,0.1364,17.63,195.2,-11.2,0.1596,0.0178,6.3,0.2571,0.943,0.2491,0.0842,0.1567
2026-08-26,-61.43,-74.12,0.1924,0.2041,0.127,0.1805,12.77,165.1,-11.2,0.3475,0.0971,3.1,0.2571,0.943,0.1838,0.1614,0.152
2026-08-26,-61.43,-52.94,0.1776,0.1123,0.2079,0.1932,8.38,339.9,-13.0,0.1597,0.1132,6.1,0.2571,0.943,0.1803,0.1687,0.226
2026-08-26,-61.43,-31.76,0.2372,0.255,0.2248,0.2307,12.39,245.1,-11.5,0.2471,0.2015,5.6,0.2571,0.943,0.2335,0.2204,0.2375
2026-08-26,-61.43,-10.59,0.2878,0.2009,0.1879,0.29,8.36,261.8,-11.6,0.091,-0.0002,5.6,0.2571,0.943,0.2761,0.2482,0.2903
2026-08-26,-61.43,10.59,0.3043,0.2322,0.3331,0.218,6.65,329.9,-10.7,0.3433,-0.0953,4.5,0.2571,0.943,0.2814,0.3489,0.3095
2026-08-26,-61.43,31.76,0.3689,0.3528,0.3444,0.2673,8.12,123.3,-10.3,0.3129,-0.4168,5.6,0.2571,0.943,0.2723,0.2752,0.2763
2026-08-26,-61.43,52.94,0.3104,0.2874,0.3847,0.2649,17.05,216.4,-7.7,0.2533,-0.0772,6.2,0.2571,0.943,0.3549,0.2944,0.333
2026-08-26,-61.43,74.12,0.3316,0.3141,0.3473,0.3539,11.63,74.8,-6.7,0.2725,-0.2043,4.6,0.2571,0.943,0.3422,0.2888,0.3015
2026-08-26,-61.43,95.29,0.3326,0.3909,0.3075,0.2974,11.96,95.2,-12.3,0.1802,-0.1364,6.7,0.2571,0.943,0.3035,0.3383,0.345
2026-08-26,-61.43,116.47,0.3673,0.2889,0.3346,0.3445,13.4,291.8,-10.0,0.232,-0.1746,6.9,0.2571,0.943,0.2826,0.268,0.2471
2026-08-26,-61.43,137.65,0.2686,0.3134,0.2469,0.246,7.65,156.0,-8.7,0.3724,0.0336,5.8,0.2571,0.943,0.3025,0.2396,0.3168
2026-08-26,-61.43,158.82,0.1731,0.2148,0.2157,0.2467,6.69,17.5,-14.2,0.3927,0.0865,4.8,0.2571,0.943,0.1981,0.2157,0.2018
2026-08-26,-61.43,180.0,0.2306,0.1608,0.2135,0.1381,15.09,45.4,-12.7,0.1594,-0.1673,6.6,0.2571,0.943,0.1491,0.154,0.093
2026-08-26,-60.0,-180.0,0.1302,0.1253,0.1686,0.1158,9.14,320.9,-2.4,0.0637,0.1265,7.1,0.2,0.943,0.1927,0.1631,0.0651
2026-08-26,-60.0,-158.82,0.069,0.0387,0.0836,0.1474,11.79,338.4,-15.9,0.0736,-0.049,5.3,0.2,0.943,0.1564,0.1245,0.1143
2026-08-26,-60.0,-137.65,0.0,0.042,0.0614,0.0806,14.94,89.4,-3.0,0.2787,-0.1176,6.5,0.2,0.943,0.1251,0.122,0.1006
2026-08-26,-60.0,-116.47,0.0572,0.0204,0.0393,0.0403,8.64,113.7,-1.6,0.423,0.2074,5.2,0.2,0.943,0.0312,0.0755,0.0899
2026-08-26,-60.0,-95.29,0.0941,0.0799,0.1544,0.0869,5.28,66.8,-11.9,0.3156,-0.0657,5.6,0.2,0.943,0.076,0.0711,0.11
2026-08-26,-60.0,-74.12,0.1149,0.093,0.1237,0.0727,7.8,256.4,-7.0,0.2779,0.0492,5.9,0.2,0.943,0.0717,0.0251,0.0866
2026-08-26,-60.0,-52.94,0.1266,0.1305,0.2037,0.1837,6.35,24.2,-10.9,0.2519,0.0581,6.0,0.2,0.943,0.1504,0.1901,0.1212
2026-08-26,-60.0,-31.76,0.1644,0.1033,0.1355,0.2095,6.83,300.7,-8.7,0.2015,-0.094,6.9,0.2,0.943,0.2185,0.1934,0.1646
2026-08-26,-60.0,-10.59,0.2541,0.1999,0.2106,0.151,12.04,295.6,-7.4,0.1369,0.0096,7.5,0.2,0.943,0.2279,0.22,0.212
2026-08-26,-60.0,10.59,0.2817,0.2203,0.2046,0.2392,15.85,333.4,-13.5,0.4178,0.1587,6.9,0.2,0.943,0.1613,0.1903,0.2229
2026-08-26,-60.0,31.76,0.3728,0.246,0.2348,0.3217,16.82,89.0,-9.2,0.085,0.0021,8.0,0.2,0.943,0.2422,0.3035,0.3162
2026-08-26,-60.0,52.94,0.3153,0.2846,0.2703,0.2066,6.43,297.8,-10.5,0.256,-0.1054,5.2,0.2,0.943,0.2707,0.2924,0.2376
2026-08-26,-60.0,74.12,0.2646,0.292,0.2453,0.3586,7.46,32.4,-9.9,0.3133,-0.1612,6.1,0.2,0.943,0.2016,0.2337,0.3128
2026-08-26,-60.0,95.29,0.2464,0.3015,0.2686,0.2624,12.88,86.9,-8.0,0.3518,0.0526,8.7,0.2,0.943,0.2408,0.2666,0.259
2026-08-26,-60.0,116.47,0.215,0.2586,0.1443,0.239,18.0,284.6,-4.0,0.2926,0.1778,5.4,0.2,0.943,0.2829,0.2313,0.2134
2026-08-26,-60.0,137.65,0.1869,0.1469,0.1929,0.2146,9.31,19.2,-6.7,0.0867,0.0233,7.5,0.2,0.943,0.1724,0.188,0.2194
2026-08-26,-60.0,158.82,0.1684,0.0995,0.1829,0.1596,11.01,225.4,-6.0,0.2629,-0.0946,4.8,0.2,0.943,0.1485,0.0886,0.1875
2026-08-26,-60.0,180.0,0.1229,0.0978,0.1163,0.1411,14.11,39.2,-7.8,0.0892,0.1218,6.2,0.2,0.943,0.0868,0.1311,0.1934
2026-08-27,-80.0,-180.0,0.8434,0.8024,0.8441,0.8757,10.38,213.6,-26.0,0.0522,0.0808,-1.9,1.0,0.939,0.8245,0.8944,0.7961
2026-08-27,-80.0,-158.82,0.7722,0.7816,0.7528,0.8506,17.42,49.5,-21.4,0.2218,-0.0126,-2.0,1.0,0.939,0.7561,0.8673,0.7997
2026-08-27,-80.0,-137.65,0.7307,0.8348,0.8255,0.7981,5.5,46.0,-25.7,0.1838,0.1026,-1.3,1.0,0.939,0.7739,0.7583,0.7502
2026-08-27,-80.0,-116.47,0.889,0.728,0.7056,0.8096,14.16,106.5,-22.3,0.2036,0.1352,-2.9,1.0,0.939,0.7542,0.7833,0.764
2026-08-27,-80.0,-95.29,0.7773,0.7645,0.7816,0.8103,9.07,129.8,-23.8,0.4351,-0.0472,-1.3,1.0,0.939,0.812,0.7892,0.7162
2026-08-27,-80.0,-74.12,0.8027,0.7665,0.8059,0.7948,10.1,237.9,-23.3,0.2845,0.0441,-1.5,1.0,0.939,0.7848,0.8195,0.8182
2026-08-27,-80.0,-52.94,0.918,0.8658,0.8709,0.8574,15.86,124.7,-28.9,0.1226,-0.1055,-1.5,1.0,0.939,0.8558,0.8404,0.8989
2026-08-27,-80.0,-31.76,0.8627,0.8173,0.8618,0.875,15.33,145.9,-25.7,0.3621,-0.0242,-2.2,1.0,0.939,0.8345,0.7956,0.8197
2026-08-27,-80.0,-10.59,0.8927,1.0,0.994,0.8444,10.05,313.2,-23.5,0.3149,-0.1168,-2.6,1.0,0.939,0.9746,0.9768,0.8997
2026-08-27,-80.0,10.59,0.897,0.9269,0.9911,0.8648,9.14,313.1,-23.4,0.2014,-0.2402,-2.4,1.0,0.939,1.0,0.9155,0.9003
2026-08-27,-80.0,31.76,0.958,1.0,0.9743,1.0,13.78,343.7,-19.2,0.176,-0.0735,-2.5,1.0,0.939,1.0,0.9493,0.9166
2026-08-27,-80.0,52.94,0.9647,0.9509,0.9646,0.9571,12.76,245.9,-23.0,0.1587,-0.0971,-1.4,1.0,0.939,0.9712,0.9339,0.9932
2026-08-27,-80.0,74.12,0.9412,0.9527,0.927,1.0,15.11,332.2,-25.0,0.2806,0.3068,-1.5,1.0,0.939,1.0,1.0,0.9589
2026-08-27,-80.0,95.29,0.912,1.0,0.9692,1.0,16.9,63.1,-29.2,0.1887,-0.0546,-2.6,1.0,0.939,0.9162,0.9936,0.953
2026-08-27,-80.0,116.47,0.9913,0.8623,0.9097,0.9378,16.01,166.4,-24.2,0.1834,0.0005,-2.0,1.0,0.939,1.0,0.9411,0.9955
2026-08-27,-80.0,137.65,0.8969,0.9514,0.9072,0.9188,16.97,113.7,-21.7,0.1345,0.2491,-3.6,1.0,0.939,0.903,0.9393,0.8931
2026-08-27,-80.0,158.82,0.8468,0.8795,0.8456,0.8761,16.85,188.6,-26.1,0.2638,-0.2114,-1.4,1.0,0.939,0.8672,0.8342,0.8916
2026-08-27,-80.0,180.0,0.8415,0.8174,0.837,0.8378,8.35,5.6,-23.7,0.3344,0.0487,-2.4,1.0,0.939,0.7969,0.8363,0.8572
2026-08-27,-78.57,-180.0,0.6957,0.7376,0.7135,0.8492,16.95,8.6,-27.5,0.4445,0.1554,1.2,0.9429,0.939,0.7595,0.782,0.7587
2026-08-27,-78.57,-158.82,0.7487,0.7604,0.7566,0.8473,13.13,151.8,-26.2,0.3326,0.1231,-1.1,0.9429,0.939,0.7453,0.7192,0.7717
2026-08-27,-78.57,-137.65,0.7416,0.7668,0.7528,0.7373,11.25,352.9,-29.1,0.3,-0.0985,-1.8,0.9429,0.939,0.8732,0.7482,0.6737
2026-08-27,-78.57,-116.47,0.7039,0.7995,0.7434,0.7706,13.89,257.1,-22.9,0.0713,-0.0849,-1.8,0.9429,0.939,0.6596,0.7089,0.6869
2026-08-27,-78.57,-95.29,0.7776,0.7355,0.877,0.6888,8.79,128.7,-20.4,0.3268,0.1447,-2.0,0.9429,0.939,0.7068,0.7721,0.7267
2026-08-27,-78.57,-74.12,0.785,0.7154,0.7968,0.7177,15.95,207.5,-19.8,0.3314,0.3179,-1.6,0.9429,0.939,0.7669,0.7037,0.7377
2026-08-27,-78.57,-52.94,0.797,0.7869,0.7366,0.796,12.43,43.3,-22.1,0.4463,0.2672,-3.1,0.9429,0.939,0.7487,0.6979,0.8574
2026-08-27,-78.57,-31.76,0.8572,0.8046,0.816,0.7683,15.79,131.4,-27.4,0.1315,-0.1283,-0.4,0.9429,0.939,0.8799,0.8383,0.8608
2026-08-27,-78.57,-10.59,0.844,0.8491,0.8365,0.8433,10.25,126.5,-21.1,0.4488,0.0421,-2.6,0.9429,0.939,0.805,0.8118,0.9477
2026-08-27,-78.57,10.59,0.9374,0.832,0.8804,0.9601,8.11,166.1,-19.5,0.2207,0.0657,-2.9,0.9429,0.939,0.9256,0.9078,0.8224
2026-08-27,-78.57,31.76,0.9266,0.9002,0.9104,0.875,7.98,100.4,-25.3,0.3497,-0.0971,-0.7,0.9429,0.939,0.9089,0.8807,0.8976
2026-08-27,-78.57,52.94,0.914,0.8615,0.9784,0.953,11.78,217.7,-20.6,0.2233,-0.1384,-0.7,0.9429,0.939,0.8522,0.8964,0.9112
2026-08-27,-78.57,74.12,0.9258,0.9904,0.935,0.9212,7.73,247.4,-20.3,0.2281,0.1321,-0.6,0.9429,0.939,0.9001,0.9869,0.8804
2026-08-27,-78.57,95.29,0.9419,0.9177,0.9465,0.9055,12.65,116.7,-25.1,0.4062,0.1503,-1.9,0.9429,0.939,0.9154,0.9321,0.9625
2026-08-27,-78.57,116.47,0.9634,0.893,0.8437,0.9275,17.24,147.1,-20.0,0.3141,0.2752,-2.6,0.9429,0.939,0.874,0.8619,0.9147
2026-08-27,-78.57,137.65,0.8555,0.8735,0.855,0.8646,11.11,89.0,-21.7,0.4433,-0.2006,-2.1,0.9429,0.939,0.8363,0.8831,0.7815
2026-08-27,-78.57,158.82,0.7103,0.7726,0.8456,0.8027,7.58,302.4,-32.7,0.2431,-0.0963,-1.6,0.9429,0.939,0.8245,0.7747,0.7817
2026-08-27,-78.57,180.0,0.7622,0.7746,0.7302,0.8269,14.87,194.2,-22.1,0.3528,0.0582,0.1,0.9429,0.939,0.7683,0.7994,0.709
2026-08-27,-77.14,-180.0,0.6979,0.7771,0.6979,0.7475,10.09,98.2,-22.7,0.226,-0.3731,-0.7,0.8857,0.939,0.7195,0.7165,0.7096
2026-08-27,-77.14,-158.82,0.6895,0.7374,0.7253,0.66,12.42,213.6,-25.6,0.0679,0.1007,-0.1,0.8857,0.939,0.7686,0.7171,0.7215
2026-08-27,-77.14,-137.65,0.7368,0.6688,0.6914,0.7136,11.43,207.0,-18.2,0.3541,-0.1451,-1.7,0.8857,0.939,0.6786,0.6748,0.6876
2026-08-27,-77.14,-116.47,0.6159,0.6796,0.7081,0.7315,17.22,48.2,-26.1,0.0714,-0.0481,-1.1,0.8857,0.939,0.7013,0.6716,0.6935
2026-08-27,-77.14,-95.29,0.6975,0.7018,0.7466,0.7271,14.88,119.1,-22.7,0.0877,0.0874,-1.2,0.8857,0.939,0.6378,0.7008,0.6633
2026-08-27,-77.14,-74.12,0.7421,0.6509,0.709,0.6985,13.09,5.2,-25.8,0.1067,0.3443,0.3,0.8857,0.939,0.6645,0.6063,0.6917
2026-08-27,-77.14,-52.94,0.719,0.6672,0.7824,0.7727,13.66,40.0,-26.5,0.117,-0.0945,-1.1,0.8857,0.939,0.8034,0.7116,0.7442
2026-08-27,-77.14,-31.76,0.7831,0.7749,0.7784,0.8665,15.23,14.8,-27.2,0.1751,0.1922,1.3,0.8857,0.939,0.7053,0.7376,0.7213
2026-08-27,-77.14,-10.59,0.8202,0.8416,0.8252,0.7655,15.51,336.2,-18.6,0.1034,-0.2381,-0.7,0.8857,0.939,0.7912,0.7823,0.7699
2026-08-27,-77.14,10.59,0.8139,0.7868,0.816,0.8478,14.9,186.3,-19.4,0.3823,0.185,-0.1,0.8857,0.939,0.8368,0.8554,0.8311
2026-08-27,-77.14,31.76,0.8839,0.8693,0.8394,0.8737,10.02,43.6,-26.5,0.1621,-0.0962,-0.7,0.8857,0.939,0.88,0.8909,0.854
2026-08-27,-77.14,52.94,0.8442,0.8766,0.9,0.9192,12.69,262.1,-21.4,0.4446,0.0906,-0.7,0.8857,0.939,0.8528,0.8604,0.8602
2026-08-27,-77.14,74.12,0.8774,0.8488,0.8372,0.8238,12.44,106.2,-19.1,0.3646,0.1703,-1.0,0.8857,0.939,0.8934,0.8648,0.9032
2026-08-27,-77.14,95.29,0.8853,0.8472,0.9139,0.8804,9.35,25.5,-25.6,0.4173,0.0761,-0.3,0.8857,0.939,0.9085,0.8439,0.8882
2026-08-27,-77.14,116.47,0.8202,0.8425,0.827,0.8479,17.07,117.8,-25.1,0.1707,-0.0943,-1.6,0.8857,0.939,0.8245,0.8269,0.8698
2026-08-27,-77.14,137.65,0.8167,0.8322,0.7378,0.8248,17.51,268.8,-23.3,0.3896,0.2453,-0.0,0.8857,0.939,0.8315,0.8312,0.7956
2026-08-27,-77.14,158.82,0.7818,0.7814,0.7746,0.7367,7.32,311.5,-24.9,0.3748,0.1214,-1.6,0.8857,0.939,0.8055,0.7379,0.7658
2026-08-27,-77.14,180.0,0.7269,0.7896,0.647,0.7404,6.26,130.9,-22.0,0.2337,0.0292,-1.5,0.8857,0.939,0.7258,0.742,0.7767
2026-08-27,-75.71,-180.0,0.736,0.729,0.6302,0.6896,6.63,10.2,-23.9,0.1886,-0.1891,1.2,0.8286,0.939,0.7028,0.7029,0.6904
2026-08-27,-75.71,-158.82,0.6264,0.6139,0.6517,0.6278,17.82,40.0,-23.9,0.4497,0.0761,-0.7,0.8286,0.939,0.5775,0.6673,0.6046
2026-08-27,-75.71,-137.65,0.6234,0.6319,0.6523,0.6156,14.08,43.2,-22.1,0.1615,0.0546,-1.7,0.8286,0.939,0.6947,0.6401,0.5795
2026-08-27,-75.71,-116.47,0.5575,0.664,0.5871,0.6887,17.78,70.4,-16.8,0.3491,-0.1706,-1.4,0.8286,0.939,0.6652,0.6116,0.619
2026-08-27,-75.71,-95.29,0.6642,0.6388,0.6384,0.6766,12.84,139.1,-20.7,0.2629,-0.0359,-0.2,0.8286,0.939,0.6448,0.6875,0.5816
2026-08-27,-75.71,-74.12,0.638,0.6813,0.6283,0.6073,9.71,307.9,-21.8,0.3685,-0.1629,-0.5,0.8286,0.939,0.6728,0.6059,0.7462
2026-08-27,-75.71,-52.94,0.771,0.6633,0.6996,0.6828,12.55,13.5,-19.7,0.3787,-0.0151,0.7,0.8286,0.939,0.6593,0.7393,0.6789
2026-08-27,-75.71,-31.76,0.7583,0.6412,0.7881,0.7114,17.37,291.4,-15.9,0.339,0.0179,-2.2,0.8286,0.939,0.6974,0.7164,0.7746
2026-08-27,-75.71,-10.59,0.6846,0.6912,0.7884,0.7208,8.81,155.4,-20.2,0.2899,0.0184,-0.8,0.8286,0.939,0.7351,0.7487,0.7947
2026-08-27,-75.71,10.59,0.7451,0.7777,0.7771,0.7754,5.69,141.5,-18.6,0.1175,0.022,-0.7,0.8286,0.939,0.7989,0.7102,0.8744
2026-08-27,-75.71,31.76,0.7914,0.8393,0.8313,0.8129,7.19,49.3,-23.2,0.2358,-0.044,-0.3,0.8286,0.939,0.8643,0.8091,0.8296
2026-08-27,-75.71,52.94,0.8169,0.9154,0.93,0.8399,6.74,47.8,-21.4,0.077,-0.0719,0.0,0.8286,0.939,0.8367,0.8441,0.8885
2026-08-27,-75.71,74.12,0.8008,0.7741,0.907,0.811,12.54,189.7,-13.6,0.3439,-0.2392,0.8,0.8286,0.939,0.9168,0.8337,0.8169
2026-08-27,-75.71,95.29,0.7837,0.8706,0.8387,1.0,11.33,191.9,-17.8,0.1624,-0.2086,-0.2,0.8286,0.939,0.8269,0.8149,0.8322
2026-08-27,-75.71,116.47,0.7705,0.8085,0.7486,0.7862,11.12,103.4,-18.1,0.2963,-0.1446,-1.0,0.8286,0.939,0.8375,0.807,0.7151
2026-08-27,-75.71,137.65,0.7275,0.7674,0.7187,0.7858,13.71,202.2,-20.3,0.1938,0.221,0.5,0.8286,0.939,0.7625,0.7106,0.7163
2026-08-27,-75.71,158.82,0.768,0.7279,0.753,0.6495,15.39,166.0,-18.7,0.4322,-0.0173,-1.9,0.8286,0.939,0.7151,0.7282,0.7367
2026-08-27,-75.71,180.0,0.7868,0.6364,0.6344,0.699,10.84,136.5,-14.4,0.3556,0.1522,-0.6,0.8286,0.939,0.68,0.675,0.6081
2026-08-27,-74.29,-180.0,0.5928,0.5701,0.6423,0.5827,7.18,160.8,-21.0,0.307,-0.0175,0.1,0.7714,0.939,0.5703,0.6387,0.6493
2026-08-27,-74.29,-158.82,0.6981,0.6456,0.5499,0.6347,7.37,309.0,-17.6,0.3976,0.0089,-0.0,0.7714,0.939,0.6004,0.6161,0.618
2026-08-27,-74.29,-137.65,0.5927,0.584,0.6165,0.6177,9.96,326.8,-26.9,0.3448,0.0455,0.1,0.7714,0.939,0.5409,0.5581,0.61
2026-08-27,-74.29,-116.47,0.5933,0.5408,0.5902,0.5533,5.55,331.7,-17.1,0.4422,-0.0007,1.1,0.7714,0.939,0.5891,0.5624,0.5127
2026-08-27,-74.29,-95.29,0.6013,0.6421,0.5822,0.6141,13.21,110.3,-21.2,0.2407,0.1174,0.2,0.7714,0.939,0.5836,0.5389,0.5786
2026-08-27,-74.29,-74.12,0.6114,0.6086,0.6391,0.5909,16.23,108.2,-17.5,0.3583,-0.0169,1.5,0.7714,0.939,0.6374,0.5876,0.7187
2026-08-27,-74.29,-52.94,0.6485,0.6279,0.5484,0.5608,9.51,284.1,-11.7,0.2388,0.1924,0.6,0.7714,0.939,0.638,0.6132,0.6886
2026-08-27,-74.29,-31.76,0.6729,0.7155,0.6665,0.641,7.79,308.4,-23.1,0.1691,0.1826,-1.0,0.7714,0.939,0.7359,0.6879,0.7071
2026-08-27,-74.29,-10.59,0.7195,0.7307,0.7001,0.6975,5.51,176.3,-21.1,0.2782,0.1932,-0.2,0.7714,0.939,0.7061,0.7603,0.7204
2026-08-27,-74.29,10.59,0.7394,0.7565,0.6348,0.7661,12.77,268.6,-21.5,0.2766,-0.1813,-0.9,0.7714,0.939,0.755,0.7174,0.7656
2026-08-27,-74.29,31.76,0.8649,0.6647,0.7062,0.7774,10.43,79.0,-19.7,0.0816,0.059,-0.3,0.7714,0.939,0.8512,0.7572,0.7724
2026-08-27,-74.29,52.94,0.7338,0.8274,0.7822,0.7906,10.9,315.8,-21.7,0.2665,-0.0165,0.8,0.7714,0.939,0.7782,0.7523,0.8032
2026-08-27,-74.29,74.12,0.7539,0.8227,0.7622,0.8057,11.4,109.2,-21.6,0.4441,-0.0666,0.6,0.7714,0.939,0.7195,0.8035,0.8478
2026-08-27,-74.29,95.29,0.8041,0.7996,0.7453,0.8092,12.42,135.7,-17.9,0.3499,-0.0414,-0.4,0.7714,0.939,0.7064,0.753,0.7361
2026-08-27,-74.29,116.47,0.7116,0.7018,0.7752,0.7116,6.54,144.9,-20.8,0.2867,-0.0606,0.8,0.7714,0.939,0.6861,0.7455,0.7617
2026-08-27,-74.29,137.65,0.6377,0.661,0.7217,0.7625,15.67,167.5,-11.3,0.3004,-0.1599,-0.3,0.7714,0.939,0.7572,0.7518,0.7377
2026-08-27,-74.29,158.82,0.7063,0.6653,0.7071,0.6598,7.61,186.8,-21.1,0.447,0.0268,-0.5,0.7714,0.939,0.6565,0.6448,0.6027
2026-08-27,-74.29,180.0,0.6475,0.6357,0.5938,0.5801,13.58,211.8,-13.1,0.2209,0.1336,2.0,0.7714,0.939,0.6097,0.6178,0.6276
2026-08-27,-72.86,-180.0,0.6196,0.5627,0.6219,0.6121,10.21,333.0,-17.4,0.0545,-0.1907,-1.2,0.7143,0.939,0.5054,0.5517,0.5769
2026-08-27,-72.86,-158.82,0.5375,0.5555,0.5906,0.5143,12.89,231.7,-17.3,0.4056,0.064,-0.2,0.7143,0.939,0.5371,0.5413,0.5452
2026-08-27,-72.86,-137.65,0.5668,0.4669,0.523,0.5395,11.52,32.5,-10.9,0.421,-0.1152,1.8,0.7143,0.939,0.5729,0.5672,0.5129
2026-08-27,-72.86,-116.47,0.5116,0.5554,0.5466,0.5239,8.71,54.3,-17.6,0.0523,-0.1434,2.0,0.7143,0.939,0.598,0.4693,0.4893
2026-08-27,-72.86,-95.29,0.5138,0.5497,0.5155,0.532,13.98,34.5,-19.0,0.1915,-0.0413,-0.7,0.7143,0.939,0.4841,0.5649,0.5441
2026-08-27,-72.86,-74.12,0.5832,0.5613,0.5683,0.5938,14.56,224.9,-19.7,0.0676,-0.0202,2.2,0.7143,0.939,0.5857,0.515,0.5658
2026-08-27,-72.86,-52.94,0.6347,0.6254,0.5436,0.599,13.25,66.4,-17.1,0.3236,-0.0374,0.1,0.7143,0.939,0.5996,0.5772,0.5965
2026-08-27,-72.86,-31.76,0.5714,0.6465,0.6516,0.6714,12.81,217.4,-17.1,0.3625,0.1543,1.7,0.7143,0.939,0.6136,0.6183,0.6468
2026-08-27,-72.86,-10.59,0.6317,0.6605,0.6597,0.6375,5.58,90.1,-14.9,0.3566,-0.0469,0.8,0.7143,0.939,0.6726,0.6513,0.6714
2026-08-27,-72.86,10.59,0.6809,0.7026,0.6901,0.626,7.32,103.4,-19.8,0.3588,0.1432,2.5,0.7143,0.939,0.7276,0.7658,0.7084
2026-08-27,-72.86,31.76,0.7191,0.731,0.7733,0.699,16.55,301.0,-21.4,0.419,0.1153,0.4,0.7143,0.939,0.7106,0.7416,0.7256
2026-08-27,-72.86,52.94,0.7102,0.714,0.7418,0.7492,14.28,180.8,-20.5,0.3611,-0.0091,0.7,0.7143,0.939,0.7435,0.728,0.7474
2026-08-27,-72.86,74.12,0.73,0.6278,0.717,0.6999,16.96,262.8,-15.5,0.2883,0.0903,-0.6,0.7143,0.939,0.662,0.7392,0.7261
2026-08-27,-72.86,95.29,0.7184,0.7548,0.7903,0.7078,11.86,336.7,-20.4,0.1927,-0.0596,1.8,0.7143,0.939,0.7338,0.7011,0.6286
2026-08-27,-72.86,116.47,0.6254,0.667,0.6653,0.7181,15.67,52.6,-18.4,0.0831,0.094,0.4,0.7143,0.939,0.7153,0.7117,0.7303
2026-08-27,-72.86,137.65,0.7109,0.6935,0.6902,0.6291,13.96,149.2,-19.3,0.0882,0.2952,0.6,0.7143,0.939,0.6126,0.6586,0.6099
2026-08-27,-72.86,158.82,0.6348,0.5851,0.5836,0.6345,7.26,296.2,-16.7,0.281,0.0888,3.2,0.7143,0.939,0.5649,0.5709,0.6376
2026-08-27,-72.86,180.0,0.6035,0.6079,0.5402,0.5857,5.82,222.1,-22.8,0.0648,-0.083,0.5,0.7143,0.939,0.686,0.5445,0.5474
2026-08-27,-71.43,-180.0,0.4834,0.5791,0.4858,0.551,13.7,94.5,-17.9,0.084,0.2393,2.4,0.6571,0.939,0.5158,0.5031,0.5245
2026-08-27,-71.43,-158.82,0.4836,0.4632,0.5377,0.4518,17.39,237.2,-17.2,0.2966,0.2327,2.4,0.6571,0.939,0.5717,0.4729,0.5047
2026-08-27,-71.43,-137.65,0.4234,0.5004,0.4651,0.5134,7.98,56.9,-20.2,0.1296,-0.0726,2.7,0.6571,0.939,0.4906,0.4782,0.48
2026-08-27,-71.43,-116.47,0.5027,0.5236,0.5166,0.5023,10.11,80.6,-16.6,0.3422,-0.079,1.1,0.6571,0.939,0.5059,0.4364,0.472
2026-08-27,-71.43,-95.29,0.4499,0.4618,0.4809,0.5071,5.23,298.0,-11.1,0.0868,-0.2027,1.0,0.6571,0.939,0.5409,0.4492,0.5132
2026-08-27,-71.43,-74.12,0.5408,0.5812,0.5131,0.4621,6.86,123.7,-18.4,0.1222,-0.0388,1.8,0.6571,0.939,0.5327,0.5559,0.5252
2026-08-27,-71.43,-52.94,0.5239,0.5049,0.5029,0.6488,11.16,13.9,-15.5,0.3218,-0.0264,1.5,0.6571,0.939,0.4705,0.5153,0.5934
2026-08-27,-71.43,-31.76,0.4981,0.5144,0.5828,0.5548,9.32,6.0,-22.2,0.1804,0.2251,-0.3,0.6571,0.939,0.576,0.5463,0.5938
2026-08-27,-71.43,-10.59,0.5952,0.5912,0.6967,0.5955,5.08,21.6,-14.5,0.4142,-0.0883,1.8,0.6571,0.939,0.6182,0.5818,0.6249
2026-08-27,-71.43,10.59,0.6728,0.7059,0.6582,0.606,11.53,123.9,-20.4,0.0636,0.0752,0.8,0.6571,0.939,0.612,0.6151,0.6415
2026-08-27,-71.43,31.76,0.7126,0.6536,0.7136,0.637,15.78,19.5,-14.8,0.3294,0.027,4.1,0.6571,0.939,0.5623,0.5923,0.6414
2026-08-27,-71.43,52.94,0.6862,0.7142,0.6656,0.6332,5.57,350.2,-15.5,0.2762,0.0253,1.6,0.6571,0.939,0.6921,0.6694,0.6785
2026-08-27,-71.43,74.12,0.734,0.6899,0.7383,0.635,12.89,195.9,-17.4,0.3151,-0.0218,1.4,0.6571,0.939,0.7103,0.668,0.6586
2026-08-27,-71.43,95.29,0.6202,0.6463,0.633,0.6519,11.94,136.1,-15.1,0.3824,-0.0032,2.3,0.6571,0.939,0.6472,0.6485,0.6153
2026-08-27,-71.43,116.47,0.6423,0.606,0.6498,0.6058,8.92,195.7,-17.2,0.0542,0.0212,1.2,0.6571,0.939,0.6136,0.6306,0.6259
2026-08-27,-71.43,137.65,0.6228,0.6293,0.637,0.6128,16.35,19.6,-26.0,0.3596,0.1484,0.5,0.6571,0.939,0.6471,0.6119,0.5981
2026-08-27,-71.43,158.82,0.588,0.5758,0.5907,0.6058,7.04,105.1,-15.6,0.0858,-0.0514,2.5,0.6571,0.939,0.4846,0.5775,0.5204
2026-08-27,-71.43,180.0,0.6042,0.5165,0.5336,0.5978,11.55,141.2,-15.2,0.4147,-0.0667,3.0,0.6571,0.939,0.4919,0.4683,0.4892
2026-08-27,-70.0,-180.0,0.4952,0.5208,0.4601,0.5181,12.99,13.5,-10.7,0.3756,-0.2025,0.8,0.6,0.939,0.4969,0.5822,0.4818
2026-08-27,-70.0,-158.82,0.4308,0.3978,0.4624,0.5082,17.81,35.7,-16.8,0.3054,0.0624,1.3,0.6,0.939,0.396,0.4975,0.4488
2026-08-27,-70.0,-137.65,0.4386,0.4341,0.4649,0.4258,10.87,308.1,-14.7,0.0815,0.1875,-0.5,0.6,0.939,0.4535,0.468,0.4667
2026-08-27,-70.0,-116.47,0.4517,0.4664,0.416,0.4418,6.02,136.9,-15.1,0.2573,0.1622,0.7,0.6,0.939,0.476,0.4308,0.3543
2026-08-27,-70.0,-95.29,0.4659,0.4291,0.415,0.4322,10.14,40.3,-12.1,0.3996,0.0254,2.7,0.6,0.939,0.3481,0.4551,0.4349
2026-08-27,-70.0,-74.12,0.5196,0.4169,0.4529,0.4429,14.57,46.1,-21.3,0.37,-0.0227,0.9,0.6,0.939,0.4971,0.4877,0.4237
2026-08-27,-70.0,-52.94,0.5686,0.4472,0.5161,0.4263,16.34,16.7,-19.1,0.2572,-0.0617,0.5,0.6,0.939,0.4701,0.4961,0.5139
2026-08-27,-70.0,-31.76,0.609,0.5216,0.4603,0.4809,11.79,214.9,-15.7,0.1656,0.0054,3.2,0.6,0.939,0.5446,0.557,0.5119
2026-08-27,-70.0,-10.59,0.5579,0.6272,0.5626,0.5949,12.98,112.0,-17.1,0.2361,-0.147,0.7,0.6,0.939,0.5396,0.5087,0.5414
2026-08-27,-70.0,10.59,0.5498,0.6105,0.5171,0.6037,9.09,195.0,-16.6,0.1599,-0.3301,1.0,0.6,0.939,0.5432,0.5803,0.5759
2026-08-27,-70.0,31.76,0.5876,0.579,0.6362,0.6398,5.9,262.0,-14.6,0.2886,0.1373,3.1,0.6,0.939,0.6726,0.6636,0.618
2026-08-27,-70.0,52.94,0.6055,0.6268,0.6814,0.7215,12.95,343.7,-16.7,0.3887,-0.2349,2.0,0.6,0.939,0.6069,0.6061,0.5973
2026-08-27,-70.0,74.12,0.6018,0.6141,0.6056,0.647,17.95,230.2,-17.9,0.2737,0.1088,2.7,0.6,0.939,0.5887,0.6716,0.5689
2026-08-27,-70.0,95.29,0.5986,0.6542,0.604,0.5961,5.13,262.8,-17.1,0.2781,0.0951,1.8,0.6,0.939,0.6408,0.6054,0.6649
2026-08-27,-70.0,116.47,0.5757,0.5854,0.507,0.5693,10.76,266.8,-13.4,0.3569,-0.0117,3.9,0.6,0.939,0.582,0.5562,0.6308
2026-08-27,-70.0,137.65,0.5535,0.5938,0.5715,0.5796,5.0,206.8,-18.2,0.2781,0.2052,2.8,0.6,0.939,0.5365,0.5676,0.5865
2026-08-27,-70.0,158.82,0.4724,0.5339,0.5596,0.4847,14.55,227.3,-18.4,0.3656,0.1092,2.6,0.6,0.939,0.4708,0.5621,0.5147
2026-08-27,-70.0,180.0,0.4767,0.5024,0.5061,0.5448,10.33,20.7,-18.8,0.2045,0.0044,4.4,0.6,0.939,0.5028,0.4999,0.4714
2026-08-27,-68.57,-180.0,0.4477,0.3704,0.4595,0.324,12.03,111.4,-13.6,0.4437,0.3209,3.0,0.5429,0.939,0.4622,0.4412,0.4602
2026-08-27,-68.57,-158.82,0.3911,0.4132,0.3715,0.4771,15.4,12.1,-9.9,0.2029,0.1029,2.0,0.5429,0.939,0.4011,0.4123,0.4229
2026-08-27,-68.57,-137.65,0.3582,0.3928,0.4565,0.4434,17.29,242.4,-15.6,0.3143,0.0087,3.0,0.5429,0.939,0.4142,0.3443,0.3939
2026-08-27,-68.57,-116.47,0.4588,0.3905,0.3059,0.3373,11.33,265.3,-18.6,0.1291,0.0168,1.9,0.5429,0.939,0.3911,0.4214,0.3437
2026-08-27,-68.57,-95.29,0.3856,0.3905,0.524,0.3792,5.24,13.0,-10.1,0.1966,-0.1375,2.0,0.5429,0.939,0.4211,0.4062,0.4376
2026-08-27,-68.57,-74.12,0.3842,0.3408,0.2627,0.4768,16.04,272.3,-12.3,0.2993,-0.0678,3.7,0.5429,0.939,0.4548,0.4305,0.3951
2026-08-27,-68.57,-52.94,0.4275,0.4476,0.481,0.4531,9.5,262.3,-16.7,0.1554,0.0525,1.6,0.5429,0.939,0.3676,0.4141,0.4581
2026-08-27,-68.57,-31.76,0.5155,0.5035,0.457,0.5538,11.16,348.8,-14.4,0.3881,-0.0637,2.5,0.5429,0.939,0.5523,0.4686,0.4639
2026-08-27,-68.57,-10.59,0.5243,0.4969,0.5148,0.5386,10.66,25.3,-20.6,0.1136,-0.0066,2.6,0.5429,0.939,0.5042,0.5118,0.4605
2026-08-27,-68.57,10.59,0.4992,0.4295,0.5545,0.5933,12.5,220.1,-14.4,0.2712,0.3162,3.6,0.5429,0.939,0.6192,0.5246,0.6405
2026-08-27,-68.57,31.76,0.5268,0.5623,0.5833,0.61,16.8,37.4,-17.2,0.3014,0.0905,2.2,0.5429,0.939,0.5539,0.5855,0.5487
2026-08-27,-68.57,52.94,0.5066,0.5757,0.5411,0.6299,16.76,39.1,-9.6,0.2344,0.0275,1.4,0.5429,0.939,0.5507,0.5283,0.5765
2026-08-27,-68.57,74.12,0.5176,0.5103,0.6453,0.5701,13.48,102.1,-23.2,0.1731,-0.1296,1.0,0.5429,0.939,0.6338,0.5293,0.607
2026-08-27,-68.57,95.29,0.6251,0.5245,0.6366,0.5511,6.41,302.1,-15.7,0.2547,-0.0271,3.2,0.5429,0.939,0.5599,0.6032,0.5462
2026-08-27,-68.57,116.47,0.5682,0.5541,0.5034,0.6012,9.55,230.2,-5.7,0.438,-0.0958,1.7,0.5429,0.939,0.5706,0.497,0.5458
2026-08-27,-68.57,137.65,0.4608,0.573,0.464,0.4752,8.46,341.0,-14.8,0.2045,0.0884,3.0,0.5429,0.939,0.5276,0.5667,0.5293
2026-08-27,-68.57,158.82,0.4801,0.4837,0.5081,0.5361,15.16,200.0,-17.3,0.0833,0.1285,3.5,0.5429,0.939,0.4488,0.4656,0.395
2026-08-27,-68.57,180.0,0.4331,0.4009,0.4189,0.4323,12.42,27.6,-14.8,0.1608,-0.1835,0.3,0.5429,0.939,0.4307,0.5294,0.3971
2026-08-27,-67.14,-180.0,0.38,0.3415,0.4045,0.3274,13.66,112.5,-10.9,0.1559,-0.1726,3.0,0.4857,0.939,0.3712,0.4175,0.361
2026-08-27,-67.14,-158.82,0.3698,0.3302,0.3771,0.3655,6.72,241.1,-21.0,0.1542,-0.0463,4.0,0.4857,0.939,0.3705,0.3475,0.328
2026-08-27,-67.14,-137.65,0.3247,0.3033,0.3915,0.3433,7.8,28.3,-17.6,0.1045,-0.1239,2.7,0.4857,0.939,0.3089,0.3513,0.279
2026-08-27,-67.14,-116.47,0.3744,0.3003,0.2753,0.3139,6.53,39.1,-18.0,0.0945,-0.1882,2.5,0.4857,0.939,0.2747,0.4221,0.3538
2026-08-27,-67.14,-95.29,0.3804,0.3032,0.3221,0.3739,17.14,291.6,-13.3,0.4347,-0.0684,3.3,0.4857,0.939,0.3366,0.32,0.3666
2026-08-27,-67.14,-74.12,0.2684,0.3707,0.3373,0.3181,16.76,244.0,-15.4,0.4224,0.0912,3.7,0.4857,0.939,0.376,0.3079,0.3575
2026-08-27,-67.14,-52.94,0.3383,0.3867,0.3943,0.3956,7.61,309.2,-10.3,0.4249,-0.2637,5.6,0.4857,0.939,0.3954,0.3499,0.3184
2026-08-27,-67.14,-31.76,0.417,0.3957,0.4701,0.4272,9.38,344.6,-11.4,0.3187,-0.0433,1.6,0.4857,0.939,0.4184,0.4296,0.4029
2026-08-27,-67.14,-10.59,0.4648,0.4771,0.4551,0.4371,6.98,18.5,-17.6,0.2276,-0.2067,3.3,0.4857,0.939,0.436,0.4732,0.3987
2026-08-27,-67.14,10.59,0.4755,0.5494,0.5724,0.5209,7.46,7.2,-11.1,0.3154,-0.0634,3.3,0.4857,0.939,0.4772,0.4196,0.525
2026-08-27,-67.14,31.76,0.5126,0.5031,0.6006,0.5763,12.39,312.3,-13.2,0.0812,-0.0743,4.4,0.4857,0.939,0.469,0.5105,0.5462
2026-08-27,-67.14,52.94,0.5835,0.4527,0.556,0.4911,12.18,108.9,-13.6,0.1106,-0.0485,2.8,0.4857,0.939,0.4871,0.5904,0.5257
2026-08-27,-67.14,74.12,0.5029,0.503,0.5499,0.5011,6.18,160.9,-12.7,0.3718,-0.1047,1.7,0.4857,0.939,0.5103,0.5511,0.5233
2026-08-27,-67.14,95.29,0.5323,0.4852,0.5686,0.556,14.25,168.2,-12.7,0.0787,0.1612,2.9,0.4857,0.939,0.5175,0.5449,0.5227
2026-08-27,-67.14,116.47,0.4776,0.5301,0.4957,0.5042,12.56,134.7,-18.1,0.1999,-0.1099,4.3,0.4857,0.939,0.4883,0.4139,0.4116
2026-08-27,-67.14,137.65,0.4526,0.4096,0.4523,0.3969,15.4,302.5,-12.2,0.3821,0.1138,3.6,0.4857,0.939,0.492,0.4538,0.4707
2026-08-27,-67.14,158.82,0.4201,0.4289,0.3881,0.4175,17.33,191.1,-10.1,0.394,0.0166,3.9,0.4857,0.939,0.3769,0.3569,0.4438
2026-08-27,-67.14,180.0,0.4007,0.4783,0.3847,0.4114,16.26,99.5,-12.3,0.2324,0.0378,2.5,0.4857,0.939,0.3101,0.4119,0.3517
2026-08-27,-65.71,-180.0,0.2524,0.3373,0.3169,0.2866,13.07,279.8,-8.3,0.2978,0.0686,3.6,0.4286,0.939,0.3859,0.2579,0.3394
2026-08-27,-65.71,-158.82,0.3052,0.3423,0.2523,0.3068,7.73,13.8,-13.4,0.4052,-0.0941,3.4,0.4286,0.939,0.3261,0.3084,0.3344
2026-08-27,-65.71,-137.65,0.345,0.2602,0.3174,0.2683,16.5,1.0,-13.3,0.2922,0.0154,4.1,0.4286,0.939,0.2964,0.2505,0.291
2026-08-27,-65.71,-116.47,0.2076,0.2943,0.2631,0.2345,16.46,243.9,-13.0,0.1231,0.096,4.5,0.4286,0.939,0.353,0.2794,0.2977
2026-08-27,-65.71,-95.29,0.262,0.2894,0.2316,0.2433,6.44,310.0,-14.1,0.2271,-0.042,2.2,0.4286,0.939,0.3035,0.2696,0.2212
2026-08-27,-65.71,-74.12,0.2704,0.3432,0.2774,0.3419,13.24,343.0,-15.9,0.3012,0.0521,4.3,0.4286,0.939,0.2728,0.2616,0.2779
2026-08-27,-65.71,-52.94,0.3791,0.3135,0.3465,0.3513,14.2,86.9,-13.4,0.1473,-0.1202,3.6,0.4286,0.939,0.3421,0.3788,0.387
2026-08-27,-65.71,-31.76,0.3673,0.303,0.3755,0.3519,9.73,157.3,-16.6,0.0973,0.2606,3.6,0.4286,0.939,0.3783,0.3484,0.4127
2026-08-27,-65.71,-10.59,0.3491,0.4182,0.3998,0.3993,5.66,4.4,-11.7,0.4039,0.0017,3.6,0.4286,0.939,0.4592,0.4076,0.4117
2026-08-27,-65.71,10.59,0.491,0.4495,0.4895,0.4618,10.67,161.8,-8.7,0.3467,-0.2275,2.7,0.4286,0.939,0.4546,0.4343,0.4409
2026-08-27,-65.71,31.76,0.4667,0.4159,0.4027,0.3739,16.09,313.2,-14.8,0.1528,0.2559,4.5,0.4286,0.939,0.481,0.5011,0.4382
2026-08-27,-65.71,52.94,0.5308,0.461,0.4202,0.4224,15.99,110.2,-10.3,0.3727,-0.1689,3.9,0.4286,0.939,0.5185,0.4498,0.5334
2026-08-27,-65.71,74.12,0.5253,0.5094,0.5226,0.5202,9.27,314.5,-14.2,0.4198,-0.0791,2.9,0.4286,0.939,0.4403,0.4547,0.4275
2026-08-27,-65.71,95.29,0.3936,0.4378,0.4431,0.4806,10.02,126.9,-18.9,0.3775,0.1365,2.8,0.4286,0.939,0.4557,0.3727,0.4496
2026-08-27,-65.71,116.47,0.4014,0.487,0.4515,0.404,12.31,61.9,-11.4,0.4125,0.2334,3.2,0.4286,0.939,0.4259,0.402,0.4656
2026-08-27,-65.71,137.65,0.3529,0.3494,0.3739,0.4254,13.71,299.2,-11.4,0.2365,0.3746,4.3,0.4286,0.939,0.4731,0.4345,0.4376
2026-08-27,-65.71,158.82,0.2918,0.3609,0.3861,0.3849,6.18,292.4,-17.7,0.2097,0.0105,2.5,0.4286,0.939,0.4043,0.3736,0.3633
2026-08-27,-65.71,180.0,0.2914,0.3424,0.3956,0.3142,13.92,242.9,-17.7,0.2339,0.0373,3.8,0.4286,0.939,0.3497,0.3461,0.3435
2026-08-27,-64.29,-180.0,0.251,0.2698,0.2961,0.2258,12.32,206.9,-11.5,0.1245,0.0129,5.1,0.3714,0.939,0.3208,0.2531,0.3006
2026-08-27,-64.29,-158.82,0.1781,0.2782,0.2206,0.2311,17.03,261.6,-9.9,0.082,-0.2453,4.7,0.3714,0.939,0.2879,0.2057,0.2083
2026-08-27,-64.29,-137.65,0.2261,0.1712,0.1687,0.2254,10.58,24.0,-14.4,0.367,-0.1963,4.4,0.3714,0.939,0.2704,0.1946,0.3427
2026-08-27,-64.29,-116.47,0.2672,0.1611,0.2624,0.2557,7.45,54.6,-15.4,0.2186,-0.2475,4.5,0.3714,0.939,0.282,0.2804,0.2814
2026-08-27,-64.29,-95.29,0.309,0.2644,0.3025,0.2072,14.64,79.1,-11.0,0.0954,0.0139,5.2,0.3714,0.939,0.2637,0.2161,0.2565
2026-08-27,-64.29,-74.12,0.2981,0.2756,0.2595,0.2415,8.08,237.0,-13.4,0.1424,-0.273,4.5,0.3714,0.939,0.1994,0.188,0.2251
2026-08-27,-64.29,-52.94,0.2817,0.2239,0.25,0.3162,6.78,274.1,-12.4,0.2417,-0.0631,6.7,0.3714,0.939,0.2817,0.3351,0.2804
2026-08-27,-64.29,-31.76,0.2993,0.2544,0.3479,0.3485,16.22,296.3,-15.6,0.0852,0.1543,5.6,0.3714,0.939,0.3727,0.302,0.3506
2026-08-27,-64.29,-10.59,0.3307,0.376,0.3854,0.4026,10.11,46.6,-13.8,0.1446,-0.0926,4.2,0.3714,0.939,0.3206,0.3695,0.3338
2026-08-27,-64.29,10.59,0.3294,0.3524,0.4425,0.3843,12.34,290.1,-15.6,0.0572,0.3261,6.3,0.3714,0.939,0.4876,0.3358,0.4102
2026-08-27,-64.29,31.76,0.3841,0.374,0.4275,0.3391,8.01,117.3,-9.9,0.1508,0.1005,2.4,0.3714,0.939,0.4575,0.4063,0.4367
2026-08-27,-64.29,52.94,0.4339,0.3838,0.4342,0.3836,5.16,309.0,-13.6,0.4198,-0.0291,4.7,0.3714,0.939,0.3948,0.3922,0.4289
2026-08-27,-64.29,74.12,0.4288,0.49,0.4627,0.3663,9.22,333.2,-16.4,0.2858,-0.1502,2.8,0.3714,0.939,0.4077,0.3338,0.4732
2026-08-27,-64.29,95.29,0.4871,0.459,0.375,0.3699,12.36,135.1,-10.0,0.2084,-0.2342,5.4,0.3714,0.939,0.4138,0.4487,0.4925
2026-08-27,-64.29,116.47,0.4062,0.4144,0.3876,0.4117,9.16,80.9,-13.6,0.4149,0.1136,4.4,0.3714,0.939,0.3874,0.4195,0.3381
2026-08-27,-64.29,137.65,0.4491,0.4004,0.325,0.3901,17.68,199.9,-16.3,0.2988,0.0963,4.8,0.3714,0.939,0.3889,0.325,0.3763
2026-08-27,-64.29,158.82,0.3517,0.2718,0.3376,0.2275,12.9,310.6,-13.1,0.3842,0.0594,4.7,0.3714,0.939,0.305,0.2707,0.3434
2026-08-27,-64.29,180.0,0.2465,0.2393,0.3233,0.3528,8.8,358.4,-11.6,0.0512,0.0185,4.6,0.3714,0.939,0.233,0.3017,0.3402
2026-08-27,-62.86,-180.0,0.1768,0.2695,0.2475,0.2296,5.72,197.0,-12.4,0.3085,0.0351,2.7,0.3143,0.939,0.2229,0.1682,0.1815
2026-08-27,-62.86,-158.82,0.191,0.1571,0.2033,0.1471,17.2,210.3,-8.9,0.2591,0.0054,5.9,0.3143,0.939,0.1401,0.1526,0.1477
2026-08-27,-62.86,-137.65,0.1588,0.0971,0.1255,0.1472,15.34,193.0,-14.5,0.1758,0.2109,6.1,0.3143,0.939,0.2319,0.1695,0.1662
2026-08-27,-62.86,-116.47,0.222,0.1401,0.0896,0.2234,14.62,29.0,-10.0,0.187,-0.2916,5.2,0.3143,0.939,0.1511,0.1773,0.1839
2026-08-27,-62.86,-95.29,0.2147,0.1943,0.1505,0.2138,14.36,217.0,-16.3,0.3144,-0.0522,5.4,0.3143,0.939,0.0832,0.1688,0.1928
2026-08-27,-62.86,-74.12,0.2049,0.173,0.2202,0.2302,5.39,117.8,-14.0,0.3566,-0.18,4.4,0.3143,0.939,0.2708,0.2097,0.2297
2026-08-27,-62.86,-52.94,0.3426,0.2874,0.2996,0.225,10.89,72.5,-9.7,0.4257,-0.1719,5.0,0.3143,0.939,0.2479,0.226,0.2588
2026-08-27,-62.86,-31.76,0.278,0.2729,0.271,0.2424,15.12,23.2,-7.4,0.2668,-0.2657,4.9,0.3143,0.939,0.2317,0.3098,0.1845
2026-08-27,-62.86,-10.59,0.2492,0.3263,0.3513,0.3355,6.51,6.4,-8.6,0.4229,0.0308,4.6,0.3143,0.939,0.313,0.2498,0.334
2026-08-27,-62.86,10.59,0.3602,0.4022,0.3876,0.3243,13.48,232.7,-12.2,0.2283,0.116,4.5,0.3143,0.939,0.3703,0.2892,0.3969
2026-08-27,-62.86,31.76,0.4046,0.3972,0.2647,0.3721,10.85,285.3,-11.5,0.2794,0.0309,6.5,0.3143,0.939,0.4138,0.3377,0.3379
2026-08-27,-62.86,52.94,0.4316,0.3792,0.4284,0.4185,14.4,337.2,-12.6,0.3917,0.1207,5.7,0.3143,0.939,0.4438,0.4092,0.4985
2026-08-27,-62.86,74.12,0.3386,0.4384,0.361,0.3514,6.1,304.4,-13.0,0.285,-0.1062,4.4,0.3143,0.939,0.4094,0.3546,0.4457
2026-08-27,-62.86,95.29,0.285,0.2919,0.2818,0.3225,10.84,60.8,-11.3,0.2756,0.0422,2.5,0.3143,0.939,0.3225,0.3228,0.3361
2026-08-27,-62.86,116.47,0.3239,0.3031,0.3565,0.3406,9.84,164.4,-15.1,0.23,0.0348,5.8,0.3143,0.939,0.3061,0.2765,0.2781
2026-08-27,-62.86,137.65,0.3009,0.2739,0.3773,0.3014,10.61,130.0,-12.7,0.2593,0.2506,3.1,0.3143,0.939,0.3403,0.2943,0.3356
2026-08-27,-62.86,158.82,0.2512,0.2329,0.3375,0.2172,14.15,101.2,-11.3,0.1379,0.1544,6.6,0.3143,0.939,0.2781,0.1898,0.1937
2026-08-27,-62.86,180.0,0.2339,0.2131,0.1994,0.1978,13.31,232.7,-13.0,0.0728,-0.0292,5.6,0.3143,0.939,0.2253,0.1409,0.2332
2026-08-27,-61.43,-180.0,0.1144,0.1364,0.1626,0.1669,14.41,309.6,-10.3,0.2127,-0.1619,6.3,0.2571,0.939,0.2613,0.2502,0.1581
2026-08-27,-61.43,-158.82,0.2089,0.1733,0.2023,0.1594,17.29,269.8,-12.1,0.4128,0.0337,4.8,0.2571,0.939,0.1896,0.1372,0.1522
2026-08-27,-61.43,-137.65,0.1699,0.1131,0.1211,0.1789,15.69,66.4,-13.8,0.1612,-0.0371,5.7,0.2571,0.939,0.1146,0.1206,0.1575
2026-08-27,-61.43,-116.47,0.1399,0.1268,0.0795,0.1288,15.24,105.9,-16.6,0.3412,0.0804,5.0,0.2571,0.939,0.0641,0.1964,0.2213
2026-08-27,-61.43,-95.29,0.1166,0.135,0.175,0.1361,13.73,202.0,-7.9,0.2991,-0.1176,4.2,0.2571,0.939,0.2487,0.0839,0.1564
2026-08-27,-61.43,-74.12,0.1921,0.2038,0.1267,0.1803,10.13,48.7,-12.0,0.2171,0.0786,5.2,0.2571,0.939,0.1835,0.1611,0.1517
2026-08-27,-61.43,-52.94,0.1773,0.112,0.2076,0.1929,10.67,327.8,-6.5,0.3481,0.3598,5.8,0.2571,0.939,0.1799,0.1683,0.2257
2026-08-27,-61.43,-31.76,0.2369,0.2547,0.2246,0.2305,5.1,265.4,-10.9,0.4039,0.1633,3.2,0.2571,0.939,0.2332,0.22,0.2372
2026-08-27,-61.43,-10.59,0.2875,0.2006,0.1876,0.2898,5.92,289.3,-10.9,0.3087,0.1328,4.8,0.2571,0.939,0.2757,0.2479,0.2899
2026-08-27,-61.43,10.59,0.304,0.2319,0.3328,0.2177,12.96,49.9,-7.5,0.427,0.3345,5.5,0.2571,0.939,0.2811,0.3485,0.3092
2026-08-27,-61.43,31.76,0.3686,0.3525,0.3441,0.267,10.02,95.2,-11.9,0.4221,0.066,6.3,0.2571,0.939,0.272,0.2749,0.276
2026-08-27,-61.43,52.94,0.3101,0.2871,0.3844,0.2646,16.8,141.2,-3.7,0.286,0.055,6.9,0.2571,0.939,0.3545,0.2941,0.3327
2026-08-27,-61.43,74.12,0.3313,0.3138,0.347,0.3537,14.05,27.8,-8.3,0.3353,0.0623,6.3,0.2571,0.939,0.3419,0.2884,0.3012
2026-08-27,-61.43,95.29,0.3323,0.3906,0.3072,0.2972,6.64,195.4,-7.9,0.1575,0.0452,5.7,0.2571,0.939,0.3031,0.338,0.3447
2026-08-27,-61.43,116.47,0.367,0.2886,0.3343,0.3442,8.96,66.2,-10.3,0.1129,-0.0484,5.5,0.2571,0.939,0.2823,0.2677,0.2468
2026-08-27,-61.43,137.65,0.2683,0.3131,0.2466,0.2457,10.98,137.3,-6.5,0.2311,0.014,3.8,0.2571,0.939,0.3021,0.2392,0.3165
2026-08-27,-61.43,158.82,0.1728,0.2145,0.2154,0.2465,6.95,152.0,-9.7,0.2399,-0.0115,4.0,0.2571,0.939,0.1977,0.2154,0.2015
2026-08-27,-61.43,180.0,0.2303,0.1605,0.2132,0.1379,17.43,350.9,-10.6,0.2282,-0.1323,4.3,0.2571,0.939,0.1488,0.1537,0.0927
2026-08-27,-60.0,-180.0,0.13,0.125,0.1683,0.1156,15.82,58.8,-11.3,0.1028,-0.0079,7.1,0.2,0.939,0.1925,0.1628,0.0648
2026-08-27,-60.0,-158.82,0.0688,0.0384,0.0834,0.1472,6.97,245.0,-14.5,0.2531,0.0155,5.3,0.2,0.939,0.1561,0.1242,0.1141
2026-08-27,-60.0,-137.65,0.0,0.0417,0.0611,0.0804,9.84,258.2,-10.2,0.3848,-0.1408,6.0,0.2,0.939,0.1248,0.1217,0.1004
2026-08-27,-60.0,-116.47,0.0569,0.0202,0.0391,0.0402,15.91,3.3,-13.7,0.2146,0.0189,6.2,0.2,0.939,0.031,0.0753,0.0896
2026-08-27,-60.0,-95.29,0.0938,0.0797,0.1542,0.0868,7.87,168.3,-8.1,0.2605,0.1099,5.7,0.2,0.939,0.0757,0.0709,0.1097
2026-08-27,-60.0,-74.12,0.1147,0.0927,0.1235,0.0725,16.82,201.9,-8.3,0.1767,0.0394,5.8,0.2,0.939,0.0714,0.0248,0.0863
2026-08-27,-60.0,-52.94,0.1263,0.1303,0.2035,0.1835,11.55,155.8,-8.2,0.3282,-0.0818,5.9,0.2,0.939,0.1501,0.1898,0.1209
2026-08-27,-60.0,-31.76,0.1642,0.1031,0.1353,0.2093,10.24,156.5,-11.2,0.1059,0.0645,6.3,0.2,0.939,0.2183,0.1932,0.1643
2026-08-27,-60.0,-10.59,0.2539,0.1997,0.2104,0.1509,11.39,177.7,-8.4,0.2925,-0.1814,3.5,0.2,0.939,0.2276,0.2197,0.2117
2026-08-27,-60.0,10.59,0.2814,0.2201,0.2044,0.239,7.65,283.3,-12.7,0.1908,-0.0109,5.2,0.2,0.939,0.1611,0.19,0.2226
2026-08-27,-60.0,31.76,0.3725,0.2458,0.2345,0.3216,16.85,141.0,-4.1,0.1033,0.0819,5.8,0.2,0.939,0.2419,0.3032,0.3159
2026-08-27,-60.0,52.94,0.315,0.2844,0.2701,0.2064,17.91,115.3,-7.8,0.177,-0.0556,5.1,0.2,0.939,0.2704,0.2921,0.2373
2026-08-27,-60.0,74.12,0.2644,0.2917,0.245,0.3584,7.09,353.6,-9.8,0.151,-0.1155,7.2,0.2,0.939,0.2013,0.2335,0.3125
2026-08-27,-60.0,95.29,0.2462,0.3013,0.2684,0.2622,9.65,155.6,-9.9,0.1357,-0.0108,4.7,0.2,0.939,0.2406,0.2663,0.2587
2026-08-27,-60.0,116.47,0.2147,0.2584,0.1441,0.2388,8.62,221.6,-11.1,0.3072,0.1478,4.6,0.2,0.939,0.2827,0.231,0.2131
2026-08-27,-60.0,137.65,0.1866,0.1467,0.1927,0.2144,6.1,143.0,-15.6,0.2924,0.0393,6.6,0.2,0.939,0.1721,0.1877,0.2192
2026-08-27,-60.0,158.82,0.1681,0.0993,0.1826,0.1594,8.68,169.3,-10.0,0.4473,-0.0431,7.0,0.2,0.939,0.1482,0.0884,0.1873
2026-08-27,-60.0,180.0,0.1227,0.0976,0.116,0.1409,16.02,246.3,-5.7,0.1383,0.0122,6.6,0.2,0.939,0.0866,0.1309,0.1931
2026-08-28,-80.0,-180.0,0.8421,0.8012,0.8429,0.8747,8.31,229.3,-24.3,0.3871,0.1518,-2.0,1.0,0.9348,0.8232,0.893,0.7948
2026-08-28,-80.0,-158.82,0.7709,0.7804,0.7517,0.8496,5.97,105.1,-25.0,0.448,-0.1482,-2.5,1.0,0.9348,0.7548,0.8659,0.7983
2026-08-28,-80.0,-137.65,0.7295,0.8336,0.8243,0.7972,10.85,62.7,-27.3,0.0595,-0.1092,-1.6,1.0,0.9348,0.7726,0.757,0.7488
2026-08-28,-80.0,-116.47,0.8877,0.7268,0.7044,0.8087,7.27,290.8,-24.2,0.2736,-0.0507,-2.1,1.0,0.9348,0.7529,0.782,0.7626
2026-08-28,-80.0,-95.29,0.7761,0.7633,0.7805,0.8093,10.72,262.5,-29.7,0.2088,0.143,-2.0,1.0,0.9348,0.8107,0.7879,0.7149
2026-08-28,-80.0,-74.12,0.8014,0.7653,0.8047,0.7939,8.25,63.9,-22.4,0.1994,0.0581,-0.8,1.0,0.9348,0.7835,0.8182,0.8169
2026-08-28,-80.0,-52.94,0.9167,0.8646,0.8698,0.8565,15.5,144.5,-29.6,0.1787,-0.0265,-0.8,1.0,0.9348,0.8545,0.8391,0.8975
2026-08-28,-80.0,-31.76,0.8614,0.8161,0.8606,0.874,11.14,190.0,-18.7,0.3265,0.0481,-1.8,1.0,0.9348,0.8332,0.7943,0.8183
2026-08-28,-80.0,-10.59,0.8915,1.0,0.9929,0.8434,10.53,220.1,-26.1,0.2433,-0.3003,-2.2,1.0,0.9348,0.9733,0.9755,0.8983
2026-08-28,-80.0,10.59,0.8958,0.9257,0.9899,0.8639,17.01,279.8,-24.4,0.1806,-0.023,-3.0,1.0,0.9348,1.0,0.9141,0.899
2026-08-28,-80.0,31.76,0.9567,1.0,0.9732,1.0,7.06,80.2,-25.9,0.2885,-0.0279,-1.8,1.0,0.9348,1.0,0.948,0.9152
2026-08-28,-80.0,52.94,0.9635,0.9497,0.9634,0.9561,15.9,317.0,-22.5,0.3427,0.1529,-2.4,1.0,0.9348,0.9699,0.9325,0.9918
2026-08-28,-80.0,74.12,0.94,0.9515,0.9259,1.0,16.0,78.9,-22.4,0.1106,0.1475,-2.3,1.0,0.9348,1.0,1.0,0.9575
2026-08-28,-80.0,95.29,0.9108,1.0,0.968,1.0,9.25,303.3,-27.2,0.1713,0.2163,-3.5,1.0,0.9348,0.9149,0.9922,0.9517
2026-08-28,-80.0,116.47,0.99,0.8611,0.9085,0.9369,13.65,210.3,-20.1,0.0699,-0.0004,-2.2,1.0,0.9348,1.0,0.9398,0.9942
2026-08-28,-80.0,137.65,0.8956,0.9502,0.906,0.9178,5.31,25.1,-28.2,0.355,-0.0019,-3.0,1.0,0.9348,0.9017,0.938,0.8917
2026-08-28,-80.0,158.82,0.8456,0.8782,0.8444,0.8751,10.88,247.3,-25.2,0.2427,0.2058,-2.5,1.0,0.9348,0.8659,0.8329,0.8903
2026-08-28,-80.0,180.0,0.8403,0.8162,0.8358,0.8369,8.05,130.0,-23.4,0.3467,0.1882,-1.4,1.0,0.9348,0.7956,0.835,0.8559
2026-08-28,-78.57,-180.0,0.6945,0.7365,0.7124,0.8483,13.13,166.3,-26.4,0.2571,0.1064,-0.5,0.9429,0.9348,0.7582,0.7808,0.7574
2026-08-28,-78.57,-158.82,0.7476,0.7593,0.7555,0.8464,8.32,278.9,-17.5,0.0794,0.1026,-0.4,0.9429,0.9348,0.744,0.718,0.7704
2026-08-28,-78.57,-137.65,0.7404,0.7657,0.7517,0.7364,14.59,177.6,-18.7,0.308,0.015,0.6,0.9429,0.9348,0.872,0.7469,0.6724
2026-08-28,-78.57,-116.47,0.7028,0.7983,0.7423,0.7697,17.52,186.0,-30.7,0.3443,-0.0757,-0.1,0.9429,0.9348,0.6584,0.7076,0.6856
2026-08-28,-78.57,-95.29,0.7764,0.7344,0.8759,0.6878,7.5,172.1,-23.2,0.2511,-0.0265,-1.1,0.9429,0.9348,0.7056,0.7709,0.7254
2026-08-28,-78.57,-74.12,0.7838,0.7142,0.7957,0.7168,12.31,117.1,-28.1,0.1007,-0.1189,-1.0,0.9429,0.9348,0.7656,0.7025,0.7364
2026-08-28,-78.57,-52.94,0.7958,0.7858,0.7355,0.7951,9.8,160.4,-22.7,0.2582,-0.2007,-1.2,0.9429,0.9348,0.7474,0.6967,0.8561
2026-08-28,-78.57,-31.76,0.8561,0.8034,0.8149,0.7674,14.4,207.2,-17.3,0.2573,-0.3286,-2.3,0.9429,0.9348,0.8786,0.837,0.8595
2026-08-28,-78.57,-10.59,0.8428,0.848,0.8354,0.8424,11.22,75.2,-20.1,0.2644,-0.0019,-0.3,0.9429,0.9348,0.8038,0.8105,0.9464
2026-08-28,-78.57,10.59,0.9362,0.8309,0.8793,0.9592,15.17,167.2,-25.8,0.4428,0.0502,-3.1,0.9429,0.9348,0.9244,0.9065,0.8211
2026-08-28,-78.57,31.76,0.9254,0.899,0.9093,0.8741,8.42,38.9,-22.2,0.271,-0.1941,-0.3,0.9429,0.9348,0.9077,0.8795,0.8963
2026-08-28,-78.57,52.94,0.9128,0.8604,0.9773,0.9521,16.28,28.2,-25.9,0.288,0.1676,-1.3,0.9429,0.9348,0.851,0.8951,0.9099
2026-08-28,-78.57,74.12,0.9246,0.9892,0.9339,0.9203,14.87,275.8,-24.0,0.1313,-0.103,-1.9,0.9429,0.9348,0.8988,0.9857,0.8791
2026-08-28,-78.57,95.29,0.9407,0.9165,0.9454,0.9046,14.21,264.8,-23.3,0.1061,0.1599,-1.4,0.9429,0.9348,0.9142,0.9309,0.9612
2026-08-28,-78.57,116.47,0.9622,0.8918,0.8426,0.9266,17.13,219.7,-29.1,0.2042,0.2464,-2.6,0.9429,0.9348,0.8727,0.8607,0.9134
2026-08-28,-78.57,137.65,0.8543,0.8724,0.8539,0.8637,11.12,44.2,-20.9,0.4428,0.431,-1.9,0.9429,0.9348,0.8351,0.8819,0.7802
2026-08-28,-78.57,158.82,0.7091,0.7714,0.8445,0.8018,16.07,38.5,-22.3,0.4156,-0.1182,-2.4,0.9429,0.9348,0.8233,0.7734,0.7804
2026-08-28,-78.57,180.0,0.7611,0.7735,0.7291,0.826,17.95,279.6,-28.4,0.2693,-0.1502,0.5,0.9429,0.9348,0.7671,0.7982,0.7077
2026-08-28,-77.14,-180.0,0.6968,0.7761,0.6968,0.7466,13.49,14.2,-24.8,0.2184,-0.1777,1.0,0.8857,0.9348,0.7183,0.7153,0.7084
2026-08-28,-77.14,-158.82,0.6884,0.7364,0.7243,0.6591,12.43,159.2,-14.0,0.2373,-0.0007,-1.2,0.8857,0.9348,0.7675,0.7159,0.7203
2026-08-28,-77.14,-137.65,0.7357,0.6677,0.6903,0.7127,10.86,306.2,-21.5,0.1673,-0.2746,-0.1,0.8857,0.9348,0.6775,0.6737,0.6864
2026-08-28,-77.14,-116.47,0.6148,0.6785,0.7071,0.7306,10.83,332.7,-20.6,0.1397,-0.0723,-1.8,0.8857,0.9348,0.7002,0.6704,0.6923
2026-08-28,-77.14,-95.29,0.6964,0.7007,0.7456,0.7263,7.47,270.6,-22.1,0.1114,-0.1155,-1.1,0.8857,0.9348,0.6367,0.6996,0.6621
2026-08-28,-77.14,-74.12,0.741,0.6499,0.708,0.6976,15.33,122.5,-20.5,0.393,0.057,0.4,0.8857,0.9348,0.6634,0.6051,0.6905
2026-08-28,-77.14,-52.94,0.7179,0.6661,0.7813,0.7718,15.41,23.1,-16.2,0.2198,0.1307,-0.4,0.8857,0.9348,0.8023,0.7104,0.743
2026-08-28,-77.14,-31.76,0.782,0.7738,0.7773,0.8657,13.99,142.1,-23.4,0.1587,-0.1229,-0.9,0.8857,0.9348,0.7042,0.7364,0.7201
2026-08-28,-77.14,-10.59,0.8191,0.8406,0.8242,0.7646,17.45,123.3,-16.9,0.4316,-0.1298,-1.1,0.8857,0.9348,0.7901,0.7812,0.7687
2026-08-28,-77.14,10.59,0.8128,0.7857,0.8149,0.847,11.96,51.5,-25.2,0.3783,0.0096,-1.6,0.8857,0.9348,0.8357,0.8542,0.8299
2026-08-28,-77.14,31.76,0.8828,0.8683,0.8384,0.8729,13.71,286.6,-25.6,0.1435,0.0998,-1.0,0.8857,0.9348,0.8788,0.8897,0.8528
2026-08-28,-77.14,52.94,0.8431,0.8755,0.899,0.9183,5.48,27.1,-25.3,0.3811,-0.1153,-0.3,0.8857,0.9348,0.8517,0.8593,0.859
2026-08-28,-77.14,74.12,0.8763,0.8477,0.8361,0.8229,9.9,253.3,-19.5,0.3966,0.0268,-1.3,0.8857,0.9348,0.8922,0.8637,0.902
2026-08-28,-77.14,95.29,0.8842,0.8461,0.9128,0.8795,9.37,337.3,-21.6,0.276,0.2,-1.0,0.8857,0.9348,0.9073,0.8428,0.887
2026-08-28,-77.14,116.47,0.8191,0.8414,0.8259,0.847,15.89,131.5,-13.3,0.092,0.0036,-0.2,0.8857,0.9348,0.8233,0.8257,0.8686
2026-08-28,-77.14,137.65,0.8156,0.8311,0.7367,0.824,11.13,323.0,-21.4,0.3253,-0.2182,1.2,0.8857,0.9348,0.8304,0.83,0.7944
2026-08-28,-77.14,158.82,0.7807,0.7803,0.7735,0.7359,17.97,253.0,-27.9,0.4461,-0.0103,-1.8,0.8857,0.9348,0.8043,0.7367,0.7646
2026-08-28,-77.14,180.0,0.7258,0.7885,0.6459,0.7396,17.24,194.6,-27.8,0.2588,-0.2162,0.8,0.8857,0.9348,0.7247,0.7408,0.7755
2026-08-28,-75.71,-180.0,0.735,0.728,0.6292,0.6888,13.82,300.4,-24.1,0.3584,0.2801,0.1,0.8286,0.9348,0.7017,0.7018,0.6892
2026-08-28,-75.71,-158.82,0.6254,0.6129,0.6507,0.627,9.52,304.6,-20.1,0.1856,0.1303,2.0,0.8286,0.9348,0.5765,0.6662,0.6035
2026-08-28,-75.71,-137.65,0.6224,0.6309,0.6514,0.6148,17.74,85.3,-24.7,0.2923,0.2526,-0.1,0.8286,0.9348,0.6936,0.639,0.5783
2026-08-28,-75.71,-116.47,0.5564,0.663,0.5861,0.6879,11.03,242.8,-22.3,0.382,-0.0413,-1.2,0.8286,0.9348,0.6641,0.6105,0.6179
2026-08-28,-75.71,-95.29,0.6631,0.6378,0.6375,0.6758,5.87,299.2,-24.4,0.4307,-0.1454,-2.9,0.8286,0.9348,0.6437,0.6864,0.5805
2026-08-28,-75.71,-74.12,0.637,0.6803,0.6273,0.6065,11.61,126.7,-18.9,0.2612,-0.0755,0.6,0.8286,0.9348,0.6717,0.6048,0.7451
2026-08-28,-75.71,-52.94,0.77,0.6623,0.6986,0.682,13.74,120.0,-22.6,0.0809,0.0045,-0.7,0.8286,0.9348,0.6582,0.7382,0.6778
2026-08-28,-75.71,-31.76,0.7573,0.6402,0.7872,0.7106,5.58,181.5,-14.5,0.4139,0.027,0.0,0.8286,0.9348,0.6963,0.7153,0.7735
2026-08-28,-75.71,-10.59,0.6836,0.6902,0.7874,0.72,14.44,224.6,-22.4,0.2438,-0.3183,0.5,0.8286,0.9348,0.734,0.7476,0.7936
2026-08-28,-75.71,10.59,0.744,0.7767,0.7761,0.7746,14.99,204.7,-19.7,0.2071,-0.0916,2.9,0.8286,0.9348,0.7978,0.7091,0.8733
2026-08-28,-75.71,31.76,0.7904,0.8383,0.8304,0.8121,12.81,267.1,-30.6,0.1524,0.0365,1.2,0.8286,0.9348,0.8633,0.8079,0.8284
2026-08-28,-75.71,52.94,0.8159,0.9144,0.929,0.8391,12.59,260.3,-25.3,0.1272,-0.0596,0.1,0.8286,0.9348,0.8356,0.843,0.8873
2026-08-28,-75.71,74.12,0.7998,0.7731,0.906,0.8102,16.95,25.8,-20.3,0.0643,0.1946,-0.3,0.8286,0.9348,0.9157,0.8326,0.8158
2026-08-28,-75.71,95.29,0.7827,0.8696,0.8377,1.0,16.69,112.0,-23.1,0.1046,0.1776,0.5,0.8286,0.9348,0.8258,0.8138,0.8311
2026-08-28,-75.71,116.47,0.7695,0.8075,0.7476,0.7853,16.6,33.9,-22.7,0.1625,0.0661,0.5,0.8286,0.9348,0.8364,0.8059,0.714
2026-08-28,-75.71,137.65,0.7264,0.7664,0.7177,0.785,13.34,60.3,-19.9,0.2793,0.2943,1.2,0.8286,0.9348,0.7614,0.7095,0.7152
2026-08-28,-75.71,158.82,0.767,0.7269,0.7521,0.6487,11.14,163.3,-24.4,0.3216,-0.0079,-0.5,0.8286,0.9348,0.714,0.7271,0.7356
2026-08-28,-75.71,180.0,0.7858,0.6354,0.6334,0.6982,6.86,169.0,-20.9,0.4049,0.1699,0.4,0.8286,0.9348,0.6789,0.6739,0.607
2026-08-28,-74.29,-180.0,0.5919,0.5691,0.6414,0.582,10.58,21.7,-19.8,0.3511,0.072,1.2,0.7714,0.9348,0.5693,0.6377,0.6483
2026-08-28,-74.29,-158.82,0.6971,0.6447,0.549,0.6339,7.44,69.5,-17.3,0.2471,0.0891,-0.4,0.7714,0.9348,0.5994,0.6151,0.6169
2026-08-28,-74.29,-137.65,0.5917,0.583,0.6156,0.6169,10.29,267.5,-19.9,0.3734,-0.148,2.4,0.7714,0.9348,0.5399,0.5571,0.609
2026-08-28,-74.29,-116.47,0.5923,0.5399,0.5893,0.5526,11.42,87.9,-19.2,0.4217,-0.053,1.0,0.7714,0.9348,0.5881,0.5613,0.5117
2026-08-28,-74.29,-95.29,0.6003,0.6411,0.5813,0.6134,8.69,272.9,-23.0,0.1555,-0.0202,-0.4,0.7714,0.9348,0.5826,0.5379,0.5776
2026-08-28,-74.29,-74.12,0.6105,0.6077,0.6382,0.5902,8.04,182.4,-17.0,0.2062,-0.2863,-0.9,0.7714,0.9348,0.6364,0.5865,0.7176
2026-08-28,-74.29,-52.94,0.6476,0.627,0.5475,0.56,9.58,109.6,-19.5,0.2794,0.1288,-0.2,0.7714,0.9348,0.637,0.6122,0.6875
2026-08-28,-74.29,-31.76,0.672,0.7146,0.6656,0.6402,8.44,120.3,-20.9,0.3991,0.0934,1.5,0.7714,0.9348,0.7349,0.6869,0.706
2026-08-28,-74.29,-10.59,0.7186,0.7297,0.6992,0.6968,15.54,29.2,-17.7,0.3455,0.1526,3.5,0.7714,0.9348,0.7051,0.7593,0.7194
2026-08-28,-74.29,10.59,0.7385,0.7555,0.6339,0.7654,5.65,204.6,-25.6,0.2146,0.1432,-0.6,0.7714,0.9348,0.754,0.7164,0.7646
2026-08-28,-74.29,31.76,0.8639,0.6638,0.7052,0.7767,12.31,139.0,-23.7,0.1483,-0.1201,2.4,0.7714,0.9348,0.8502,0.7562,0.7713
2026-08-28,-74.29,52.94,0.7328,0.8264,0.7813,0.7899,11.54,173.2,-18.0,0.3788,-0.0559,-1.1,0.7714,0.9348,0.7772,0.7513,0.8021
2026-08-28,-74.29,74.12,0.7529,0.8217,0.7613,0.805,12.28,357.2,-25.4,0.2521,0.1849,1.4,0.7714,0.9348,0.7185,0.8025,0.8467
2026-08-28,-74.29,95.29,0.8031,0.7987,0.7444,0.8084,7.94,168.5,-12.3,0.2838,0.2308,1.4,0.7714,0.9348,0.7054,0.7519,0.735
2026-08-28,-74.29,116.47,0.7106,0.7009,0.7743,0.7109,17.8,118.9,-22.3,0.1593,0.1508,-0.2,0.7714,0.9348,0.6851,0.7444,0.7606
2026-08-28,-74.29,137.65,0.6367,0.6601,0.7208,0.7617,5.16,40.5,-22.5,0.3441,-0.0176,0.8,0.7714,0.9348,0.7562,0.7508,0.7366
2026-08-28,-74.29,158.82,0.7054,0.6644,0.7062,0.659,8.41,295.0,-17.9,0.3637,-0.1648,-0.8,0.7714,0.9348,0.6555,0.6438,0.6016
2026-08-28,-74.29,180.0,0.6466,0.6347,0.5929,0.5794,9.0,311.8,-20.9,0.4288,0.1665,0.1,0.7714,0.9348,0.6087,0.6167,0.6265
2026-08-28,-72.86,-180.0,0.6187,0.5619,0.621,0.6114,15.08,188.2,-18.9,0.3813,0.0501,1.0,0.7143,0.9348,0.5045,0.5508,0.576
2026-08-28,-72.86,-158.82,0.5366,0.5547,0.5897,0.5136,6.08,259.3,-18.8,0.1736,-0.1166,0.9,0.7143,0.9348,0.5361,0.5403,0.5442
2026-08-28,-72.86,-137.65,0.5659,0.4661,0.5221,0.5388,6.71,84.7,-17.8,0.3644,-0.1056,0.7,0.7143,0.9348,0.572,0.5663,0.512
2026-08-28,-72.86,-116.47,0.5107,0.5546,0.5458,0.5232,16.56,337.0,-16.3,0.3651,-0.1167,0.5,0.7143,0.9348,0.5971,0.4683,0.4884
2026-08-28,-72.86,-95.29,0.5129,0.5489,0.5147,0.5313,12.43,139.7,-22.0,0.3084,-0.0178,-1.1,0.7143,0.9348,0.4832,0.564,0.5431
2026-08-28,-72.86,-74.12,0.5823,0.5604,0.5675,0.5931,6.18,158.5,-17.4,0.3348,-0.1828,0.7,0.7143,0.9348,0.5847,0.514,0.5648
2026-08-28,-72.86,-52.94,0.6338,0.6245,0.5428,0.5983,15.94,164.6,-19.6,0.4428,-0.0402,0.2,0.7143,0.9348,0.5987,0.5762,0.5955
2026-08-28,-72.86,-31.76,0.5705,0.6456,0.6508,0.6707,8.69,45.2,-20.6,0.0531,0.2856,-0.1,0.7143,0.9348,0.6127,0.6173,0.6458
2026-08-28,-72.86,-10.59,0.6308,0.6597,0.6588,0.6368,10.81,324.7,-19.9,0.1876,0.1676,2.1,0.7143,0.9348,0.6717,0.6503,0.6705
2026-08-28,-72.86,10.59,0.68,0.7017,0.6893,0.6253,12.22,98.0,-23.4,0.1462,-0.0422,1.2,0.7143,0.9348,0.7267,0.7649,0.7074
2026-08-28,-72.86,31.76,0.7182,0.7301,0.7725,0.6983,14.96,175.7,-18.4,0.3652,-0.1763,0.5,0.7143,0.9348,0.7096,0.7406,0.7246
2026-08-28,-72.86,52.94,0.7093,0.7131,0.741,0.7485,5.94,181.6,-20.6,0.3892,0.066,-0.3,0.7143,0.9348,0.7425,0.727,0.7464
2026-08-28,-72.86,74.12,0.7291,0.6269,0.7162,0.6992,16.21,139.8,-15.1,0.1787,-0.0307,0.4,0.7143,0.9348,0.661,0.7382,0.7251
2026-08-28,-72.86,95.29,0.7175,0.7539,0.7895,0.7071,5.8,75.2,-20.6,0.2697,0.1588,1.3,0.7143,0.9348,0.7329,0.7001,0.6276
2026-08-28,-72.86,116.47,0.6245,0.6661,0.6644,0.7174,12.63,137.5,-25.6,0.2326,0.0058,0.8,0.7143,0.9348,0.7144,0.7108,0.7293
2026-08-28,-72.86,137.65,0.71,0.6926,0.6894,0.6284,7.64,237.0,-24.3,0.3409,-0.0267,0.6,0.7143,0.9348,0.6117,0.6577,0.6089
2026-08-28,-72.86,158.82,0.6339,0.5842,0.5827,0.6338,12.93,28.4,-20.1,0.2428,0.0299,2.6,0.7143,0.9348,0.5639,0.57,0.6366
2026-08-28,-72.86,180.0,0.6027,0.6071,0.5393,0.585,10.49,291.0,-16.4,0.201,-0.0155,1.1,0.7143,0.9348,0.6851,0.5435,0.5464
2026-08-28,-71.43,-180.0,0.4826,0.5783,0.485,0.5504,11.69,97.3,-15.6,0.2056,-0.261,1.2,0.6571,0.9348,0.515,0.5022,0.5236
2026-08-28,-71.43,-158.82,0.4828,0.4624,0.5369,0.4511,14.18,151.6,-20.3,0.1558,-0.0177,-0.1,0.6571,0.9348,0.5709,0.472,0.5038
2026-08-28,-71.43,-137.65,0.4226,0.4996,0.4643,0.5128,9.09,159.8,-19.2,0.0922,0.0882,1.9,0.6571,0.9348,0.4898,0.4774,0.4791
2026-08-28,-71.43,-116.47,0.5018,0.5228,0.5158,0.5016,10.23,167.5,-17.5,0.2101,0.2118,0.9,0.6571,0.9348,0.505,0.4355,0.4711
2026-08-28,-71.43,-95.29,0.4491,0.461,0.4802,0.5065,14.67,142.5,-17.0,0.4261,0.0082,1.4,0.6571,0.9348,0.54,0.4483,0.5123
2026-08-28,-71.43,-74.12,0.5399,0.5804,0.5123,0.4615,12.94,112.1,-18.7,0.3244,0.049,0.8,0.6571,0.9348,0.5319,0.555,0.5243
2026-08-28,-71.43,-52.94,0.5231,0.5041,0.5022,0.6481,17.96,123.7,-9.5,0.053,0.0882,0.5,0.6571,0.9348,0.4697,0.5144,0.5925
2026-08-28,-71.43,-31.76,0.4973,0.5136,0.582,0.5541,9.44,27.2,-17.6,0.0768,0.1572,2.3,0.6571,0.9348,0.5751,0.5454,0.5929
2026-08-28,-71.43,-10.59,0.5944,0.5904,0.6959,0.5949,6.97,7.8,-18.5,0.2084,-0.003,1.3,0.6571,0.9348,0.6173,0.5809,0.624
2026-08-28,-71.43,10.59,0.6719,0.7051,0.6574,0.6054,7.65,87.0,-18.4,0.1982,-0.1768,0.9,0.6571,0.9348,0.6111,0.6142,0.6406
2026-08-28,-71.43,31.76,0.7117,0.6529,0.7128,0.6364,11.12,309.4,-18.0,0.4409,-0.0433,0.3,0.6571,0.9348,0.5614,0.5914,0.6405
2026-08-28,-71.43,52.94,0.6854,0.7134,0.6648,0.6325,5.9,98.8,-18.2,0.1751,-0.0193,-0.1,0.6571,0.9348,0.6912,0.6685,0.6776
2026-08-28,-71.43,74.12,0.7332,0.6891,0.7375,0.6344,7.76,228.6,-19.5,0.3033,0.3237,0.4,0.6571,0.9348,0.7094,0.6671,0.6577
2026-08-28,-71.43,95.29,0.6194,0.6455,0.6322,0.6513,11.38,190.6,-21.7,0.4184,0.0816,1.5,0.6571,0.9348,0.6463,0.6477,0.6144
2026-08-28,-71.43,116.47,0.6415,0.6052,0.6491,0.6051,8.81,207.7,-19.7,0.0914,0.0532,0.8,0.6571,0.9348,0.6128,0.6297,0.625
2026-08-28,-71.43,137.65,0.622,0.6285,0.6362,0.6122,14.6,86.3,-13.9,0.1224,0.3285,1.0,0.6571,0.9348,0.6463,0.611,0.5972
2026-08-28,-71.43,158.82,0.5872,0.575,0.5899,0.6052,10.78,42.3,-17.0,0.4092,0.1167,2.0,0.6571,0.9348,0.4838,0.5767,0.5195
2026-08-28,-71.43,180.0,0.6034,0.5157,0.5328,0.5971,5.84,118.1,-16.8,0.2211,-0.0241,0.3,0.6571,0.9348,0.491,0.4674,0.4883
2026-08-28,-70.0,-180.0,0.4944,0.52,0.4594,0.5175,17.65,343.7,-18.8,0.4018,0.1621,2.1,0.6,0.9348,0.4961,0.5814,0.481
2026-08-28,-70.0,-158.82,0.43,0.3971,0.4617,0.5076,16.26,158.1,-16.8,0.1675,0.0385,1.6,0.6,0.9348,0.3952,0.4967,0.448
2026-08-28,-70.0,-137.65,0.4378,0.4334,0.4642,0.4252,11.42,49.1,-19.4,0.2299,-0.0772,1.6,0.6,0.9348,0.4528,0.4672,0.4658
2026-08-28,-70.0,-116.47,0.451,0.4656,0.4153,0.4412,8.76,184.0,-19.2,0.0826,-0.0685,1.6,0.6,0.9348,0.4752,0.43,0.3535
2026-08-28,-70.0,-95.29,0.4651,0.4284,0.4143,0.4316,16.97,218.0,-19.6,0.2551,-0.071,4.3,0.6,0.9348,0.3473,0.4543,0.4341
2026-08-28,-70.0,-74.12,0.5189,0.4161,0.4522,0.4423,6.99,322.0,-19.1,0.1225,-0.2023,0.9,0.6,0.9348,0.4964,0.4869,0.4229
2026-08-28,-70.0,-52.94,0.5679,0.4465,0.5154,0.4257,11.27,82.5,-21.4,0.1081,0.0097,1.8,0.6,0.9348,0.4693,0.4953,0.5131
2026-08-28,-70.0,-31.76,0.6083,0.5209,0.4596,0.4803,10.8,10.4,-14.8,0.1396,-0.1317,4.2,0.6,0.9348,0.5439,0.5562,0.511
2026-08-28,-70.0,-10.59,0.5571,0.6264,0.5619,0.5943,17.23,107.0,-13.2,0.1084,0.046,2.6,0.6,0.9348,0.5388,0.5079,0.5406
2026-08-28,-70.0,10.59,0.549,0.6098,0.5164,0.6032,7.22,139.8,-19.7,0.2731,-0.0904,2.3,0.6,0.9348,0.5424,0.5795,0.5751
2026-08-28,-70.0,31.76,0.5868,0.5783,0.6355,0.6392,6.1,256.3,-15.9,0.1807,0.1274,1.1,0.6,0.9348,0.6718,0.6628,0.6172
2026-08-28,-70.0,52.94,0.6047,0.6261,0.6807,0.7209,16.47,234.2,-13.3,0.199,-0.09,2.4,0.6,0.9348,0.6061,0.6053,0.5965
2026-08-28,-70.0,74.12,0.601,0.6133,0.6049,0.6464,14.94,345.2,-15.6,0.0863,-0.16,1.5,0.6,0.9348,0.5879,0.6708,0.5681
2026-08-28,-70.0,95.29,0.5978,0.6535,0.6033,0.5955,16.44,21.1,-17.2,0.4454,0.0281,1.3,0.6,0.9348,0.64,0.6046,0.664
2026-08-28,-70.0,116.47,0.575,0.5847,0.5063,0.5687,11.4,172.8,-16.5,0.3656,-0.1401,3.1,0.6,0.9348,0.5812,0.5554,0.63
2026-08-28,-70.0,137.65,0.5527,0.5931,0.5708,0.5791,11.57,320.8,-19.1,0.4431,0.2422,3.2,0.6,0.9348,0.5357,0.5668,0.5856
2026-08-28,-70.0,158.82,0.4717,0.5332,0.5589,0.4841,5.88,129.1,-15.7,0.104,-0.1587,4.1,0.6,0.9348,0.47,0.5613,0.5139
2026-08-28,-70.0,180.0,0.4759,0.5016,0.5054,0.5442,12.19,296.4,-18.3,0.1666,-0.2577,3.9,0.6,0.9348,0.502,0.4991,0.4706
2026-08-28,-68.57,-180.0,0.447,0.3698,0.4589,0.3234,10.42,353.9,-17.4,0.2414,-0.0334,3.5,0.5429,0.9348,0.4615,0.4405,0.4595
2026-08-28,-68.57,-158.82,0.3904,0.4125,0.3709,0.4766,10.5,109.8,-14.1,0.1819,0.1117,1.8,0.5429,0.9348,0.4004,0.4116,0.4221
2026-08-28,-68.57,-137.65,0.3575,0.3922,0.4559,0.4428,9.35,285.7,-17.7,0.2149,0.2047,2.9,0.5429,0.9348,0.4135,0.3435,0.3932
2026-08-28,-68.57,-116.47,0.4581,0.3898,0.3052,0.3367,16.31,276.2,-12.1,0.2113,0.1005,2.8,0.5429,0.9348,0.3904,0.4206,0.3429
2026-08-28,-68.57,-95.29,0.3849,0.3898,0.5234,0.3787,12.26,288.7,-14.8,0.297,0.2175,3.8,0.5429,0.9348,0.4204,0.4055,0.4369
2026-08-28,-68.57,-74.12,0.3835,0.3401,0.2621,0.4763,5.28,174.8,-16.2,0.1906,-0.2608,2.9,0.5429,0.9348,0.4541,0.4298,0.3944
2026-08-28,-68.57,-52.94,0.4268,0.447,0.4803,0.4525,14.51,318.4,-20.8,0.1,-0.2814,2.8,0.5429,0.9348,0.3669,0.4134,0.4573
2026-08-28,-68.57,-31.76,0.5149,0.5028,0.4563,0.5533,7.52,110.8,-20.2,0.0796,-0.282,2.9,0.5429,0.9348,0.5516,0.4679,0.4632
2026-08-28,-68.57,-10.59,0.5236,0.4963,0.5142,0.538,17.99,47.1,-14.1,0.3597,0.0291,3.2,0.5429,0.9348,0.5035,0.5111,0.4598
2026-08-28,-68.57,10.59,0.4986,0.4288,0.5538,0.5928,14.97,38.7,-16.4,0.3388,-0.0008,1.7,0.5429,0.9348,0.6185,0.5239,0.6397
2026-08-28,-68.57,31.76,0.5261,0.5616,0.5827,0.6095,7.74,192.5,-20.8,0.0776,0.3042,1.6,0.5429,0.9348,0.5532,0.5847,0.5479
2026-08-28,-68.57,52.94,0.5059,0.575,0.5405,0.6294,8.5,62.5,-13.0,0.1116,-0.2327,2.0,0.5429,0.9348,0.55,0.5276,0.5758
2026-08-28,-68.57,74.12,0.5169,0.5097,0.6446,0.5695,17.08,206.3,-19.1,0.3519,0.2811,3.6,0.5429,0.9348,0.6331,0.5286,0.6062
2026-08-28,-68.57,95.29,0.6244,0.5238,0.636,0.5506,17.95,318.2,-14.4,0.1859,0.1998,3.1,0.5429,0.9348,0.5592,0.6025,0.5455
2026-08-28,-68.57,116.47,0.5675,0.5535,0.5028,0.6007,8.76,199.4,-18.7,0.4204,-0.236,1.6,0.5429,0.9348,0.5699,0.4962,0.545
2026-08-28,-68.57,137.65,0.4601,0.5724,0.4633,0.4747,14.75,350.1,-14.1,0.3453,0.0421,3.5,0.5429,0.9348,0.5269,0.566,0.5285
2026-08-28,-68.57,158.82,0.4794,0.483,0.5075,0.5355,10.74,17.1,-18.1,0.064,0.1574,2.0,0.5429,0.9348,0.4481,0.4648,0.3942
2026-08-28,-68.57,180.0,0.4324,0.4002,0.4183,0.4318,6.27,55.5,-15.5,0.0742,-0.2372,1.8,0.5429,0.9348,0.43,0.5287,0.3964
2026-08-28,-67.14,-180.0,0.3794,0.3409,0.404,0.3269,5.01,20.5,-15.3,0.4034,0.0282,3.0,0.4857,0.9348,0.3706,0.4169,0.3604
2026-08-28,-67.14,-158.82,0.3692,0.3296,0.3765,0.365,7.9,211.9,-10.6,0.409,0.1444,2.5,0.4857,0.9348,0.3698,0.3469,0.3274
2026-08-28,-67.14,-137.65,0.3241,0.3027,0.3909,0.3429,9.86,215.7,-12.9,0.3118,-0.0194,1.3,0.4857,0.9348,0.3083,0.3507,0.2783
2026-08-28,-67.14,-116.47,0.3738,0.2998,0.2748,0.3134,12.78,17.2,-15.3,0.3458,0.1882,3.4,0.4857,0.9348,0.2741,0.4215,0.3531
2026-08-28,-67.14,-95.29,0.3798,0.3026,0.3215,0.3735,16.36,233.8,-12.8,0.1009,0.0545,4.3,0.4857,0.9348,0.336,0.3194,0.366
2026-08-28,-67.14,-74.12,0.2678,0.3701,0.3367,0.3177,7.33,133.2,-11.2,0.2468,-0.049,2.5,0.4857,0.9348,0.3753,0.3072,0.3568
2026-08-28,-67.14,-52.94,0.3377,0.3861,0.3938,0.3951,16.67,14.1,-19.7,0.2365,-0.2351,3.4,0.4857,0.9348,0.3948,0.3493,0.3178
2026-08-28,-67.14,-31.76,0.4164,0.3951,0.4695,0.4267,10.35,356.9,-14.7,0.4145,-0.1272,3.0,0.4857,0.9348,0.4178,0.4289,0.4023
2026-08-28,-67.14,-10.59,0.4642,0.4765,0.4546,0.4366,8.37,242.4,-12.8,0.3875,0.1001,2.8,0.4857,0.9348,0.4354,0.4726,0.3981
2026-08-28,-67.14,10.59,0.4748,0.5488,0.5719,0.5204,10.73,265.6,-18.7,0.2555,-0.1219,3.6,0.4857,0.9348,0.4765,0.419,0.5243
2026-08-28,-67.14,31.76,0.512,0.5025,0.6001,0.5758,12.66,337.8,-13.1,0.2594,-0.1991,2.5,0.4857,0.9348,0.4684,0.5098,0.5456
2026-08-28,-67.14,52.94,0.5829,0.4521,0.5554,0.4906,10.95,303.8,-13.1,0.0972,0.14,1.8,0.4857,0.9348,0.4865,0.5897,0.5251
2026-08-28,-67.14,74.12,0.5023,0.5024,0.5494,0.5007,12.94,137.8,-18.5,0.4354,0.0949,2.7,0.4857,0.9348,0.5097,0.5504,0.5226
2026-08-28,-67.14,95.29,0.5317,0.4846,0.568,0.5556,17.9,26.2,-12.5,0.3467,-0.1369,0.0,0.4857,0.9348,0.5169,0.5442,0.5221
2026-08-28,-67.14,116.47,0.477,0.5295,0.4951,0.5037,16.35,353.9,-14.8,0.2295,0.1132,1.3,0.4857,0.9348,0.4877,0.4133,0.4109
2026-08-28,-67.14,137.65,0.452,0.409,0.4518,0.3964,11.25,280.1,-11.5,0.3774,-0.1554,3.7,0.4857,0.9348,0.4914,0.4532,0.47
2026-08-28,-67.14,158.82,0.4195,0.4283,0.3875,0.417,9.87,91.2,-12.0,0.1844,0.0572,4.8,0.4857,0.9348,0.3762,0.3562,0.4432
2026-08-28,-67.14,180.0,0.4,0.4777,0.3841,0.4109,17.31,260.1,-15.5,0.4437,0.1243,2.4,0.4857,0.9348,0.3094,0.4112,0.3511
2026-08-28,-65.71,-180.0,0.2518,0.3368,0.3164,0.2862,12.17,351.7,-10.9,0.1132,0.3369,5.2,0.4286,0.9348,0.3854,0.2573,0.3388
2026-08-28,-65.71,-158.82,0.3046,0.3417,0.2518,0.3063,9.11,144.9,-10.1,0.3549,-0.0838,2.1,0.4286,0.9348,0.3256,0.3078,0.3338
2026-08-28,-65.71,-137.65,0.3445,0.2596,0.3169,0.2679,10.49,124.9,-16.6,0.0541,-0.0976,3.8,0.4286,0.9348,0.2958,0.2499,0.2904
2026-08-28,-65.71,-116.47,0.207,0.2938,0.2626,0.234,13.53,177.4,-15.6,0.0566,0.074,4.2,0.4286,0.9348,0.3524,0.2788,0.2971
2026-08-28,-65.71,-95.29,0.2615,0.2888,0.2311,0.2429,8.2,321.5,-10.1,0.2383,0.0414,3.8,0.4286,0.9348,0.3029,0.2691,0.2206
2026-08-28,-65.71,-74.12,0.2699,0.3426,0.2769,0.3415,15.48,49.6,-13.7,0.3883,0.106,2.7,0.4286,0.9348,0.2722,0.2611,0.2773
2026-08-28,-65.71,-52.94,0.3786,0.313,0.346,0.3508,5.3,163.7,-14.2,0.058,-0.0619,3.1,0.4286,0.9348,0.3415,0.3782,0.3864
2026-08-28,-65.71,-31.76,0.3668,0.3025,0.375,0.3515,6.63,59.2,-12.3,0.154,0.0953,2.8,0.4286,0.9348,0.3778,0.3478,0.4121
2026-08-28,-65.71,-10.59,0.3486,0.4177,0.3993,0.3988,6.6,275.2,-15.0,0.3406,-0.0292,5.3,0.4286,0.9348,0.4587,0.4071,0.4111
2026-08-28,-65.71,10.59,0.4905,0.449,0.4889,0.4613,17.07,12.2,-14.0,0.3066,0.1942,2.2,0.4286,0.9348,0.454,0.4337,0.4403
2026-08-28,-65.71,31.76,0.4662,0.4154,0.4021,0.3735,16.68,149.4,-13.7,0.4398,0.2914,4.9,0.4286,0.9348,0.4804,0.5006,0.4376
2026-08-28,-65.71,52.94,0.5302,0.4605,0.4197,0.422,12.64,7.4,-12.2,0.2983,-0.0584,3.7,0.4286,0.9348,0.5179,0.4492,0.5328
2026-08-28,-65.71,74.12,0.5248,0.5089,0.5221,0.5198,10.02,120.8,-9.5,0.3763,0.0332,4.2,0.4286,0.9348,0.4397,0.4541,0.4269
2026-08-28,-65.71,95.29,0.3931,0.4373,0.4426,0.4802,10.6,244.9,-18.0,0.0845,0.0689,4.1,0.4286,0.9348,0.4552,0.3721,0.449
2026-08-28,-65.71,116.47,0.4008,0.4865,0.451,0.4036,13.64,335.1,-14.9,0.1316,0.0866,5.5,0.4286,0.9348,0.4253,0.4015,0.465
2026-08-28,-65.71,137.65,0.3524,0.3489,0.3734,0.425,10.51,218.8,-17.8,0.1844,-0.1686,4.7,0.4286,0.9348,0.4726,0.434,0.437
2026-08-28,-65.71,158.82,0.2913,0.3603,0.3856,0.3844,15.23,35.3,-14.3,0.3966,0.0419,5.3,0.4286,0.9348,0.4038,0.373,0.3627
2026-08-28,-65.71,180.0,0.2908,0.3419,0.3951,0.3138,9.27,185.7,-17.0,0.3083,-0.0049,3.6,0.4286,0.9348,0.3492,0.3455,0.3429
2026-08-28,-64.29,-180.0,0.2506,0.2693,0.2956,0.2254,14.35,135.4,-5.8,0.1118,-0.06,1.7,0.3714,0.9348,0.3203,0.2526,0.3001
2026-08-28,-64.29,-158.82,0.1776,0.2777,0.2201,0.2308,14.19,101.3,-14.6,0.2813,0.2728,4.6,0.3714,0.9348,0.2874,0.2052,0.2078
2026-08-28,-64.29,-137.65,0.2256,0.1708,0.1682,0.2251,13.65,123.7,-15.5,0.2112,0.0708,5.5,0.3714,0.9348,0.2699,0.1941,0.3422
2026-08-28,-64.29,-116.47,0.2667,0.1607,0.2619,0.2553,15.23,295.8,-10.4,0.2008,0.1733,6.0,0.3714,0.9348,0.2815,0.2799,0.2808
2026-08-28,-64.29,-95.29,0.3086,0.264,0.302,0.2068,8.73,190.3,-9.0,0.3154,-0.0025,2.9,0.3714,0.9348,0.2632,0.2156,0.256
2026-08-28,-64.29,-74.12,0.2976,0.2752,0.2591,0.2411,16.72,217.0,-17.5,0.219,0.0057,5.4,0.3714,0.9348,0.1989,0.1875,0.2246
2026-08-28,-64.29,-52.94,0.2812,0.2235,0.2495,0.3158,14.22,73.6,-16.7,0.3026,-0.1832,3.7,0.3714,0.9348,0.2812,0.3346,0.2799
2026-08-28,-64.29,-31.76,0.2988,0.254,0.3475,0.3482,17.5,216.8,-12.2,0.3404,0.1265,3.3,0.3714,0.9348,0.3722,0.3015,0.3501
2026-08-28,-64.29,-10.59,0.3303,0.3755,0.385,0.4023,11.65,192.6,-9.6,0.3576,0.0437,5.8,0.3714,0.9348,0.3201,0.369,0.3333
2026-08-28,-64.29,10.59,0.329,0.352,0.442,0.3839,15.24,143.5,-16.4,0.3769,0.3215,6.1,0.3714,0.9348,0.4872,0.3353,0.4096
2026-08-28,-64.29,31.76,0.3837,0.3736,0.427,0.3387,9.64,91.1,-15.6,0.2937,0.035,3.9,0.3714,0.9348,0.457,0.4058,0.4362
2026-08-28,-64.29,52.94,0.4335,0.3833,0.4337,0.3832,5.34,290.0,-5.6,0.3429,0.0641,4.8,0.3714,0.9348,0.3943,0.3917,0.4284
2026-08-28,-64.29,74.12,0.4283,0.4895,0.4622,0.3659,17.51,289.2,-15.7,0.4311,-0.1503,4.8,0.3714,0.9348,0.4072,0.3333,0.4727
2026-08-28,-64.29,95.29,0.4866,0.4585,0.3745,0.3696,16.54,145.1,-18.0,0.21,0.2304,3.9,0.3714,0.9348,0.4133,0.4482,0.492
2026-08-28,-64.29,116.47,0.4058,0.4139,0.3872,0.4114,11.26,258.6,-13.7,0.1057,0.0212,4.2,0.3714,0.9348,0.3869,0.419,0.3376
2026-08-28,-64.29,137.65,0.4487,0.3999,0.3245,0.3897,13.8,291.9,-12.6,0.4253,0.1171,5.3,0.3714,0.9348,0.3885,0.3245,0.3758
2026-08-28,-64.29,158.82,0.3513,0.2714,0.3371,0.2272,17.42,62.5,-8.2,0.2748,0.0571,2.0,0.3714,0.9348,0.3045,0.2702,0.3429
2026-08-28,-64.29,180.0,0.246,0.2388,0.3229,0.3525,13.43,21.8,-12.8,0.261,-0.2821,4.0,0.3714,0.9348,0.2325,0.3012,0.3397
2026-08-28,-62.86,-180.0,0.1764,0.2691,0.2471,0.2293,10.79,287.9,-7.4,0.4374,0.0412,4.8,0.3143,0.9348,0.2225,0.1678,0.181
2026-08-28,-62.86,-158.82,0.1906,0.1567,0.2029,0.1468,14.99,50.0,-15.9,0.2049,-0.1613,4.5,0.3143,0.9348,0.1397,0.1522,0.1472
2026-08-28,-62.86,-137.65,0.1584,0.0967,0.1251,0.1469,8.34,233.6,-13.4,0.3441,-0.1198,2.6,0.3143,0.9348,0.2315,0.1691,0.1658
2026-08-28,-62.86,-116.47,0.2216,0.1397,0.0893,0.2231,12.2,351.7,-10.1,0.1077,0.0405,4.5,0.3143,0.9348,0.1507,0.1769,0.1835
2026-08-28,-62.86,-95.29,0.2143,0.1939,0.1502,0.2135,9.68,20.0,-14.6,0.3436,-0.1512,4.9,0.3143,0.9348,0.0828,0.1684,0.1924
2026-08-28,-62.86,-74.12,0.2045,0.1727,0.2198,0.2299,14.35,195.2,-13.9,0.0626,0.0802,4.4,0.3143,0.9348,0.2704,0.2092,0.2293
2026-08-28,-62.86,-52.94,0.3422,0.287,0.2992,0.2247,9.12,20.9,-19.1,0.4255,-0.1816,3.5,0.3143,0.9348,0.2475,0.2256,0.2583
2026-08-28,-62.86,-31.76,0.2776,0.2726,0.2707,0.2421,10.86,248.9,-17.1,0.2813,-0.2177,5.7,0.3143,0.9348,0.2313,0.3094,0.1841
2026-08-28,-62.86,-10.59,0.2489,0.326,0.351,0.3352,11.82,12.3,-6.8,0.2886,-0.0144,5.6,0.3143,0.9348,0.3125,0.2494,0.3335
2026-08-28,-62.86,10.59,0.3598,0.4018,0.3873,0.324,17.96,329.4,-13.0,0.1931,-0.2245,4.7,0.3143,0.9348,0.3699,0.2888,0.3965
2026-08-28,-62.86,31.76,0.4042,0.3968,0.2643,0.3718,13.64,36.6,-10.8,0.3144,-0.3007,5.4,0.3143,0.9348,0.4134,0.3373,0.3374
2026-08-28,-62.86,52.94,0.4312,0.3788,0.428,0.4182,10.75,81.5,-10.2,0.2646,0.0827,6.2,0.3143,0.9348,0.4434,0.4088,0.498
2026-08-28,-62.86,74.12,0.3382,0.438,0.3607,0.3511,7.28,318.3,-11.5,0.4458,0.0383,4.6,0.3143,0.9348,0.409,0.3541,0.4453
2026-08-28,-62.86,95.29,0.2846,0.2916,0.2814,0.3222,11.18,275.8,-9.3,0.0579,0.2576,4.8,0.3143,0.9348,0.3221,0.3224,0.3357
2026-08-28,-62.86,116.47,0.3235,0.3027,0.3562,0.3403,11.27,75.8,-13.1,0.4471,-0.0653,6.2,0.3143,0.9348,0.3057,0.2761,0.2777
2026-08-28,-62.86,137.65,0.3005,0.2735,0.377,0.3011,16.0,73.8,-12.0,0.2096,-0.1158,5.9,0.3143,0.9348,0.3399,0.2938,0.3352
2026-08-28,-62.86,158.82,0.2508,0.2325,0.3371,0.2169,8.19,25.7,-13.9,0.2695,0.0014,6.1,0.3143,0.9348,0.2777,0.1894,0.1933
2026-08-28,-62.86,180.0,0.2335,0.2127,0.199,0.1975,14.43,150.1,-10.4,0.2364,0.1432,3.3,0.3143,0.9348,0.2249,0.1405,0.2328
2026-08-28,-61.43,-180.0,0.1141,0.1361,0.1623,0.1667,11.48,307.9,-13.9,0.4271,0.1148,5.6,0.2571,0.9348,0.261,0.2499,0.1578
2026-08-28,-61.43,-158.82,0.2086,0.173,0.202,0.1591,6.65,54.6,-8.8,0.3636,-0.2232,5.7,0.2571,0.9348,0.1893,0.1369,0.1519
2026-08-28,-61.43,-137.65,0.1695,0.1128,0.1208,0.1787,11.09,314.9,-10.2,0.1232,-0.1364,3.5,0.2571,0.9348,0.1142,0.1203,0.1571
2026-08-28,-61.43,-116.47,0.1395,0.1265,0.0792,0.1285,11.1,125.2,-13.4,0.3167,0.0963,5.9,0.2571,0.9348,0.0637,0.196,0.2209
2026-08-28,-61.43,-95.29,0.1163,0.1347,0.1747,0.1359,10.64,307.3,-14.0,0.3101,0.1078,6.6,0.2571,0.9348,0.2484,0.0836,0.156
2026-08-28,-61.43,-74.12,0.1918,0.2035,0.1264,0.18,13.61,270.6,-11.8,0.2995,0.1215,7.4,0.2571,0.9348,0.1832,0.1607,0.1513
2026-08-28,-61.43,-52.94,0.1769,0.1117,0.2073,0.1927,9.28,211.4,-10.5,0.4185,0.2558,7.0,0.2571,0.9348,0.1796,0.168,0.2253
2026-08-28,-61.43,-31.76,0.2365,0.2544,0.2243,0.2302,9.45,82.9,-12.3,0.0541,0.0075,6.1,0.2571,0.9348,0.2328,0.2197,0.2368
2026-08-28,-61.43,-10.59,0.2872,0.2003,0.1873,0.2895,16.9,289.9,-6.3,0.2417,0.3002,3.8,0.2571,0.9348,0.2754,0.2475,0.2896
2026-08-28,-61.43,10.59,0.3037,0.2316,0.3325,0.2175,6.09,171.3,-10.9,0.305,0.0419,5.5,0.2571,0.9348,0.2808,0.3482,0.3088
2026-08-28,-61.43,31.76,0.3683,0.3522,0.3438,0.2668,8.42,212.8,-7.9,0.3487,-0.0862,4.3,0.2571,0.9348,0.2716,0.2746,0.2756
2026-08-28,-61.43,52.94,0.3098,0.2868,0.3841,0.2644,17.18,255.6,-11.2,0.3361,-0.0748,6.4,0.2571,0.9348,0.3542,0.2937,0.3323
2026-08-28,-61.43,74.12,0.331,0.3134,0.3467,0.3535,16.11,134.0,-10.5,0.224,-0.0896,7.1,0.2571,0.9348,0.3416,0.2881,0.3008
2026-08-28,-61.43,95.29,0.332,0.3903,0.3069,0.297,13.03,177.2,-10.3,0.3695,0.1793,4.5,0.2571,0.9348,0.3028,0.3376,0.3443
2026-08-28,-61.43,116.47,0.3667,0.2883,0.334,0.344,15.65,287.4,-12.4,0.0627,0.0052,5.5,0.2571,0.9348,0.282,0.2673,0.2464
2026-08-28,-61.43,137.65,0.2679,0.3128,0.2463,0.2455,7.94,301.9,-8.7,0.2505,0.0865,5.1,0.2571,0.9348,0.3018,0.2389,0.3161
2026-08-28,-61.43,158.82,0.1725,0.2142,0.2151,0.2462,6.04,357.5,-10.7,0.055,0.1713,5.9,0.2571,0.9348,0.1974,0.215,0.2011
2026-08-28,-61.43,180.0,0.2299,0.1601,0.2129,0.1376,6.08,86.4,-7.5,0.1163,0.1655,6.9,0.2571,0.9348,0.1485,0.1533,0.0923
2026-08-28,-60.0,-180.0,0.1297,0.1248,0.1681,0.1154,16.16,164.7,-7.6,0.445,0.0488,6.1,0.2,0.9348,0.1922,0.1626,0.0646
2026-08-28,-60.0,-158.82,0.0685,0.0382,0.0832,0.147,6.63,97.2,-5.5,0.1264,0.1316,4.9,0.2,0.9348,0.1559,0.124,0.1138
2026-08-28,-60.0,-137.65,0.0,0.0415,0.0609,0.0802,17.41,136.6,-6.6,0.3099,-0.1846,5.7,0.2,0.9348,0.1246,0.1215,0.1001
2026-08-28,-60.0,-116.47,0.0567,0.02,0.0389,0.04,6.63,117.3,-9.9,0.1592,0.0712,7.5,0.2,0.9348,0.0307,0.075,0.0894
2026-08-28,-60.0,-95.29,0.0936,0.0794,0.1539,0.0866,13.69,145.2,-11.9,0.3944,-0.1163,5.6,0.2,0.9348,0.0755,0.0706,0.1094
2026-08-28,-60.0,-74.12,0.1144,0.0925,0.1232,0.0723,8.64,162.6,-10.6,0.25,0.074,6.4,0.2,0.9348,0.0712,0.0246,0.0861
2026-08-28,-60.0,-52.94,0.1261,0.13,0.2032,0.1833,16.63,176.6,-9.7,0.1547,0.1022,8.4,0.2,0.9348,0.1499,0.1896,0.1206
2026-08-28,-60.0,-31.76,0.164,0.1028,0.1351,0.2091,14.54,257.3,-11.8,0.252,0.0213,5.2,0.2,0.9348,0.218,0.1929,0.164
2026-08-28,-60.0,-10.59,0.2536,0.1995,0.2101,0.1507,5.49,53.0,-12.9,0.137,0.1231,5.8,0.2,0.9348,0.2274,0.2194,0.2114
2026-08-28,-60.0,10.59,0.2812,0.2198,0.2042,0.2388,11.93,145.8,-9.4,0.3249,0.065,5.2,0.2,0.9348,0.1608,0.1898,0.2223
2026-08-28,-60.0,31.76,0.3723,0.2456,0.2343,0.3214,6.99,199.5,-6.2,0.4004,-0.023,6.3,0.2,0.9348,0.2416,0.303,0.3156
2026-08-28,-60.0,52.94,0.3148,0.2841,0.2699,0.2062,10.36,202.2,-8.9,0.4036,-0.1494,5.9,0.2,0.9348,0.2702,0.2919,0.2371
2026-08-28,-60.0,74.12,0.2641,0.2915,0.2448,0.3582,5.3,296.5,-6.3,0.2153,-0.1435,4.7,0.2,0.9348,0.2011,0.2332,0.3122
2026-08-28,-60.0,95.29,0.2459,0.301,0.2681,0.262,14.42,86.9,-8.2,0.1312,0.3425,5.4,0.2,0.9348,0.2403,0.2661,0.2584
2026-08-28,-60.0,116.47,0.2145,0.2582,0.1438,0.2386,9.13,210.3,-14.3,0.1445,0.0845,6.8,0.2,0.9348,0.2824,0.2308,0.2129
2026-08-28,-60.0,137.65,0.1864,0.1464,0.1924,0.2142,15.52,235.0,-4.1,0.2751,-0.0751,7.0,0.2,0.9348,0.1719,0.1875,0.2189
2026-08-28,-60.0,158.82,0.1679,0.0991,0.1824,0.1592,10.22,246.2,-10.7,0.0676,0.1135,5.9,0.2,0.9348,0.148,0.0881,0.187
2026-08-28,-60.0,180.0,0.1224,0.0973,0.1158,0.1407,17.29,227.2,-10.4,0.3553,0.0465,5.6,0.2,0.9348,0.0863,0.1306,0.1928
2026-08-29,-80.0,-180.0,0.8408,0.7999,0.8417,0.8737,13.46,297.1,-28.9,0.0739,0.0135,-2.0,1.0,0.9305,0.8219,0.8917,0.7933
2026-08-29,-80.0,-158.82,0.7696,0.7791,0.7504,0.8486,17.84,63.4,-29.5,0.1444,-0.1204,-2.5,1.0,0.9305,0.7534,0.8646,0.7969
2026-08-29,-80.0,-137.65,0.7282,0.8324,0.8231,0.7961,5.68,301.4,-20.2,0.4046,0.027,-2.1,1.0,0.9305,0.7713,0.7556,0.7474
2026-08-29,-80.0,-116.47,0.8864,0.7255,0.7032,0.8077,6.36,91.4,-22.7,0.0963,0.0971,-2.5,1.0,0.9305,0.7516,0.7806,0.7612
2026-08-29,-80.0,-95.29,0.7748,0.7621,0.7792,0.8083,7.72,185.7,-23.8,0.2531,-0.018,-4.7,1.0,0.9305,0.8094,0.7865,0.7135
2026-08-29,-80.0,-74.12,0.8001,0.764,0.8035,0.7928,11.1,284.9,-27.9,0.3925,-0.0959,-1.8,1.0,0.9305,0.7822,0.8168,0.8155
2026-08-29,-80.0,-52.94,0.9154,0.8633,0.8686,0.8554,8.37,102.6,-19.7,0.4457,-0.0924,-1.0,1.0,0.9305,0.8532,0.8377,0.8961
2026-08-29,-80.0,-31.76,0.8602,0.8148,0.8594,0.873,12.94,35.4,-24.7,0.2892,0.0204,-0.7,1.0,0.9305,0.8319,0.7929,0.8169
2026-08-29,-80.0,-10.59,0.8902,1.0,0.9916,0.8424,16.3,99.4,-25.5,0.3999,0.2558,-2.0,1.0,0.9305,0.9719,0.9741,0.8969
2026-08-29,-80.0,10.59,0.8945,0.9244,0.9887,0.8628,7.95,224.6,-26.8,0.3832,-0.0065,-3.0,1.0,0.9305,1.0,0.9128,0.8976
2026-08-29,-80.0,31.76,0.9554,1.0,0.9719,1.0,7.45,240.9,-25.1,0.1048,-0.0265,-2.8,1.0,0.9305,1.0,0.9466,0.9138
2026-08-29,-80.0,52.94,0.9622,0.9484,0.9622,0.9551,10.5,291.8,-21.0,0.356,-0.1206,-2.8,1.0,0.9305,0.9685,0.9312,0.9904
2026-08-29,-80.0,74.12,0.9387,0.9503,0.9247,1.0,7.8,332.8,-24.2,0.3485,-0.1118,-1.9,1.0,0.9305,1.0,1.0,0.9561
2026-08-29,-80.0,95.29,0.9095,1.0,0.9668,1.0,16.75,110.6,-27.0,0.2763,0.103,-4.2,1.0,0.9305,0.9135,0.9909,0.9503
2026-08-29,-80.0,116.47,0.9887,0.8599,0.9073,0.9359,5.16,358.4,-25.3,0.4467,0.0999,-1.2,1.0,0.9305,1.0,0.9384,0.9927
2026-08-29,-80.0,137.65,0.8943,0.9489,0.9048,0.9168,13.07,53.8,-22.2,0.2701,0.2166,-2.1,1.0,0.9305,0.9004,0.9366,0.8903
2026-08-29,-80.0,158.82,0.8443,0.877,0.8432,0.8741,14.15,90.7,-28.6,0.4403,-0.1124,-1.1,1.0,0.9305,0.8646,0.8315,0.8888
2026-08-29,-80.0,180.0,0.839,0.815,0.8346,0.8358,6.56,357.0,-24.0,0.1239,-0.0851,-1.5,1.0,0.9305,0.7943,0.8336,0.8545
2026-08-29,-78.57,-180.0,0.6933,0.7353,0.7112,0.8474,7.21,186.9,-24.5,0.2429,-0.1566,-2.4,0.9429,0.9305,0.757,0.7795,0.7561
2026-08-29,-78.57,-158.82,0.7463,0.7581,0.7544,0.8454,13.74,141.8,-21.1,0.2174,0.1856,-2.6,0.9429,0.9305,0.7428,0.7167,0.7691
2026-08-29,-78.57,-137.65,0.7392,0.7645,0.7505,0.7354,16.73,291.8,-21.5,0.3086,-0.0093,-2.1,0.9429,0.9305,0.8707,0.7456,0.6711
2026-08-29,-78.57,-116.47,0.7015,0.7972,0.7411,0.7688,8.47,242.5,-23.7,0.4127,-0.1579,-0.3,0.9429,0.9305,0.6572,0.7063,0.6843
2026-08-29,-78.57,-95.29,0.7752,0.7332,0.8747,0.6869,13.46,6.1,-22.0,0.0846,0.0685,-0.8,0.9429,0.9305,0.7043,0.7696,0.724
2026-08-29,-78.57,-74.12,0.7826,0.7131,0.7946,0.7158,13.26,204.2,-26.7,0.26,0.0536,-1.7,0.9429,0.9305,0.7644,0.7012,0.735
2026-08-29,-78.57,-52.94,0.7946,0.7846,0.7343,0.7942,11.94,207.5,-30.7,0.3301,-0.2833,-1.2,0.9429,0.9305,0.7462,0.6954,0.8548
2026-08-29,-78.57,-31.76,0.8548,0.8022,0.8138,0.7664,13.16,189.8,-19.5,0.3195,0.1232,-2.4,0.9429,0.9305,0.8774,0.8357,0.8582
2026-08-29,-78.57,-10.59,0.8415,0.8468,0.8343,0.8414,9.7,225.6,-24.4,0.2325,-0.0698,-1.6,0.9429,0.9305,0.8026,0.8092,0.9451
2026-08-29,-78.57,10.59,0.935,0.8297,0.8782,0.9583,9.25,297.1,-26.4,0.1928,-0.0648,-1.5,0.9429,0.9305,0.9231,0.9052,0.8198
2026-08-29,-78.57,31.76,0.9242,0.8979,0.9082,0.8732,5.88,274.7,-23.7,0.1045,0.1546,-1.1,0.9429,0.9305,0.9064,0.8782,0.895
2026-08-29,-78.57,52.94,0.9116,0.8592,0.9762,0.9512,16.77,55.0,-26.7,0.1379,0.0233,-2.9,0.9429,0.9305,0.8497,0.8938,0.9085
2026-08-29,-78.57,74.12,0.9234,0.988,0.9328,0.9193,17.09,329.4,-23.9,0.1445,0.0574,-1.7,0.9429,0.9305,0.8976,0.9844,0.8778
2026-08-29,-78.57,95.29,0.9395,0.9153,0.9443,0.9036,15.19,352.1,-21.5,0.3158,-0.0329,-1.9,0.9429,0.9305,0.913,0.9296,0.9599
2026-08-29,-78.57,116.47,0.961,0.8906,0.8415,0.9256,11.78,38.5,-20.5,0.1438,0.3301,-2.4,0.9429,0.9305,0.8715,0.8594,0.9121
2026-08-29,-78.57,137.65,0.8531,0.8712,0.8528,0.8627,12.35,246.2,-23.0,0.3868,-0.1293,-2.2,0.9429,0.9305,0.8338,0.8806,0.7789
2026-08-29,-78.57,158.82,0.7079,0.7702,0.8434,0.8008,5.51,183.3,-27.6,0.3543,-0.1178,0.8,0.9429,0.9305,0.822,0.7721,0.7791
2026-08-29,-78.57,180.0,0.7598,0.7723,0.728,0.825,7.14,117.6,-21.3,0.267,-0.2119,-0.5,0.9429,0.9305,0.7658,0.7969,0.7064
2026-08-29,-77.14,-180.0,0.6956,0.775,0.6958,0.7457,12.72,56.5,-19.3,0.1954,-0.0542,-1.4,0.8857,0.9305,0.7172,0.7141,0.7071
2026-08-29,-77.14,-158.82,0.6873,0.7353,0.7232,0.6582,5.42,225.7,-21.8,0.4121,0.0157,-2.0,0.8857,0.9305,0.7663,0.7147,0.7191
2026-08-29,-77.14,-137.65,0.7345,0.6666,0.6893,0.7118,11.81,138.7,-24.8,0.2959,-0.2504,-1.3,0.8857,0.9305,0.6763,0.6724,0.6851
2026-08-29,-77.14,-116.47,0.6136,0.6774,0.706,0.7297,10.94,75.0,-20.7,0.2286,0.0856,-2.0,0.8857,0.9305,0.699,0.6692,0.6911
2026-08-29,-77.14,-95.29,0.6953,0.6996,0.7445,0.7254,8.78,234.6,-24.2,0.0982,0.1731,-0.1,0.8857,0.9305,0.6355,0.6984,0.6608
2026-08-29,-77.14,-74.12,0.7398,0.6488,0.7069,0.6967,5.01,157.5,-25.6,0.403,-0.0608,-1.4,0.8857,0.9305,0.6622,0.6039,0.6892
2026-08-29,-77.14,-52.94,0.7167,0.665,0.7802,0.7709,8.59,190.6,-22.2,0.3053,0.2745,-1.1,0.8857,0.9305,0.8011,0.7092,0.7417
2026-08-29,-77.14,-31.76,0.7808,0.7727,0.7762,0.8648,13.44,254.0,-20.6,0.4092,-0.1392,-1.9,0.8857,0.9305,0.703,0.7352,0.7188
2026-08-29,-77.14,-10.59,0.818,0.8395,0.8231,0.7637,17.58,205.2,-26.9,0.253,0.2609,-0.6,0.8857,0.9305,0.7889,0.7799,0.7675
2026-08-29,-77.14,10.59,0.8117,0.7846,0.8138,0.8461,9.04,162.8,-25.2,0.328,0.0621,-0.8,0.8857,0.9305,0.8345,0.853,0.8286
2026-08-29,-77.14,31.76,0.8816,0.8671,0.8373,0.872,16.2,159.5,-26.3,0.2755,0.0292,-1.1,0.8857,0.9305,0.8776,0.8885,0.8516
2026-08-29,-77.14,52.94,0.8419,0.8744,0.8979,0.9174,16.13,107.2,-16.9,0.3286,0.0148,-0.7,0.8857,0.9305,0.8505,0.8581,0.8577
2026-08-29,-77.14,74.12,0.8752,0.8466,0.835,0.822,12.53,240.5,-25.2,0.1579,-0.2972,-0.6,0.8857,0.9305,0.891,0.8624,0.9007
2026-08-29,-77.14,95.29,0.883,0.845,0.9118,0.8786,7.5,169.3,-24.9,0.2404,-0.1983,-0.8,0.8857,0.9305,0.9062,0.8415,0.8858
2026-08-29,-77.14,116.47,0.818,0.8403,0.8248,0.8461,12.69,280.0,-26.3,0.1487,0.0997,-3.9,0.8857,0.9305,0.8222,0.8245,0.8673
2026-08-29,-77.14,137.65,0.8144,0.83,0.7357,0.8231,9.0,220.1,-19.2,0.4358,0.1895,-1.2,0.8857,0.9305,0.8292,0.8288,0.7932
2026-08-29,-77.14,158.82,0.7795,0.7792,0.7725,0.735,13.78,96.7,-22.1,0.07,-0.0745,-0.5,0.8857,0.9305,0.8031,0.7355,0.7634
2026-08-29,-77.14,180.0,0.7246,0.7874,0.6448,0.7387,12.88,261.1,-20.7,0.225,-0.0377,0.7,0.8857,0.9305,0.7235,0.7396,0.7743
2026-08-29,-75.71,-180.0,0.7339,0.727,0.6282,0.6879,5.84,52.8,-14.3,0.1788,0.2194,0.7,0.8286,0.9305,0.7006,0.7006,0.6881
2026-08-29,-75.71,-158.82,0.6243,0.6119,0.6497,0.6261,8.57,301.8,-25.1,0.3668,0.0325,-0.5,0.8286,0.9305,0.5754,0.6651,0.6023
2026-08-29,-75.71,-137.65,0.6213,0.6299,0.6504,0.614,14.77,123.9,-27.7,0.3077,0.0617,0.2,0.8286,0.9305,0.6925,0.6379,0.5772
2026-08-29,-75.71,-116.47,0.5553,0.662,0.5851,0.687,11.43,194.5,-19.3,0.0699,0.0307,-2.1,0.8286,0.9305,0.663,0.6094,0.6167
2026-08-29,-75.71,-95.29,0.662,0.6368,0.6364,0.675,9.46,297.2,-19.6,0.4368,0.0333,-1.1,0.8286,0.9305,0.6426,0.6852,0.5793
2026-08-29,-75.71,-74.12,0.6359,0.6793,0.6263,0.6056,11.53,336.5,-22.0,0.2341,0.34,0.7,0.8286,0.9305,0.6706,0.6037,0.7439
2026-08-29,-75.71,-52.94,0.7689,0.6613,0.6976,0.6812,15.36,75.7,-22.8,0.0978,0.0943,-0.2,0.8286,0.9305,0.6571,0.7371,0.6766
2026-08-29,-75.71,-31.76,0.7562,0.6391,0.7862,0.7097,16.87,14.6,-23.0,0.4233,0.0008,-0.0,0.8286,0.9305,0.6952,0.7142,0.7723
2026-08-29,-75.71,-10.59,0.6825,0.6892,0.7864,0.7192,16.84,262.0,-18.5,0.2246,-0.2085,1.0,0.8286,0.9305,0.7329,0.7465,0.7924
2026-08-29,-75.71,10.59,0.743,0.7757,0.7751,0.7738,13.13,147.1,-21.8,0.1038,-0.1163,-0.8,0.8286,0.9305,0.7967,0.7079,0.8721
2026-08-29,-75.71,31.76,0.7893,0.8372,0.8294,0.8112,8.2,169.5,-18.5,0.4496,0.0612,1.3,0.8286,0.9305,0.8622,0.8068,0.8273
2026-08-29,-75.71,52.94,0.8148,0.9133,0.928,0.8383,13.52,231.9,-15.9,0.0864,-0.2032,-0.4,0.8286,0.9305,0.8345,0.8418,0.8862
2026-08-29,-75.71,74.12,0.7987,0.772,0.905,0.8093,12.49,277.2,-18.3,0.0579,0.1411,0.1,0.8286,0.9305,0.9146,0.8315,0.8146
2026-08-29,-75.71,95.29,0.7816,0.8686,0.8367,1.0,5.1,138.9,-24.0,0.2492,0.1818,-0.8,0.8286,0.9305,0.8247,0.8126,0.8299
2026-08-29,-75.71,116.47,0.7684,0.8064,0.7466,0.7845,13.51,129.7,-20.9,0.351,-0.0006,0.2,0.8286,0.9305,0.8353,0.8047,0.7128
2026-08-29,-75.71,137.65,0.7254,0.7653,0.7167,0.7841,7.88,207.5,-20.3,0.3142,0.0847,0.9,0.8286,0.9305,0.7603,0.7083,0.714
2026-08-29,-75.71,158.82,0.7659,0.7258,0.751,0.6479,13.15,238.5,-16.5,0.3467,0.1173,-0.5,0.8286,0.9305,0.7129,0.726,0.7344
2026-08-29,-75.71,180.0,0.7847,0.6343,0.6324,0.6974,16.11,116.6,-16.2,0.1286,-0.0575,-0.6,0.8286,0.9305,0.6778,0.6728,0.6058
2026-08-29,-74.29,-180.0,0.5909,0.5682,0.6405,0.5812,16.72,163.5,-20.3,0.1735,0.21,0.3,0.7714,0.9305,0.5683,0.6366,0.6472
2026-08-29,-74.29,-158.82,0.6961,0.6437,0.5481,0.6332,11.9,46.1,-19.1,0.4287,0.1066,-0.8,0.7714,0.9305,0.5984,0.614,0.6158
2026-08-29,-74.29,-137.65,0.5907,0.5821,0.6147,0.6161,12.56,7.2,-19.9,0.1712,-0.0234,-1.3,0.7714,0.9305,0.5389,0.5561,0.6079
2026-08-29,-74.29,-116.47,0.5913,0.5389,0.5884,0.5518,13.24,277.0,-23.2,0.2284,0.0453,0.2,0.7714,0.9305,0.5871,0.5603,0.5106
2026-08-29,-74.29,-95.29,0.5993,0.6401,0.5803,0.6126,5.39,250.4,-21.8,0.3857,0.019,-0.7,0.7714,0.9305,0.5816,0.5369,0.5765
2026-08-29,-74.29,-74.12,0.6095,0.6067,0.6373,0.5894,5.7,241.9,-20.7,0.0791,-0.0686,1.3,0.7714,0.9305,0.6354,0.5855,0.7166
2026-08-29,-74.29,-52.94,0.6466,0.626,0.5466,0.5593,15.3,170.5,-16.6,0.0964,-0.0953,-1.0,0.7714,0.9305,0.636,0.6111,0.6864
2026-08-29,-74.29,-31.76,0.671,0.7136,0.6646,0.6394,9.06,248.4,-17.0,0.1863,0.0784,-0.4,0.7714,0.9305,0.7339,0.6858,0.7049
2026-08-29,-74.29,-10.59,0.7176,0.7287,0.6983,0.696,13.71,267.7,-18.8,0.3704,0.1437,0.4,0.7714,0.9305,0.704,0.7582,0.7183
2026-08-29,-74.29,10.59,0.7375,0.7546,0.6329,0.7646,12.14,152.3,-22.5,0.2709,-0.1874,0.6,0.7714,0.9305,0.753,0.7153,0.7635
2026-08-29,-74.29,31.76,0.8629,0.6628,0.7043,0.7759,14.17,335.3,-21.8,0.3217,-0.2972,-0.1,0.7714,0.9305,0.8492,0.7551,0.7703
2026-08-29,-74.29,52.94,0.7318,0.8255,0.7803,0.7891,13.48,315.8,-19.4,0.2966,0.2415,-1.7,0.7714,0.9305,0.7762,0.7503,0.8011
2026-08-29,-74.29,74.12,0.7519,0.8208,0.7604,0.8042,5.14,258.8,-17.8,0.4232,-0.1704,0.8,0.7714,0.9305,0.7175,0.8015,0.8456
2026-08-29,-74.29,95.29,0.8021,0.7977,0.7435,0.8076,10.66,14.4,-20.0,0.4495,-0.3459,0.4,0.7714,0.9305,0.7044,0.7509,0.7339
2026-08-29,-74.29,116.47,0.7096,0.6999,0.7734,0.7101,9.26,47.9,-22.0,0.1629,-0.1187,-0.9,0.7714,0.9305,0.684,0.7434,0.7595
2026-08-29,-74.29,137.65,0.6357,0.6591,0.7199,0.7609,16.26,133.6,-20.4,0.4029,-0.0994,0.0,0.7714,0.9305,0.7552,0.7497,0.7355
2026-08-29,-74.29,158.82,0.7044,0.6634,0.7052,0.6582,13.9,294.9,-17.5,0.3548,0.1439,-1.7,0.7714,0.9305,0.6545,0.6427,0.6005
2026-08-29,-74.29,180.0,0.6456,0.6337,0.5919,0.5786,8.27,334.2,-21.7,0.3017,0.0546,0.6,0.7714,0.9305,0.6077,0.6157,0.6254
2026-08-29,-72.86,-180.0,0.6178,0.561,0.6202,0.6107,14.07,85.3,-14.3,0.166,-0.1481,1.7,0.7143,0.9305,0.5036,0.5498,0.575
2026-08-29,-72.86,-158.82,0.5356,0.5538,0.5889,0.5129,16.42,103.7,-19.5,0.3331,0.214,1.4,0.7143,0.9305,0.5352,0.5394,0.5432
2026-08-29,-72.86,-137.65,0.565,0.4652,0.5213,0.5381,9.69,2.4,-22.7,0.1717,-0.0592,0.1,0.7143,0.9305,0.5711,0.5653,0.511
2026-08-29,-72.86,-116.47,0.5097,0.5537,0.5449,0.5225,10.33,167.8,-20.6,0.1659,0.0329,-0.4,0.7143,0.9305,0.5961,0.4673,0.4874
2026-08-29,-72.86,-95.29,0.5119,0.548,0.5138,0.5306,15.05,348.6,-17.0,0.285,-0.0578,0.0,0.7143,0.9305,0.4822,0.563,0.5421
2026-08-29,-72.86,-74.12,0.5814,0.5595,0.5666,0.5924,15.14,150.6,-19.2,0.1743,0.1398,0.1,0.7143,0.9305,0.5838,0.513,0.5638
2026-08-29,-72.86,-52.94,0.6328,0.6236,0.5419,0.5975,7.58,60.0,-22.2,0.1779,-0.0626,0.9,0.7143,0.9305,0.5977,0.5753,0.5945
2026-08-29,-72.86,-31.76,0.5695,0.6447,0.6499,0.67,16.07,264.0,-14.5,0.1322,-0.1165,2.4,0.7143,0.9305,0.6118,0.6163,0.6448
2026-08-29,-72.86,-10.59,0.6298,0.6588,0.658,0.6361,14.48,26.5,-20.3,0.4059,-0.0942,-1.0,0.7143,0.9305,0.6707,0.6493,0.6694
2026-08-29,-72.86,10.59,0.6791,0.7009,0.6884,0.6246,17.84,351.0,-20.9,0.3525,0.0411,-0.3,0.7143,0.9305,0.7258,0.7639,0.7064
2026-08-29,-72.86,31.76,0.7173,0.7292,0.7716,0.6976,10.68,191.8,-18.7,0.2584,-0.2092,1.6,0.7143,0.9305,0.7087,0.7396,0.7236
2026-08-29,-72.86,52.94,0.7084,0.7122,0.7401,0.7478,16.31,354.2,-17.4,0.3253,-0.2626,3.2,0.7143,0.9305,0.7416,0.726,0.7454
2026-08-29,-72.86,74.12,0.7282,0.626,0.7153,0.6984,16.47,150.1,-15.2,0.4205,-0.2495,1.1,0.7143,0.9305,0.6601,0.7373,0.7241
2026-08-29,-72.86,95.29,0.7166,0.753,0.7886,0.7063,9.34,179.2,-15.1,0.3907,0.2984,1.5,0.7143,0.9305,0.7319,0.6991,0.6266
2026-08-29,-72.86,116.47,0.6235,0.6652,0.6636,0.7166,16.45,279.0,-17.9,0.2187,-0.112,0.4,0.7143,0.9305,0.7134,0.7098,0.7283
2026-08-29,-72.86,137.65,0.7091,0.6917,0.6885,0.6276,9.96,140.6,-13.8,0.4456,0.2249,0.9,0.7143,0.9305,0.6107,0.6567,0.6079
2026-08-29,-72.86,158.82,0.633,0.5833,0.5819,0.6331,10.52,311.0,-22.1,0.0782,-0.167,2.6,0.7143,0.9305,0.563,0.569,0.6356
2026-08-29,-72.86,180.0,0.6017,0.6062,0.5384,0.5843,15.5,76.5,-18.7,0.2992,0.163,1.6,0.7143,0.9305,0.6841,0.5425,0.5454
2026-08-29,-71.43,-180.0,0.4818,0.5774,0.4842,0.5497,15.07,44.7,-14.3,0.0887,0.0417,1.4,0.6571,0.9305,0.5141,0.5013,0.5227
2026-08-29,-71.43,-158.82,0.4819,0.4616,0.5361,0.4505,5.83,176.6,-16.3,0.2261,-0.0068,1.0,0.6571,0.9305,0.57,0.4711,0.5029
2026-08-29,-71.43,-137.65,0.4217,0.4987,0.4635,0.5121,16.63,40.8,-21.3,0.4374,0.1703,1.8,0.6571,0.9305,0.4889,0.4765,0.4782
2026-08-29,-71.43,-116.47,0.501,0.522,0.515,0.501,12.89,158.2,-17.2,0.1375,0.2799,1.2,0.6571,0.9305,0.5042,0.4346,0.4701
2026-08-29,-71.43,-95.29,0.4482,0.4601,0.4794,0.5058,8.44,12.4,-21.4,0.345,0.1477,1.6,0.6571,0.9305,0.5392,0.4474,0.5113
2026-08-29,-71.43,-74.12,0.5391,0.5796,0.5115,0.4608,16.35,324.4,-21.6,0.3248,-0.0257,1.9,0.6571,0.9305,0.531,0.5541,0.5233
2026-08-29,-71.43,-52.94,0.5223,0.5033,0.5014,0.6475,13.22,309.1,-18.8,0.3571,0.1595,1.6,0.6571,0.9305,0.4688,0.5135,0.5916
2026-08-29,-71.43,-31.76,0.4964,0.5127,0.5812,0.5535,5.66,223.9,-17.0,0.4427,-0.161,1.0,0.6571,0.9305,0.5743,0.5445,0.592
2026-08-29,-71.43,-10.59,0.5936,0.5895,0.6951,0.5942,6.29,8.9,-15.1,0.2346,0.2507,2.7,0.6571,0.9305,0.6164,0.58,0.6231
2026-08-29,-71.43,10.59,0.6711,0.7043,0.6566,0.6047,17.94,345.6,-17.5,0.13,0.0434,2.1,0.6571,0.9305,0.6103,0.6133,0.6397
2026-08-29,-71.43,31.76,0.7109,0.652,0.712,0.6357,8.45,292.2,-22.9,0.1562,0.1466,1.3,0.6571,0.9305,0.5605,0.5905,0.6396
2026-08-29,-71.43,52.94,0.6845,0.7126,0.664,0.6319,8.25,319.7,-15.6,0.1361,-0.0588,1.4,0.6571,0.9305,0.6903,0.6676,0.6766
2026-08-29,-71.43,74.12,0.7324,0.6883,0.7367,0.6337,14.77,343.1,-16.8,0.2922,-0.2103,1.6,0.6571,0.9305,0.7086,0.6662,0.6568
2026-08-29,-71.43,95.29,0.6185,0.6447,0.6314,0.6506,7.02,9.8,-15.7,0.1884,0.2016,-1.0,0.6571,0.9305,0.6455,0.6468,0.6135
2026-08-29,-71.43,116.47,0.6407,0.6043,0.6483,0.6045,12.94,42.9,-15.2,0.112,0.0232,3.6,0.6571,0.9305,0.6119,0.6288,0.6241
2026-08-29,-71.43,137.65,0.6211,0.6276,0.6354,0.6115,7.93,161.9,-23.6,0.1735,0.0383,-0.0,0.6571,0.9305,0.6454,0.6101,0.5963
2026-08-29,-71.43,158.82,0.5863,0.5742,0.5891,0.6045,6.54,79.4,-15.5,0.3779,-0.1395,2.4,0.6571,0.9305,0.4829,0.5758,0.5185
2026-08-29,-71.43,180.0,0.6026,0.5149,0.532,0.5965,8.33,241.9,-14.9,0.2256,-0.0566,1.3,0.6571,0.9305,0.4902,0.4665,0.4874
2026-08-29,-70.0,-180.0,0.4936,0.5193,0.4586,0.5169,13.25,241.2,-19.2,0.3559,0.0926,0.2,0.6,0.9305,0.4953,0.5806,0.4802
2026-08-29,-70.0,-158.82,0.4293,0.3963,0.461,0.507,13.1,187.9,-14.1,0.0958,0.1735,1.6,0.6,0.9305,0.3944,0.4959,0.4472
2026-08-29,-70.0,-137.65,0.437,0.4327,0.4635,0.4246,12.3,83.8,-15.2,0.2341,0.0795,2.9,0.6,0.9305,0.452,0.4664,0.465
2026-08-29,-70.0,-116.47,0.4502,0.4649,0.4146,0.4406,16.85,161.0,-21.4,0.1377,-0.0777,1.3,0.6,0.9305,0.4744,0.4292,0.3527
2026-08-29,-70.0,-95.29,0.4644,0.4276,0.4136,0.431,10.1,354.2,-17.2,0.2514,-0.0672,3.0,0.6,0.9305,0.3465,0.4535,0.4333
2026-08-29,-70.0,-74.12,0.5181,0.4154,0.4515,0.4417,12.16,187.4,-21.2,0.3675,0.069,2.2,0.6,0.9305,0.4956,0.4861,0.4221
2026-08-29,-70.0,-52.94,0.5671,0.4457,0.5147,0.4251,14.18,246.4,-20.0,0.3661,-0.093,3.3,0.6,0.9305,0.4686,0.4945,0.5122
2026-08-29,-70.0,-31.76,0.6075,0.5202,0.4588,0.4797,10.64,206.5,-19.2,0.4102,0.029,-0.1,0.6,0.9305,0.5431,0.5554,0.5102
2026-08-29,-70.0,-10.59,0.5564,0.6257,0.5612,0.5937,6.61,180.8,-19.3,0.1662,0.0508,0.8,0.6,0.9305,0.538,0.5071,0.5397
2026-08-29,-70.0,10.59,0.5482,0.609,0.5156,0.6025,17.1,329.8,-18.2,0.103,0.2287,1.5,0.6,0.9305,0.5416,0.5787,0.5742
2026-08-29,-70.0,31.76,0.586,0.5775,0.6348,0.6386,13.43,42.0,-20.9,0.4347,-0.0693,1.0,0.6,0.9305,0.671,0.6619,0.6163
2026-08-29,-70.0,52.94,0.6039,0.6253,0.6799,0.7203,8.47,72.1,-17.7,0.2414,0.0565,1.3,0.6,0.9305,0.6053,0.6045,0.5956
2026-08-29,-70.0,74.12,0.6003,0.6126,0.6041,0.6458,16.27,242.1,-17.7,0.3774,-0.0067,2.8,0.6,0.9305,0.5871,0.67,0.5672
2026-08-29,-70.0,95.29,0.5971,0.6527,0.6026,0.5949,5.96,182.0,-19.1,0.3261,-0.0895,3.6,0.6,0.9305,0.6392,0.6038,0.6632
2026-08-29,-70.0,116.47,0.5742,0.5839,0.5056,0.5681,6.45,142.8,-19.7,0.0928,-0.1488,2.9,0.6,0.9305,0.5804,0.5546,0.6291
2026-08-29,-70.0,137.65,0.552,0.5924,0.5701,0.5784,17.19,68.8,-19.5,0.3945,-0.3197,1.6,0.6,0.9305,0.5349,0.566,0.5848
2026-08-29,-70.0,158.82,0.4709,0.5324,0.5581,0.4835,15.71,325.7,-10.0,0.104,0.255,2.6,0.6,0.9305,0.4692,0.5605,0.5131
2026-08-29,-70.0,180.0,0.4752,0.5009,0.5047,0.5436,15.36,57.0,-21.1,0.4052,0.1127,1.7,0.6,0.9305,0.5012,0.4983,0.4698
2026-08-29,-68.57,-180.0,0.4463,0.3691,0.4582,0.3229,6.42,148.1,-15.6,0.2759,-0.0799,2.4,0.5429,0.9305,0.4608,0.4398,0.4587
2026-08-29,-68.57,-158.82,0.3897,0.4119,0.3702,0.476,8.42,333.8,-15.0,0.434,-0.2123,4.1,0.5429,0.9305,0.3997,0.4109,0.4214
2026-08-29,-68.57,-137.65,0.3568,0.3915,0.4552,0.4423,7.92,158.2,-17.2,0.4043,-0.1561,2.6,0.5429,0.9305,0.4128,0.3428,0.3924
2026-08-29,-68.57,-116.47,0.4574,0.3891,0.3046,0.3362,6.86,216.7,-18.6,0.324,-0.1303,1.1,0.5429,0.9305,0.3897,0.4199,0.3421
2026-08-29,-68.57,-95.29,0.3842,0.3891,0.5227,0.3782,17.69,298.9,-13.4,0.312,-0.1718,5.1,0.5429,0.9305,0.4196,0.4048,0.4361
2026-08-29,-68.57,-74.12,0.3828,0.3395,0.2614,0.4758,6.57,174.3,-16.9,0.4422,-0.1788,2.2,0.5429,0.9305,0.4534,0.4291,0.3936
2026-08-29,-68.57,-52.94,0.4261,0.4463,0.4797,0.452,13.48,298.2,-18.5,0.0782,-0.1377,2.8,0.5429,0.9305,0.3662,0.4126,0.4566
2026-08-29,-68.57,-31.76,0.5141,0.5022,0.4557,0.5528,15.42,319.6,-18.9,0.3375,0.0089,1.9,0.5429,0.9305,0.5509,0.4671,0.4624
2026-08-29,-68.57,-10.59,0.5229,0.4956,0.5135,0.5375,8.0,185.4,-11.3,0.2257,0.0998,2.5,0.5429,0.9305,0.5027,0.5103,0.459
2026-08-29,-68.57,10.59,0.4979,0.4281,0.5532,0.5922,16.04,30.2,-19.2,0.2366,-0.2164,2.3,0.5429,0.9305,0.6177,0.5232,0.639
2026-08-29,-68.57,31.76,0.5254,0.5609,0.582,0.6089,16.15,297.7,-16.3,0.3406,0.1202,3.3,0.5429,0.9305,0.5525,0.584,0.5472
2026-08-29,-68.57,52.94,0.5052,0.5743,0.5398,0.6288,8.02,357.5,-17.8,0.3164,0.0045,3.1,0.5429,0.9305,0.5493,0.5269,0.575
2026-08-29,-68.57,74.12,0.5162,0.509,0.644,0.569,5.4,29.6,-17.9,0.3576,0.1954,2.0,0.5429,0.9305,0.6323,0.5278,0.6055
2026-08-29,-68.57,95.29,0.6237,0.5231,0.6353,0.5501,14.31,233.1,-17.6,0.4268,-0.005,3.0,0.5429,0.9305,0.5585,0.6018,0.5447
2026-08-29,-68.57,116.47,0.5668,0.5528,0.5021,0.6001,5.35,88.1,-17.2,0.3222,-0.0378,2.2,0.5429,0.9305,0.5691,0.4955,0.5442
2026-08-29,-68.57,137.65,0.4594,0.5717,0.4627,0.4741,6.04,156.4,-18.5,0.3557,0.0124,5.2,0.5429,0.9305,0.5262,0.5652,0.5278
2026-08-29,-68.57,158.82,0.4787,0.4823,0.5068,0.535,8.59,246.3,-17.2,0.2485,0.2253,2.5,0.5429,0.9305,0.4473,0.4641,0.3935
2026-08-29,-68.57,180.0,0.4317,0.3995,0.4176,0.4312,11.18,149.4,-9.1,0.335,0.4011,2.9,0.5429,0.9305,0.4293,0.528,0.3956
2026-08-29,-67.14,-180.0,0.3788,0.3403,0.4034,0.3264,17.26,137.8,-16.7,0.0835,0.095,3.6,0.4857,0.9305,0.37,0.4162,0.3597
2026-08-29,-67.14,-158.82,0.3686,0.329,0.376,0.3646,7.86,251.1,-11.5,0.2161,0.1272,5.3,0.4857,0.9305,0.3692,0.3462,0.3267
2026-08-29,-67.14,-137.65,0.3234,0.3021,0.3903,0.3424,9.69,156.1,-17.1,0.2655,0.2823,2.7,0.4857,0.9305,0.3077,0.35,0.2777
2026-08-29,-67.14,-116.47,0.3732,0.2991,0.2742,0.3129,10.45,265.6,-12.0,0.0746,-0.1997,3.0,0.4857,0.9305,0.2734,0.4208,0.3525
2026-08-29,-67.14,-95.29,0.3792,0.302,0.3209,0.373,14.94,108.4,-19.6,0.0508,-0.0241,3.5,0.4857,0.9305,0.3353,0.3187,0.3653
2026-08-29,-67.14,-74.12,0.2671,0.3695,0.3361,0.3172,13.55,176.3,-16.0,0.1721,0.021,3.2,0.4857,0.9305,0.3747,0.3065,0.3561
2026-08-29,-67.14,-52.94,0.3371,0.3855,0.3932,0.3946,15.06,277.4,-20.2,0.1244,-0.0766,5.0,0.4857,0.9305,0.3941,0.3486,0.3171
2026-08-29,-67.14,-31.76,0.4158,0.3945,0.4689,0.4262,11.16,63.3,-17.8,0.4488,-0.1567,3.7,0.4857,0.9305,0.4171,0.4283,0.4016
2026-08-29,-67.14,-10.59,0.4635,0.4759,0.454,0.4361,15.89,246.3,-14.1,0.3774,0.0858,2.5,0.4857,0.9305,0.4347,0.4719,0.3974
2026-08-29,-67.14,10.59,0.4742,0.5482,0.5713,0.5199,11.61,3.9,-17.2,0.4384,-0.0435,0.5,0.4857,0.9305,0.4759,0.4183,0.5236
2026-08-29,-67.14,31.76,0.5114,0.5019,0.5995,0.5753,17.6,18.5,-13.0,0.1196,0.1077,3.5,0.4857,0.9305,0.4677,0.5091,0.5449
2026-08-29,-67.14,52.94,0.5822,0.4515,0.5548,0.4901,11.56,14.1,-16.7,0.3693,0.1926,1.9,0.4857,0.9305,0.4858,0.5891,0.5244
2026-08-29,-67.14,74.12,0.5017,0.5018,0.5488,0.5002,14.45,203.2,-18.0,0.4092,0.0974,3.4,0.4857,0.9305,0.509,0.5498,0.5219
2026-08-29,-67.14,95.29,0.5311,0.484,0.5674,0.5551,5.59,52.5,-12.8,0.3151,0.0802,4.0,0.4857,0.9305,0.5162,0.5436,0.5214
2026-08-29,-67.14,116.47,0.4764,0.5289,0.4946,0.5032,10.87,275.9,-14.2,0.1161,0.2184,3.6,0.4857,0.9305,0.487,0.4126,0.4102
2026-08-29,-67.14,137.65,0.4514,0.4084,0.4512,0.3959,15.62,208.5,-14.4,0.3957,-0.1032,3.1,0.4857,0.9305,0.4908,0.4525,0.4693
2026-08-29,-67.14,158.82,0.4188,0.4277,0.3869,0.4165,6.68,290.8,-11.8,0.3731,-0.1558,2.8,0.4857,0.9305,0.3756,0.3556,0.4425
2026-08-29,-67.14,180.0,0.3994,0.4771,0.3836,0.4104,12.5,201.6,-16.1,0.1618,-0.1205,1.7,0.4857,0.9305,0.3088,0.4106,0.3504
2026-08-29,-65.71,-180.0,0.2513,0.3362,0.3159,0.2858,5.39,61.6,-11.3,0.065,-0.2361,4.9,0.4286,0.9305,0.3848,0.2567,0.3382
2026-08-29,-65.71,-158.82,0.3041,0.3412,0.2513,0.3059,8.96,65.6,-11.1,0.4052,0.1494,4.2,0.4286,0.9305,0.325,0.3072,0.3332
2026-08-29,-65.71,-137.65,0.344,0.2591,0.3164,0.2674,15.29,26.9,-18.6,0.4456,0.1976,3.2,0.4286,0.9305,0.2952,0.2493,0.2898
2026-08-29,-65.71,-116.47,0.2065,0.2933,0.2621,0.2336,13.87,240.3,-19.6,0.2032,0.2088,4.4,0.4286,0.9305,0.3519,0.2782,0.2965
2026-08-29,-65.71,-95.29,0.2609,0.2883,0.2306,0.2424,7.75,191.8,-11.9,0.239,0.1677,3.9,0.4286,0.9305,0.3024,0.2685,0.22
2026-08-29,-65.71,-74.12,0.2693,0.3421,0.2764,0.3411,12.3,80.2,-14.1,0.104,-0.0775,2.4,0.4286,0.9305,0.2716,0.2605,0.2767
2026-08-29,-65.71,-52.94,0.378,0.3124,0.3455,0.3504,16.54,327.7,-9.0,0.449,-0.2209,3.4,0.4286,0.9305,0.341,0.3776,0.3858
2026-08-29,-65.71,-31.76,0.3662,0.302,0.3745,0.3511,10.74,81.9,-10.8,0.3066,0.1907,5.6,0.4286,0.9305,0.3772,0.3473,0.4115
2026-08-29,-65.71,-10.59,0.348,0.4171,0.3988,0.3984,14.66,127.3,-12.5,0.2944,-0.0564,4.1,0.4286,0.9305,0.4581,0.4065,0.4105
2026-08-29,-65.71,10.59,0.4899,0.4485,0.4884,0.4609,6.9,338.9,-16.2,0.0904,-0.0178,3.7,0.4286,0.9305,0.4535,0.4331,0.4397
2026-08-29,-65.71,31.76,0.4656,0.4149,0.4016,0.3731,5.63,312.8,-12.3,0.3725,0.0207,2.7,0.4286,0.9305,0.4798,0.5,0.437
2026-08-29,-65.71,52.94,0.5297,0.4599,0.4191,0.4216,7.31,161.0,-11.3,0.0758,0.0205,3.5,0.4286,0.9305,0.5174,0.4487,0.5322
2026-08-29,-65.71,74.12,0.5242,0.5083,0.5216,0.5194,8.56,254.2,-12.1,0.1116,-0.0335,4.6,0.4286,0.9305,0.4392,0.4535,0.4263
2026-08-29,-65.71,95.29,0.3925,0.4368,0.4421,0.4797,7.09,43.2,-16.3,0.1069,0.2005,4.0,0.4286,0.9305,0.4546,0.3715,0.4484
2026-08-29,-65.71,116.47,0.4003,0.486,0.4505,0.4032,13.4,268.2,-13.1,0.4229,0.1282,4.1,0.4286,0.9305,0.4247,0.4009,0.4644
2026-08-29,-65.71,137.65,0.3518,0.3483,0.3728,0.4246,12.57,10.3,-13.0,0.1979,0.0068,3.2,0.4286,0.9305,0.472,0.4334,0.4364
2026-08-29,-65.71,158.82,0.2907,0.3598,0.3851,0.384,11.08,256.6,-11.7,0.2249,0.2314,2.8,0.4286,0.9305,0.4032,0.3724,0.3621
2026-08-29,-65.71,180.0,0.2903,0.3414,0.3946,0.3134,12.44,217.1,-20.7,0.2905,-0.0057,2.0,0.4286,0.9305,0.3486,0.3449,0.3423
2026-08-29,-64.29,-180.0,0.2501,0.2689,0.2952,0.225,12.16,104.2,-14.4,0.3539,0.0612,3.3,0.3714,0.9305,0.3198,0.2521,0.2996
2026-08-29,-64.29,-158.82,0.1772,0.2773,0.2197,0.2304,12.04,174.2,-9.0,0.2235,-0.1523,4.2,0.3714,0.9305,0.2869,0.2047,0.2073
2026-08-29,-64.29,-137.65,0.2251,0.1703,0.1678,0.2247,9.42,286.0,-16.0,0.1507,-0.1773,5.0,0.3714,0.9305,0.2694,0.1935,0.3417
2026-08-29,-64.29,-116.47,0.2662,0.1602,0.2615,0.2549,9.81,76.6,-6.6,0.1413,0.0362,4.5,0.3714,0.9305,0.281,0.2794,0.2803
2026-08-29,-64.29,-95.29,0.3081,0.2635,0.3016,0.2064,5.25,134.3,-14.8,0.4096,-0.1112,4.5,0.3714,0.9305,0.2627,0.2151,0.2555
2026-08-29,-64.29,-74.12,0.2971,0.2747,0.2586,0.2408,7.02,356.9,-14.9,0.1304,0.0441,4.8,0.3714,0.9305,0.1985,0.187,0.224
2026-08-29,-64.29,-52.94,0.2808,0.223,0.2491,0.3154,11.17,181.0,-14.2,0.0746,0.1535,2.1,0.3714,0.9305,0.2807,0.3341,0.2794
2026-08-29,-64.29,-31.76,0.2983,0.2535,0.347,0.3478,8.46,202.7,-6.7,0.2808,-0.0213,6.0,0.3714,0.9305,0.3717,0.301,0.3496
2026-08-29,-64.29,-10.59,0.3298,0.375,0.3845,0.4019,9.93,24.1,-11.4,0.1278,0.1223,5.2,0.3714,0.9305,0.3196,0.3685,0.3328
2026-08-29,-64.29,10.59,0.3285,0.3515,0.4416,0.3835,8.58,107.5,-10.2,0.2918,-0.0992,4.0,0.3714,0.9305,0.4867,0.3347,0.4091
2026-08-29,-64.29,31.76,0.3832,0.3731,0.4266,0.3383,5.43,139.3,-12.9,0.3868,-0.3311,4.5,0.3714,0.9305,0.4565,0.4053,0.4357
2026-08-29,-64.29,52.94,0.433,0.3829,0.4333,0.3829,8.35,155.3,-12.9,0.0746,-0.3042,3.9,0.3714,0.9305,0.3938,0.3912,0.4279
2026-08-29,-64.29,74.12,0.4278,0.489,0.4618,0.3656,15.99,110.2,-14.6,0.1054,-0.1279,4.9,0.3714,0.9305,0.4067,0.3327,0.4722
2026-08-29,-64.29,95.29,0.4861,0.458,0.3741,0.3692,9.26,150.8,-12.9,0.3305,-0.3447,4.8,0.3714,0.9305,0.4128,0.4477,0.4915
2026-08-29,-64.29,116.47,0.4053,0.4134,0.3867,0.411,7.93,193.5,-9.1,0.4414,0.0165,3.0,0.3714,0.9305,0.3864,0.4185,0.3371
2026-08-29,-64.29,137.65,0.4482,0.3995,0.3241,0.3893,15.38,187.5,-14.4,0.2765,0.091,3.8,0.3714,0.9305,0.388,0.324,0.3753
2026-08-29,-64.29,158.82,0.3508,0.2709,0.3367,0.2268,5.57,297.8,-12.5,0.2745,-0.0751,3.6,0.3714,0.9305,0.304,0.2697,0.3424
2026-08-29,-64.29,180.0,0.2455,0.2384,0.3224,0.3521,14.48,326.5,-15.5,0.2861,-0.1498,4.0,0.3714,0.9305,0.232,0.3007,0.3392
2026-08-29,-62.86,-180.0,0.176,0.2687,0.2468,0.229,5.96,65.2,-13.9,0.2806,-0.0246,4.5,0.3143,0.9305,0.2221,0.1674,0.1806
2026-08-29,-62.86,-158.82,0.1902,0.1563,0.2025,0.1465,16.48,12.0,-4.2,0.1779,-0.0744,4.9,0.3143,0.9305,0.1393,0.1517,0.1468
2026-08-29,-62.86,-137.65,0.158,0.0963,0.1247,0.1466,16.02,149.9,-5.0,0.3805,-0.312,4.2,0.3143,0.9305,0.2311,0.1687,0.1654
2026-08-29,-62.86,-116.47,0.2212,0.1393,0.0889,0.2228,10.81,140.8,-10.2,0.307,-0.0117,2.8,0.3143,0.9305,0.1503,0.1765,0.1831
2026-08-29,-62.86,-95.29,0.2139,0.1935,0.1498,0.2132,5.44,325.0,-9.9,0.3386,0.0201,3.8,0.3143,0.9305,0.0823,0.168,0.192
2026-08-29,-62.86,-74.12,0.2041,0.1723,0.2195,0.2296,13.94,58.1,-10.3,0.086,0.0753,4.9,0.3143,0.9305,0.2699,0.2088,0.2288
2026-08-29,-62.86,-52.94,0.3418,0.2867,0.2989,0.2244,15.38,162.3,-14.6,0.0983,-0.1171,5.7,0.3143,0.9305,0.247,0.2252,0.2579
2026-08-29,-62.86,-31.76,0.2772,0.2722,0.2703,0.2418,7.83,329.0,-13.3,0.1418,-0.0718,4.2,0.3143,0.9305,0.2309,0.309,0.1837
2026-08-29,-62.86,-10.59,0.2484,0.3256,0.3506,0.3348,17.12,210.6,-9.0,0.3327,0.0564,2.6,0.3143,0.9305,0.3121,0.2489,0.3331
2026-08-29,-62.86,10.59,0.3594,0.4014,0.3869,0.3237,11.08,47.3,-14.1,0.3708,0.0991,6.5,0.3143,0.9305,0.3695,0.2883,0.396
2026-08-29,-62.86,31.76,0.4038,0.3964,0.264,0.3715,9.09,338.3,-13.0,0.0951,-0.1298,6.3,0.3143,0.9305,0.413,0.3369,0.337
2026-08-29,-62.86,52.94,0.4308,0.3784,0.4276,0.4179,8.5,129.3,-9.0,0.0613,0.0679,5.7,0.3143,0.9305,0.443,0.4084,0.4976
2026-08-29,-62.86,74.12,0.3378,0.4376,0.3603,0.3508,6.12,12.9,-11.8,0.3426,-0.1211,6.0,0.3143,0.9305,0.4086,0.3537,0.4448
2026-08-29,-62.86,95.29,0.2842,0.2912,0.281,0.3219,15.44,181.4,-8.5,0.1934,-0.0227,4.7,0.3143,0.9305,0.3216,0.3219,0.3353
2026-08-29,-62.86,116.47,0.3231,0.3023,0.3558,0.34,13.63,240.9,-12.5,0.2557,-0.1538,5.8,0.3143,0.9305,0.3053,0.2757,0.2772
2026-08-29,-62.86,137.65,0.3001,0.2731,0.3766,0.3008,10.83,313.1,-7.9,0.0982,-0.0683,3.8,0.3143,0.9305,0.3394,0.2934,0.3347
2026-08-29,-62.86,158.82,0.2504,0.2321,0.3368,0.2165,11.44,185.9,-13.7,0.2657,0.1821,3.1,0.3143,0.9305,0.2772,0.189,0.1929
2026-08-29,-62.86,180.0,0.2331,0.2123,0.1986,0.1971,16.64,83.3,-15.9,0.1378,0.0901,5.9,0.3143,0.9305,0.2244,0.1401,0.2323
2026-08-29,-61.43,-180.0,0.1137,0.1358,0.162,0.1664,11.28,340.1,-14.1,0.2284,-0.1051,4.6,0.2571,0.9305,0.2606,0.2495,0.1574
2026-08-29,-61.43,-158.82,0.2082,0.1727,0.2017,0.1588,12.81,286.8,-10.5,0.2477,-0.0864,3.2,0.2571,0.9305,0.1889,0.1365,0.1515
2026-08-29,-61.43,-137.65,0.1692,0.1125,0.1205,0.1784,15.97,193.5,-12.9,0.3961,-0.2198,3.8,0.2571,0.9305,0.1139,0.1199,0.1567
2026-08-29,-61.43,-116.47,0.1392,0.1262,0.0789,0.1283,7.37,159.2,-9.7,0.261,-0.232,6.1,0.2571,0.9305,0.0634,0.1957,0.2206
2026-08-29,-61.43,-95.29,0.116,0.1344,0.1744,0.1356,9.7,211.2,-11.1,0.4308,-0.0492,4.8,0.2571,0.9305,0.2481,0.0832,0.1557
2026-08-29,-61.43,-74.12,0.1915,0.2032,0.1261,0.1798,9.31,46.0,-13.6,0.0848,-0.0683,5.4,0.2571,0.9305,0.1828,0.1604,0.151
2026-08-29,-61.43,-52.94,0.1766,0.1114,0.207,0.1924,10.25,314.2,-3.0,0.4306,-0.0653,6.2,0.2571,0.9305,0.1793,0.1676,0.225
2026-08-29,-61.43,-31.76,0.2362,0.2541,0.2239,0.23,6.91,23.6,-7.4,0.4472,0.0915,5.3,0.2571,0.9305,0.2325,0.2194,0.2364
2026-08-29,-61.43,-10.59,0.2868,0.2,0.187,0.2893,13.98,28.0,-14.0,0.3463,0.0077,4.6,0.2571,0.9305,0.2751,0.2472,0.2892
2026-08-29,-61.43,10.59,0.3034,0.2313,0.3322,0.2172,13.12,277.1,-8.7,0.2663,0.1654,5.5,0.2571,0.9305,0.2804,0.3478,0.3084
2026-08-29,-61.43,31.76,0.3679,0.3518,0.3435,0.2665,13.18,166.4,-12.1,0.1262,0.1905,5.4,0.2571,0.9305,0.2713,0.2742,0.2752
2026-08-29,-61.43,52.94,0.3095,0.2865,0.3838,0.2641,8.42,3.1,-6.0,0.1522,-0.0046,5.1,0.2571,0.9305,0.3539,0.2934,0.332
2026-08-29,-61.43,74.12,0.3307,0.3131,0.3463,0.3532,13.49,115.1,-11.1,0.1431,0.0468,6.2,0.2571,0.9305,0.3412,0.2877,0.3005
2026-08-29,-61.43,95.29,0.3317,0.3899,0.3066,0.2967,11.02,197.7,-6.6,0.3059,0.038,6.2,0.2571,0.9305,0.3025,0.3373,0.344
2026-08-29,-61.43,116.47,0.3664,0.288,0.3337,0.3437,16.6,231.9,-8.5,0.1996,-0.1184,5.1,0.2571,0.9305,0.2816,0.267,0.2461
2026-08-29,-61.43,137.65,0.2676,0.3125,0.246,0.2452,11.21,349.4,-7.9,0.3962,0.1802,6.0,0.2571,0.9305,0.3015,0.2385,0.3158
2026-08-29,-61.43,158.82,0.1721,0.2139,0.2148,0.246,12.31,292.9,-7.2,0.4005,-0.0682,4.5,0.2571,0.9305,0.1971,0.2147,0.2008
2026-08-29,-61.43,180.0,0.2296,0.1598,0.2125,0.1374,9.48,353.8,-15.8,0.1157,-0.1827,5.7,0.2571,0.9305,0.1481,0.153,0.092
2026-08-29,-60.0,-180.0,0.1294,0.1245,0.1679,0.1152,6.42,111.6,-10.0,0.203,0.0164,7.0,0.2,0.9305,0.1919,0.1623,0.0643
2026-08-29,-60.0,-158.82,0.0683,0.0379,0.0829,0.1468,15.68,327.6,-6.9,0.2938,-0.0649,7.6,0.2,0.9305,0.1556,0.1237,0.1135
2026-08-29,-60.0,-137.65,0.0,0.0412,0.0607,0.08,7.58,314.1,-13.0,0.4021,0.0453,5.8,0.2,0.9305,0.1243,0.1212,0.0998
2026-08-29,-60.0,-116.47,0.0564,0.0197,0.0386,0.0398,7.56,275.7,-15.9,0.2255,0.3555,5.1,0.2,0.9305,0.0305,0.0747,0.0891
2026-08-29,-60.0,-95.29,0.0933,0.0792,0.1537,0.0864,5.87,350.4,-2.7,0.188,0.2227,8.2,0.2,0.9305,0.0752,0.0703,0.1092
2026-08-29,-60.0,-74.12,0.1142,0.0923,0.123,0.0721,8.88,93.4,-8.8,0.3759,-0.0104,6.6,0.2,0.9305,0.0709,0.0243,0.0858
2026-08-29,-60.0,-52.94,0.1258,0.1298,0.203,0.1831,17.12,145.3,-5.0,0.1856,0.0805,6.6,0.2,0.9305,0.1496,0.1893,0.1203
2026-08-29,-60.0,-31.76,0.1637,0.1026,0.1348,0.2089,11.4,223.3,-14.2,0.0888,-0.0213,6.3,0.2,0.9305,0.2177,0.1926,0.1638
2026-08-29,-60.0,-10.59,0.2534,0.1992,0.2099,0.1505,9.62,173.6,-11.3,0.3995,0.0071,6.1,0.2,0.9305,0.2271,0.2192,0.2112
2026-08-29,-60.0,10.59,0.2809,0.2196,0.2039,0.2386,16.06,354.2,-10.8,0.3059,-0.006,5.4,0.2,0.9305,0.1605,0.1895,0.222
2026-08-29,-60.0,31.76,0.372,0.2453,0.2341,0.3212,12.35,177.2,-11.8,0.1562,-0.0566,7.3,0.2,0.9305,0.2414,0.3027,0.3153
2026-08-29,-60.0,52.94,0.3145,0.2839,0.2696,0.206,16.51,144.5,-8.0,0.2673,-0.181,6.1,0.2,0.9305,0.2699,0.2916,0.2368
2026-08-29,-60.0,74.12,0.2639,0.2912,0.2446,0.358,13.08,292.2,-7.6,0.0938,0.1459,6.3,0.2,0.9305,0.2008,0.2329,0.3119
2026-08-29,-60.0,95.29,0.2457,0.3008,0.2679,0.2618,16.63,250.5,-10.1,0.0716,0.0041,5.8,0.2,0.9305,0.24,0.2658,0.2581
2026-08-29,-60.0,116.47,0.2142,0.2579,0.1436,0.2384,11.93,300.9,-15.0,0.3596,-0.0772,7.0,0.2,0.9305,0.2821,0.2305,0.2126
2026-08-29,-60.0,137.65,0.1861,0.1462,0.1922,0.214,8.43,287.8,-5.6,0.1797,0.0769,5.7,0.2,0.9305,0.1716,0.1872,0.2186
2026-08-29,-60.0,158.82,0.1676,0.0988,0.1822,0.159,9.15,112.6,-6.0,0.1206,-0.0251,7.0,0.2,0.9305,0.1477,0.0878,0.1867
2026-08-29,-60.0,180.0,0.1222,0.0971,0.1156,0.1405,11.84,30.0,-11.7,0.4201,-0.0088,7.5,0.2,0.9305,0.086,0.1303,0.1925
2026-08-30,-80.0,-180.0,0.8395,0.7987,0.8404,0.8727,13.54,88.8,-26.3,0.1591,0.0042,-2.6,1.0,0.926,0.8205,0.8903,0.7919
2026-08-30,-80.0,-158.82,0.7683,0.7778,0.7492,0.8475,8.09,236.6,-29.3,0.1181,0.0248,-2.2,1.0,0.926,0.7521,0.8632,0.7955
2026-08-30,-80.0,-137.65,0.7268,0.8311,0.8219,0.7951,13.94,54.1,-23.2,0.1727,0.0361,0.0,1.0,0.926,0.7699,0.7542,0.7459
2026-08-30,-80.0,-116.47,0.8851,0.7242,0.7019,0.8066,7.51,344.4,-30.2,0.4335,0.1679,-3.0,1.0,0.926,0.7502,0.7792,0.7598
2026-08-30,-80.0,-95.29,0.7735,0.7608,0.778,0.8072,9.99,290.2,-23.8,0.285,0.1979,-1.2,1.0,0.926,0.808,0.7851,0.712
2026-08-30,-80.0,-74.12,0.7988,0.7628,0.8022,0.7918,9.45,1.5,-24.6,0.1365,-0.0279,0.0,1.0,0.926,0.7808,0.8154,0.814
2026-08-30,-80.0,-52.94,0.9141,0.862,0.8673,0.8544,13.06,228.0,-24.3,0.3251,0.1609,-1.0,1.0,0.926,0.8518,0.8363,0.8946
2026-08-30,-80.0,-31.76,0.8588,0.8135,0.8582,0.8719,8.46,252.7,-26.4,0.381,-0.0532,-2.8,1.0,0.926,0.8305,0.7915,0.8155
2026-08-30,-80.0,-10.59,0.8889,1.0,0.9904,0.8414,15.79,259.9,-21.7,0.0909,0.0544,-1.4,1.0,0.926,0.9706,0.9727,0.8955
2026-08-30,-80.0,10.59,0.8931,0.9231,0.9875,0.8618,10.75,37.8,-28.7,0.1928,0.2155,-2.5,1.0,0.926,1.0,0.9114,0.8961
2026-08-30,-80.0,31.76,0.9541,1.0,0.9707,1.0,7.87,141.9,-22.2,0.1271,-0.0011,-1.8,1.0,0.926,1.0,0.9452,0.9124
2026-08-30,-80.0,52.94,0.9609,0.9471,0.9609,0.954,13.21,287.3,-24.1,0.0999,0.1691,-3.0,1.0,0.926,0.9672,0.9298,0.989
2026-08-30,-80.0,74.12,0.9373,0.949,0.9234,1.0,16.46,95.3,-28.2,0.1191,-0.1966,-4.0,1.0,0.926,0.9996,1.0,0.9546
2026-08-30,-80.0,95.29,0.9082,1.0,0.9655,0.9999,14.43,89.5,-25.0,0.0981,-0.3069,-0.8,1.0,0.926,0.9122,0.9895,0.9488
2026-08-30,-80.0,116.47,0.9874,0.8586,0.906,0.9348,14.33,165.8,-29.3,0.422,-0.0343,-2.3,1.0,0.926,1.0,0.937,0.9913
2026-08-30,-80.0,137.65,0.893,0.9476,0.9035,0.9157,12.98,103.5,-21.6,0.3611,-0.0183,0.6,1.0,0.926,0.899,0.9352,0.8889
2026-08-30,-80.0,158.82,0.8429,0.8757,0.8419,0.873,8.15,134.9,-20.8,0.3034,-0.1521,-2.4,1.0,0.926,0.8632,0.8301,0.8874
2026-08-30,-80.0,180.0,0.8376,0.8137,0.8333,0.8348,10.7,276.4,-24.0,0.2329,-0.3173,-2.5,1.0,0.926,0.7929,0.8322,0.853
2026-08-30,-78.57,-180.0,0.6921,0.7341,0.71,0.8464,12.17,188.5,-21.8,0.3451,0.1802,-1.5,0.9429,0.926,0.7557,0.7781,0.7547
2026-08-30,-78.57,-158.82,0.7451,0.7569,0.7532,0.8444,13.92,199.0,-23.7,0.3659,-0.0103,-3.1,0.9429,0.926,0.7415,0.7154,0.7677
2026-08-30,-78.57,-137.65,0.7379,0.7633,0.7494,0.7344,14.47,46.3,-21.9,0.118,0.061,-0.8,0.9429,0.926,0.8694,0.7443,0.6697
2026-08-30,-78.57,-116.47,0.7003,0.7959,0.74,0.7678,11.61,2.9,-23.1,0.0967,0.2034,0.4,0.9429,0.926,0.6559,0.705,0.6829
2026-08-30,-78.57,-95.29,0.774,0.732,0.8736,0.6859,7.4,355.0,-17.3,0.2537,-0.0926,-2.1,0.9429,0.926,0.703,0.7682,0.7227
2026-08-30,-78.57,-74.12,0.7814,0.7118,0.7934,0.7148,8.61,34.0,-21.6,0.3714,-0.1458,-1.5,0.9429,0.926,0.7631,0.6999,0.7337
2026-08-30,-78.57,-52.94,0.7933,0.7834,0.7331,0.7932,6.82,58.9,-20.7,0.057,-0.0792,-2.4,0.9429,0.926,0.7449,0.6941,0.8534
2026-08-30,-78.57,-31.76,0.8536,0.801,0.8126,0.7654,10.19,122.9,-23.5,0.1617,0.1879,-0.4,0.9429,0.926,0.8761,0.8344,0.8568
2026-08-30,-78.57,-10.59,0.8403,0.8455,0.8331,0.8404,11.02,311.9,-23.7,0.1856,-0.1401,0.2,0.9429,0.926,0.8013,0.8079,0.9438
2026-08-30,-78.57,10.59,0.9337,0.8285,0.877,0.9573,14.93,284.2,-19.5,0.3356,-0.0344,-0.6,0.9429,0.926,0.9218,0.9039,0.8184
2026-08-30,-78.57,31.76,0.9229,0.8966,0.907,0.8722,7.97,260.1,-20.5,0.2884,0.0575,-1.7,0.9429,0.926,0.9051,0.8769,0.8936
2026-08-30,-78.57,52.94,0.9103,0.858,0.975,0.9502,7.81,277.0,-24.0,0.1115,-0.0592,0.2,0.9429,0.926,0.8484,0.8925,0.9072
2026-08-30,-78.57,74.12,0.9221,0.9868,0.9316,0.9183,9.2,210.2,-22.9,0.3958,-0.1192,-1.9,0.9429,0.926,0.8963,0.9831,0.8764
2026-08-30,-78.57,95.29,0.9383,0.9141,0.9431,0.9026,5.88,115.4,-24.7,0.2907,0.0804,-1.1,0.9429,0.926,0.9117,0.9282,0.9585
2026-08-30,-78.57,116.47,0.9597,0.8894,0.8403,0.9246,13.28,334.9,-19.6,0.31,0.0896,0.3,0.9429,0.926,0.8702,0.858,0.9107
2026-08-30,-78.57,137.65,0.8518,0.87,0.8516,0.8617,16.49,300.5,-24.4,0.2189,-0.0485,-2.0,0.9429,0.926,0.8325,0.8793,0.7775
2026-08-30,-78.57,158.82,0.7066,0.769,0.8422,0.7998,13.36,272.9,-21.3,0.4075,0.0695,-1.4,0.9429,0.926,0.8208,0.7708,0.7777
2026-08-30,-78.57,180.0,0.7586,0.7711,0.7268,0.824,8.62,55.2,-28.0,0.3764,0.0153,-0.0,0.9429,0.926,0.7645,0.7955,0.7051
2026-08-30,-77.14,-180.0,0.6945,0.7738,0.6946,0.7448,9.07,354.7,-25.0,0.4355,0.0426,-0.7,0.8857,0.926,0.7159,0.7128,0.7058
2026-08-30,-77.14,-158.82,0.6861,0.7341,0.7221,0.6573,17.75,220.6,-21.0,0.2577,0.009,-2.9,0.8857,0.926,0.7651,0.7134,0.7178
2026-08-30,-77.14,-137.65,0.7334,0.6654,0.6882,0.7109,13.22,73.0,-18.9,0.111,0.0798,-0.4,0.8857,0.926,0.6751,0.6712,0.6839
2026-08-30,-77.14,-116.47,0.6124,0.6763,0.7049,0.7288,13.79,87.2,-23.0,0.2122,0.1904,1.0,0.8857,0.926,0.6978,0.668,0.6898
2026-08-30,-77.14,-95.29,0.6941,0.6984,0.7434,0.7244,12.46,195.1,-18.3,0.0905,-0.0668,-1.7,0.8857,0.926,0.6343,0.6972,0.6596
2026-08-30,-77.14,-74.12,0.7386,0.6476,0.7058,0.6958,15.98,56.9,-15.7,0.3044,-0.0179,-0.1,0.8857,0.926,0.661,0.6026,0.688
2026-08-30,-77.14,-52.94,0.7155,0.6639,0.7791,0.77,15.75,27.2,-20.0,0.2316,0.0997,-0.9,0.8857,0.926,0.7999,0.7079,0.7405
2026-08-30,-77.14,-31.76,0.7797,0.7715,0.7751,0.8638,12.49,248.7,-23.2,0.0852,0.0143,-2.1,0.8857,0.926,0.7018,0.7339,0.7175
2026-08-30,-77.14,-10.59,0.8168,0.8383,0.822,0.7628,5.46,326.3,-24.7,0.2005,0.0635,-0.6,0.8857,0.926,0.7877,0.7787,0.7662
2026-08-30,-77.14,10.59,0.8105,0.7834,0.8127,0.8451,12.51,174.5,-29.9,0.2289,-0.0231,-2.1,0.8857,0.926,0.8333,0.8517,0.8274
2026-08-30,-77.14,31.76,0.8804,0.866,0.8362,0.871,12.41,207.5,-20.7,0.2981,-0.1491,-1.0,0.8857,0.926,0.8764,0.8873,0.8503
2026-08-30,-77.14,52.94,0.8407,0.8733,0.8968,0.9165,14.07,87.5,-22.6,0.3979,-0.1152,-1.4,0.8857,0.926,0.8493,0.8568,0.8564
2026-08-30,-77.14,74.12,0.874,0.8455,0.8339,0.8211,6.12,313.8,-21.8,0.0999,0.0679,-1.8,0.8857,0.926,0.8898,0.8612,0.8994
2026-08-30,-77.14,95.29,0.8819,0.8438,0.9106,0.8777,5.33,189.6,-21.6,0.2038,0.1074,-0.6,0.8857,0.926,0.905,0.8403,0.8845
2026-08-30,-77.14,116.47,0.8168,0.8392,0.8237,0.8452,13.08,7.1,-20.9,0.0537,0.0203,-1.0,0.8857,0.926,0.8209,0.8232,0.8661
2026-08-30,-77.14,137.65,0.8132,0.8289,0.7345,0.8221,12.9,162.9,-21.8,0.0814,-0.1289,-2.5,0.8857,0.926,0.828,0.8275,0.7919
2026-08-30,-77.14,158.82,0.7783,0.7781,0.7713,0.734,13.18,212.4,-22.5,0.4086,0.3154,-0.2,0.8857,0.926,0.8019,0.7343,0.7621
2026-08-30,-77.14,180.0,0.7234,0.7863,0.6437,0.7377,16.02,211.8,-25.0,0.0733,-0.0668,-1.6,0.8857,0.926,0.7223,0.7383,0.773
2026-08-30,-75.71,-180.0,0.7328,0.7259,0.6272,0.6871,15.27,214.4,-21.6,0.4069,-0.3356,0.3,0.8286,0.926,0.6995,0.6995,0.6869
2026-08-30,-75.71,-158.82,0.6232,0.6108,0.6487,0.6253,13.53,196.8,-18.7,0.3586,0.0607,0.6,0.8286,0.926,0.5742,0.6639,0.6011
2026-08-30,-75.71,-137.65,0.6202,0.6288,0.6493,0.6131,5.65,79.9,-16.2,0.1511,-0.0953,-2.2,0.8286,0.926,0.6914,0.6367,0.576
2026-08-30,-75.71,-116.47,0.5542,0.6609,0.5841,0.6861,16.46,326.2,-26.1,0.179,0.0115,0.8,0.8286,0.926,0.6619,0.6082,0.6155
2026-08-30,-75.71,-95.29,0.6609,0.6357,0.6354,0.6741,16.08,126.2,-22.1,0.2931,0.2882,-1.1,0.8286,0.926,0.6415,0.6841,0.5781
2026-08-30,-75.71,-74.12,0.6348,0.6782,0.6253,0.6047,10.51,203.0,-27.4,0.3541,0.2173,0.9,0.8286,0.926,0.6694,0.6025,0.7427
2026-08-30,-75.71,-52.94,0.7678,0.6602,0.6965,0.6803,6.86,310.1,-19.9,0.4235,0.0748,-1.6,0.8286,0.926,0.656,0.7359,0.6754
2026-08-30,-75.71,-31.76,0.7551,0.638,0.7851,0.7089,11.49,207.6,-17.9,0.2758,0.0489,-1.0,0.8286,0.926,0.6941,0.713,0.7711
2026-08-30,-75.71,-10.59,0.6814,0.6881,0.7853,0.7183,12.01,259.6,-15.8,0.3067,-0.139,-0.2,0.8286,0.926,0.7317,0.7453,0.7912
2026-08-30,-75.71,10.59,0.7418,0.7746,0.7741,0.7729,15.63,104.5,-18.0,0.2068,0.1912,-2.0,0.8286,0.926,0.7956,0.7068,0.8709
2026-08-30,-75.71,31.76,0.7882,0.8362,0.8283,0.8103,15.71,339.0,-19.3,0.2566,-0.1969,-0.8,0.8286,0.926,0.861,0.8056,0.8261
2026-08-30,-75.71,52.94,0.8137,0.9122,0.927,0.8374,10.78,208.2,-16.7,0.1794,-0.0893,-0.2,0.8286,0.926,0.8334,0.8407,0.885
2026-08-30,-75.71,74.12,0.7976,0.771,0.904,0.8084,11.58,203.4,-21.4,0.4389,-0.2635,1.4,0.8286,0.926,0.9134,0.8303,0.8134
2026-08-30,-75.71,95.29,0.7805,0.8675,0.8357,0.9995,17.25,192.5,-18.1,0.2316,-0.0923,-0.2,0.8286,0.926,0.8236,0.8115,0.8287
2026-08-30,-75.71,116.47,0.7673,0.8054,0.7456,0.7836,7.59,156.6,-21.2,0.2712,-0.0033,-0.2,0.8286,0.926,0.8342,0.8036,0.7116
2026-08-30,-75.71,137.65,0.7242,0.7643,0.7156,0.7833,14.92,11.3,-25.1,0.4313,0.0499,0.3,0.8286,0.926,0.7592,0.7072,0.7128
2026-08-30,-75.71,158.82,0.7648,0.7247,0.75,0.647,14.5,70.3,-15.1,0.2947,0.1538,1.0,0.8286,0.926,0.7117,0.7248,0.7332
2026-08-30,-75.71,180.0,0.7836,0.6333,0.6314,0.6965,9.41,246.0,-18.5,0.1854,0.0776,-0.3,0.8286,0.926,0.6766,0.6716,0.6046
2026-08-30,-74.29,-180.0,0.5899,0.5672,0.6395,0.5804,9.3,334.7,-19.9,0.1149,-0.2936,-0.1,0.7714,0.926,0.5672,0.6355,0.6461
2026-08-30,-74.29,-158.82,0.6951,0.6427,0.5471,0.6323,6.51,38.6,-21.6,0.2868,-0.0417,0.6,0.7714,0.926,0.5973,0.6129,0.6147
2026-08-30,-74.29,-137.65,0.5897,0.5811,0.6137,0.6153,13.96,147.0,-14.5,0.2313,-0.0062,0.2,0.7714,0.926,0.5378,0.555,0.6068
2026-08-30,-74.29,-116.47,0.5903,0.5379,0.5874,0.551,9.68,84.9,-17.3,0.1384,0.2165,1.1,0.7714,0.926,0.5861,0.5592,0.5095
2026-08-30,-74.29,-95.29,0.5983,0.6391,0.5794,0.6118,6.23,84.4,-21.2,0.1066,-0.0303,-1.4,0.7714,0.926,0.5805,0.5358,0.5754
2026-08-30,-74.29,-74.12,0.6084,0.6057,0.6363,0.5886,14.92,271.9,-21.4,0.3203,0.0498,-1.1,0.7714,0.926,0.6344,0.5844,0.7154
2026-08-30,-74.29,-52.94,0.6455,0.625,0.5456,0.5584,17.17,287.9,-22.6,0.3852,0.0188,0.5,0.7714,0.926,0.6349,0.6101,0.6853
2026-08-30,-74.29,-31.76,0.6699,0.7126,0.6636,0.6386,15.11,77.7,-19.6,0.3186,0.1008,0.8,0.7714,0.926,0.7328,0.6847,0.7038
2026-08-30,-74.29,-10.59,0.7165,0.7278,0.6973,0.6952,11.91,117.7,-17.5,0.1052,-0.033,1.0,0.7714,0.926,0.703,0.7571,0.7172
2026-08-30,-74.29,10.59,0.7364,0.7536,0.632,0.7638,14.26,324.4,-17.5,0.1772,0.1587,0.3,0.7714,0.926,0.7519,0.7143,0.7624
2026-08-30,-74.29,31.76,0.8619,0.6618,0.7033,0.7751,15.9,141.2,-22.0,0.244,0.0954,1.0,0.7714,0.926,0.8481,0.754,0.7691
2026-08-30,-74.29,52.94,0.7308,0.8245,0.7794,0.7883,7.21,286.9,-25.8,0.2222,0.1699,-0.8,0.7714,0.926,0.7751,0.7492,0.7999
2026-08-30,-74.29,74.12,0.7509,0.8198,0.7594,0.8034,13.48,15.8,-22.2,0.3857,-0.2988,1.3,0.7714,0.926,0.7164,0.8004,0.8445
2026-08-30,-74.29,95.29,0.8011,0.7967,0.7425,0.8068,12.25,229.5,-19.7,0.0785,0.0419,0.5,0.7714,0.926,0.7033,0.7498,0.7328
2026-08-30,-74.29,116.47,0.7086,0.6989,0.7724,0.7093,16.54,58.4,-21.9,0.402,0.2101,0.2,0.7714,0.926,0.683,0.7423,0.7584
2026-08-30,-74.29,137.65,0.6347,0.6581,0.7189,0.7601,15.31,22.6,-22.9,0.2883,0.0521,0.5,0.7714,0.926,0.7541,0.7486,0.7344
2026-08-30,-74.29,158.82,0.7033,0.6624,0.7043,0.6574,15.36,255.6,-23.8,0.3531,-0.0407,1.8,0.7714,0.926,0.6534,0.6417,0.5994
2026-08-30,-74.29,180.0,0.6445,0.6327,0.591,0.5778,7.67,236.9,-16.6,0.171,0.0558,-1.1,0.7714,0.926,0.6066,0.6146,0.6243
2026-08-30,-72.86,-180.0,0.6169,0.56,0.6193,0.6099,17.94,300.5,-16.0,0.2662,0.0697,0.9,0.7143,0.926,0.5026,0.5488,0.5739
2026-08-30,-72.86,-158.82,0.5347,0.5529,0.588,0.5121,16.43,309.6,-20.9,0.4431,-0.2301,-0.2,0.7143,0.926,0.5342,0.5384,0.5422
2026-08-30,-72.86,-137.65,0.564,0.4643,0.5204,0.5373,11.77,24.6,-15.6,0.2677,0.0838,2.3,0.7143,0.926,0.5701,0.5643,0.5099
2026-08-30,-72.86,-116.47,0.5088,0.5528,0.544,0.5217,17.57,116.5,-23.3,0.0658,0.0254,-0.1,0.7143,0.926,0.5951,0.4663,0.4863
2026-08-30,-72.86,-95.29,0.511,0.547,0.5129,0.5298,5.23,33.0,-22.4,0.2883,-0.1064,0.6,0.7143,0.926,0.4812,0.562,0.5411
2026-08-30,-72.86,-74.12,0.5804,0.5586,0.5657,0.5916,13.38,328.6,-18.4,0.2484,-0.3138,-0.5,0.7143,0.926,0.5828,0.512,0.5628
2026-08-30,-72.86,-52.94,0.6319,0.6227,0.541,0.5968,9.57,76.9,-18.3,0.2955,-0.27,-0.6,0.7143,0.926,0.5967,0.5743,0.5935
2026-08-30,-72.86,-31.76,0.5686,0.6438,0.649,0.6693,9.3,342.7,-20.4,0.3263,0.2295,1.4,0.7143,0.926,0.6108,0.6153,0.6438
2026-08-30,-72.86,-10.59,0.6289,0.6578,0.6571,0.6353,8.77,28.2,-15.9,0.1879,-0.1481,0.7,0.7143,0.926,0.6697,0.6483,0.6684
2026-08-30,-72.86,10.59,0.6781,0.6999,0.6875,0.6238,11.63,291.7,-16.9,0.1722,-0.1741,-0.6,0.7143,0.926,0.7248,0.7629,0.7053
2026-08-30,-72.86,31.76,0.7163,0.7283,0.7707,0.6968,6.71,163.2,-17.9,0.3326,-0.0498,-0.4,0.7143,0.926,0.7077,0.7386,0.7226
2026-08-30,-72.86,52.94,0.7074,0.7113,0.7392,0.747,14.39,136.3,-17.3,0.1076,0.2073,1.3,0.7143,0.926,0.7406,0.725,0.7444
2026-08-30,-72.86,74.12,0.7272,0.6251,0.7144,0.6977,12.11,228.5,-14.7,0.3385,0.1225,0.0,0.7143,0.926,0.6591,0.7363,0.7231
2026-08-30,-72.86,95.29,0.7156,0.7521,0.7877,0.7056,10.93,60.0,-22.5,0.2577,-0.0877,0.5,0.7143,0.926,0.731,0.6981,0.6256
2026-08-30,-72.86,116.47,0.6226,0.6643,0.6627,0.7159,8.7,342.6,-20.1,0.1353,0.2068,0.2,0.7143,0.926,0.7124,0.7088,0.7272
2026-08-30,-72.86,137.65,0.7081,0.6908,0.6876,0.6269,15.37,65.4,-15.3,0.3771,0.0284,1.3,0.7143,0.926,0.6097,0.6557,0.6069
2026-08-30,-72.86,158.82,0.6321,0.5824,0.581,0.6323,9.35,261.9,-18.2,0.2565,0.0808,1.1,0.7143,0.926,0.562,0.568,0.6346
2026-08-30,-72.86,180.0,0.6008,0.6052,0.5375,0.5836,5.66,274.8,-19.7,0.0669,-0.0329,1.9,0.7143,0.926,0.6832,0.5415,0.5444
2026-08-30,-71.43,-180.0,0.4809,0.5766,0.4834,0.549,15.93,178.4,-20.3,0.2771,-0.0462,0.9,0.6571,0.926,0.5132,0.5004,0.5217
2026-08-30,-71.43,-158.82,0.4811,0.4608,0.5353,0.4498,6.2,215.7,-19.6,0.1679,-0.0243,0.5,0.6571,0.926,0.5691,0.4702,0.5019
2026-08-30,-71.43,-137.65,0.4208,0.4979,0.4627,0.5114,9.28,214.6,-15.0,0.4417,0.2404,2.1,0.6571,0.926,0.488,0.4755,0.4772
2026-08-30,-71.43,-116.47,0.5001,0.5211,0.5142,0.5003,6.4,128.1,-17.8,0.2255,-0.0368,-0.3,0.6571,0.926,0.5033,0.4337,0.4692
2026-08-30,-71.43,-95.29,0.4473,0.4593,0.4785,0.5051,5.98,240.4,-19.3,0.3743,-0.114,2.1,0.6571,0.926,0.5383,0.4465,0.5104
2026-08-30,-71.43,-74.12,0.5382,0.5787,0.5107,0.4601,10.08,0.3,-17.5,0.0584,0.0262,3.0,0.6571,0.926,0.5301,0.5532,0.5224
2026-08-30,-71.43,-52.94,0.5214,0.5024,0.5005,0.6468,14.98,110.2,-16.5,0.2469,0.084,0.0,0.6571,0.926,0.4679,0.5125,0.5906
2026-08-30,-71.43,-31.76,0.4956,0.5119,0.5804,0.5528,8.25,296.5,-16.3,0.1541,0.341,2.0,0.6571,0.926,0.5734,0.5436,0.591
2026-08-30,-71.43,-10.59,0.5927,0.5887,0.6943,0.5935,6.9,229.4,-16.5,0.249,0.1543,1.7,0.6571,0.926,0.6155,0.5791,0.6222
2026-08-30,-71.43,10.59,0.6702,0.7035,0.6558,0.604,8.14,292.5,-20.3,0.2626,0.4003,0.2,0.6571,0.926,0.6094,0.6124,0.6387
2026-08-30,-71.43,31.76,0.71,0.6512,0.7112,0.635,14.36,256.5,-19.7,0.0552,-0.086,0.7,0.6571,0.926,0.5596,0.5896,0.6387
2026-08-30,-71.43,52.94,0.6837,0.7118,0.6632,0.6312,14.17,22.7,-13.9,0.3409,-0.2102,-0.5,0.6571,0.926,0.6894,0.6667,0.6757
2026-08-30,-71.43,74.12,0.7315,0.6874,0.7359,0.633,17.06,138.7,-19.0,0.3176,0.1602,1.6,0.6571,0.926,0.7077,0.6653,0.6558
2026-08-30,-71.43,95.29,0.6176,0.6438,0.6306,0.6499,6.95,165.0,-16.2,0.2771,-0.2291,1.8,0.6571,0.926,0.6446,0.6458,0.6126
2026-08-30,-71.43,116.47,0.6398,0.6035,0.6474,0.6038,7.8,34.6,-12.0,0.3464,-0.0689,1.8,0.6571,0.926,0.611,0.6279,0.6231
2026-08-30,-71.43,137.65,0.6202,0.6268,0.6346,0.6108,11.65,168.7,-23.5,0.0974,-0.027,0.4,0.6571,0.926,0.6445,0.6092,0.5954
2026-08-30,-71.43,158.82,0.5855,0.5734,0.5883,0.6038,16.27,325.2,-13.1,0.3224,-0.1047,2.3,0.6571,0.926,0.482,0.5748,0.5176
2026-08-30,-71.43,180.0,0.6017,0.514,0.5312,0.5958,11.68,197.2,-21.2,0.4159,-0.0445,1.6,0.6571,0.926,0.4893,0.4656,0.4864
2026-08-30,-70.0,-180.0,0.4928,0.5185,0.4579,0.5162,15.94,40.0,-17.1,0.2536,-0.3368,2.8,0.6,0.926,0.4945,0.5798,0.4793
2026-08-30,-70.0,-158.82,0.4285,0.3956,0.4602,0.5064,7.39,82.6,-14.2,0.2663,-0.1167,1.5,0.6,0.926,0.3936,0.4951,0.4463
2026-08-30,-70.0,-137.65,0.4362,0.4319,0.4627,0.424,15.83,25.1,-20.2,0.3648,0.2182,1.1,0.6,0.926,0.4511,0.4655,0.4641
2026-08-30,-70.0,-116.47,0.4494,0.4641,0.4138,0.44,8.49,240.6,-12.6,0.2799,-0.1797,-0.0,0.6,0.926,0.4736,0.4283,0.3518
2026-08-30,-70.0,-95.29,0.4636,0.4269,0.4129,0.4304,17.35,342.4,-18.8,0.3189,0.046,1.9,0.6,0.926,0.3457,0.4527,0.4324
2026-08-30,-70.0,-74.12,0.5173,0.4146,0.4507,0.441,15.27,118.8,-21.2,0.1586,-0.0431,1.1,0.6,0.926,0.4947,0.4852,0.4212
2026-08-30,-70.0,-52.94,0.5663,0.445,0.5139,0.4245,5.32,17.6,-20.2,0.1028,0.0601,2.2,0.6,0.926,0.4677,0.4937,0.5113
2026-08-30,-70.0,-31.76,0.6067,0.5194,0.4581,0.4791,9.69,157.3,-18.6,0.4252,-0.0782,1.8,0.6,0.926,0.5422,0.5546,0.5093
2026-08-30,-70.0,-10.59,0.5556,0.6249,0.5604,0.593,9.92,15.9,-23.6,0.3096,0.0758,3.5,0.6,0.926,0.5372,0.5063,0.5388
2026-08-30,-70.0,10.59,0.5474,0.6083,0.5149,0.6019,17.76,332.0,-15.7,0.177,0.0079,2.6,0.6,0.926,0.5408,0.5778,0.5734
2026-08-30,-70.0,31.76,0.5852,0.5767,0.634,0.6379,15.0,150.1,-11.9,0.1188,0.0415,1.1,0.6,0.926,0.6702,0.6611,0.6155
2026-08-30,-70.0,52.94,0.6031,0.6245,0.6792,0.7197,13.41,139.4,-21.4,0.3482,-0.0414,4.1,0.6,0.926,0.6045,0.6036,0.5948
2026-08-30,-70.0,74.12,0.5995,0.6118,0.6034,0.6452,10.18,4.5,-16.9,0.4241,0.0664,1.3,0.6,0.926,0.5863,0.6691,0.5663
2026-08-30,-70.0,95.29,0.5963,0.6519,0.6018,0.5943,11.73,206.7,-18.3,0.3005,0.0448,0.7,0.6,0.926,0.6384,0.603,0.6623
2026-08-30,-70.0,116.47,0.5734,0.5831,0.5048,0.5674,9.58,216.2,-18.4,0.2611,0.0598,2.6,0.6,0.926,0.5796,0.5537,0.6283
2026-08-30,-70.0,137.65,0.5512,0.5916,0.5693,0.5778,16.88,114.1,-17.0,0.1344,-0.0069,2.0,0.6,0.926,0.5341,0.5652,0.5839
2026-08-30,-70.0,158.82,0.4701,0.5316,0.5574,0.4829,10.19,195.8,-16.8,0.2385,0.2412,2.6,0.6,0.926,0.4684,0.5597,0.5122
2026-08-30,-70.0,180.0,0.4744,0.5001,0.5039,0.543,6.77,309.7,-13.4,0.3929,-0.1533,3.4,0.6,0.926,0.5004,0.4974,0.4689
2026-08-30,-68.57,-180.0,0.4456,0.3684,0.4575,0.3223,10.17,186.6,-15.6,0.2307,-0.4133,1.5,0.5429,0.926,0.4601,0.439,0.4579
2026-08-30,-68.57,-158.82,0.389,0.4111,0.3695,0.4754,12.41,270.6,-19.0,0.2204,-0.2936,2.7,0.5429,0.926,0.399,0.4101,0.4206
2026-08-30,-68.57,-137.65,0.3561,0.3908,0.4545,0.4417,16.2,349.4,-24.5,0.1792,0.1126,3.3,0.5429,0.926,0.412,0.342,0.3916
2026-08-30,-68.57,-116.47,0.4567,0.3884,0.3039,0.3356,8.08,72.0,-13.1,0.296,0.0782,3.8,0.5429,0.926,0.389,0.4191,0.3414
2026-08-30,-68.57,-95.29,0.3835,0.3884,0.522,0.3776,6.97,300.4,-13.8,0.1494,-0.0095,2.7,0.5429,0.926,0.4189,0.404,0.4353
2026-08-30,-68.57,-74.12,0.3821,0.3388,0.2607,0.4752,8.32,41.3,-23.4,0.1323,0.0105,1.5,0.5429,0.926,0.4526,0.4283,0.3928
2026-08-30,-68.57,-52.94,0.4254,0.4456,0.479,0.4514,12.72,305.5,-15.8,0.1786,0.0486,1.8,0.5429,0.926,0.3654,0.4119,0.4558
2026-08-30,-68.57,-31.76,0.5134,0.5014,0.455,0.5522,13.87,104.4,-15.9,0.3274,-0.1297,2.4,0.5429,0.926,0.5502,0.4664,0.4616
2026-08-30,-68.57,-10.59,0.5222,0.4949,0.5128,0.5369,6.81,173.5,-14.2,0.2028,0.0224,3.4,0.5429,0.926,0.502,0.5096,0.4582
2026-08-30,-68.57,10.59,0.4971,0.4274,0.5525,0.5917,10.21,176.9,-18.0,0.0761,0.0917,3.3,0.5429,0.926,0.617,0.5224,0.6382
2026-08-30,-68.57,31.76,0.5247,0.5602,0.5813,0.6083,10.25,139.1,-18.2,0.3969,-0.0011,3.7,0.5429,0.926,0.5518,0.5832,0.5464
2026-08-30,-68.57,52.94,0.5045,0.5736,0.5391,0.6283,16.99,231.7,-19.8,0.357,-0.0909,0.9,0.5429,0.926,0.5485,0.5261,0.5742
2026-08-30,-68.57,74.12,0.5155,0.5083,0.6433,0.5684,6.01,36.5,-17.8,0.4009,0.0037,3.9,0.5429,0.926,0.6316,0.5271,0.6047
2026-08-30,-68.57,95.29,0.623,0.5224,0.6346,0.5495,14.89,290.3,-15.4,0.2814,-0.0329,2.6,0.5429,0.926,0.5577,0.601,0.5439
2026-08-30,-68.57,116.47,0.5661,0.5521,0.5015,0.5996,9.63,68.1,-15.8,0.4067,0.0246,1.5,0.5429,0.926,0.5684,0.4947,0.5435
2026-08-30,-68.57,137.65,0.4587,0.571,0.462,0.4735,6.39,153.2,-20.6,0.1722,-0.1177,4.0,0.5429,0.926,0.5254,0.5645,0.527
2026-08-30,-68.57,158.82,0.4779,0.4816,0.5061,0.5344,16.43,302.2,-17.4,0.2895,-0.0411,2.1,0.5429,0.926,0.4466,0.4633,0.3927
2026-08-30,-68.57,180.0,0.431,0.3988,0.4169,0.4307,12.34,269.4,-16.2,0.107,0.2479,1.3,0.5429,0.926,0.4285,0.5272,0.3948
2026-08-30,-67.14,-180.0,0.3781,0.3397,0.4028,0.3259,14.18,277.2,-18.1,0.4221,-0.2611,2.3,0.4857,0.926,0.3693,0.4155,0.359
2026-08-30,-67.14,-158.82,0.3679,0.3284,0.3753,0.364,10.54,62.5,-10.7,0.0621,0.0819,3.5,0.4857,0.926,0.3685,0.3455,0.326
2026-08-30,-67.14,-137.65,0.3228,0.3014,0.3897,0.3419,15.63,266.9,-13.4,0.223,0.0036,4.7,0.4857,0.926,0.307,0.3493,0.2769
2026-08-30,-67.14,-116.47,0.3726,0.2985,0.2736,0.3124,8.39,346.8,-19.0,0.1028,0.1772,2.2,0.4857,0.926,0.2727,0.4201,0.3518
2026-08-30,-67.14,-95.29,0.3785,0.3014,0.3203,0.3724,14.39,256.4,-11.6,0.1772,0.1189,1.3,0.4857,0.926,0.3347,0.318,0.3646
2026-08-30,-67.14,-74.12,0.2665,0.3688,0.3355,0.3166,15.16,107.8,-10.7,0.2104,-0.097,2.9,0.4857,0.926,0.374,0.3059,0.3554
2026-08-30,-67.14,-52.94,0.3364,0.3849,0.3926,0.3941,8.47,24.6,-17.3,0.377,0.0919,2.8,0.4857,0.926,0.3935,0.3479,0.3164
2026-08-30,-67.14,-31.76,0.4152,0.3939,0.4683,0.4257,17.2,268.4,-13.4,0.3899,0.1277,1.3,0.4857,0.926,0.4164,0.4276,0.4009
2026-08-30,-67.14,-10.59,0.4629,0.4753,0.4534,0.4356,10.88,252.5,-11.0,0.1018,0.1669,3.3,0.4857,0.926,0.4341,0.4712,0.3967
2026-08-30,-67.14,10.59,0.4736,0.5476,0.5707,0.5194,11.33,281.5,-6.6,0.3902,0.262,4.7,0.4857,0.926,0.4752,0.4176,0.5229
2026-08-30,-67.14,31.76,0.5107,0.5012,0.5989,0.5748,9.96,298.9,-10.5,0.1051,0.013,3.5,0.4857,0.926,0.4671,0.5085,0.5442
2026-08-30,-67.14,52.94,0.5816,0.4509,0.5542,0.4896,5.52,244.5,-13.5,0.3872,0.0942,3.2,0.4857,0.926,0.4851,0.5884,0.5237
2026-08-30,-67.14,74.12,0.501,0.5012,0.5482,0.4997,14.06,146.3,-14.7,0.2908,-0.1063,3.8,0.4857,0.926,0.5084,0.5491,0.5212
2026-08-30,-67.14,95.29,0.5304,0.4834,0.5668,0.5545,14.0,225.1,-13.7,0.1459,0.0209,4.4,0.4857,0.926,0.5156,0.5429,0.5207
2026-08-30,-67.14,116.47,0.4757,0.5283,0.4939,0.5027,15.87,177.5,-14.3,0.3135,-0.0635,4.2,0.4857,0.926,0.4864,0.4119,0.4095
2026-08-30,-67.14,137.65,0.4507,0.4077,0.4506,0.3954,11.84,149.1,-9.5,0.2337,0.0172,2.5,0.4857,0.926,0.4901,0.4518,0.4686
2026-08-30,-67.14,158.82,0.4182,0.427,0.3863,0.416,11.78,291.0,-13.9,0.0665,0.0092,4.9,0.4857,0.926,0.3749,0.3549,0.4418
2026-08-30,-67.14,180.0,0.3988,0.4765,0.3829,0.4099,5.77,320.7,-12.1,0.2655,0.1827,2.0,0.4857,0.926,0.3081,0.4099,0.3497
2026-08-30,-65.71,-180.0,0.2507,0.3357,0.3153,0.2853,8.45,256.1,-14.4,0.3836,0.05,4.4,0.4286,0.926,0.3842,0.2561,0.3376
2026-08-30,-65.71,-158.82,0.3035,0.3406,0.2508,0.3055,14.91,239.0,-11.1,0.3076,-0.0206,3.5,0.4286,0.926,0.3244,0.3066,0.3326
2026-08-30,-65.71,-137.65,0.3434,0.2585,0.3158,0.267,16.04,110.8,-12.6,0.1381,0.2361,4.6,0.4286,0.926,0.2947,0.2487,0.2892
2026-08-30,-65.71,-116.47,0.2059,0.2927,0.2615,0.2331,13.66,237.0,-9.0,0.2286,-0.1361,2.6,0.4286,0.926,0.3513,0.2776,0.2959
2026-08-30,-65.71,-95.29,0.2604,0.2877,0.2301,0.242,6.57,266.0,-8.2,0.3204,-0.1192,4.2,0.4286,0.926,0.3018,0.2679,0.2193
2026-08-30,-65.71,-74.12,0.2688,0.3415,0.2759,0.3406,14.25,256.0,-10.2,0.3998,0.1427,3.9,0.4286,0.926,0.271,0.2599,0.2761
2026-08-30,-65.71,-52.94,0.3775,0.3119,0.3449,0.35,17.95,144.9,-11.9,0.2649,0.0831,2.4,0.4286,0.926,0.3404,0.377,0.3852
2026-08-30,-65.71,-31.76,0.3657,0.3014,0.3739,0.3506,14.34,153.0,-9.2,0.3364,0.123,4.6,0.4286,0.926,0.3766,0.3467,0.4109
2026-08-30,-65.71,-10.59,0.3475,0.4166,0.3983,0.398,6.92,54.3,-12.3,0.344,-0.2272,2.6,0.4286,0.926,0.4575,0.4059,0.4099
2026-08-30,-65.71,10.59,0.4894,0.4479,0.4879,0.4605,5.63,202.4,-13.1,0.3757,-0.2058,3.3,0.4286,0.926,0.4529,0.4325,0.4391
2026-08-30,-65.71,31.76,0.4651,0.4143,0.4011,0.3726,13.7,115.2,-15.5,0.2559,0.2439,5.2,0.4286,0.926,0.4792,0.4994,0.4364
2026-08-30,-65.71,52.94,0.5291,0.4594,0.4186,0.4211,11.58,212.2,-15.3,0.3898,-0.1121,3.3,0.4286,0.926,0.5168,0.4481,0.5316
2026-08-30,-65.71,74.12,0.5237,0.5078,0.521,0.5189,5.07,16.0,-11.8,0.115,0.0134,2.6,0.4286,0.926,0.4386,0.4529,0.4257
2026-08-30,-65.71,95.29,0.392,0.4362,0.4416,0.4793,9.46,294.6,-7.6,0.141,-0.1545,4.8,0.4286,0.926,0.454,0.3709,0.4478
2026-08-30,-65.71,116.47,0.3997,0.4854,0.4499,0.4027,10.2,129.9,-14.4,0.2288,0.0566,1.5,0.4286,0.926,0.4242,0.4003,0.4638
2026-08-30,-65.71,137.65,0.3512,0.3478,0.3723,0.4241,14.58,344.7,-15.2,0.2844,-0.193,2.3,0.4286,0.926,0.4714,0.4328,0.4358
2026-08-30,-65.71,158.82,0.2901,0.3592,0.3846,0.3835,16.49,256.4,-13.9,0.0538,-0.0418,2.4,0.4286,0.926,0.4026,0.3718,0.3615
2026-08-30,-65.71,180.0,0.2897,0.3408,0.394,0.3129,12.88,352.5,-11.9,0.3772,0.2667,3.9,0.4286,0.926,0.348,0.3443,0.3417
2026-08-30,-64.29,-180.0,0.2496,0.2684,0.2947,0.2246,16.38,49.5,-17.0,0.4036,-0.3092,3.3,0.3714,0.926,0.3193,0.2516,0.2991
2026-08-30,-64.29,-158.82,0.1767,0.2768,0.2192,0.23,16.5,231.3,-12.7,0.3231,-0.2155,4.5,0.3714,0.926,0.2864,0.2041,0.2068
2026-08-30,-64.29,-137.65,0.2246,0.1698,0.1673,0.2243,9.42,114.6,-20.9,0.2815,-0.1304,3.4,0.3714,0.926,0.2689,0.193,0.3411
2026-08-30,-64.29,-116.47,0.2657,0.1597,0.261,0.2545,14.35,109.6,-13.3,0.2123,0.0567,6.1,0.3714,0.926,0.2805,0.2789,0.2798
2026-08-30,-64.29,-95.29,0.3076,0.263,0.3011,0.2061,7.28,44.3,-9.2,0.2025,0.0259,3.5,0.3714,0.926,0.2622,0.2145,0.2549
2026-08-30,-64.29,-74.12,0.2966,0.2742,0.2582,0.2404,11.34,358.7,-12.2,0.1937,0.1177,4.5,0.3714,0.926,0.1979,0.1865,0.2235
2026-08-30,-64.29,-52.94,0.2803,0.2225,0.2486,0.3151,9.02,238.9,-17.7,0.2629,-0.2301,5.4,0.3714,0.926,0.2802,0.3336,0.2788
2026-08-30,-64.29,-31.76,0.2978,0.253,0.3466,0.3474,5.31,139.7,-12.5,0.1092,-0.0158,5.0,0.3714,0.926,0.3712,0.3005,0.349
2026-08-30,-64.29,-10.59,0.3293,0.3746,0.384,0.4015,14.62,68.6,-17.4,0.4178,-0.0606,3.3,0.3714,0.926,0.3191,0.3679,0.3322
2026-08-30,-64.29,10.59,0.328,0.351,0.4411,0.3832,7.05,324.4,-12.2,0.3401,-0.0266,4.1,0.3714,0.926,0.4862,0.3342,0.4086
2026-08-30,-64.29,31.76,0.3827,0.3726,0.4261,0.3379,7.43,53.4,-8.1,0.063,-0.0979,5.5,0.3714,0.926,0.456,0.4047,0.4352
2026-08-30,-64.29,52.94,0.4325,0.3824,0.4328,0.3825,18.0,128.1,-6.4,0.384,-0.0232,5.7,0.3714,0.926,0.3933,0.3907,0.4273
2026-08-30,-64.29,74.12,0.4273,0.4886,0.4613,0.3652,7.18,36.7,-11.9,0.3964,-0.0206,5.1,0.3714,0.926,0.4062,0.3322,0.4716
2026-08-30,-64.29,95.29,0.4856,0.4576,0.3736,0.3688,16.59,300.5,-12.7,0.1775,-0.1076,4.0,0.3714,0.926,0.4123,0.4471,0.4909
2026-08-30,-64.29,116.47,0.4048,0.413,0.3862,0.4106,10.1,144.0,-13.0,0.1264,-0.1106,3.8,0.3714,0.926,0.3859,0.4179,0.3365
2026-08-30,-64.29,137.65,0.4477,0.399,0.3236,0.3889,17.07,53.1,-11.2,0.4093,-0.0054,4.0,0.3714,0.926,0.3875,0.3235,0.3748
2026-08-30,-64.29,158.82,0.3503,0.2704,0.3362,0.2264,13.88,15.6,-13.5,0.0979,0.0008,5.1,0.3714,0.926,0.3035,0.2691,0.3419
2026-08-30,-64.29,180.0,0.2451,0.2379,0.322,0.3517,11.76,74.2,-11.4,0.2302,0.119,5.2,0.3714,0.926,0.2315,0.3002,0.3387
2026-08-30,-62.86,-180.0,0.1755,0.2683,0.2464,0.2287,15.04,63.9,-4.2,0.3486,0.0318,2.8,0.3143,0.926,0.2216,0.1669,0.1801
2026-08-30,-62.86,-158.82,0.1898,0.1559,0.2021,0.1461,13.09,107.9,-7.7,0.2563,-0.2803,5.1,0.3143,0.926,0.1389,0.1513,0.1463
2026-08-30,-62.86,-137.65,0.1575,0.0959,0.1244,0.1463,11.75,171.8,-12.6,0.2028,0.1464,6.2,0.3143,0.926,0.2306,0.1683,0.1649
2026-08-30,-62.86,-116.47,0.2208,0.1389,0.0885,0.2225,7.66,233.3,-8.0,0.2146,0.0661,3.7,0.3143,0.926,0.1499,0.176,0.1826
2026-08-30,-62.86,-95.29,0.2135,0.1931,0.1494,0.2129,9.76,159.8,-8.4,0.3284,-0.0,5.2,0.3143,0.926,0.0819,0.1675,0.1915
2026-08-30,-62.86,-74.12,0.2037,0.1719,0.2191,0.2293,9.65,266.5,-12.9,0.4117,0.2522,4.2,0.3143,0.926,0.2695,0.2084,0.2284
2026-08-30,-62.86,-52.94,0.3413,0.2862,0.2985,0.224,17.51,125.3,-6.6,0.3966,0.055,5.3,0.3143,0.926,0.2466,0.2247,0.2574
2026-08-30,-62.86,-31.76,0.2768,0.2718,0.2699,0.2414,7.3,138.4,-7.4,0.2103,0.1085,5.2,0.3143,0.926,0.2305,0.3086,0.1832
2026-08-30,-62.86,-10.59,0.248,0.3252,0.3502,0.3345,7.21,118.5,-10.7,0.2634,0.0884,3.4,0.3143,0.926,0.3117,0.2485,0.3326
2026-08-30,-62.86,10.59,0.359,0.401,0.3865,0.3233,12.74,346.8,-13.9,0.2101,-0.0708,3.9,0.3143,0.926,0.3691,0.2879,0.3956
2026-08-30,-62.86,31.76,0.4034,0.396,0.2636,0.3711,17.91,285.0,-9.9,0.3476,-0.0123,5.1,0.3143,0.926,0.4125,0.3365,0.3365
2026-08-30,-62.86,52.94,0.4304,0.378,0.4272,0.4175,10.93,155.6,-14.5,0.308,-0.1715,3.9,0.3143,0.926,0.4425,0.4079,0.4971
2026-08-30,-62.86,74.12,0.3374,0.4372,0.3599,0.3505,16.2,103.3,-13.4,0.0719,0.0272,4.9,0.3143,0.926,0.4081,0.3533,0.4444
2026-08-30,-62.86,95.29,0.2837,0.2907,0.2806,0.3215,14.57,220.4,-14.2,0.0755,-0.104,3.2,0.3143,0.926,0.3212,0.3215,0.3348
2026-08-30,-62.86,116.47,0.3226,0.3019,0.3554,0.3397,14.71,192.6,-10.6,0.3686,-0.0605,2.9,0.3143,0.926,0.3049,0.2752,0.2768
2026-08-30,-62.86,137.65,0.2997,0.2727,0.3762,0.3005,14.08,273.5,-12.1,0.3112,0.0468,5.4,0.3143,0.926,0.339,0.293,0.3343
2026-08-30,-62.86,158.82,0.25,0.2317,0.3364,0.2162,6.05,14.9,-10.8,0.409,0.2031,5.0,0.3143,0.926,0.2768,0.1885,0.1924
2026-08-30,-62.86,180.0,0.2326,0.2119,0.1982,0.1968,7.63,50.3,-14.3,0.2069,0.4088,5.3,0.3143,0.926,0.224,0.1397,0.2319
2026-08-30,-61.43,-180.0,0.1134,0.1354,0.1616,0.1661,5.13,192.4,-8.1,0.4399,-0.1873,5.6,0.2571,0.926,0.2603,0.2492,0.157
2026-08-30,-61.43,-158.82,0.2079,0.1723,0.2014,0.1586,13.3,7.4,-9.9,0.11,0.0778,4.9,0.2571,0.926,0.1886,0.1361,0.1511
2026-08-30,-61.43,-137.65,0.1689,0.1122,0.1201,0.1782,7.08,340.8,-10.3,0.1831,0.1617,5.9,0.2571,0.926,0.1135,0.1196,0.1564
2026-08-30,-61.43,-116.47,0.1389,0.1259,0.0786,0.128,6.15,136.4,-6.8,0.1094,-0.0413,4.0,0.2571,0.926,0.063,0.1953,0.2202
2026-08-30,-61.43,-95.29,0.1156,0.1341,0.1741,0.1353,8.12,353.8,-7.3,0.1011,-0.2226,5.9,0.2571,0.926,0.2477,0.0828,0.1553
2026-08-30,-61.43,-74.12,0.1911,0.2028,0.1258,0.1795,17.19,138.2,-10.5,0.2659,0.15,6.8,0.2571,0.926,0.1825,0.16,0.1506
2026-08-30,-61.43,-52.94,0.1763,0.111,0.2066,0.1922,6.63,49.9,-10.9,0.1213,0.1295,5.7,0.2571,0.926,0.1789,0.1673,0.2246
2026-08-30,-61.43,-31.76,0.2359,0.2538,0.2236,0.2297,12.49,217.0,-3.0,0.3987,-0.0958,5.7,0.2571,0.926,0.2321,0.219,0.2361
2026-08-30,-61.43,-10.59,0.2865,0.1996,0.1867,0.289,10.06,270.6,-16.8,0.3258,0.2128,5.4,0.2571,0.926,0.2747,0.2468,0.2889
2026-08-30,-61.43,10.59,0.303,0.231,0.3319,0.2169,14.61,99.8,-12.9,0.1854,-0.1014,6.0,0.2571,0.926,0.2801,0.3475,0.3081
2026-08-30,-61.43,31.76,0.3676,0.3515,0.3432,0.2663,8.83,74.9,-5.3,0.0815,0.0313,5.3,0.2571,0.926,0.2709,0.2738,0.2749
2026-08-30,-61.43,52.94,0.3091,0.2862,0.3835,0.2639,7.92,313.4,-11.3,0.3179,0.2128,4.5,0.2571,0.926,0.3535,0.293,0.3316
2026-08-30,-61.43,74.12,0.3303,0.3128,0.346,0.3529,10.26,191.4,-10.7,0.3744,-0.05,5.9,0.2571,0.926,0.3409,0.2874,0.3001
2026-08-30,-61.43,95.29,0.3313,0.3896,0.3063,0.2964,12.07,320.8,-14.3,0.0657,-0.0338,5.5,0.2571,0.926,0.3021,0.3369,0.3436
2026-08-30,-61.43,116.47,0.366,0.2877,0.3334,0.3435,8.04,151.4,-7.0,0.3512,-0.2446,4.6,0.2571,0.926,0.2813,0.2666,0.2457
2026-08-30,-61.43,137.65,0.2673,0.3122,0.2457,0.245,11.4,140.4,-14.7,0.1887,-0.1667,3.6,0.2571,0.926,0.3011,0.2382,0.3154
2026-08-30,-61.43,158.82,0.1718,0.2135,0.2145,0.2457,13.72,145.5,-13.1,0.4154,0.011,4.6,0.2571,0.926,0.1967,0.2143,0.2004
2026-08-30,-61.43,180.0,0.2293,0.1595,0.2122,0.1371,17.97,295.3,-7.3,0.1198,0.1559,5.0,0.2571,0.926,0.1478,0.1526,0.0916
2026-08-30,-60.0,-180.0,0.1292,0.1243,0.1676,0.115,6.42,215.4,-7.6,0.0533,-0.0768,6.4,0.2,0.926,0.1917,0.162,0.064
2026-08-30,-60.0,-158.82,0.068,0.0377,0.0827,0.1466,5.38,266.2,-12.7,0.2091,0.1195,6.2,0.2,0.926,0.1553,0.1234,0.1132
2026-08-30,-60.0,-137.65,0.0,0.041,0.0604,0.0798,10.98,199.3,-8.5,0.4347,-0.1016,5.3,0.2,0.926,0.124,0.1209,0.0995
2026-08-30,-60.0,-116.47,0.0562,0.0195,0.0384,0.0395,12.55,81.2,-3.8,0.2736,0.0082,4.2,0.2,0.926,0.0302,0.0744,0.0888
2026-08-30,-60.0,-95.29,0.0931,0.0789,0.1534,0.0861,13.81,355.8,-7.6,0.2718,-0.0749,6.2,0.2,0.926,0.0749,0.07,0.1089
2026-08-30,-60.0,-74.12,0.1139,0.092,0.1227,0.0719,15.18,198.3,-8.0,0.4415,0.1911,6.6,0.2,0.926,0.0706,0.024,0.0855
2026-08-30,-60.0,-52.94,0.1256,0.1295,0.2027,0.1829,8.15,340.5,-12.9,0.1902,0.2312,5.3,0.2,0.926,0.1493,0.189,0.12
2026-08-30,-60.0,-31.76,0.1634,0.1023,0.1346,0.2087,13.02,254.0,-4.9,0.3205,-0.173,6.5,0.2,0.926,0.2175,0.1924,0.1635
2026-08-30,-60.0,-10.59,0.2531,0.1989,0.2097,0.1502,6.65,225.1,-13.0,0.3555,0.0749,5.6,0.2,0.926,0.2268,0.2189,0.2109
2026-08-30,-60.0,10.59,0.2806,0.2193,0.2037,0.2384,12.01,14.6,-4.8,0.2411,0.4061,7.1,0.2,0.926,0.1603,0.1892,0.2218
2026-08-30,-60.0,31.76,0.3717,0.2451,0.2338,0.3209,6.37,44.7,-7.4,0.1987,-0.0916,6.0,0.2,0.926,0.2411,0.3024,0.3151
2026-08-30,-60.0,52.94,0.3142,0.2836,0.2694,0.2058,13.0,66.5,-5.3,0.1296,0.026,4.4,0.2,0.926,0.2696,0.2913,0.2365
2026-08-30,-60.0,74.12,0.2636,0.291,0.2443,0.3578,17.81,46.3,-8.0,0.1024,-0.0393,7.2,0.2,0.926,0.2005,0.2327,0.3116
2026-08-30,-60.0,95.29,0.2454,0.3005,0.2677,0.2616,6.92,160.6,-12.9,0.1125,0.0924,6.4,0.2,0.926,0.2398,0.2655,0.2579
2026-08-30,-60.0,116.47,0.2139,0.2577,0.1433,0.2382,14.65,200.6,-13.4,0.4115,-0.112,5.4,0.2,0.926,0.2819,0.2302,0.2123
2026-08-30,-60.0,137.65,0.1859,0.1459,0.1919,0.2138,14.86,353.1,-10.7,0.2196,0.124,6.0,0.2,0.926,0.1713,0.1869,0.2183
2026-08-30,-60.0,158.82,0.1674,0.0986,0.1819,0.1588,8.09,94.8,-5.6,0.3584,-0.0614,6.0,0.2,0.926,0.1474,0.0876,0.1864
2026-08-30,-60.0,180.0,0.1219,0.0968,0.1153,0.1403,10.64,210.7,-7.5,0.1746,0.026,4.7,0.2,0.926,0.0858,0.13,0.1923
2026-08-31,-80.0,-180.0,0.8381,0.7973,0.8391,0.8716,12.78,329.9,-23.5,0.1628,-0.0104,-0.9,1.0,0.9215,0.8191,0.8888,0.7904
2026-08-31,-80.0,-158.82,0.7669,0.7765,0.7479,0.8464,10.04,252.9,-28.6,0.1027,0.0215,0.1,1.0,0.9215,0.7507,0.8617,0.794
2026-08-31,-80.0,-137.65,0.7255,0.8297,0.8206,0.794,11.69,71.1,-24.9,0.4378,-0.0638,-1.6,1.0,0.9215,0.7685,0.7528,0.7445
2026-08-31,-80.0,-116.47,0.8837,0.7229,0.7006,0.8055,11.49,193.6,-25.1,0.4446,0.1213,-2.0,1.0,0.9215,0.7488,0.7778,0.7583
2026-08-31,-80.0,-95.29,0.7721,0.7594,0.7767,0.8061,12.96,288.8,-26.0,0.1326,0.3296,-1.6,1.0,0.9215,0.8066,0.7837,0.7105
2026-08-31,-80.0,-74.12,0.7974,0.7614,0.8009,0.7907,13.1,287.7,-29.4,0.3048,-0.0053,-3.8,1.0,0.9215,0.7794,0.8139,0.8125
2026-08-31,-80.0,-52.94,0.9127,0.8607,0.866,0.8533,14.66,358.5,-24.1,0.1156,-0.0897,-1.8,1.0,0.9215,0.8504,0.8349,0.8932
2026-08-31,-80.0,-31.76,0.8575,0.8122,0.8569,0.8708,15.69,283.3,-26.3,0.3157,0.0663,-1.8,1.0,0.9215,0.8291,0.7901,0.814
2026-08-31,-80.0,-10.59,0.8875,1.0,0.9891,0.8403,8.87,198.5,-24.3,0.2534,0.1374,-1.6,1.0,0.9215,0.9692,0.9713,0.894
2026-08-31,-80.0,10.59,0.8918,0.9218,0.9862,0.8607,5.11,143.0,-23.2,0.2926,-0.0074,-2.0,1.0,0.9215,1.0,0.9099,0.8946
2026-08-31,-80.0,31.76,0.9527,1.0,0.9694,1.0,8.92,275.6,-19.9,0.0688,-0.3521,-0.4,1.0,0.9215,1.0,0.9438,0.9109
2026-08-31,-80.0,52.94,0.9595,0.9458,0.9596,0.9529,13.44,268.4,-27.7,0.0589,0.1722,-2.5,1.0,0.9215,0.9657,0.9283,0.9875
2026-08-31,-80.0,74.12,0.936,0.9477,0.9221,1.0,11.83,344.9,-28.9,0.0514,0.0612,-4.2,1.0,0.9215,0.9982,1.0,0.9532
2026-08-31,-80.0,95.29,0.9068,1.0,0.9642,0.9988,6.82,86.5,-26.9,0.3441,-0.0487,-2.8,1.0,0.9215,0.9108,0.988,0.9473
2026-08-31,-80.0,116.47,0.986,0.8572,0.9047,0.9337,8.75,188.2,-25.6,0.3569,-0.1738,-1.2,1.0,0.9215,1.0,0.9355,0.9898
2026-08-31,-80.0,137.65,0.8916,0.9463,0.9022,0.9146,15.22,242.1,-28.9,0.129,-0.1551,-2.8,1.0,0.9215,0.8976,0.9338,0.8874
2026-08-31,-80.0,158.82,0.8416,0.8744,0.8407,0.8719,10.92,314.3,-22.7,0.3196,-0.0929,-1.9,1.0,0.9215,0.8618,0.8286,0.8859
2026-08-31,-80.0,180.0,0.8363,0.8123,0.832,0.8337,8.98,148.4,-26.0,0.2838,-0.0196,-2.0,1.0,0.9215,0.7915,0.8307,0.8515
2026-08-31,-78.57,-180.0,0.6908,0.7328,0.7088,0.8453,11.05,161.4,-19.1,0.2491,-0.2409,-2.2,0.9429,0.9215,0.7544,0.7768,0.7533
2026-08-31,-78.57,-158.82,0.7438,0.7556,0.752,0.8434,12.17,279.5,-27.8,0.1434,-0.0206,-2.2,0.9429,0.9215,0.7402,0.714,0.7663
2026-08-31,-78.57,-137.65,0.7367,0.762,0.7481,0.7334,8.2,105.7,-24.9,0.2884,0.0198,0.6,0.9429,0.9215,0.8681,0.7429,0.6683
2026-08-31,-78.57,-116.47,0.699,0.7947,0.7387,0.7667,5.81,57.0,-22.9,0.0936,-0.1825,-3.3,0.9429,0.9215,0.6545,0.7036,0.6815
2026-08-31,-78.57,-95.29,0.7727,0.7307,0.8723,0.6849,17.38,131.4,-21.4,0.2292,0.0872,-2.8,0.9429,0.9215,0.7017,0.7669,0.7213
2026-08-31,-78.57,-74.12,0.7801,0.7106,0.7922,0.7138,14.93,299.8,-25.3,0.3993,-0.0269,-0.1,0.9429,0.9215,0.7618,0.6985,0.7323
2026-08-31,-78.57,-52.94,0.792,0.7821,0.7319,0.7921,13.0,310.5,-20.9,0.2822,-0.1604,-1.4,0.9429,0.9215,0.7436,0.6927,0.852
2026-08-31,-78.57,-31.76,0.8523,0.7998,0.8114,0.7644,6.08,109.9,-26.8,0.214,0.0167,-3.5,0.9429,0.9215,0.8748,0.833,0.8554
2026-08-31,-78.57,-10.59,0.839,0.8443,0.8319,0.8394,13.06,330.5,-25.9,0.2217,-0.1894,-1.8,0.9429,0.9215,0.7999,0.8065,0.9424
2026-08-31,-78.57,10.59,0.9324,0.8272,0.8758,0.9562,14.44,151.3,-27.0,0.3427,-0.0989,-1.7,0.9429,0.9215,0.9205,0.9025,0.817
2026-08-31,-78.57,31.76,0.9216,0.8954,0.9058,0.8711,12.21,60.9,-15.6,0.2946,0.2852,-2.7,0.9429,0.9215,0.9038,0.8755,0.8922
2026-08-31,-78.57,52.94,0.909,0.8567,0.9738,0.9491,5.22,43.8,-25.7,0.3547,-0.0978,-1.2,0.9429,0.9215,0.8471,0.8912,0.9058
2026-08-31,-78.57,74.12,0.9208,0.9856,0.9304,0.9173,5.94,232.4,-23.5,0.2378,-0.1219,-0.6,0.9429,0.9215,0.895,0.9817,0.875
2026-08-31,-78.57,95.29,0.937,0.9129,0.9419,0.9016,9.07,101.7,-17.7,0.0619,-0.0839,-2.6,0.9429,0.9215,0.9103,0.9269,0.9571
2026-08-31,-78.57,116.47,0.9584,0.8881,0.8391,0.9236,15.31,348.4,-27.5,0.0715,0.1372,0.2,0.9429,0.9215,0.8689,0.8567,0.9093
2026-08-31,-78.57,137.65,0.8505,0.8687,0.8504,0.8607,9.32,315.2,-24.3,0.345,0.0732,-1.9,0.9429,0.9215,0.8312,0.8779,0.7761
2026-08-31,-78.57,158.82,0.7053,0.7678,0.841,0.7988,11.55,339.4,-22.5,0.2397,0.122,-1.7,0.9429,0.9215,0.8194,0.7694,0.7763
2026-08-31,-78.57,180.0,0.7573,0.7698,0.7256,0.823,11.17,83.8,-19.8,0.379,0.0471,-1.7,0.9429,0.9215,0.7632,0.7942,0.7037
2026-08-31,-77.14,-180.0,0.6932,0.7726,0.6935,0.7438,11.25,57.1,-19.4,0.0689,-0.3006,0.7,0.8857,0.9215,0.7147,0.7115,0.7045
2026-08-31,-77.14,-158.82,0.6849,0.7329,0.7209,0.6563,5.14,108.3,-22.5,0.3483,0.1626,-2.4,0.8857,0.9215,0.7638,0.7121,0.7165
2026-08-31,-77.14,-137.65,0.7321,0.6642,0.687,0.7099,12.84,85.7,-22.3,0.3504,0.0127,-0.6,0.8857,0.9215,0.6739,0.6699,0.6825
2026-08-31,-77.14,-116.47,0.6112,0.6751,0.7037,0.7278,15.38,46.5,-24.3,0.2574,0.2426,-1.2,0.8857,0.9215,0.6966,0.6667,0.6885
2026-08-31,-77.14,-95.29,0.6929,0.6973,0.7422,0.7234,13.93,31.8,-22.2,0.0618,-0.0749,-1.0,0.8857,0.9215,0.6331,0.6959,0.6583
2026-08-31,-77.14,-74.12,0.7374,0.6464,0.7046,0.6948,11.03,63.5,-22.1,0.3499,-0.0307,-1.5,0.8857,0.9215,0.6597,0.6013,0.6867
2026-08-31,-77.14,-52.94,0.7143,0.6627,0.778,0.769,5.17,279.8,-20.4,0.099,0.1142,0.2,0.8857,0.9215,0.7986,0.7066,0.7392
2026-08-31,-77.14,-31.76,0.7784,0.7704,0.774,0.8629,9.2,358.9,-21.0,0.1227,0.2177,0.2,0.8857,0.9215,0.7006,0.7327,0.7162
2026-08-31,-77.14,-10.59,0.8156,0.8371,0.8208,0.7618,13.7,246.7,-29.8,0.3427,0.0587,-1.4,0.8857,0.9215,0.7864,0.7774,0.7649
2026-08-31,-77.14,10.59,0.8093,0.7822,0.8116,0.8441,7.43,52.1,-22.9,0.0736,0.0562,-0.0,0.8857,0.9215,0.832,0.8504,0.826
2026-08-31,-77.14,31.76,0.8792,0.8648,0.8351,0.8701,14.32,206.1,-19.4,0.0902,-0.1137,-0.7,0.8857,0.9215,0.8752,0.886,0.849
2026-08-31,-77.14,52.94,0.8395,0.8721,0.8956,0.9155,11.15,308.8,-22.5,0.0773,-0.0839,-1.4,0.8857,0.9215,0.848,0.8555,0.8551
2026-08-31,-77.14,74.12,0.8728,0.8443,0.8328,0.8201,12.31,188.3,-20.6,0.2788,-0.0644,-0.2,0.8857,0.9215,0.8886,0.8599,0.8981
2026-08-31,-77.14,95.29,0.8806,0.8427,0.9095,0.8767,17.33,354.7,-20.7,0.1719,-0.0157,-0.3,0.8857,0.9215,0.9037,0.839,0.8832
2026-08-31,-77.14,116.47,0.8156,0.838,0.8226,0.8442,11.54,219.0,-24.6,0.3875,0.2128,-0.4,0.8857,0.9215,0.8197,0.8219,0.8647
2026-08-31,-77.14,137.65,0.812,0.8277,0.7334,0.8212,6.25,276.7,-21.3,0.3279,0.0156,-1.9,0.8857,0.9215,0.8267,0.8262,0.7906
2026-08-31,-77.14,158.82,0.7771,0.7769,0.7702,0.7331,5.94,175.4,-24.9,0.4054,-0.444,-2.6,0.8857,0.9215,0.8007,0.733,0.7608
2026-08-31,-77.14,180.0,0.7222,0.7851,0.6426,0.7368,17.62,30.3,-25.4,0.3574,0.0473,-1.6,0.8857,0.9215,0.7211,0.737,0.7717
2026-08-31,-75.71,-180.0,0.7317,0.7248,0.6261,0.6862,7.92,192.7,-21.7,0.2198,0.0781,0.6,0.8286,0.9215,0.6983,0.6983,0.6857
2026-08-31,-75.71,-158.82,0.6221,0.6097,0.6476,0.6244,13.81,59.4,-29.8,0.2673,0.2061,-2.3,0.8286,0.9215,0.5731,0.6627,0.5999
2026-08-31,-75.71,-137.65,0.6191,0.6277,0.6482,0.6122,7.13,75.7,-21.5,0.0984,0.0524,0.9,0.8286,0.9215,0.6902,0.6355,0.5748
2026-08-31,-75.71,-116.47,0.5531,0.6598,0.583,0.6852,6.88,1.8,-18.3,0.1882,0.2417,-0.2,0.8286,0.9215,0.6607,0.607,0.6143
2026-08-31,-75.71,-95.29,0.6598,0.6346,0.6343,0.6732,14.75,223.4,-27.3,0.193,-0.1153,-0.6,0.8286,0.9215,0.6403,0.6829,0.5769
2026-08-31,-75.71,-74.12,0.6337,0.6771,0.6242,0.6038,9.01,334.1,-21.4,0.0579,-0.3904,-2.0,0.8286,0.9215,0.6683,0.6013,0.7415
2026-08-31,-75.71,-52.94,0.7667,0.6591,0.6955,0.6794,6.8,293.1,-21.7,0.3618,-0.1891,0.3,0.8286,0.9215,0.6548,0.7347,0.6742
2026-08-31,-75.71,-31.76,0.754,0.6369,0.784,0.7079,8.38,253.8,-22.6,0.1232,-0.1563,-0.2,0.8286,0.9215,0.6929,0.7118,0.7699
2026-08-31,-75.71,-10.59,0.6803,0.687,0.7843,0.7174,8.96,269.5,-21.5,0.3676,0.0454,0.8,0.8286,0.9215,0.7306,0.7441,0.79
2026-08-31,-75.71,10.59,0.7407,0.7735,0.773,0.772,12.17,209.9,-21.9,0.1691,0.071,-0.3,0.8286,0.9215,0.7944,0.7056,0.8697
2026-08-31,-75.71,31.76,0.7871,0.8351,0.8272,0.8094,6.92,255.1,-17.9,0.0986,-0.0879,-1.6,0.8286,0.9215,0.8599,0.8044,0.8248
2026-08-31,-75.71,52.94,0.8126,0.9111,0.9259,0.8365,14.82,191.1,-22.3,0.1767,-0.154,-0.8,0.8286,0.9215,0.8322,0.8395,0.8837
2026-08-31,-75.71,74.12,0.7965,0.7699,0.9029,0.8075,12.07,302.9,-21.6,0.1827,0.1126,0.1,0.8286,0.9215,0.9123,0.8291,0.8122
2026-08-31,-75.71,95.29,0.7794,0.8664,0.8346,0.9986,14.88,173.6,-24.7,0.3142,0.081,-1.3,0.8286,0.9215,0.8224,0.8103,0.8275
2026-08-31,-75.71,116.47,0.7661,0.8043,0.7445,0.7827,7.44,298.6,-16.2,0.2529,-0.0726,0.6,0.8286,0.9215,0.833,0.8024,0.7104
2026-08-31,-75.71,137.65,0.7231,0.7632,0.7146,0.7824,17.72,32.4,-25.7,0.3083,-0.0867,-2.2,0.8286,0.9215,0.758,0.706,0.7116
2026-08-31,-75.71,158.82,0.7637,0.7236,0.7489,0.6461,9.85,229.2,-21.6,0.16,0.0755,0.5,0.8286,0.9215,0.7106,0.7236,0.732
2026-08-31,-75.71,180.0,0.7825,0.6321,0.6303,0.6956,6.8,244.6,-17.1,0.3009,-0.0399,0.1,0.8286,0.9215,0.6755,0.6704,0.6034
2026-08-31,-74.29,-180.0,0.5888,0.5661,0.6385,0.5795,12.07,264.7,-17.0,0.1823,0.2134,-0.3,0.7714,0.9215,0.5662,0.6344,0.6449
2026-08-31,-74.29,-158.82,0.694,0.6417,0.5461,0.6315,6.78,313.5,-24.3,0.1154,-0.1381,1.2,0.7714,0.9215,0.5962,0.6118,0.6136
2026-08-31,-74.29,-137.65,0.5886,0.58,0.6127,0.6145,14.82,239.3,-23.1,0.164,0.0568,0.0,0.7714,0.9215,0.5367,0.5539,0.6056
2026-08-31,-74.29,-116.47,0.5892,0.5369,0.5864,0.5502,14.16,300.1,-23.7,0.4402,-0.209,0.7,0.7714,0.9215,0.585,0.5581,0.5083
2026-08-31,-74.29,-95.29,0.5972,0.6381,0.5784,0.6109,7.91,186.0,-20.4,0.2143,0.0345,0.7,0.7714,0.9215,0.5794,0.5347,0.5742
2026-08-31,-74.29,-74.12,0.6074,0.6047,0.6353,0.5877,15.3,320.2,-23.7,0.3207,0.1373,1.3,0.7714,0.9215,0.6333,0.5833,0.7143
2026-08-31,-74.29,-52.94,0.6445,0.624,0.5446,0.5576,10.62,87.1,-19.2,0.2331,0.0094,1.3,0.7714,0.9215,0.6339,0.6089,0.6842
2026-08-31,-74.29,-31.76,0.6689,0.7116,0.6626,0.6378,17.54,152.0,-24.9,0.187,-0.0522,-0.2,0.7714,0.9215,0.7318,0.6836,0.7027
2026-08-31,-74.29,-10.59,0.7155,0.7267,0.6963,0.6943,5.5,94.4,-22.3,0.0787,0.0263,2.1,0.7714,0.9215,0.7019,0.756,0.716
2026-08-31,-74.29,10.59,0.7354,0.7526,0.631,0.7629,11.03,17.6,-23.1,0.2436,0.288,-1.3,0.7714,0.9215,0.7508,0.7131,0.7612
2026-08-31,-74.29,31.76,0.8608,0.6608,0.7023,0.7742,15.6,83.2,-22.9,0.1548,0.0679,-0.4,0.7714,0.9215,0.847,0.7529,0.768
2026-08-31,-74.29,52.94,0.7297,0.8234,0.7784,0.7874,16.26,238.7,-21.7,0.0979,0.0527,0.7,0.7714,0.9215,0.774,0.7481,0.7988
2026-08-31,-74.29,74.12,0.7499,0.8187,0.7584,0.8025,10.77,204.7,-18.7,0.1517,-0.2356,1.3,0.7714,0.9215,0.7153,0.7993,0.8434
2026-08-31,-74.29,95.29,0.8,0.7957,0.7415,0.806,16.37,231.2,-15.6,0.2494,-0.2638,1.6,0.7714,0.9215,0.7022,0.7487,0.7317
2026-08-31,-74.29,116.47,0.7075,0.6979,0.7714,0.7084,12.69,165.2,-13.3,0.3149,-0.0206,-1.0,0.7714,0.9215,0.6819,0.7412,0.7573
2026-08-31,-74.29,137.65,0.6337,0.6571,0.7179,0.7593,8.13,135.1,-16.5,0.2722,0.1327,-0.3,0.7714,0.9215,0.753,0.7475,0.7333
2026-08-31,-74.29,158.82,0.7023,0.6614,0.7033,0.6566,8.69,147.1,-24.7,0.2039,0.0947,-1.4,0.7714,0.9215,0.6524,0.6405,0.5983
2026-08-31,-74.29,180.0,0.6435,0.6317,0.59,0.5769,13.66,262.6,-14.3,0.4022,-0.1939,-1.5,0.7714,0.9215,0.6055,0.6135,0.6232
2026-08-31,-72.86,-180.0,0.6159,0.5591,0.6184,0.6091,6.67,202.4,-20.9,0.3748,-0.1797,1.2,0.7143,0.9215,0.5016,0.5478,0.5729
2026-08-31,-72.86,-158.82,0.5337,0.5519,0.587,0.5113,7.79,260.0,-13.4,0.0574,-0.154,0.6,0.7143,0.9215,0.5332,0.5373,0.5411
2026-08-31,-72.86,-137.65,0.5631,0.4633,0.5195,0.5365,11.21,302.4,-18.4,0.3359,-0.2078,-0.2,0.7143,0.9215,0.5691,0.5632,0.5089
2026-08-31,-72.86,-116.47,0.5078,0.5518,0.5431,0.521,11.06,133.7,-18.7,0.1762,-0.1911,0.7,0.7143,0.9215,0.5941,0.4653,0.4853
2026-08-31,-72.86,-95.29,0.51,0.5461,0.512,0.5291,10.86,306.9,-16.8,0.0565,0.259,-0.1,0.7143,0.9215,0.4802,0.5609,0.54
2026-08-31,-72.86,-74.12,0.5794,0.5576,0.5648,0.5908,15.37,109.8,-19.2,0.1067,0.054,-0.3,0.7143,0.9215,0.5818,0.511,0.5617
2026-08-31,-72.86,-52.94,0.6309,0.6218,0.5401,0.596,14.87,224.4,-14.0,0.0831,-0.0896,3.0,0.7143,0.9215,0.5957,0.5732,0.5924
2026-08-31,-72.86,-31.76,0.5676,0.6428,0.6481,0.6685,7.99,250.7,-21.9,0.1903,0.0798,0.5,0.7143,0.9215,0.6098,0.6143,0.6427
2026-08-31,-72.86,-10.59,0.6279,0.6569,0.6562,0.6346,16.72,143.1,-22.2,0.106,-0.0812,2.9,0.7143,0.9215,0.6687,0.6473,0.6674
2026-08-31,-72.86,10.59,0.6772,0.699,0.6866,0.623,11.47,155.1,-21.2,0.425,0.0256,-0.7,0.7143,0.9215,0.7238,0.7619,0.7043
2026-08-31,-72.86,31.76,0.7153,0.7273,0.7698,0.696,15.98,156.7,-18.1,0.2433,-0.177,1.6,0.7143,0.9215,0.7067,0.7376,0.7215
2026-08-31,-72.86,52.94,0.7064,0.7104,0.7383,0.7463,11.5,175.5,-23.5,0.0757,0.1634,-0.1,0.7143,0.9215,0.7396,0.724,0.7433
2026-08-31,-72.86,74.12,0.7262,0.6241,0.7135,0.6969,16.81,53.3,-20.9,0.3976,-0.0886,-1.9,0.7143,0.9215,0.6581,0.7352,0.722
2026-08-31,-72.86,95.29,0.7146,0.7511,0.7868,0.7048,7.66,95.2,-25.2,0.2449,0.0145,2.2,0.7143,0.9215,0.73,0.6971,0.6246
2026-08-31,-72.86,116.47,0.6216,0.6633,0.6618,0.7151,11.5,269.4,-20.7,0.2769,-0.0442,-0.6,0.7143,0.9215,0.7114,0.7077,0.7262
2026-08-31,-72.86,137.65,0.7071,0.6899,0.6867,0.6261,10.59,78.9,-18.2,0.0532,0.0398,0.5,0.7143,0.9215,0.6087,0.6547,0.6058
2026-08-31,-72.86,158.82,0.6311,0.5814,0.58,0.6315,5.69,59.7,-16.8,0.0523,0.1028,0.4,0.7143,0.9215,0.561,0.567,0.6335
2026-08-31,-72.86,180.0,0.5998,0.6043,0.5366,0.5828,9.77,356.4,-17.3,0.3395,-0.0563,2.1,0.7143,0.9215,0.6822,0.5405,0.5433
2026-08-31,-71.43,-180.0,0.48,0.5757,0.4825,0.5483,16.16,46.5,-17.6,0.2618,0.182,0.1,0.6571,0.9215,0.5123,0.4994,0.5208
2026-08-31,-71.43,-158.82,0.4802,0.4599,0.5344,0.449,13.68,47.7,-15.8,0.3391,0.0235,0.7,0.6571,0.9215,0.5682,0.4692,0.5009
2026-08-31,-71.43,-137.65,0.4199,0.497,0.4618,0.5107,10.78,133.5,-21.8,0.3969,0.0873,2.0,0.6571,0.9215,0.4871,0.4746,0.4762
2026-08-31,-71.43,-116.47,0.4992,0.5203,0.5134,0.4996,9.21,227.6,-23.7,0.1839,0.1323,0.4,0.6571,0.9215,0.5023,0.4327,0.4682
2026-08-31,-71.43,-95.29,0.4464,0.4584,0.4777,0.5044,7.51,156.4,-17.8,0.449,0.1577,-0.4,0.6571,0.9215,0.5373,0.4455,0.5094
2026-08-31,-71.43,-74.12,0.5373,0.5778,0.5098,0.4594,14.33,128.2,-18.1,0.4337,0.0322,2.5,0.6571,0.9215,0.5292,0.5522,0.5214
2026-08-31,-71.43,-52.94,0.5205,0.5015,0.4997,0.646,16.12,339.0,-17.3,0.1396,-0.0358,0.9,0.6571,0.9215,0.467,0.5116,0.5896
2026-08-31,-71.43,-31.76,0.4947,0.511,0.5795,0.5521,12.86,217.5,-16.0,0.1578,0.1336,1.2,0.6571,0.9215,0.5724,0.5426,0.5901
2026-08-31,-71.43,-10.59,0.5918,0.5878,0.6934,0.5928,9.73,106.5,-19.5,0.4168,-0.1136,0.7,0.6571,0.9215,0.6146,0.5782,0.6212
2026-08-31,-71.43,10.59,0.6693,0.7026,0.655,0.6033,10.52,223.6,-24.0,0.317,-0.1563,1.4,0.6571,0.9215,0.6084,0.6114,0.6378
2026-08-31,-71.43,31.76,0.7091,0.6503,0.7104,0.6343,16.12,7.7,-15.8,0.2751,0.1471,1.5,0.6571,0.9215,0.5587,0.5886,0.6377
2026-08-31,-71.43,52.94,0.6828,0.7109,0.6624,0.6304,12.32,169.3,-22.3,0.1674,-0.0727,2.3,0.6571,0.9215,0.6885,0.6657,0.6747
2026-08-31,-71.43,74.12,0.7306,0.6866,0.7351,0.6323,17.47,274.9,-22.1,0.0914,0.2033,2.7,0.6571,0.9215,0.7067,0.6643,0.6548
2026-08-31,-71.43,95.29,0.6167,0.6429,0.6298,0.6492,10.2,232.3,-20.8,0.3377,0.1755,-0.8,0.6571,0.9215,0.6436,0.6449,0.6116
2026-08-31,-71.43,116.47,0.6389,0.6026,0.6466,0.603,8.19,33.1,-19.4,0.2476,-0.0256,-0.4,0.6571,0.9215,0.61,0.6269,0.6222
2026-08-31,-71.43,137.65,0.6193,0.6259,0.6337,0.6101,16.11,206.0,-23.5,0.3534,0.0166,1.8,0.6571,0.9215,0.6436,0.6083,0.5944
2026-08-31,-71.43,158.82,0.5846,0.5725,0.5874,0.6031,13.91,11.5,-20.5,0.0832,0.1227,3.8,0.6571,0.9215,0.4811,0.5739,0.5166
2026-08-31,-71.43,180.0,0.6008,0.5132,0.5304,0.5951,9.38,174.7,-22.0,0.3393,-0.0725,1.3,0.6571,0.9215,0.4883,0.4647,0.4854
2026-08-31,-70.0,-180.0,0.492,0.5177,0.4571,0.5156,13.79,28.4,-14.7,0.3039,0.1007,-0.1,0.6,0.9215,0.4936,0.5789,0.4784
2026-08-31,-70.0,-158.82,0.4276,0.3948,0.4595,0.5057,7.16,101.3,-15.6,0.3605,-0.1947,2.5,0.6,0.9215,0.3927,0.4942,0.4454
2026-08-31,-70.0,-137.65,0.4354,0.4311,0.462,0.4233,13.86,136.5,-17.8,0.4127,-0.0203,2.1,0.6,0.9215,0.4503,0.4647,0.4632
2026-08-31,-70.0,-116.47,0.4486,0.4633,0.4131,0.4393,15.78,55.9,-11.8,0.1218,-0.142,1.3,0.6,0.9215,0.4727,0.4275,0.3509
2026-08-31,-70.0,-95.29,0.4627,0.4261,0.4121,0.4297,12.65,161.0,-20.4,0.0799,0.084,1.0,0.6,0.9215,0.3449,0.4518,0.4315
2026-08-31,-70.0,-74.12,0.5165,0.4138,0.4499,0.4404,8.5,124.9,-18.2,0.1014,0.2654,2.9,0.6,0.9215,0.4939,0.4844,0.4203
2026-08-31,-70.0,-52.94,0.5655,0.4442,0.5132,0.4238,8.64,85.4,-14.5,0.0898,0.1945,0.7,0.6,0.9215,0.4669,0.4928,0.5105
2026-08-31,-70.0,-31.76,0.6059,0.5186,0.4573,0.4784,8.4,315.9,-20.7,0.4345,-0.0976,2.5,0.6,0.9215,0.5414,0.5537,0.5084
2026-08-31,-70.0,-10.59,0.5547,0.6241,0.5597,0.5924,5.74,84.9,-10.7,0.3667,0.0526,2.0,0.6,0.9215,0.5363,0.5054,0.538
2026-08-31,-70.0,10.59,0.5466,0.6075,0.5141,0.6012,8.69,85.1,-13.6,0.1242,-0.088,2.2,0.6,0.9215,0.54,0.577,0.5725
2026-08-31,-70.0,31.76,0.5844,0.5759,0.6333,0.6373,7.87,290.6,-18.0,0.3179,0.2614,2.6,0.6,0.9215,0.6693,0.6602,0.6146
2026-08-31,-70.0,52.94,0.6023,0.6237,0.6784,0.719,16.14,2.1,-18.9,0.4164,-0.0488,0.8,0.6,0.9215,0.6036,0.6028,0.5939
2026-08-31,-70.0,74.12,0.5986,0.611,0.6026,0.6445,16.01,165.7,-17.1,0.2348,0.1124,0.8,0.6,0.9215,0.5854,0.6682,0.5655
2026-08-31,-70.0,95.29,0.5954,0.6511,0.601,0.5936,5.52,1.3,-18.5,0.3938,-0.027,1.8,0.6,0.9215,0.6376,0.6021,0.6614
2026-08-31,-70.0,116.47,0.5726,0.5823,0.504,0.5668,14.73,273.1,-15.0,0.2726,-0.0187,4.1,0.6,0.9215,0.5787,0.5529,0.6274
2026-08-31,-70.0,137.65,0.5503,0.5908,0.5685,0.5771,16.35,342.4,-19.2,0.3775,-0.0782,0.1,0.6,0.9215,0.5332,0.5643,0.583
2026-08-31,-70.0,158.82,0.4693,0.5308,0.5566,0.4822,18.0,3.5,-10.4,0.2158,0.0795,4.1,0.6,0.9215,0.4676,0.5588,0.5113
2026-08-31,-70.0,180.0,0.4735,0.4993,0.5031,0.5423,13.53,112.8,-21.4,0.2453,0.2828,2.6,0.6,0.9215,0.4996,0.4965,0.468
2026-08-31,-68.57,-180.0,0.4448,0.3677,0.4568,0.3217,5.7,31.2,-13.5,0.2277,-0.0833,1.4,0.5429,0.9215,0.4593,0.4382,0.4571
2026-08-31,-68.57,-158.82,0.3883,0.4104,0.3688,0.4748,12.08,209.8,-16.6,0.3326,-0.0535,3.5,0.5429,0.9215,0.3982,0.4093,0.4198
2026-08-31,-68.57,-137.65,0.3553,0.3901,0.4538,0.4411,12.86,201.2,-15.1,0.1636,0.1358,3.1,0.5429,0.9215,0.4113,0.3412,0.3908
2026-08-31,-68.57,-116.47,0.4559,0.3877,0.3032,0.335,17.95,152.8,-15.5,0.3051,-0.1414,2.5,0.5429,0.9215,0.3882,0.4183,0.3406
2026-08-31,-68.57,-95.29,0.3828,0.3877,0.5213,0.377,17.69,116.9,-18.0,0.3894,0.0189,3.0,0.5429,0.9215,0.4181,0.4032,0.4345
2026-08-31,-68.57,-74.12,0.3813,0.338,0.26,0.4746,17.93,67.0,-17.8,0.1518,-0.074,4.2,0.5429,0.9215,0.4519,0.4275,0.392
2026-08-31,-68.57,-52.94,0.4247,0.4449,0.4783,0.4508,5.12,8.4,-16.5,0.2882,0.1443,4.1,0.5429,0.9215,0.3646,0.4111,0.455
2026-08-31,-68.57,-31.76,0.5127,0.5007,0.4543,0.5516,9.92,228.8,-14.8,0.0926,0.368,1.1,0.5429,0.9215,0.5494,0.4656,0.4608
2026-08-31,-68.57,-10.59,0.5214,0.4942,0.5121,0.5363,6.19,10.7,-19.5,0.4005,-0.1189,1.6,0.5429,0.9215,0.5012,0.5088,0.4574
2026-08-31,-68.57,10.59,0.4964,0.4267,0.5518,0.5911,5.85,77.9,-15.7,0.2078,-0.3337,0.9,0.5429,0.9215,0.6162,0.5216,0.6374
2026-08-31,-68.57,31.76,0.5239,0.5595,0.5806,0.6077,11.78,296.6,-13.6,0.1533,0.1214,1.5,0.5429,0.9215,0.551,0.5824,0.5456
2026-08-31,-68.57,52.94,0.5037,0.5729,0.5384,0.6277,9.79,65.8,-17.2,0.4335,-0.1035,2.1,0.5429,0.9215,0.5477,0.5253,0.5734
2026-08-31,-68.57,74.12,0.5147,0.5076,0.6426,0.5678,8.02,2.4,-15.6,0.1492,0.0234,1.8,0.5429,0.9215,0.6308,0.5263,0.6039
2026-08-31,-68.57,95.29,0.6223,0.5217,0.6339,0.5489,7.7,183.8,-14.4,0.0895,0.192,1.2,0.5429,0.9215,0.5569,0.6002,0.5431
2026-08-31,-68.57,116.47,0.5654,0.5514,0.5008,0.599,16.01,125.3,-16.4,0.2668,-0.0985,1.2,0.5429,0.9215,0.5676,0.494,0.5427
2026-08-31,-68.57,137.65,0.4579,0.5703,0.4613,0.4729,16.47,85.0,-19.3,0.3789,0.1554,2.4,0.5429,0.9215,0.5247,0.5637,0.5262
2026-08-31,-68.57,158.82,0.4772,0.4809,0.5054,0.5338,10.46,327.2,-16.7,0.1575,0.0537,2.2,0.5429,0.9215,0.4458,0.4625,0.3919
2026-08-31,-68.57,180.0,0.4302,0.3981,0.4162,0.4301,9.53,291.1,-17.3,0.3521,0.04,1.7,0.5429,0.9215,0.4278,0.5264,0.394
2026-08-31,-67.14,-180.0,0.3775,0.339,0.4021,0.3253,15.25,272.9,-17.7,0.3314,-0.1027,2.4,0.4857,0.9215,0.3686,0.4148,0.3583
2026-08-31,-67.14,-158.82,0.3673,0.3277,0.3747,0.3635,6.62,227.5,-14.6,0.1552,-0.0061,3.2,0.4857,0.9215,0.3678,0.3448,0.3253
2026-08-31,-67.14,-137.65,0.3221,0.3008,0.3891,0.3413,7.91,205.3,-15.1,0.3146,-0.0801,2.8,0.4857,0.9215,0.3063,0.3486,0.2762
2026-08-31,-67.14,-116.47,0.3719,0.2979,0.2729,0.3119,16.58,173.6,-11.8,0.3236,-0.1728,2.6,0.4857,0.9215,0.2721,0.4194,0.351
2026-08-31,-67.14,-95.29,0.3779,0.3007,0.3197,0.3719,6.6,229.6,-19.6,0.3297,0.0958,1.4,0.4857,0.9215,0.334,0.3173,0.3639
2026-08-31,-67.14,-74.12,0.2658,0.3682,0.3349,0.3161,11.56,105.2,-14.5,0.2452,-0.0562,3.2,0.4857,0.9215,0.3733,0.3052,0.3547
2026-08-31,-67.14,-52.94,0.3357,0.3842,0.3919,0.3936,6.05,153.5,-18.6,0.2183,-0.1369,1.5,0.4857,0.9215,0.3928,0.3472,0.3157
2026-08-31,-67.14,-31.76,0.4145,0.3932,0.4677,0.4252,6.22,346.7,-7.9,0.2535,-0.0208,2.6,0.4857,0.9215,0.4158,0.4269,0.4002
2026-08-31,-67.14,-10.59,0.4622,0.4746,0.4527,0.4351,8.97,161.0,-13.2,0.3098,0.1065,3.0,0.4857,0.9215,0.4334,0.4705,0.3959
2026-08-31,-67.14,10.59,0.4729,0.5469,0.57,0.5189,9.59,150.0,-16.6,0.2035,0.1155,3.3,0.4857,0.9215,0.4745,0.4169,0.5222
2026-08-31,-67.14,31.76,0.5101,0.5006,0.5982,0.5742,6.64,182.4,-16.1,0.3258,0.0088,2.7,0.4857,0.9215,0.4664,0.5078,0.5435
2026-08-31,-67.14,52.94,0.5809,0.4502,0.5536,0.4891,7.27,215.2,-17.2,0.1178,0.2179,3.6,0.4857,0.9215,0.4845,0.5877,0.523
2026-08-31,-67.14,74.12,0.5003,0.5005,0.5475,0.4991,13.36,206.5,-16.7,0.1187,0.0458,2.7,0.4857,0.9215,0.5077,0.5484,0.5205
2026-08-31,-67.14,95.29,0.5298,0.4827,0.5662,0.554,10.34,110.0,-17.7,0.338,-0.2261,3.4,0.4857,0.9215,0.5149,0.5422,0.52
2026-08-31,-67.14,116.47,0.4751,0.5276,0.4933,0.5022,8.77,337.9,-5.4,0.1031,-0.0277,3.2,0.4857,0.9215,0.4857,0.4112,0.4088
2026-08-31,-67.14,137.65,0.4501,0.4071,0.4499,0.3949,8.62,159.4,-14.1,0.2596,-0.3757,2.6,0.4857,0.9215,0.4894,0.4511,0.4679
2026-08-31,-67.14,158.82,0.4175,0.4264,0.3857,0.4155,6.72,66.8,-21.0,0.2269,0.1516,4.7,0.4857,0.9215,0.3742,0.3542,0.4411
2026-08-31,-67.14,180.0,0.3981,0.4758,0.3823,0.4094,9.01,89.5,-14.8,0.2776,-0.0975,2.7,0.4857,0.9215,0.3074,0.4092,0.349
2026-08-31,-65.71,-180.0,0.2501,0.3351,0.3148,0.2848,12.76,176.4,-9.4,0.2656,-0.1214,3.3,0.4286,0.9215,0.3836,0.2555,0.3369
2026-08-31,-65.71,-158.82,0.3029,0.3401,0.2502,0.305,12.62,60.8,-19.6,0.2224,0.0216,2.8,0.4286,0.9215,0.3238,0.306,0.332
2026-08-31,-65.71,-137.65,0.3428,0.258,0.3153,0.2665,16.13,300.1,-18.6,0.1557,-0.1625,5.2,0.4286,0.9215,0.2941,0.2481,0.2885
2026-08-31,-65.71,-116.47,0.2053,0.2921,0.261,0.2327,5.97,123.4,-9.7,0.2201,-0.0368,4.3,0.4286,0.9215,0.3507,0.277,0.2953
2026-08-31,-65.71,-95.29,0.2598,0.2872,0.2295,0.2415,13.2,78.4,-13.0,0.3542,-0.0677,3.6,0.4286,0.9215,0.3012,0.2672,0.2187
2026-08-31,-65.71,-74.12,0.2682,0.341,0.2753,0.3402,6.32,306.4,-12.6,0.3154,0.0381,3.9,0.4286,0.9215,0.2704,0.2593,0.2754
2026-08-31,-65.71,-52.94,0.3769,0.3113,0.3444,0.3495,11.61,116.2,-17.3,0.2077,-0.1046,2.2,0.4286,0.9215,0.3398,0.3764,0.3845
2026-08-31,-65.71,-31.76,0.3651,0.3008,0.3734,0.3502,13.34,187.1,-12.5,0.4455,0.0151,3.4,0.4286,0.9215,0.376,0.346,0.4102
2026-08-31,-65.71,-10.59,0.3469,0.416,0.3977,0.3975,14.73,101.4,-11.1,0.151,-0.0064,3.3,0.4286,0.9215,0.4569,0.4053,0.4092
2026-08-31,-65.71,10.59,0.4888,0.4473,0.4873,0.46,16.83,351.2,-13.6,0.2746,0.0245,3.4,0.4286,0.9215,0.4523,0.4319,0.4385
2026-08-31,-65.71,31.76,0.4645,0.4137,0.4005,0.3722,9.78,215.9,-12.0,0.0761,-0.0886,3.4,0.4286,0.9215,0.4786,0.4987,0.4358
2026-08-31,-65.71,52.94,0.5285,0.4588,0.4181,0.4206,10.82,192.4,-11.3,0.2483,-0.0621,2.6,0.4286,0.9215,0.5162,0.4474,0.531
2026-08-31,-65.71,74.12,0.5231,0.5072,0.5205,0.5185,10.17,291.9,-11.0,0.1444,0.0058,3.0,0.4286,0.9215,0.438,0.4523,0.4251
2026-08-31,-65.71,95.29,0.3914,0.4356,0.441,0.4788,10.8,341.6,-10.5,0.3131,-0.2096,4.4,0.4286,0.9215,0.4534,0.3703,0.4472
2026-08-31,-65.71,116.47,0.3991,0.4848,0.4494,0.4022,11.04,236.7,-13.9,0.1214,-0.1317,3.4,0.4286,0.9215,0.4236,0.3997,0.4632
2026-08-31,-65.71,137.65,0.3507,0.3472,0.3718,0.4237,12.24,116.0,-17.7,0.0851,0.1199,5.5,0.4286,0.9215,0.4708,0.4322,0.4351
2026-08-31,-65.71,158.82,0.2896,0.3587,0.384,0.3831,14.14,298.0,-9.5,0.2897,0.0107,3.9,0.4286,0.9215,0.402,0.3712,0.3609
2026-08-31,-65.71,180.0,0.2891,0.3402,0.3935,0.3125,11.19,219.6,-15.4,0.3341,-0.0049,2.3,0.4286,0.9215,0.3474,0.3437,0.3411
2026-08-31,-64.29,-180.0,0.2491,0.2679,0.2942,0.2242,9.49,76.0,-11.9,0.1782,0.1265,4.4,0.3714,0.9215,0.3188,0.251,0.2985
2026-08-31,-64.29,-158.82,0.1762,0.2763,0.2187,0.2296,10.62,356.3,-10.0,0.2915,-0.0867,4.6,0.3714,0.9215,0.2859,0.2036,0.2062
2026-08-31,-64.29,-137.65,0.2241,0.1693,0.1669,0.2239,17.15,187.7,-17.3,0.1866,-0.0669,5.1,0.3714,0.9215,0.2684,0.1925,0.3406
2026-08-31,-64.29,-116.47,0.2652,0.1593,0.2605,0.2541,17.17,219.8,-13.7,0.3321,0.0474,4.0,0.3714,0.9215,0.28,0.2784,0.2792
2026-08-31,-64.29,-95.29,0.3071,0.2625,0.3006,0.2056,16.78,61.3,-11.4,0.4141,-0.0383,3.0,0.3714,0.9215,0.2616,0.214,0.2544
2026-08-31,-64.29,-74.12,0.2961,0.2737,0.2577,0.24,13.06,165.1,-12.9,0.2436,-0.2184,4.3,0.3714,0.9215,0.1974,0.186,0.223
2026-08-31,-64.29,-52.94,0.2798,0.222,0.2481,0.3146,16.74,139.0,-14.8,0.2425,-0.0801,4.5,0.3714,0.9215,0.2796,0.3331,0.2783
2026-08-31,-64.29,-31.76,0.2973,0.2525,0.3461,0.347,15.98,347.7,-14.8,0.1657,0.1463,2.8,0.3714,0.9215,0.3707,0.3,0.3485
2026-08-31,-64.29,-10.59,0.3288,0.3741,0.3836,0.4011,11.16,70.4,-14.4,0.2291,0.0329,4.3,0.3714,0.9215,0.3186,0.3674,0.3317
2026-08-31,-64.29,10.59,0.3275,0.3505,0.4406,0.3827,16.9,131.9,-10.6,0.1385,-0.0292,3.9,0.3714,0.9215,0.4856,0.3337,0.408
2026-08-31,-64.29,31.76,0.3822,0.3721,0.4256,0.3375,8.34,224.1,-8.9,0.351,0.2282,3.6,0.3714,0.9215,0.4555,0.4042,0.4346
2026-08-31,-64.29,52.94,0.432,0.3819,0.4323,0.3821,15.94,18.9,-13.0,0.0644,0.0434,5.1,0.3714,0.9215,0.3928,0.3901,0.4268
2026-08-31,-64.29,74.12,0.4268,0.4881,0.4608,0.3648,15.77,314.3,-9.5,0.3003,-0.157,4.1,0.3714,0.9215,0.4057,0.3317,0.4711
2026-08-31,-64.29,95.29,0.4851,0.4571,0.3731,0.3684,9.52,258.2,-10.6,0.3109,-0.1498,5.0,0.3714,0.9215,0.4118,0.4466,0.4904
2026-08-31,-64.29,116.47,0.4043,0.4125,0.3858,0.4102,12.1,241.8,-14.0,0.2912,-0.119,3.7,0.3714,0.9215,0.3854,0.4174,0.336
2026-08-31,-64.29,137.65,0.4472,0.3985,0.3231,0.3885,10.18,0.8,-11.3,0.1237,0.1009,3.6,0.3714,0.9215,0.3869,0.3229,0.3742
2026-08-31,-64.29,158.82,0.3498,0.2699,0.3357,0.226,5.33,322.2,-16.7,0.3638,0.0517,5.0,0.3714,0.9215,0.303,0.2686,0.3413
2026-08-31,-64.29,180.0,0.2445,0.2374,0.3215,0.3513,16.51,256.1,-13.4,0.3238,-0.0398,3.2,0.3714,0.9215,0.231,0.2997,0.3381
2026-08-31,-62.86,-180.0,0.1751,0.2679,0.246,0.2283,13.23,324.3,-10.9,0.3656,-0.1432,4.9,0.3143,0.9215,0.2212,0.1665,0.1797
2026-08-31,-62.86,-158.82,0.1894,0.1555,0.2017,0.1458,15.26,240.0,-11.0,0.2538,-0.0218,4.8,0.3143,0.9215,0.1384,0.1509,0.1459
2026-08-31,-62.86,-137.65,0.1571,0.0954,0.1239,0.1459,11.85,324.7,-10.0,0.3246,0.1254,4.7,0.3143,0.9215,0.2302,0.1678,0.1644
2026-08-31,-62.86,-116.47,0.2203,0.1385,0.0881,0.2221,10.36,70.1,-13.4,0.1349,-0.0579,6.2,0.3143,0.9215,0.1494,0.1756,0.1822
2026-08-31,-62.86,-95.29,0.2131,0.1927,0.149,0.2125,5.86,111.9,-14.3,0.1444,0.036,3.7,0.3143,0.9215,0.0815,0.1671,0.191
2026-08-31,-62.86,-74.12,0.2033,0.1714,0.2187,0.2289,17.28,60.1,-11.3,0.1631,-0.1067,5.4,0.3143,0.9215,0.2691,0.2079,0.2279
2026-08-31,-62.86,-52.94,0.3409,0.2858,0.2981,0.2237,13.58,117.2,-12.6,0.3567,-0.0982,4.1,0.3143,0.9215,0.2462,0.2243,0.257
2026-08-31,-62.86,-31.76,0.2763,0.2713,0.2695,0.2411,13.49,356.9,-9.1,0.3738,0.0879,3.5,0.3143,0.9215,0.23,0.3081,0.1827
2026-08-31,-62.86,-10.59,0.2476,0.3247,0.3498,0.3342,10.51,57.7,-15.0,0.4277,0.1013,5.3,0.3143,0.9215,0.3113,0.248,0.3322
2026-08-31,-62.86,10.59,0.3585,0.4006,0.3861,0.323,17.59,173.6,-13.0,0.44,0.2475,6.4,0.3143,0.9215,0.3686,0.2874,0.3951
2026-08-31,-62.86,31.76,0.403,0.3956,0.2632,0.3708,11.77,86.1,-12.8,0.3153,0.0252,4.6,0.3143,0.9215,0.4121,0.336,0.3361
2026-08-31,-62.86,52.94,0.4299,0.3776,0.4268,0.4172,11.49,348.3,-8.1,0.258,-0.0805,4.7,0.3143,0.9215,0.4421,0.4075,0.4967
2026-08-31,-62.86,74.12,0.337,0.4368,0.3595,0.3501,15.45,35.6,-12.9,0.0564,-0.0103,4.6,0.3143,0.9215,0.4077,0.3528,0.4439
2026-08-31,-62.86,95.29,0.2833,0.2903,0.2802,0.3212,6.36,327.0,-12.4,0.2871,-0.1968,5.6,0.3143,0.9215,0.3208,0.321,0.3343
2026-08-31,-62.86,116.47,0.3222,0.3015,0.355,0.3393,5.39,137.6,-4.7,0.128,-0.1413,4.7,0.3143,0.9215,0.3044,0.2748,0.2763
2026-08-31,-62.86,137.65,0.2992,0.2723,0.3758,0.3001,17.61,241.8,-16.4,0.276,0.1956,6.1,0.3143,0.9215,0.3386,0.2925,0.3338
2026-08-31,-62.86,158.82,0.2496,0.2313,0.336,0.2159,11.97,269.3,-11.8,0.1955,0.3002,4.2,0.3143,0.9215,0.2764,0.1881,0.1919
2026-08-31,-62.86,180.0,0.2322,0.2115,0.1978,0.1965,5.83,83.4,-15.1,0.3957,-0.2064,6.1,0.3143,0.9215,0.2236,0.1392,0.2314
2026-08-31,-61.43,-180.0,0.113,0.1351,0.1613,0.1658,5.41,148.9,-13.5,0.4001,0.2551,4.8,0.2571,0.9215,0.2599,0.2488,0.1566
2026-08-31,-61.43,-158.82,0.2075,0.172,0.201,0.1583,12.96,69.7,-8.4,0.3292,0.0476,6.6,0.2571,0.9215,0.1882,0.1358,0.1508
2026-08-31,-61.43,-137.65,0.1685,0.1118,0.1198,0.1779,14.32,147.0,-8.8,0.303,-0.0203,5.4,0.2571,0.9215,0.1132,0.1192,0.156
2026-08-31,-61.43,-116.47,0.1385,0.1255,0.0783,0.1277,5.16,88.7,-9.9,0.2062,0.0106,3.5,0.2571,0.9215,0.0627,0.195,0.2198
2026-08-31,-61.43,-95.29,0.1153,0.1337,0.1737,0.1351,16.74,29.1,-9.1,0.111,-0.0669,4.3,0.2571,0.9215,0.2474,0.0825,0.1549
2026-08-31,-61.43,-74.12,0.1908,0.2025,0.1255,0.1792,11.53,177.0,-9.0,0.3625,0.0311,7.5,0.2571,0.9215,0.1821,0.1596,0.1502
2026-08-31,-61.43,-52.94,0.1759,0.1107,0.2063,0.1919,9.07,74.5,-7.4,0.2547,0.006,5.7,0.2571,0.9215,0.1786,0.1669,0.2242
2026-08-31,-61.43,-31.76,0.2355,0.2534,0.2233,0.2294,12.46,342.3,-10.5,0.321,-0.0298,5.5,0.2571,0.9215,0.2318,0.2186,0.2357
2026-08-31,-61.43,-10.59,0.2861,0.1993,0.1863,0.2887,11.96,22.3,-9.1,0.4419,-0.0989,5.0,0.2571,0.9215,0.2743,0.2464,0.2885
2026-08-31,-61.43,10.59,0.3027,0.2306,0.3315,0.2167,10.23,59.9,-5.8,0.2036,0.066,4.8,0.2571,0.9215,0.2797,0.3471,0.3077
2026-08-31,-61.43,31.76,0.3672,0.3512,0.3429,0.266,14.13,156.9,-13.9,0.3763,0.0271,3.9,0.2571,0.9215,0.2706,0.2735,0.2745
2026-08-31,-61.43,52.94,0.3088,0.2858,0.3831,0.2636,9.08,216.4,-7.0,0.1153,-0.2371,5.2,0.2571,0.9215,0.3531,0.2926,0.3312
2026-08-31,-61.43,74.12,0.33,0.3124,0.3457,0.3526,17.03,168.4,-14.2,0.3292,0.2622,4.9,0.2571,0.9215,0.3405,0.287,0.2997
2026-08-31,-61.43,95.29,0.331,0.3893,0.306,0.2961,8.78,338.4,-11.1,0.412,0.0461,4.2,0.2571,0.9215,0.3018,0.3365,0.3432
2026-08-31,-61.43,116.47,0.3657,0.2873,0.3331,0.3432,12.09,354.6,-9.0,0.4402,0.0873,6.0,0.2571,0.9215,0.2809,0.2662,0.2453
2026-08-31,-61.43,137.65,0.2669,0.3118,0.2453,0.2447,14.21,164.8,-8.2,0.3916,-0.155,4.2,0.2571,0.9215,0.3007,0.2378,0.315
2026-08-31,-61.43,158.82,0.1714,0.2132,0.2141,0.2454,9.23,6.2,-7.9,0.1106,0.1599,6.2,0.2571,0.9215,0.1963,0.214,0.2
2026-08-31,-61.43,180.0,0.2289,0.1591,0.2119,0.1368,6.21,326.8,-11.1,0.3823,0.1268,2.9,0.2571,0.9215,0.1474,0.1522,0.0912
2026-08-31,-60.0,-180.0,0.1289,0.124,0.1673,0.1148,8.25,334.0,-10.4,0.438,0.0787,7.3,0.2,0.9215,0.1914,0.1617,0.0637
2026-08-31,-60.0,-158.82,0.0677,0.0374,0.0824,0.1463,14.21,6.7,-11.1,0.1127,-0.169,6.2,0.2,0.9215,0.1551,0.1231,0.1129
2026-08-31,-60.0,-137.65,0.0,0.0407,0.0601,0.0796,16.71,48.2,-3.1,0.1657,-0.075,5.9,0.2,0.9215,0.1237,0.1206,0.0992
2026-08-31,-60.0,-116.47,0.0559,0.0192,0.0381,0.0393,13.2,44.2,-5.5,0.3558,0.0661,6.2,0.2,0.9215,0.0299,0.0742,0.0885
2026-08-31,-60.0,-95.29,0.0928,0.0787,0.1532,0.0859,9.85,40.2,-5.9,0.3267,-0.1178,4.5,0.2,0.9215,0.0747,0.0698,0.1086
2026-08-31,-60.0,-74.12,0.1136,0.0917,0.1225,0.0716,6.03,350.0,-7.2,0.052,-0.1642,4.6,0.2,0.9215,0.0704,0.0237,0.0852
2026-08-31,-60.0,-52.94,0.1253,0.1292,0.2025,0.1827,8.48,324.4,-1.8,0.393,0.1507,5.1,0.2,0.9215,0.149,0.1887,0.1198
2026-08-31,-60.0,-31.76,0.1632,0.1021,0.1343,0.2085,7.4,318.9,-8.5,0.07,0.0732,6.0,0.2,0.9215,0.2172,0.1921,0.1632
2026-08-31,-60.0,-10.59,0.2528,0.1987,0.2094,0.15,16.4,343.5,-6.3,0.1951,0.2748,5.9,0.2,0.9215,0.2266,0.2186,0.2106
2026-08-31,-60.0,10.59,0.2804,0.219,0.2034,0.2382,5.12,276.0,-9.7,0.4186,0.2064,7.0,0.2,0.9215,0.16,0.1889,0.2215
2026-08-31,-60.0,31.76,0.3715,0.2448,0.2336,0.3207,13.05,303.5,-16.3,0.3114,-0.2542,4.9,0.2,0.9215,0.2408,0.3021,0.3148
2026-08-31,-60.0,52.94,0.314,0.2834,0.2691,0.2056,10.84,7.3,-8.3,0.3218,-0.3238,4.6,0.2,0.9215,0.2693,0.291,0.2362
2026-08-31,-60.0,74.12,0.2633,0.2907,0.2441,0.3576,6.67,63.6,-12.9,0.168,0.058,5.5,0.2,0.9215,0.2002,0.2324,0.3114
2026-08-31,-60.0,95.29,0.2451,0.3003,0.2674,0.2614,11.42,182.8,-5.9,0.227,0.1898,7.2,0.2,0.9215,0.2395,0.2652,0.2576
2026-08-31,-60.0,116.47,0.2137,0.2574,0.1431,0.2379,14.31,333.3,-13.2,0.154,-0.0524,4.3,0.2,0.9215,0.2816,0.2299,0.212
2026-08-31,-60.0,137.65,0.1856,0.1456,0.1917,0.2136,10.06,176.6,-4.4,0.2302,0.1717,4.7,0.2,0.9215,0.171,0.1866,0.218
2026-08-31,-60.0,158.82,0.1671,0.0983,0.1816,0.1586,14.26,296.7,-5.9,0.2876,0.0379,6.3,0.2,0.9215,0.1471,0.0873,0.1861
2026-08-31,-60.0,180.0,0.1216,0.0965,0.1151,0.1401,6.52,62.6,-7.5,0.0877,-0.1624,7.7,0.2,0.9215,0.0855,0.1298,0.192
2026-09-01,-80.0,-180.0,0.8367,0.796,0.8378,0.8704,12.78,267.3,-25.7,0.3406,-0.0056,-0.9,1.0,0.9168,0.8177,0.8873,0.7889
2026-09-01,-80.0,-158.82,0.7655,0.7751,0.7466,0.8453,14.3,354.1,-25.3,0.2983,0.0362,-3.7,1.0,0.9168,0.7492,0.8602,0.7925
2026-09-01,-80.0,-137.65,0.724,0.8284,0.8192,0.7928,11.88,167.8,-28.2,0.0765,-0.0202,-1.3,1.0,0.9168,0.7671,0.7513,0.7429
2026-09-01,-80.0,-116.47,0.8823,0.7215,0.6993,0.8044,9.41,40.5,-24.4,0.1963,0.092,-0.8,1.0,0.9168,0.7473,0.7763,0.7568
2026-09-01,-80.0,-95.29,0.7707,0.7581,0.7754,0.805,6.68,289.1,-24.1,0.2643,0.304,-2.6,1.0,0.9168,0.8051,0.7822,0.709
2026-09-01,-80.0,-74.12,0.796,0.76,0.7996,0.7896,9.79,99.2,-22.3,0.1266,-0.1845,-2.0,1.0,0.9168,0.778,0.8124,0.811
2026-09-01,-80.0,-52.94,0.9113,0.8593,0.8647,0.8522,17.65,71.0,-25.2,0.2674,-0.0138,-2.2,1.0,0.9168,0.849,0.8334,0.8916
2026-09-01,-80.0,-31.76,0.856,0.8108,0.8555,0.8697,9.39,50.3,-25.5,0.4374,0.029,-2.8,1.0,0.9168,0.8277,0.7886,0.8125
2026-09-01,-80.0,-10.59,0.8861,1.0,0.9878,0.8391,14.44,6.2,-27.1,0.3206,-0.1055,-1.5,1.0,0.9168,0.9677,0.9698,0.8925
2026-09-01,-80.0,10.59,0.8904,0.9204,0.9848,0.8595,5.21,53.5,-27.7,0.1484,0.0623,-2.0,1.0,0.9168,1.0,0.9084,0.8931
2026-09-01,-80.0,31.76,0.9513,1.0,0.9681,1.0,14.96,346.1,-29.7,0.2616,-0.18,0.1,1.0,0.9168,1.0,0.9423,0.9094
2026-09-01,-80.0,52.94,0.9581,0.9444,0.9583,0.9518,10.38,226.1,-22.1,0.1341,0.1032,-2.9,1.0,0.9168,0.9643,0.9268,0.986
2026-09-01,-80.0,74.12,0.9346,0.9463,0.9208,1.0,7.63,213.2,-23.3,0.2587,0.1283,-1.3,1.0,0.9168,0.9968,1.0,0.9517
2026-09-01,-80.0,95.29,0.9054,1.0,0.9629,0.9977,8.34,76.7,-23.8,0.1225,0.0746,-2.6,1.0,0.9168,0.9093,0.9865,0.9458
2026-09-01,-80.0,116.47,0.9846,0.8559,0.9034,0.9326,9.36,327.0,-27.1,0.1293,0.0471,-1.8,1.0,0.9168,1.0,0.9341,0.9883
2026-09-01,-80.0,137.65,0.8902,0.9449,0.9009,0.9135,7.89,176.7,-28.1,0.3873,0.1343,-2.4,1.0,0.9168,0.8961,0.9323,0.8859
2026-09-01,-80.0,158.82,0.8402,0.873,0.8393,0.8708,8.03,148.6,-22.5,0.3364,0.1646,-1.3,1.0,0.9168,0.8604,0.8272,0.8844
2026-09-01,-80.0,180.0,0.8349,0.811,0.8307,0.8326,9.63,344.6,-29.3,0.1808,0.1036,-2.4,1.0,0.9168,0.79,0.8293,0.85
2026-09-01,-78.57,-180.0,0.6894,0.7315,0.7076,0.8443,13.72,305.8,-24.8,0.1192,-0.0485,-2.2,0.9429,0.9168,0.753,0.7754,0.7519
2026-09-01,-78.57,-158.82,0.7425,0.7543,0.7507,0.8423,15.24,200.7,-23.7,0.3206,-0.0333,-0.2,0.9429,0.9168,0.7388,0.7126,0.7649
2026-09-01,-78.57,-137.65,0.7353,0.7607,0.7469,0.7323,5.18,331.6,-23.0,0.0964,0.0643,-1.5,0.9429,0.9168,0.8667,0.7415,0.6669
2026-09-01,-78.57,-116.47,0.6977,0.7934,0.7375,0.7656,7.92,79.1,-25.3,0.0626,-0.0133,-2.3,0.9429,0.9168,0.6532,0.7022,0.6801
2026-09-01,-78.57,-95.29,0.7713,0.7294,0.8711,0.6838,6.9,149.2,-27.6,0.3637,-0.388,-1.1,0.9429,0.9168,0.7003,0.7655,0.7198
2026-09-01,-78.57,-74.12,0.7787,0.7093,0.7909,0.7127,5.63,166.9,-26.4,0.372,-0.1116,-2.0,0.9429,0.9168,0.7604,0.6971,0.7309
2026-09-01,-78.57,-52.94,0.7907,0.7808,0.7307,0.791,15.55,337.6,-18.8,0.122,-0.1707,-1.1,0.9429,0.9168,0.7422,0.6913,0.8506
2026-09-01,-78.57,-31.76,0.851,0.7985,0.8101,0.7633,11.3,230.3,-29.8,0.0668,0.0426,-3.1,0.9429,0.9168,0.8734,0.8316,0.854
2026-09-01,-78.57,-10.59,0.8377,0.843,0.8306,0.8383,16.05,295.5,-27.2,0.2389,0.038,-1.8,0.9429,0.9168,0.7986,0.8052,0.9409
2026-09-01,-78.57,10.59,0.9311,0.8259,0.8745,0.9552,10.02,25.1,-19.8,0.0526,0.0665,-3.2,0.9429,0.9168,0.9191,0.9011,0.8156
2026-09-01,-78.57,31.76,0.9203,0.8941,0.9045,0.8701,16.97,208.7,-22.5,0.231,0.055,-2.5,0.9429,0.9168,0.9024,0.8741,0.8908
2026-09-01,-78.57,52.94,0.9077,0.8554,0.9725,0.9481,17.71,102.7,-18.7,0.3103,0.0883,-2.7,0.9429,0.9168,0.8457,0.8898,0.9043
2026-09-01,-78.57,74.12,0.9195,0.9843,0.9291,0.9162,16.54,73.6,-26.9,0.4024,-0.2427,-2.7,0.9429,0.9168,0.8936,0.9803,0.8736
2026-09-01,-78.57,95.29,0.9356,0.9116,0.9406,0.9005,11.11,303.7,-24.3,0.3811,-0.2667,-3.4,0.9429,0.9168,0.909,0.9255,0.9557
2026-09-01,-78.57,116.47,0.9571,0.8869,0.8378,0.9225,13.09,330.5,-20.9,0.0571,0.025,0.9,0.9429,0.9168,0.8675,0.8553,0.9079
2026-09-01,-78.57,137.65,0.8492,0.8674,0.8491,0.8596,9.96,179.2,-20.0,0.2696,-0.06,0.6,0.9429,0.9168,0.8298,0.8765,0.7747
2026-09-01,-78.57,158.82,0.704,0.7665,0.8397,0.7977,15.58,203.4,-24.0,0.2724,-0.0174,-1.0,0.9429,0.9168,0.8181,0.768,0.7749
2026-09-01,-78.57,180.0,0.756,0.7685,0.7243,0.8219,16.55,307.2,-22.1,0.0779,0.0869,-1.2,0.9429,0.9168,0.7619,0.7928,0.7022
2026-09-01,-77.14,-180.0,0.692,0.7714,0.6923,0.7428,17.76,242.8,-26.6,0.1126,-0.0145,-1.3,0.8857,0.9168,0.7134,0.7102,0.7032
2026-09-01,-77.14,-158.82,0.6836,0.7317,0.7197,0.6553,7.46,171.7,-27.7,0.4041,-0.2775,-3.6,0.8857,0.9168,0.7626,0.7108,0.7151
2026-09-01,-77.14,-137.65,0.7309,0.663,0.6858,0.7089,8.37,357.7,-20.3,0.2461,-0.0691,0.8,0.8857,0.9168,0.6726,0.6686,0.6812
2026-09-01,-77.14,-116.47,0.61,0.6739,0.7025,0.7268,12.84,162.4,-22.9,0.3748,-0.2676,-1.5,0.8857,0.9168,0.6953,0.6654,0.6871
2026-09-01,-77.14,-95.29,0.6916,0.6961,0.7411,0.7224,14.58,46.6,-24.8,0.0613,0.0378,-0.2,0.8857,0.9168,0.6318,0.6946,0.6569
2026-09-01,-77.14,-74.12,0.7362,0.6452,0.7035,0.6938,7.06,81.3,-30.6,0.1099,-0.1961,0.1,0.8857,0.9168,0.6585,0.6,0.6853
2026-09-01,-77.14,-52.94,0.7131,0.6615,0.7768,0.768,11.69,96.9,-23.5,0.3186,-0.0708,-1.0,0.8857,0.9168,0.7974,0.7053,0.7378
2026-09-01,-77.14,-31.76,0.7772,0.7691,0.7728,0.8619,9.84,235.4,-26.3,0.4288,-0.1184,0.7,0.8857,0.9168,0.6993,0.7313,0.7149
2026-09-01,-77.14,-10.59,0.8143,0.8359,0.8196,0.7608,17.83,254.8,-23.3,0.1631,-0.1373,1.1,0.8857,0.9168,0.7851,0.7761,0.7635
2026-09-01,-77.14,10.59,0.808,0.781,0.8104,0.8431,14.76,10.9,-21.5,0.3341,0.0732,-0.7,0.8857,0.9168,0.8308,0.8491,0.8247
2026-09-01,-77.14,31.76,0.878,0.8636,0.8339,0.8691,14.51,92.3,-22.9,0.2205,0.0033,0.2,0.8857,0.9168,0.8739,0.8847,0.8476
2026-09-01,-77.14,52.94,0.8383,0.8709,0.8945,0.9145,7.13,241.0,-24.6,0.0794,-0.13,1.1,0.8857,0.9168,0.8468,0.8542,0.8538
2026-09-01,-77.14,74.12,0.8715,0.8431,0.8316,0.8191,15.93,212.4,-22.4,0.3682,0.0083,-0.4,0.8857,0.9168,0.8873,0.8586,0.8968
2026-09-01,-77.14,95.29,0.8794,0.8414,0.9083,0.8757,11.03,265.7,-19.9,0.0799,-0.1097,-1.8,0.8857,0.9168,0.9024,0.8377,0.8818
2026-09-01,-77.14,116.47,0.8143,0.8368,0.8214,0.8432,13.52,10.8,-28.0,0.2491,-0.1743,0.0,0.8857,0.9168,0.8184,0.8206,0.8634
2026-09-01,-77.14,137.65,0.8108,0.8265,0.7322,0.8202,13.23,254.1,-23.2,0.4361,-0.1196,0.1,0.8857,0.9168,0.8254,0.8249,0.7892
2026-09-01,-77.14,158.82,0.7759,0.7757,0.769,0.732,7.55,16.9,-24.4,0.2822,0.0967,-2.3,0.8857,0.9168,0.7994,0.7317,0.7594
2026-09-01,-77.14,180.0,0.721,0.7839,0.6414,0.7358,7.93,83.7,-21.3,0.328,0.3051,0.0,0.8857,0.9168,0.7198,0.7357,0.7703
2026-09-01,-75.71,-180.0,0.7305,0.7237,0.625,0.6852,13.63,322.8,-26.0,0.1069,-0.2699,-1.1,0.8286,0.9168,0.6971,0.6971,0.6844
2026-09-01,-75.71,-158.82,0.6209,0.6086,0.6465,0.6234,17.43,105.6,-24.4,0.2612,0.0243,0.8,0.8286,0.9168,0.5719,0.6615,0.5987
2026-09-01,-75.71,-137.65,0.6179,0.6266,0.6471,0.6112,8.67,14.3,-17.1,0.2129,0.2975,0.3,0.8286,0.9168,0.689,0.6343,0.5735
2026-09-01,-75.71,-116.47,0.5519,0.6587,0.5819,0.6843,6.25,49.9,-24.7,0.2374,0.1169,0.2,0.8286,0.9168,0.6595,0.6058,0.613
2026-09-01,-75.71,-95.29,0.6586,0.6335,0.6332,0.6722,6.22,284.3,-16.6,0.4252,-0.0221,-0.7,0.8286,0.9168,0.6391,0.6817,0.5756
2026-09-01,-75.71,-74.12,0.6325,0.6759,0.6231,0.6029,12.08,88.2,-20.7,0.2495,0.0949,-0.5,0.8286,0.9168,0.6671,0.6001,0.7403
2026-09-01,-75.71,-52.94,0.7655,0.658,0.6944,0.6784,9.35,168.8,-20.9,0.3311,-0.0176,-1.7,0.8286,0.9168,0.6536,0.7335,0.6729
2026-09-01,-75.71,-31.76,0.7528,0.6358,0.7829,0.707,14.8,268.3,-24.2,0.1594,0.0062,-1.0,0.8286,0.9168,0.6917,0.7106,0.7686
2026-09-01,-75.71,-10.59,0.6791,0.6858,0.7832,0.7164,7.44,266.9,-21.7,0.2819,0.2074,-0.7,0.8286,0.9168,0.7294,0.7429,0.7887
2026-09-01,-75.71,10.59,0.7395,0.7723,0.7719,0.771,12.97,268.3,-19.5,0.1367,0.1033,-0.9,0.8286,0.9168,0.7932,0.7043,0.8685
2026-09-01,-75.71,31.76,0.7859,0.8339,0.8261,0.8085,8.78,112.1,-18.9,0.2438,-0.0634,-1.4,0.8286,0.9168,0.8587,0.8032,0.8236
2026-09-01,-75.71,52.94,0.8114,0.91,0.9248,0.8356,15.22,249.1,-20.2,0.1823,0.0526,-1.7,0.8286,0.9168,0.831,0.8382,0.8825
2026-09-01,-75.71,74.12,0.7953,0.7687,0.9018,0.8066,17.43,263.6,-24.1,0.1074,0.022,-0.0,0.8286,0.9168,0.9111,0.8279,0.8109
2026-09-01,-75.71,95.29,0.7782,0.8653,0.8335,0.9977,13.94,141.0,-21.8,0.0595,0.2111,0.5,0.8286,0.9168,0.8212,0.809,0.8263
2026-09-01,-75.71,116.47,0.765,0.8031,0.7434,0.7818,15.27,96.9,-16.4,0.2149,0.0513,0.2,0.8286,0.9168,0.8318,0.8011,0.7091
2026-09-01,-75.71,137.65,0.7219,0.762,0.7135,0.7814,15.92,20.5,-18.5,0.2916,0.2243,0.4,0.8286,0.9168,0.7568,0.7047,0.7103
2026-09-01,-75.71,158.82,0.7625,0.7225,0.7478,0.6451,6.99,333.0,-24.9,0.348,0.1132,-0.6,0.8286,0.9168,0.7094,0.7224,0.7307
2026-09-01,-75.71,180.0,0.7813,0.631,0.6292,0.6947,9.77,352.8,-14.2,0.2249,-0.0589,-0.3,0.8286,0.9168,0.6743,0.6692,0.6021
2026-09-01,-74.29,-180.0,0.5877,0.5651,0.6375,0.5787,6.41,111.2,-10.7,0.4451,0.2289,2.4,0.7714,0.9168,0.565,0.6333,0.6438
2026-09-01,-74.29,-158.82,0.6929,0.6407,0.5451,0.6306,9.83,208.2,-15.9,0.1433,0.0115,0.2,0.7714,0.9168,0.5951,0.6107,0.6124
2026-09-01,-74.29,-137.65,0.5875,0.579,0.6117,0.6136,8.94,175.6,-21.7,0.2919,-0.1315,-0.1,0.7714,0.9168,0.5356,0.5527,0.6045
2026-09-01,-74.29,-116.47,0.5881,0.5358,0.5854,0.5493,8.69,122.2,-15.7,0.3526,-0.1077,1.4,0.7714,0.9168,0.5839,0.5569,0.5072
2026-09-01,-74.29,-95.29,0.5962,0.6371,0.5773,0.61,7.92,87.1,-20.3,0.2003,0.0579,-0.2,0.7714,0.9168,0.5783,0.5335,0.573
2026-09-01,-74.29,-74.12,0.6063,0.6036,0.6343,0.5868,12.5,262.9,-14.6,0.2927,0.2217,1.1,0.7714,0.9168,0.6322,0.5821,0.7131
2026-09-01,-74.29,-52.94,0.6434,0.6229,0.5436,0.5567,9.13,185.2,-21.2,0.112,-0.076,0.3,0.7714,0.9168,0.6327,0.6078,0.683
2026-09-01,-74.29,-31.76,0.6678,0.7106,0.6616,0.6369,9.17,302.1,-17.3,0.1958,0.0731,-0.7,0.7714,0.9168,0.7306,0.6825,0.7015
2026-09-01,-74.29,-10.59,0.7144,0.7257,0.6953,0.6934,16.53,9.1,-19.5,0.3688,0.2994,1.7,0.7714,0.9168,0.7008,0.7549,0.7149
2026-09-01,-74.29,10.59,0.7343,0.7515,0.6299,0.7621,15.66,47.9,-17.9,0.2711,0.0521,0.1,0.7714,0.9168,0.7497,0.712,0.7601
2026-09-01,-74.29,31.76,0.8598,0.6598,0.7013,0.7733,12.29,159.6,-22.8,0.4151,0.2762,0.3,0.7714,0.9168,0.8459,0.7518,0.7668
2026-09-01,-74.29,52.94,0.7286,0.8224,0.7773,0.7866,5.58,36.1,-21.0,0.1566,-0.1614,-1.3,0.7714,0.9168,0.7729,0.7469,0.7976
2026-09-01,-74.29,74.12,0.7488,0.8177,0.7574,0.8017,14.02,230.9,-20.6,0.0955,0.0647,-1.8,0.7714,0.9168,0.7142,0.7981,0.8422
2026-09-01,-74.29,95.29,0.799,0.7946,0.7405,0.8051,9.53,214.5,-19.7,0.0596,0.0986,0.4,0.7714,0.9168,0.7011,0.7475,0.7305
2026-09-01,-74.29,116.47,0.7065,0.6968,0.7704,0.7075,5.99,230.3,-22.9,0.3311,0.2353,0.1,0.7714,0.9168,0.6808,0.74,0.7561
2026-09-01,-74.29,137.65,0.6326,0.656,0.7169,0.7584,5.43,229.0,-18.6,0.1892,0.0315,1.5,0.7714,0.9168,0.7519,0.7464,0.7321
2026-09-01,-74.29,158.82,0.7012,0.6603,0.7022,0.6557,7.18,137.5,-17.9,0.1519,0.1474,1.1,0.7714,0.9168,0.6512,0.6394,0.5971
2026-09-01,-74.29,180.0,0.6424,0.6307,0.5889,0.5761,11.95,285.2,-21.2,0.2421,-0.2293,-0.7,0.7714,0.9168,0.6044,0.6123,0.622
2026-09-01,-72.86,-180.0,0.6149,0.5581,0.6174,0.6083,17.76,87.7,-22.2,0.3797,0.1562,1.1,0.7143,0.9168,0.5005,0.5467,0.5718
2026-09-01,-72.86,-158.82,0.5327,0.5509,0.5861,0.5105,12.53,174.0,-21.2,0.1101,-0.2115,3.1,0.7143,0.9168,0.5322,0.5363,0.54
2026-09-01,-72.86,-137.65,0.5621,0.4623,0.5185,0.5357,17.31,327.8,-18.6,0.3871,0.1468,2.3,0.7143,0.9168,0.5681,0.5622,0.5078
2026-09-01,-72.86,-116.47,0.5068,0.5508,0.5421,0.5201,11.59,110.2,-16.2,0.3756,-0.1274,0.3,0.7143,0.9168,0.5931,0.4642,0.4842
2026-09-01,-72.86,-95.29,0.509,0.5451,0.511,0.5282,10.29,36.2,-13.7,0.3051,-0.0512,1.2,0.7143,0.9168,0.4792,0.5599,0.5389
2026-09-01,-72.86,-74.12,0.5784,0.5567,0.5638,0.59,9.38,287.1,-20.4,0.4188,-0.2842,-2.2,0.7143,0.9168,0.5808,0.5099,0.5606
2026-09-01,-72.86,-52.94,0.6299,0.6208,0.5391,0.5952,13.73,244.1,-20.1,0.3298,-0.156,0.8,0.7143,0.9168,0.5947,0.5722,0.5913
2026-09-01,-72.86,-31.76,0.5666,0.6418,0.6471,0.6677,14.23,106.6,-18.9,0.1337,-0.1283,2.1,0.7143,0.9168,0.6087,0.6132,0.6416
2026-09-01,-72.86,-10.59,0.6269,0.6559,0.6552,0.6337,17.12,153.6,-12.1,0.0519,0.1515,1.8,0.7143,0.9168,0.6677,0.6462,0.6663
2026-09-01,-72.86,10.59,0.6762,0.698,0.6857,0.6222,16.21,202.0,-21.2,0.3451,-0.0441,1.1,0.7143,0.9168,0.7227,0.7608,0.7032
2026-09-01,-72.86,31.76,0.7143,0.7264,0.7688,0.6952,14.43,259.0,-23.5,0.1427,-0.0879,0.3,0.7143,0.9168,0.7057,0.7365,0.7204
2026-09-01,-72.86,52.94,0.7054,0.7094,0.7373,0.7454,10.18,221.4,-17.7,0.3655,-0.0612,2.0,0.7143,0.9168,0.7386,0.7229,0.7422
2026-09-01,-72.86,74.12,0.7252,0.6232,0.7125,0.6961,14.31,61.0,-15.5,0.1425,0.0428,0.2,0.7143,0.9168,0.6571,0.7342,0.721
2026-09-01,-72.86,95.29,0.7136,0.7502,0.7858,0.704,14.65,297.6,-19.8,0.1588,0.1432,1.1,0.7143,0.9168,0.7289,0.696,0.6235
2026-09-01,-72.86,116.47,0.6206,0.6624,0.6608,0.7143,10.17,165.2,-21.2,0.1554,0.1019,1.6,0.7143,0.9168,0.7104,0.7067,0.7251
2026-09-01,-72.86,137.65,0.7061,0.6889,0.6857,0.6253,6.63,337.2,-21.5,0.3622,0.4519,0.3,0.7143,0.9168,0.6077,0.6536,0.6047
2026-09-01,-72.86,158.82,0.6301,0.5805,0.5791,0.6307,8.38,357.2,-21.3,0.29,0.1406,0.9,0.7143,0.9168,0.56,0.5659,0.6324
2026-09-01,-72.86,180.0,0.5988,0.6033,0.5357,0.582,15.62,111.5,-17.0,0.1155,-0.0285,0.5,0.7143,0.9168,0.6811,0.5394,0.5422
2026-09-01,-71.43,-180.0,0.479,0.5748,0.4817,0.5475,5.34,200.8,-17.1,0.2985,-0.1278,1.7,0.6571,0.9168,0.5113,0.4985,0.5198
2026-09-01,-71.43,-158.82,0.4792,0.459,0.5335,0.4483,17.61,248.7,-20.3,0.3906,0.1627,1.9,0.6571,0.9168,0.5672,0.4682,0.5
2026-09-01,-71.43,-137.65,0.419,0.4961,0.4609,0.51,13.04,150.3,-21.5,0.3094,0.2651,0.7,0.6571,0.9168,0.4861,0.4736,0.4753
2026-09-01,-71.43,-116.47,0.4983,0.5194,0.5125,0.4988,5.63,58.8,-15.7,0.4013,-0.2224,0.3,0.6571,0.9168,0.5014,0.4318,0.4672
2026-09-01,-71.43,-95.29,0.4455,0.4575,0.4768,0.5037,11.23,248.4,-19.0,0.1565,-0.1584,2.3,0.6571,0.9168,0.5364,0.4446,0.5084
2026-09-01,-71.43,-74.12,0.5364,0.5769,0.509,0.4587,8.43,341.9,-20.9,0.1104,-0.1232,0.9,0.6571,0.9168,0.5282,0.5513,0.5204
2026-09-01,-71.43,-52.94,0.5196,0.5006,0.4988,0.6453,6.97,184.5,-22.0,0.3264,-0.197,1.5,0.6571,0.9168,0.466,0.5106,0.5886
2026-09-01,-71.43,-31.76,0.4937,0.5101,0.5787,0.5513,6.98,30.4,-16.7,0.4435,0.1084,1.4,0.6571,0.9168,0.5715,0.5417,0.5891
2026-09-01,-71.43,-10.59,0.5909,0.5869,0.6925,0.5921,5.78,221.6,-19.0,0.3269,-0.0811,0.7,0.6571,0.9168,0.6137,0.5772,0.6202
2026-09-01,-71.43,10.59,0.6684,0.7017,0.6541,0.6025,15.06,242.0,-15.1,0.1942,-0.22,2.0,0.6571,0.9168,0.6075,0.6104,0.6368
2026-09-01,-71.43,31.76,0.7082,0.6494,0.7095,0.6335,15.81,262.6,-18.6,0.2331,-0.0828,3.4,0.6571,0.9168,0.5578,0.5877,0.6367
2026-09-01,-71.43,52.94,0.6818,0.71,0.6615,0.6297,15.12,81.7,-19.4,0.3938,0.1602,1.5,0.6571,0.9168,0.6876,0.6648,0.6737
2026-09-01,-71.43,74.12,0.7297,0.6857,0.7342,0.6315,13.92,197.5,-22.6,0.2511,-0.0002,2.1,0.6571,0.9168,0.7058,0.6633,0.6538
2026-09-01,-71.43,95.29,0.6158,0.642,0.6289,0.6484,16.22,92.2,-16.3,0.0805,0.0812,2.0,0.6571,0.9168,0.6427,0.6439,0.6106
2026-09-01,-71.43,116.47,0.638,0.6017,0.6457,0.6023,14.8,239.9,-15.7,0.3741,0.0099,1.7,0.6571,0.9168,0.6091,0.6259,0.6212
2026-09-01,-71.43,137.65,0.6184,0.625,0.6328,0.6094,15.47,83.3,-16.0,0.2072,-0.277,4.1,0.6571,0.9168,0.6426,0.6073,0.5934
2026-09-01,-71.43,158.82,0.5836,0.5716,0.5866,0.6023,10.41,211.2,-18.0,0.0788,-0.1559,1.2,0.6571,0.9168,0.4801,0.5729,0.5156
2026-09-01,-71.43,180.0,0.5999,0.5123,0.5295,0.5943,16.31,290.6,-21.0,0.3896,-0.0189,1.2,0.6571,0.9168,0.4874,0.4637,0.4844
2026-09-01,-70.0,-180.0,0.4912,0.5169,0.4563,0.5149,11.96,146.0,-11.7,0.3303,0.1938,3.2,0.6,0.9168,0.4927,0.578,0.4775
2026-09-01,-70.0,-158.82,0.4268,0.3939,0.4587,0.505,10.26,265.6,-17.1,0.4031,-0.13,2.3,0.6,0.9168,0.3919,0.4933,0.4445
2026-09-01,-70.0,-137.65,0.4346,0.4303,0.4612,0.4226,13.32,126.2,-17.2,0.1911,0.0406,0.8,0.6,0.9168,0.4494,0.4638,0.4623
2026-09-01,-70.0,-116.47,0.4477,0.4625,0.4123,0.4386,5.55,136.5,-13.7,0.379,0.0808,3.0,0.6,0.9168,0.4718,0.4266,0.35
2026-09-01,-70.0,-95.29,0.4619,0.4252,0.4113,0.429,14.74,151.3,-16.5,0.101,-0.025,0.2,0.6,0.9168,0.344,0.4509,0.4306
2026-09-01,-70.0,-74.12,0.5156,0.413,0.4491,0.4397,12.02,344.6,-20.2,0.3599,-0.1024,1.3,0.6,0.9168,0.493,0.4835,0.4194
2026-09-01,-70.0,-52.94,0.5646,0.4433,0.5124,0.4231,17.1,262.6,-17.7,0.3817,-0.3339,2.4,0.6,0.9168,0.466,0.4919,0.5095
2026-09-01,-70.0,-31.76,0.605,0.5178,0.4565,0.4778,5.94,106.0,-16.9,0.2948,0.176,2.5,0.6,0.9168,0.5405,0.5528,0.5075
2026-09-01,-70.0,-10.59,0.5539,0.6233,0.5589,0.5917,5.45,54.2,-18.5,0.0691,0.0906,3.2,0.6,0.9168,0.5355,0.5045,0.537
2026-09-01,-70.0,10.59,0.5458,0.6066,0.5133,0.6006,9.99,316.6,-19.7,0.1633,0.2572,2.4,0.6,0.9168,0.5391,0.5761,0.5716
2026-09-01,-70.0,31.76,0.5836,0.5751,0.6325,0.6366,14.28,13.5,-17.7,0.2993,0.0106,2.9,0.6,0.9168,0.6684,0.6593,0.6137
2026-09-01,-70.0,52.94,0.6015,0.6229,0.6776,0.7184,5.52,164.7,-16.3,0.3051,-0.0579,2.7,0.6,0.9168,0.6027,0.6019,0.593
2026-09-01,-70.0,74.12,0.5978,0.6102,0.6018,0.6438,10.22,68.7,-16.4,0.3578,-0.0777,1.4,0.6,0.9168,0.5846,0.6674,0.5645
2026-09-01,-70.0,95.29,0.5946,0.6503,0.6002,0.593,14.1,101.4,-14.7,0.1333,-0.1824,2.2,0.6,0.9168,0.6367,0.6012,0.6605
2026-09-01,-70.0,116.47,0.5717,0.5815,0.5032,0.5661,6.0,311.6,-18.2,0.4098,0.0023,2.5,0.6,0.9168,0.5778,0.552,0.6265
2026-09-01,-70.0,137.65,0.5495,0.59,0.5677,0.5765,17.34,124.6,-13.4,0.1252,0.025,2.0,0.6,0.9168,0.5324,0.5634,0.5821
2026-09-01,-70.0,158.82,0.4684,0.53,0.5558,0.4815,14.4,178.6,-18.1,0.4005,0.0452,2.2,0.6,0.9168,0.4667,0.5579,0.5104
2026-09-01,-70.0,180.0,0.4727,0.4985,0.5023,0.5416,17.49,315.1,-11.5,0.3704,-0.0105,1.1,0.6,0.9168,0.4987,0.4957,0.4671
2026-09-01,-68.57,-180.0,0.4441,0.3669,0.4561,0.3211,9.37,136.0,-13.4,0.0976,-0.1228,2.3,0.5429,0.9168,0.4585,0.4374,0.4563
2026-09-01,-68.57,-158.82,0.3875,0.4097,0.3681,0.4742,14.81,166.8,-14.3,0.3559,0.2202,2.2,0.5429,0.9168,0.3974,0.4085,0.419
2026-09-01,-68.57,-137.65,0.3546,0.3893,0.4531,0.4405,9.42,205.6,-15.7,0.1342,0.1932,1.6,0.5429,0.9168,0.4105,0.3404,0.39
2026-09-01,-68.57,-116.47,0.4552,0.387,0.3024,0.3344,15.03,99.3,-11.8,0.3175,0.0004,2.7,0.5429,0.9168,0.3874,0.4175,0.3397
2026-09-01,-68.57,-95.29,0.382,0.3869,0.5206,0.3764,10.19,87.6,-14.9,0.3305,0.0284,2.9,0.5429,0.9168,0.4173,0.4024,0.4337
2026-09-01,-68.57,-74.12,0.3806,0.3373,0.2593,0.474,9.97,15.7,-18.4,0.3811,0.0888,2.5,0.5429,0.9168,0.4511,0.4267,0.3912
2026-09-01,-68.57,-52.94,0.4239,0.4441,0.4776,0.4502,10.86,37.5,-19.7,0.0802,0.2233,2.9,0.5429,0.9168,0.3639,0.4103,0.4541
2026-09-01,-68.57,-31.76,0.5119,0.5,0.4536,0.551,10.04,45.9,-14.3,0.3239,-0.1764,2.9,0.5429,0.9168,0.5486,0.4648,0.46
2026-09-01,-68.57,-10.59,0.5206,0.4934,0.5114,0.5357,6.66,36.8,-12.0,0.1174,-0.0307,2.9,0.5429,0.9168,0.5004,0.508,0.4566
2026-09-01,-68.57,10.59,0.4956,0.426,0.5511,0.5905,8.89,100.7,-13.0,0.2976,0.3077,2.8,0.5429,0.9168,0.6155,0.5208,0.6366
2026-09-01,-68.57,31.76,0.5232,0.5588,0.5799,0.6071,15.15,136.8,-14.6,0.2631,-0.2129,1.1,0.5429,0.9168,0.5502,0.5816,0.5448
2026-09-01,-68.57,52.94,0.503,0.5722,0.5377,0.6271,12.07,196.6,-22.5,0.4002,-0.2765,2.8,0.5429,0.9168,0.547,0.5245,0.5726
2026-09-01,-68.57,74.12,0.514,0.5068,0.6419,0.5672,8.5,162.2,-13.6,0.3679,-0.0267,0.5,0.5429,0.9168,0.6301,0.5255,0.603
2026-09-01,-68.57,95.29,0.6215,0.521,0.6332,0.5483,15.93,43.6,-13.9,0.1229,0.2014,1.8,0.5429,0.9168,0.5562,0.5994,0.5423
2026-09-01,-68.57,116.47,0.5646,0.5506,0.5,0.5983,12.2,223.8,-18.3,0.1944,-0.0135,3.9,0.5429,0.9168,0.5669,0.4931,0.5418
2026-09-01,-68.57,137.65,0.4572,0.5695,0.4606,0.4723,6.83,183.4,-22.9,0.102,-0.0902,3.9,0.5429,0.9168,0.5239,0.5629,0.5254
2026-09-01,-68.57,158.82,0.4764,0.4801,0.5047,0.5332,14.41,277.3,-20.4,0.3729,-0.1405,1.6,0.5429,0.9168,0.445,0.4617,0.391
2026-09-01,-68.57,180.0,0.4295,0.3973,0.4155,0.4294,9.48,150.5,-18.1,0.061,0.0735,1.9,0.5429,0.9168,0.427,0.5256,0.3932
2026-09-01,-67.14,-180.0,0.3768,0.3383,0.4015,0.3248,9.24,243.5,-12.1,0.0615,-0.3073,2.5,0.4857,0.9168,0.3679,0.4141,0.3575
2026-09-01,-67.14,-158.82,0.3666,0.3271,0.3741,0.363,11.2,215.9,-17.1,0.3652,-0.1691,3.2,0.4857,0.9168,0.3671,0.3441,0.3245
2026-09-01,-67.14,-137.65,0.3214,0.3001,0.3884,0.3408,12.27,315.1,-15.6,0.1205,0.0111,3.0,0.4857,0.9168,0.3056,0.3479,0.2755
2026-09-01,-67.14,-116.47,0.3712,0.2972,0.2723,0.3113,10.13,192.0,-18.7,0.1021,0.2802,3.4,0.4857,0.9168,0.2714,0.4187,0.3503
2026-09-01,-67.14,-95.29,0.3772,0.3,0.319,0.3714,13.23,16.5,-15.8,0.1248,0.2021,2.7,0.4857,0.9168,0.3333,0.3166,0.3631
2026-09-01,-67.14,-74.12,0.2651,0.3675,0.3342,0.3156,15.19,86.5,-20.5,0.0762,0.1035,3.3,0.4857,0.9168,0.3726,0.3044,0.354
2026-09-01,-67.14,-52.94,0.3351,0.3835,0.3913,0.393,5.39,113.7,-13.3,0.2297,0.073,3.6,0.4857,0.9168,0.3921,0.3465,0.3149
2026-09-01,-67.14,-31.76,0.4138,0.3925,0.467,0.4246,11.83,43.6,-16.7,0.3412,0.163,3.9,0.4857,0.9168,0.4151,0.4261,0.3994
2026-09-01,-67.14,-10.59,0.4615,0.474,0.4521,0.4345,13.54,3.2,-13.6,0.3385,0.0498,3.5,0.4857,0.9168,0.4327,0.4698,0.3952
2026-09-01,-67.14,10.59,0.4722,0.5462,0.5694,0.5183,14.19,229.6,-14.3,0.0578,-0.1916,3.4,0.4857,0.9168,0.4738,0.4162,0.5215
2026-09-01,-67.14,31.76,0.5094,0.4999,0.5976,0.5737,9.48,244.4,-7.9,0.2392,0.0798,2.7,0.4857,0.9168,0.4657,0.507,0.5427
2026-09-01,-67.14,52.94,0.5802,0.4495,0.5529,0.4885,16.81,98.6,-14.3,0.1417,-0.1174,2.1,0.4857,0.9168,0.4838,0.5869,0.5222
2026-09-01,-67.14,74.12,0.4997,0.4998,0.5469,0.4986,9.77,54.7,-16.4,0.4014,0.2021,2.6,0.4857,0.9168,0.507,0.5477,0.5198
2026-09-01,-67.14,95.29,0.5291,0.4821,0.5656,0.5535,10.05,52.2,-8.6,0.3104,0.0778,2.2,0.4857,0.9168,0.5142,0.5415,0.5192
2026-09-01,-67.14,116.47,0.4744,0.527,0.4927,0.5016,16.6,333.9,-9.4,0.0885,0.2841,2.8,0.4857,0.9168,0.485,0.4105,0.4081
2026-09-01,-67.14,137.65,0.4494,0.4064,0.4493,0.3943,5.53,28.9,-13.4,0.2041,-0.3642,4.6,0.4857,0.9168,0.4887,0.4504,0.4672
2026-09-01,-67.14,158.82,0.4168,0.4257,0.3851,0.4149,7.55,199.6,-17.1,0.3861,0.0326,4.4,0.4857,0.9168,0.3735,0.3535,0.4403
2026-09-01,-67.14,180.0,0.3974,0.4752,0.3817,0.4088,14.99,104.1,-12.6,0.2218,-0.1089,2.2,0.4857,0.9168,0.3067,0.4085,0.3482
2026-09-01,-65.71,-180.0,0.2495,0.3345,0.3142,0.2843,11.95,299.1,-18.9,0.3598,-0.0439,3.3,0.4286,0.9168,0.383,0.2548,0.3363
2026-09-01,-65.71,-158.82,0.3023,0.3395,0.2496,0.3045,15.73,216.9,-13.7,0.4387,0.1457,4.8,0.4286,0.9168,0.3232,0.3054,0.3313
2026-09-01,-65.71,-137.65,0.3422,0.2574,0.3147,0.266,15.63,333.6,-21.6,0.43,-0.0754,5.0,0.4286,0.9168,0.2934,0.2474,0.2879
2026-09-01,-65.71,-116.47,0.2047,0.2916,0.2604,0.2322,6.79,131.6,-9.8,0.2573,0.022,4.5,0.4286,0.9168,0.3501,0.2763,0.2946
2026-09-01,-65.71,-95.29,0.2592,0.2866,0.229,0.241,11.45,53.5,-15.9,0.1972,0.0321,3.7,0.4286,0.9168,0.3005,0.2666,0.2181
2026-09-01,-65.71,-74.12,0.2676,0.3404,0.2747,0.3397,16.27,44.4,-10.4,0.2713,-0.0784,2.7,0.4286,0.9168,0.2698,0.2586,0.2748
2026-09-01,-65.71,-52.94,0.3763,0.3107,0.3438,0.349,12.74,200.8,-11.1,0.4317,-0.0918,2.7,0.4286,0.9168,0.3391,0.3758,0.3839
2026-09-01,-65.71,-31.76,0.3645,0.3002,0.3728,0.3497,8.3,251.5,-11.9,0.4104,-0.0614,5.0,0.4286,0.9168,0.3754,0.3454,0.4096
2026-09-01,-65.71,-10.59,0.3463,0.4154,0.3971,0.397,8.56,66.2,-8.8,0.0516,0.2011,5.1,0.4286,0.9168,0.4563,0.4046,0.4086
2026-09-01,-65.71,10.59,0.4882,0.4468,0.4868,0.4595,15.23,8.2,-13.4,0.3385,-0.0184,3.4,0.4286,0.9168,0.4517,0.4313,0.4378
2026-09-01,-65.71,31.76,0.4639,0.4131,0.4,0.3717,13.37,324.0,-12.5,0.3884,0.0164,1.1,0.4286,0.9168,0.478,0.4981,0.4351
2026-09-01,-65.71,52.94,0.5279,0.4582,0.4175,0.4202,11.51,238.0,-17.0,0.0672,0.0359,2.6,0.4286,0.9168,0.5155,0.4468,0.5303
2026-09-01,-65.71,74.12,0.5225,0.5066,0.5199,0.518,7.25,95.4,-12.1,0.3405,0.0265,4.3,0.4286,0.9168,0.4373,0.4517,0.4244
2026-09-01,-65.71,95.29,0.3908,0.435,0.4404,0.4783,8.42,125.3,-16.1,0.1551,-0.0284,2.9,0.4286,0.9168,0.4528,0.3697,0.4465
2026-09-01,-65.71,116.47,0.3985,0.4843,0.4488,0.4017,16.63,268.4,-18.2,0.3309,-0.2293,4.1,0.4286,0.9168,0.4229,0.399,0.4625
2026-09-01,-65.71,137.65,0.3501,0.3466,0.3712,0.4232,11.31,278.5,-12.4,0.1543,0.2084,3.9,0.4286,0.9168,0.4702,0.4315,0.4345
2026-09-01,-65.71,158.82,0.2889,0.3581,0.3834,0.3826,7.28,273.5,-12.9,0.1508,-0.0309,2.8,0.4286,0.9168,0.4014,0.3706,0.3602
2026-09-01,-65.71,180.0,0.2885,0.3397,0.3929,0.312,8.9,38.0,-13.7,0.4376,0.148,4.5,0.4286,0.9168,0.3468,0.3431,0.3404
2026-09-01,-64.29,-180.0,0.2485,0.2674,0.2937,0.2238,12.41,258.5,-14.3,0.4034,-0.1665,3.7,0.3714,0.9168,0.3182,0.2505,0.2979
2026-09-01,-64.29,-158.82,0.1756,0.2758,0.2182,0.2292,6.16,164.3,-15.8,0.4073,0.0663,4.5,0.3714,0.9168,0.2853,0.2031,0.2057
2026-09-01,-64.29,-137.65,0.2236,0.1688,0.1664,0.2235,17.72,302.7,-11.1,0.14,0.2007,6.8,0.3714,0.9168,0.2679,0.1919,0.34
2026-09-01,-64.29,-116.47,0.2647,0.1587,0.26,0.2537,5.99,329.2,-14.3,0.0862,-0.153,5.3,0.3714,0.9168,0.2794,0.2778,0.2787
2026-09-01,-64.29,-95.29,0.3066,0.262,0.3001,0.2052,9.57,253.8,-15.0,0.0675,0.1245,4.3,0.3714,0.9168,0.2611,0.2134,0.2538
2026-09-01,-64.29,-74.12,0.2956,0.2732,0.2572,0.2395,8.03,109.9,-12.8,0.3966,-0.108,3.3,0.3714,0.9168,0.1969,0.1854,0.2224
2026-09-01,-64.29,-52.94,0.2792,0.2215,0.2476,0.3142,8.73,132.6,-10.8,0.2336,0.0658,6.4,0.3714,0.9168,0.2791,0.3325,0.2777
2026-09-01,-64.29,-31.76,0.2968,0.252,0.3456,0.3466,14.22,142.1,-11.3,0.2757,0.2813,3.4,0.3714,0.9168,0.3701,0.2994,0.3479
2026-09-01,-64.29,-10.59,0.3282,0.3736,0.3831,0.4007,6.93,232.5,-11.4,0.2646,-0.1769,5.2,0.3714,0.9168,0.318,0.3669,0.3311
2026-09-01,-64.29,10.59,0.327,0.35,0.4401,0.3823,13.39,14.8,-12.9,0.4388,0.1294,5.8,0.3714,0.9168,0.4851,0.3331,0.4075
2026-09-01,-64.29,31.76,0.3817,0.3716,0.4251,0.3371,15.39,88.6,-12.1,0.2636,0.036,3.8,0.3714,0.9168,0.455,0.4037,0.434
2026-09-01,-64.29,52.94,0.4314,0.3814,0.4318,0.3816,14.51,78.4,-11.0,0.3969,-0.0664,4.9,0.3714,0.9168,0.3922,0.3896,0.4262
2026-09-01,-64.29,74.12,0.4263,0.4876,0.4603,0.3643,9.41,326.1,-11.2,0.3489,-0.1329,3.8,0.3714,0.9168,0.4051,0.3311,0.4705
2026-09-01,-64.29,95.29,0.4846,0.4566,0.3726,0.368,16.39,338.8,-12.8,0.3914,0.0693,3.9,0.3714,0.9168,0.4112,0.4461,0.4898
2026-09-01,-64.29,116.47,0.4038,0.412,0.3853,0.4098,11.38,174.7,-11.5,0.3562,-0.0106,4.6,0.3714,0.9168,0.3849,0.4168,0.3354
2026-09-01,-64.29,137.65,0.4467,0.398,0.3226,0.3881,7.41,181.8,-9.4,0.2828,0.1699,4.4,0.3714,0.9168,0.3864,0.3224,0.3736
2026-09-01,-64.29,158.82,0.3493,0.2694,0.3352,0.2256,7.77,34.9,-16.8,0.1785,0.1905,4.2,0.3714,0.9168,0.3024,0.2681,0.3408
2026-09-01,-64.29,180.0,0.244,0.2369,0.321,0.3509,16.9,299.9,-14.2,0.248,-0.1982,3.4,0.3714,0.9168,0.2305,0.2991,0.3375
2026-09-01,-62.86,-180.0,0.1747,0.2674,0.2455,0.228,16.48,216.2,-7.2,0.1534,-0.3262,4.8,0.3143,0.9168,0.2207,0.166,0.1792
2026-09-01,-62.86,-158.82,0.1889,0.155,0.2013,0.1454,5.32,203.0,-9.4,0.29,-0.0794,4.6,0.3143,0.9168,0.138,0.1504,0.1454
2026-09-01,-62.86,-137.65,0.1567,0.095,0.1235,0.1456,13.91,31.4,-9.8,0.3539,0.0205,5.4,0.3143,0.9168,0.2297,0.1673,0.164
2026-09-01,-62.86,-116.47,0.2199,0.138,0.0877,0.2218,9.2,273.4,-17.8,0.1373,-0.2803,3.2,0.3143,0.9168,0.149,0.1751,0.1817
2026-09-01,-62.86,-95.29,0.2126,0.1923,0.1486,0.2122,13.84,160.1,-9.3,0.1105,0.0469,4.6,0.3143,0.9168,0.081,0.1666,0.1906
2026-09-01,-62.86,-74.12,0.2028,0.171,0.2182,0.2286,8.1,252.4,-8.6,0.3935,-0.2551,5.7,0.3143,0.9168,0.2686,0.2074,0.2275
2026-09-01,-62.86,-52.94,0.3405,0.2854,0.2976,0.2233,10.23,23.8,-11.8,0.2235,0.0588,4.9,0.3143,0.9168,0.2457,0.2238,0.2565
2026-09-01,-62.86,-31.76,0.2759,0.2709,0.2691,0.2407,6.39,323.6,-10.3,0.2239,-0.1088,4.7,0.3143,0.9168,0.2296,0.3076,0.1823
2026-09-01,-62.86,-10.59,0.2472,0.3243,0.3494,0.3338,5.5,26.1,-10.9,0.2758,-0.1125,4.1,0.3143,0.9168,0.3108,0.2476,0.3317
2026-09-01,-62.86,10.59,0.3581,0.4001,0.3857,0.3226,5.45,221.0,-8.1,0.0852,0.2913,4.9,0.3143,0.9168,0.3682,0.287,0.3946
2026-09-01,-62.86,31.76,0.4025,0.3952,0.2627,0.3704,15.01,186.9,-12.9,0.0688,0.4842,4.7,0.3143,0.9168,0.4116,0.3355,0.3356
2026-09-01,-62.86,52.94,0.4295,0.3772,0.4264,0.4168,15.11,123.6,-6.6,0.4004,0.0896,4.7,0.3143,0.9168,0.4416,0.407,0.4962
2026-09-01,-62.86,74.12,0.3365,0.4364,0.3591,0.3498,17.25,234.0,-18.8,0.2682,-0.1091,4.8,0.3143,0.9168,0.4072,0.3523,0.4434
2026-09-01,-62.86,95.29,0.2829,0.2899,0.2798,0.3208,5.21,187.9,-9.3,0.0753,-0.1952,5.1,0.3143,0.9168,0.3203,0.3206,0.3339
2026-09-01,-62.86,116.47,0.3218,0.3011,0.3546,0.339,7.54,48.8,-10.5,0.4053,-0.0993,6.0,0.3143,0.9168,0.304,0.2743,0.2758
2026-09-01,-62.86,137.65,0.2988,0.2718,0.3754,0.2998,10.01,84.3,-8.4,0.2159,0.1274,5.6,0.3143,0.9168,0.3381,0.2921,0.3333
2026-09-01,-62.86,158.82,0.2491,0.2308,0.3355,0.2155,7.56,245.0,-14.6,0.3691,-0.1698,6.1,0.3143,0.9168,0.2759,0.1876,0.1915
2026-09-01,-62.86,180.0,0.2318,0.2111,0.1974,0.1961,17.87,285.9,-10.7,0.3976,0.2672,4.5,0.3143,0.9168,0.2231,0.1387,0.231
2026-09-01,-61.43,-180.0,0.1127,0.1347,0.161,0.1655,5.41,67.7,-7.7,0.4264,-0.1639,5.6,0.2571,0.9168,0.2595,0.2484,0.1563
2026-09-01,-61.43,-158.82,0.2072,0.1716,0.2007,0.158,16.55,252.7,-14.7,0.3089,-0.1755,6.4,0.2571,0.9168,0.1878,0.1354,0.1504
2026-09-01,-61.43,-137.65,0.1682,0.1115,0.1195,0.1776,15.43,254.6,-10.2,0.0763,-0.0555,3.9,0.2571,0.9168,0.1128,0.1188,0.1556
2026-09-01,-61.43,-116.47,0.1382,0.1252,0.0779,0.1274,6.46,316.0,-9.0,0.1109,-0.0646,5.8,0.2571,0.9168,0.0623,0.1946,0.2194
2026-09-01,-61.43,-95.29,0.1149,0.1334,0.1734,0.1348,15.46,5.2,-12.2,0.2128,-0.1619,6.5,0.2571,0.9168,0.247,0.0821,0.1545
2026-09-01,-61.43,-74.12,0.1904,0.2021,0.1251,0.1789,5.25,69.9,-15.4,0.289,0.2196,7.6,0.2571,0.9168,0.1817,0.1592,0.1498
2026-09-01,-61.43,-52.94,0.1755,0.1103,0.206,0.1916,14.0,151.2,-16.5,0.4353,0.3053,5.5,0.2571,0.9168,0.1782,0.1665,0.2238
2026-09-01,-61.43,-31.76,0.2352,0.2531,0.2229,0.2291,15.96,79.2,-6.9,0.2586,0.2313,5.1,0.2571,0.9168,0.2314,0.2182,0.2353
2026-09-01,-61.43,-10.59,0.2858,0.1989,0.186,0.2884,11.23,18.4,-14.5,0.3881,-0.5577,6.5,0.2571,0.9168,0.274,0.2461,0.2881
2026-09-01,-61.43,10.59,0.3023,0.2303,0.3312,0.2164,9.26,286.1,-8.4,0.2935,-0.0899,5.2,0.2571,0.9168,0.2794,0.3467,0.3073
2026-09-01,-61.43,31.76,0.3669,0.3508,0.3425,0.2657,15.02,178.7,-13.8,0.335,-0.096,6.2,0.2571,0.9168,0.2702,0.2731,0.2741
2026-09-01,-61.43,52.94,0.3084,0.2855,0.3828,0.2633,10.58,127.9,-8.3,0.1822,0.0038,5.6,0.2571,0.9168,0.3528,0.2922,0.3308
2026-09-01,-61.43,74.12,0.3296,0.3121,0.3453,0.3524,16.39,4.5,-9.5,0.2426,0.1772,5.6,0.2571,0.9168,0.3401,0.2866,0.2993
2026-09-01,-61.43,95.29,0.3306,0.3889,0.3056,0.2958,17.07,332.9,-5.5,0.1298,0.3606,7.7,0.2571,0.9168,0.3014,0.3362,0.3428
2026-09-01,-61.43,116.47,0.3653,0.287,0.3327,0.3429,5.87,42.0,-10.6,0.0601,0.1179,4.8,0.2571,0.9168,0.2805,0.2659,0.2449
2026-09-01,-61.43,137.65,0.2665,0.3115,0.245,0.2444,6.02,60.9,-6.7,0.3203,0.1019,5.2,0.2571,0.9168,0.3004,0.2374,0.3146
2026-09-01,-61.43,158.82,0.1711,0.2129,0.2138,0.2451,9.37,206.9,-12.9,0.3305,0.0013,4.7,0.2571,0.9168,0.196,0.2136,0.1996
2026-09-01,-61.43,180.0,0.2285,0.1588,0.2115,0.1365,11.38,189.3,-11.2,0.077,0.1173,5.9,0.2571,0.9168,0.1471,0.1518,0.0908
2026-09-01,-60.0,-180.0,0.1286,0.1237,0.1671,0.1145,14.97,227.6,-6.7,0.1018,-0.095,6.2,0.2,0.9168,0.1911,0.1614,0.0634
2026-09-01,-60.0,-158.82,0.0674,0.0371,0.0822,0.1461,7.34,151.2,-10.6,0.3485,-0.1271,7.1,0.2,0.9168,0.1548,0.1228,0.1126
2026-09-01,-60.0,-137.65,0.0,0.0404,0.0599,0.0794,16.9,348.9,-10.8,0.2145,-0.2067,6.7,0.2,0.9168,0.1234,0.1203,0.0989
2026-09-01,-60.0,-116.47,0.0556,0.0189,0.0378,0.0391,9.08,279.6,-2.6,0.3278,-0.1511,5.4,0.2,0.9168,0.0296,0.0739,0.0882
2026-09-01,-60.0,-95.29,0.0925,0.0784,0.1529,0.0857,12.83,257.9,-10.0,0.3963,-0.1243,6.1,0.2,0.9168,0.0744,0.0695,0.1083
2026-09-01,-60.0,-74.12,0.1133,0.0915,0.1222,0.0714,7.79,347.9,-11.9,0.2074,-0.0511,7.7,0.2,0.9168,0.0701,0.0234,0.0849
2026-09-01,-60.0,-52.94,0.125,0.129,0.2022,0.1825,9.03,138.6,-2.7,0.108,0.1337,4.1,0.2,0.9168,0.1488,0.1884,0.1194
2026-09-01,-60.0,-31.76,0.1629,0.1018,0.1341,0.2082,13.19,109.3,-4.8,0.3274,0.0234,5.2,0.2,0.9168,0.2169,0.1918,0.1629
2026-09-01,-60.0,-10.59,0.2525,0.1984,0.2091,0.1498,16.29,217.0,-10.8,0.4427,0.1081,6.8,0.2,0.9168,0.2263,0.2183,0.2103
2026-09-01,-60.0,10.59,0.2801,0.2188,0.2032,0.2379,15.31,50.0,-9.6,0.0518,0.064,6.8,0.2,0.9168,0.1597,0.1886,0.2212
2026-09-01,-60.0,31.76,0.3712,0.2445,0.2333,0.3205,17.84,168.6,-4.5,0.1606,0.0509,5.2,0.2,0.9168,0.2405,0.3018,0.3145
2026-09-01,-60.0,52.94,0.3137,0.2831,0.2689,0.2054,8.63,93.2,-9.3,0.0829,-0.0633,7.0,0.2,0.9168,0.269,0.2907,0.2359
2026-09-01,-60.0,74.12,0.263,0.2904,0.2438,0.3573,14.81,256.2,-7.2,0.256,0.0073,6.3,0.2,0.9168,0.1999,0.2321,0.311
2026-09-01,-60.0,95.29,0.2448,0.3,0.2671,0.2612,6.04,200.2,-5.3,0.1768,0.0588,5.8,0.2,0.9168,0.2392,0.2649,0.2573
2026-09-01,-60.0,116.47,0.2134,0.2571,0.1428,0.2377,16.57,265.5,-8.2,0.1946,0.1345,5.6,0.2,0.9168,0.2813,0.2296,0.2117
2026-09-01,-60.0,137.65,0.1853,0.1454,0.1914,0.2134,16.94,229.4,-8.8,0.3842,0.1704,6.7,0.2,0.9168,0.1708,0.1863,0.2177
2026-09-01,-60.0,158.82,0.1668,0.098,0.1814,0.1583,14.73,261.2,-7.8,0.2439,0.1492,6.4,0.2,0.9168,0.1468,0.087,0.1858
2026-09-01,-60.0,180.0,0.1213,0.0963,0.1148,0.1399,16.02,236.3,-9.2,0.4021,-0.2772,6.3,0.2,0.9168,0.0852,0.1295,0.1917
2026-09-02,-80.0,-180.0,0.8353,0.7945,0.8364,0.8692,8.66,201.2,-21.0,0.083,-0.0373,-2.3,1.0,0.912,0.8162,0.8858,0.7873
2026-09-02,-80.0,-158.82,0.7641,0.7737,0.7452,0.8441,13.02,221.1,-25.7,0.0722,0.243,-3.6,1.0,0.912,0.7477,0.8587,0.7909
2026-09-02,-80.0,-137.65,0.7226,0.827,0.8179,0.7917,8.2,72.5,-25.2,0.2952,-0.0097,-3.3,1.0,0.912,0.7656,0.7498,0.7414
2026-09-02,-80.0,-116.47,0.8809,0.7201,0.6979,0.8032,15.89,89.4,-26.2,0.3608,-0.4409,-1.8,1.0,0.912,0.7459,0.7748,0.7552
2026-09-02,-80.0,-95.29,0.7692,0.7567,0.774,0.8038,11.67,53.9,-25.1,0.3776,-0.026,-1.1,1.0,0.912,0.8037,0.7807,0.7075
2026-09-02,-80.0,-74.12,0.7946,0.7586,0.7982,0.7884,14.37,226.5,-24.4,0.1496,-0.257,-1.6,1.0,0.912,0.7765,0.8109,0.8095
2026-09-02,-80.0,-52.94,0.9099,0.8579,0.8633,0.851,5.0,156.5,-26.7,0.2301,-0.0372,-1.7,1.0,0.912,0.8475,0.8319,0.8901
2026-09-02,-80.0,-31.76,0.8546,0.8094,0.8542,0.8685,6.75,322.5,-25.7,0.3309,-0.3106,-2.6,1.0,0.912,0.8262,0.7871,0.8109
2026-09-02,-80.0,-10.59,0.8846,1.0,0.9864,0.838,14.51,186.8,-28.9,0.1296,-0.057,-2.1,1.0,0.912,0.9662,0.9683,0.8909
2026-09-02,-80.0,10.59,0.8889,0.919,0.9835,0.8584,6.37,270.3,-23.6,0.1493,-0.0511,-2.1,1.0,0.912,1.0,0.9069,0.8916
2026-09-02,-80.0,31.76,0.9499,1.0,0.9667,1.0,8.45,227.4,-32.9,0.2512,-0.0857,-2.6,1.0,0.912,1.0,0.9408,0.9078
2026-09-02,-80.0,52.94,0.9566,0.943,0.9569,0.9506,15.1,150.0,-26.8,0.199,0.1591,-2.9,1.0,0.912,0.9628,0.9253,0.9844
2026-09-02,-80.0,74.12,0.9331,0.9449,0.9194,1.0,13.49,58.8,-27.1,0.109,-0.0923,-2.3,1.0,0.912,0.9953,1.0,0.9501
2026-09-02,-80.0,95.29,0.9039,1.0,0.9615,0.9965,14.0,357.4,-20.6,0.1493,0.0847,-2.9,1.0,0.912,0.9078,0.985,0.9443
2026-09-02,-80.0,116.47,0.9832,0.8544,0.902,0.9314,14.5,157.3,-19.7,0.3844,0.0059,-2.4,1.0,0.912,1.0,0.9325,0.9867
2026-09-02,-80.0,137.65,0.8888,0.9435,0.8995,0.9123,15.87,155.0,-28.6,0.1061,0.0968,-1.8,1.0,0.912,0.8947,0.9308,0.8843
2026-09-02,-80.0,158.82,0.8387,0.8716,0.838,0.8696,13.87,118.1,-21.9,0.3374,-0.1439,-3.0,1.0,0.912,0.8589,0.8257,0.8828
2026-09-02,-80.0,180.0,0.8334,0.8096,0.8293,0.8314,8.44,108.6,-31.1,0.405,-0.2016,-2.1,1.0,0.912,0.7886,0.8277,0.8485
2026-09-02,-78.57,-180.0,0.6881,0.7302,0.7063,0.8431,6.77,104.4,-24.5,0.4244,-0.3924,0.0,0.9429,0.912,0.7516,0.774,0.7504
2026-09-02,-78.57,-158.82,0.7411,0.753,0.7494,0.8412,7.28,176.8,-25.6,0.1651,0.002,-1.4,0.9429,0.912,0.7374,0.7112,0.7634
2026-09-02,-78.57,-137.65,0.734,0.7594,0.7456,0.7312,12.19,291.5,-27.7,0.1688,0.1547,-2.3,0.9429,0.912,0.8653,0.7401,0.6654
2026-09-02,-78.57,-116.47,0.6963,0.7921,0.7362,0.7645,5.12,80.6,-24.9,0.1215,0.0431,-1.2,0.9429,0.912,0.6518,0.7008,0.6786
2026-09-02,-78.57,-95.29,0.77,0.7281,0.8698,0.6827,12.21,250.5,-22.9,0.3117,-0.0971,-1.8,0.9429,0.912,0.6989,0.7641,0.7184
2026-09-02,-78.57,-74.12,0.7774,0.708,0.7896,0.7116,14.6,337.0,-22.5,0.2314,-0.1134,1.1,0.9429,0.912,0.759,0.6957,0.7294
2026-09-02,-78.57,-52.94,0.7894,0.7795,0.7294,0.7899,15.09,300.2,-22.7,0.3418,0.0074,-1.4,0.9429,0.912,0.7408,0.6899,0.8491
2026-09-02,-78.57,-31.76,0.8496,0.7971,0.8088,0.7622,14.99,65.7,-24.4,0.122,-0.1772,-2.9,0.9429,0.912,0.872,0.8302,0.8525
2026-09-02,-78.57,-10.59,0.8363,0.8417,0.8293,0.8372,11.63,299.2,-23.1,0.3164,0.131,-1.9,0.9429,0.912,0.7972,0.8037,0.9395
2026-09-02,-78.57,10.59,0.9297,0.8246,0.8732,0.9541,6.64,0.3,-22.2,0.4101,0.0283,-1.0,0.9429,0.912,0.9177,0.8997,0.8141
2026-09-02,-78.57,31.76,0.9189,0.8928,0.9032,0.8689,5.88,64.2,-23.7,0.4259,0.0987,0.6,0.9429,0.912,0.901,0.8727,0.8893
2026-09-02,-78.57,52.94,0.9063,0.8541,0.9712,0.947,14.23,113.5,-22.5,0.4174,0.1064,0.4,0.9429,0.912,0.8444,0.8883,0.9029
2026-09-02,-78.57,74.12,0.9182,0.9829,0.9278,0.9151,15.0,263.3,-27.4,0.2711,-0.102,-2.9,0.9429,0.912,0.8922,0.9789,0.8721
2026-09-02,-78.57,95.29,0.9343,0.9102,0.9393,0.8994,13.78,14.9,-21.7,0.1188,0.1004,-2.3,0.9429,0.912,0.9076,0.924,0.9542
2026-09-02,-78.57,116.47,0.9557,0.8855,0.8365,0.9214,11.53,182.2,-22.7,0.2079,0.1417,-1.5,0.9429,0.912,0.8661,0.8539,0.9064
2026-09-02,-78.57,137.65,0.8479,0.8661,0.8478,0.8585,10.54,0.8,-24.5,0.413,-0.1221,-2.7,0.9429,0.912,0.8284,0.8751,0.7732
2026-09-02,-78.57,158.82,0.7027,0.7652,0.8384,0.7966,9.1,237.4,-26.3,0.4276,-0.0325,-0.5,0.9429,0.912,0.8167,0.7666,0.7734
2026-09-02,-78.57,180.0,0.7546,0.7672,0.723,0.8208,17.52,252.1,-22.7,0.4287,-0.1362,-1.1,0.9429,0.912,0.7605,0.7913,0.7008
2026-09-02,-77.14,-180.0,0.6907,0.7702,0.6911,0.7418,12.04,48.1,-22.0,0.0811,0.1705,-0.7,0.8857,0.912,0.7121,0.7089,0.7018
2026-09-02,-77.14,-158.82,0.6824,0.7305,0.7185,0.6543,15.41,209.9,-19.1,0.1922,-0.0937,0.9,0.8857,0.912,0.7613,0.7095,0.7138
2026-09-02,-77.14,-137.65,0.7296,0.6618,0.6846,0.7078,11.53,120.7,-25.1,0.2419,0.1722,-0.2,0.8857,0.912,0.6713,0.6673,0.6798
2026-09-02,-77.14,-116.47,0.6087,0.6726,0.7013,0.7257,9.32,75.0,-14.4,0.3187,0.1247,-2.4,0.8857,0.912,0.694,0.664,0.6858
2026-09-02,-77.14,-95.29,0.6903,0.6948,0.7398,0.7214,7.5,275.6,-26.1,0.1907,-0.1218,-1.6,0.8857,0.912,0.6305,0.6933,0.6555
2026-09-02,-77.14,-74.12,0.7349,0.644,0.7023,0.6928,7.4,359.9,-23.0,0.1058,-0.0636,-0.3,0.8857,0.912,0.6571,0.5987,0.6839
2026-09-02,-77.14,-52.94,0.7118,0.6602,0.7756,0.7669,17.23,266.5,-24.3,0.0928,0.0323,-0.3,0.8857,0.912,0.7961,0.704,0.7364
2026-09-02,-77.14,-31.76,0.7759,0.7679,0.7716,0.8608,5.96,224.4,-20.8,0.2706,-0.0295,-0.9,0.8857,0.912,0.698,0.73,0.7135
2026-09-02,-77.14,-10.59,0.8131,0.8347,0.8184,0.7598,14.31,265.3,-27.3,0.3979,0.0417,0.4,0.8857,0.912,0.7838,0.7748,0.7622
2026-09-02,-77.14,10.59,0.8067,0.7798,0.8092,0.8421,17.69,358.0,-28.0,0.4338,-0.1935,-0.3,0.8857,0.912,0.8294,0.8478,0.8233
2026-09-02,-77.14,31.76,0.8767,0.8624,0.8327,0.868,6.79,104.3,-25.4,0.3626,0.1492,0.3,0.8857,0.912,0.8726,0.8833,0.8462
2026-09-02,-77.14,52.94,0.837,0.8696,0.8933,0.9135,10.65,63.0,-19.7,0.0853,-0.0426,0.5,0.8857,0.912,0.8454,0.8529,0.8524
2026-09-02,-77.14,74.12,0.8702,0.8418,0.8304,0.8181,10.64,127.9,-22.2,0.3262,0.0605,-1.6,0.8857,0.912,0.886,0.8573,0.8954
2026-09-02,-77.14,95.29,0.8781,0.8402,0.9071,0.8747,11.54,75.2,-24.9,0.0642,-0.1152,-1.4,0.8857,0.912,0.9011,0.8364,0.8805
2026-09-02,-77.14,116.47,0.813,0.8355,0.8202,0.8422,8.77,195.5,-21.4,0.1146,0.0006,-2.8,0.8857,0.912,0.8171,0.8193,0.862
2026-09-02,-77.14,137.65,0.8095,0.8252,0.731,0.8191,13.43,112.5,-22.3,0.0713,-0.0245,0.0,0.8857,0.912,0.8241,0.8236,0.7878
2026-09-02,-77.14,158.82,0.7746,0.7744,0.7678,0.731,16.8,201.4,-19.2,0.2438,-0.0971,0.0,0.8857,0.912,0.7981,0.7303,0.7581
2026-09-02,-77.14,180.0,0.7197,0.7826,0.6402,0.7347,17.21,181.0,-24.4,0.3137,-0.013,-0.5,0.8857,0.912,0.7185,0.7344,0.769
2026-09-02,-75.71,-180.0,0.7293,0.7225,0.6239,0.6842,11.93,197.0,-20.9,0.1494,0.1005,-0.6,0.8286,0.912,0.6959,0.6958,0.6831
2026-09-02,-75.71,-158.82,0.6197,0.6074,0.6454,0.6224,11.08,88.2,-18.0,0.1448,0.1766,1.4,0.8286,0.912,0.5706,0.6602,0.5974
2026-09-02,-75.71,-137.65,0.6167,0.6254,0.646,0.6103,12.04,142.8,-18.0,0.3695,-0.0104,0.9,0.8286,0.912,0.6878,0.633,0.5722
2026-09-02,-75.71,-116.47,0.5507,0.6575,0.5808,0.6833,11.8,215.1,-22.3,0.1242,-0.1167,-0.4,0.8286,0.912,0.6583,0.6045,0.6117
2026-09-02,-75.71,-95.29,0.6574,0.6323,0.6321,0.6713,17.1,50.5,-20.0,0.284,-0.2928,-0.1,0.8286,0.912,0.6379,0.6804,0.5743
2026-09-02,-75.71,-74.12,0.6313,0.6748,0.6219,0.6019,15.51,258.9,-23.4,0.1521,0.2508,1.3,0.8286,0.912,0.6659,0.5989,0.739
2026-09-02,-75.71,-52.94,0.7643,0.6568,0.6932,0.6775,10.39,26.2,-22.1,0.3361,-0.2331,-1.5,0.8286,0.912,0.6524,0.7323,0.6716
2026-09-02,-75.71,-31.76,0.7516,0.6346,0.7818,0.706,17.41,97.7,-24.2,0.2949,-0.3962,-0.6,0.8286,0.912,0.6905,0.7093,0.7674
2026-09-02,-75.71,-10.59,0.6779,0.6847,0.782,0.7155,13.87,47.7,-23.4,0.3514,-0.2044,-0.4,0.8286,0.912,0.7282,0.7416,0.7874
2026-09-02,-75.71,10.59,0.7383,0.7712,0.7708,0.7701,12.43,246.7,-19.8,0.4219,-0.2905,2.4,0.8286,0.912,0.792,0.7031,0.8672
2026-09-02,-75.71,31.76,0.7847,0.8328,0.825,0.8075,14.27,312.7,-17.8,0.101,-0.0001,0.1,0.8286,0.912,0.8574,0.802,0.8223
2026-09-02,-75.71,52.94,0.8102,0.9088,0.9237,0.8346,5.73,73.2,-18.3,0.2115,0.1733,0.3,0.8286,0.912,0.8298,0.837,0.8812
2026-09-02,-75.71,74.12,0.7941,0.7676,0.9007,0.8056,10.0,84.2,-22.6,0.407,0.0898,-0.7,0.8286,0.912,0.9099,0.8266,0.8097
2026-09-02,-75.71,95.29,0.777,0.8641,0.8323,0.9967,8.48,232.1,-23.9,0.2544,0.0457,0.1,0.8286,0.912,0.82,0.8078,0.825
2026-09-02,-75.71,116.47,0.7638,0.802,0.7423,0.7808,7.29,109.7,-20.9,0.2189,-0.1105,0.6,0.8286,0.912,0.8306,0.7999,0.7079
2026-09-02,-75.71,137.65,0.7207,0.7609,0.7123,0.7804,10.34,194.3,-22.8,0.3354,-0.2069,0.4,0.8286,0.912,0.7556,0.7035,0.709
2026-09-02,-75.71,158.82,0.7613,0.7213,0.7467,0.6442,14.92,215.6,-19.0,0.3734,-0.0529,0.8,0.8286,0.912,0.7082,0.7211,0.7295
2026-09-02,-75.71,180.0,0.7801,0.6298,0.628,0.6937,7.3,301.8,-28.8,0.1943,-0.14,0.0,0.8286,0.912,0.6731,0.6679,0.6008
2026-09-02,-74.29,-180.0,0.5866,0.564,0.6364,0.5777,11.24,48.4,-27.1,0.2149,-0.0512,1.0,0.7714,0.912,0.5639,0.6321,0.6426
2026-09-02,-74.29,-158.82,0.6918,0.6396,0.544,0.6297,16.67,334.2,-24.3,0.1908,-0.0766,1.2,0.7714,0.912,0.594,0.6095,0.6112
2026-09-02,-74.29,-137.65,0.5864,0.5779,0.6106,0.6127,6.66,141.4,-26.1,0.4141,-0.2756,1.5,0.7714,0.912,0.5345,0.5515,0.6033
2026-09-02,-74.29,-116.47,0.587,0.5347,0.5843,0.5484,5.99,162.0,-24.0,0.295,0.1411,-0.8,0.7714,0.912,0.5827,0.5558,0.506
2026-09-02,-74.29,-95.29,0.595,0.636,0.5763,0.6091,13.78,218.6,-19.2,0.3238,0.0444,2.3,0.7714,0.912,0.5772,0.5323,0.5718
2026-09-02,-74.29,-74.12,0.6052,0.6025,0.6332,0.5859,15.36,132.2,-18.5,0.4315,-0.2283,0.1,0.7714,0.912,0.631,0.581,0.7119
2026-09-02,-74.29,-52.94,0.6423,0.6219,0.5425,0.5558,17.45,116.1,-20.2,0.1097,0.0439,0.6,0.7714,0.912,0.6316,0.6066,0.6818
2026-09-02,-74.29,-31.76,0.6667,0.7095,0.6606,0.636,15.9,73.8,-20.2,0.2162,0.0158,1.5,0.7714,0.912,0.7295,0.6813,0.7003
2026-09-02,-74.29,-10.59,0.7133,0.7246,0.6942,0.6925,13.51,92.6,-22.4,0.2821,-0.0327,0.2,0.7714,0.912,0.6996,0.7537,0.7137
2026-09-02,-74.29,10.59,0.7332,0.7504,0.6289,0.7611,15.99,61.3,-18.9,0.1991,0.0222,1.2,0.7714,0.912,0.7485,0.7108,0.7589
2026-09-02,-74.29,31.76,0.8586,0.6587,0.7003,0.7724,17.66,215.7,-20.5,0.2763,0.0436,1.4,0.7714,0.912,0.8448,0.7506,0.7656
2026-09-02,-74.29,52.94,0.7275,0.8213,0.7763,0.7857,13.56,41.9,-17.6,0.4431,-0.16,1.0,0.7714,0.912,0.7718,0.7457,0.7964
2026-09-02,-74.29,74.12,0.7477,0.8166,0.7563,0.8008,16.24,307.9,-17.6,0.1546,0.1977,0.7,0.7714,0.912,0.7131,0.7969,0.841
2026-09-02,-74.29,95.29,0.7978,0.7935,0.7394,0.8042,17.09,61.2,-19.1,0.2764,0.0538,1.2,0.7714,0.912,0.7,0.7464,0.7293
2026-09-02,-74.29,116.47,0.7053,0.6957,0.7693,0.7066,17.94,45.9,-21.2,0.4162,0.0402,1.1,0.7714,0.912,0.6796,0.7389,0.7549
2026-09-02,-74.29,137.65,0.6315,0.6549,0.7158,0.7575,5.61,258.2,-19.4,0.1392,-0.0692,-1.6,0.7714,0.912,0.7508,0.7452,0.7309
2026-09-02,-74.29,158.82,0.7001,0.6593,0.7012,0.6548,11.97,238.3,-16.3,0.392,-0.1293,0.3,0.7714,0.912,0.6501,0.6382,0.5959
2026-09-02,-74.29,180.0,0.6413,0.6296,0.5879,0.5752,16.29,357.9,-16.2,0.2881,-0.0159,-1.2,0.7714,0.912,0.6033,0.6112,0.6208
2026-09-02,-72.86,-180.0,0.6138,0.5571,0.6164,0.6075,11.98,223.0,-18.2,0.1332,0.0526,-0.6,0.7143,0.912,0.4995,0.5456,0.5707
2026-09-02,-72.86,-158.82,0.5317,0.5499,0.5851,0.5097,17.69,300.9,-18.0,0.3926,-0.398,1.2,0.7143,0.912,0.5311,0.5352,0.5389
2026-09-02,-72.86,-137.65,0.561,0.4613,0.5175,0.5349,9.58,217.0,-16.8,0.3727,-0.0159,-0.2,0.7143,0.912,0.567,0.5611,0.5067
2026-09-02,-72.86,-116.47,0.5058,0.5498,0.5411,0.5193,12.78,2.0,-19.4,0.284,0.08,0.9,0.7143,0.912,0.592,0.4632,0.4831
2026-09-02,-72.86,-95.29,0.508,0.5441,0.51,0.5274,15.89,304.2,-19.3,0.3103,-0.0801,0.9,0.7143,0.912,0.4781,0.5588,0.5378
2026-09-02,-72.86,-74.12,0.5774,0.5557,0.5628,0.5892,5.52,297.2,-21.5,0.2036,-0.1347,2.3,0.7143,0.912,0.5797,0.5089,0.5595
2026-09-02,-72.86,-52.94,0.6289,0.6198,0.5381,0.5944,9.9,347.9,-22.2,0.2291,-0.1373,0.1,0.7143,0.912,0.5936,0.5711,0.5902
2026-09-02,-72.86,-31.76,0.5656,0.6408,0.6462,0.6668,14.72,253.0,-20.3,0.2202,-0.125,1.7,0.7143,0.912,0.6077,0.6121,0.6405
2026-09-02,-72.86,-10.59,0.6259,0.6549,0.6542,0.6329,15.35,304.5,-15.0,0.3577,-0.0855,0.8,0.7143,0.912,0.6666,0.6451,0.6652
2026-09-02,-72.86,10.59,0.6751,0.697,0.6847,0.6214,7.31,234.9,-17.5,0.1769,-0.2317,0.3,0.7143,0.912,0.7217,0.7597,0.7021
2026-09-02,-72.86,31.76,0.7133,0.7253,0.7678,0.6944,17.3,322.4,-21.7,0.164,0.42,1.9,0.7143,0.912,0.7046,0.7354,0.7193
2026-09-02,-72.86,52.94,0.7044,0.7084,0.7363,0.7446,12.51,6.6,-24.1,0.4351,0.1521,-0.6,0.7143,0.912,0.7375,0.7219,0.7411
2026-09-02,-72.86,74.12,0.7242,0.6222,0.7115,0.6953,6.8,1.6,-22.4,0.0793,-0.0118,1.0,0.7143,0.912,0.656,0.7331,0.7198
2026-09-02,-72.86,95.29,0.7126,0.7491,0.7848,0.7031,10.75,324.0,-13.9,0.3229,-0.0893,1.4,0.7143,0.912,0.7279,0.695,0.6224
2026-09-02,-72.86,116.47,0.6196,0.6614,0.6598,0.7134,5.25,265.1,-15.5,0.3593,-0.0042,2.5,0.7143,0.912,0.7093,0.7056,0.724
2026-09-02,-72.86,137.65,0.7051,0.6879,0.6848,0.6245,13.45,247.8,-20.1,0.3365,-0.199,0.9,0.7143,0.912,0.6066,0.6525,0.6036
2026-09-02,-72.86,158.82,0.629,0.5795,0.5781,0.6299,6.83,52.8,-21.1,0.446,-0.0545,-0.4,0.7143,0.912,0.5589,0.5648,0.6313
2026-09-02,-72.86,180.0,0.5978,0.6023,0.5347,0.5811,16.23,278.6,-20.1,0.2633,0.1111,1.8,0.7143,0.912,0.6801,0.5383,0.5411
2026-09-02,-71.43,-180.0,0.4781,0.5739,0.4808,0.5468,8.8,236.8,-15.2,0.1284,0.3144,0.4,0.6571,0.912,0.5104,0.4975,0.5187
2026-09-02,-71.43,-158.82,0.4783,0.4581,0.5326,0.4475,17.44,327.2,-14.6,0.2931,0.0107,1.1,0.6571,0.912,0.5662,0.4673,0.4989
2026-09-02,-71.43,-137.65,0.4181,0.4952,0.46,0.5092,15.91,122.4,-17.8,0.1207,-0.0827,1.5,0.6571,0.912,0.4851,0.4726,0.4742
2026-09-02,-71.43,-116.47,0.4973,0.5184,0.5116,0.498,10.77,89.9,-19.6,0.0736,-0.0527,1.9,0.6571,0.912,0.5004,0.4308,0.4662
2026-09-02,-71.43,-95.29,0.4446,0.4566,0.4759,0.5029,15.19,208.2,-18.5,0.144,0.24,-0.1,0.6571,0.912,0.5354,0.4436,0.5074
2026-09-02,-71.43,-74.12,0.5354,0.576,0.5081,0.4579,10.78,241.2,-11.2,0.4496,0.0766,0.5,0.6571,0.912,0.5272,0.5503,0.5194
2026-09-02,-71.43,-52.94,0.5186,0.4997,0.4979,0.6445,16.01,211.1,-14.2,0.3564,-0.0405,2.0,0.6571,0.912,0.465,0.5096,0.5876
2026-09-02,-71.43,-31.76,0.4928,0.5092,0.5778,0.5505,8.23,277.1,-13.0,0.1799,-0.1373,3.6,0.6571,0.912,0.5705,0.5407,0.5881
2026-09-02,-71.43,-10.59,0.5899,0.586,0.6916,0.5913,5.04,93.2,-16.2,0.1809,-0.146,0.1,0.6571,0.912,0.6127,0.5762,0.6192
2026-09-02,-71.43,10.59,0.6674,0.7008,0.6532,0.6018,7.93,51.0,-15.5,0.2433,0.1867,0.5,0.6571,0.912,0.6065,0.6094,0.6358
2026-09-02,-71.43,31.76,0.7072,0.6485,0.7086,0.6328,8.69,295.5,-17.4,0.1579,-0.1003,-0.3,0.6571,0.912,0.5568,0.5867,0.6357
2026-09-02,-71.43,52.94,0.6809,0.7091,0.6606,0.6289,15.49,16.6,-15.6,0.1874,-0.1641,1.5,0.6571,0.912,0.6866,0.6638,0.6727
2026-09-02,-71.43,74.12,0.7287,0.6847,0.7333,0.6308,11.73,224.7,-14.4,0.4224,0.0878,0.8,0.6571,0.912,0.7048,0.6623,0.6528
2026-09-02,-71.43,95.29,0.6149,0.6411,0.628,0.6477,8.39,235.5,-18.6,0.3653,-0.0566,2.4,0.6571,0.912,0.6417,0.6429,0.6096
2026-09-02,-71.43,116.47,0.637,0.6008,0.6448,0.6015,13.35,77.8,-20.3,0.4494,-0.1901,1.2,0.6571,0.912,0.6081,0.625,0.6201
2026-09-02,-71.43,137.65,0.6175,0.6241,0.6319,0.6086,11.64,30.4,-22.3,0.0702,-0.1186,-1.4,0.6571,0.912,0.6416,0.6063,0.5924
2026-09-02,-71.43,158.82,0.5827,0.5707,0.5857,0.6015,5.22,246.3,-19.5,0.2071,-0.2032,2.6,0.6571,0.912,0.4791,0.5719,0.5146
2026-09-02,-71.43,180.0,0.5989,0.5113,0.5286,0.5935,6.44,13.6,-18.7,0.3647,0.1196,1.7,0.6571,0.912,0.4864,0.4627,0.4834
2026-09-02,-70.0,-180.0,0.4903,0.516,0.4555,0.5142,6.71,295.9,-19.2,0.4481,-0.0883,-0.4,0.6,0.912,0.4919,0.5771,0.4766
2026-09-02,-70.0,-158.82,0.4259,0.3931,0.4578,0.5043,5.06,198.9,-16.5,0.3411,0.1413,3.5,0.6,0.912,0.391,0.4924,0.4436
2026-09-02,-70.0,-137.65,0.4337,0.4294,0.4603,0.4219,5.08,92.2,-17.4,0.2679,0.1827,2.3,0.6,0.912,0.4485,0.4629,0.4614
2026-09-02,-70.0,-116.47,0.4469,0.4616,0.4114,0.4379,7.94,314.2,-18.1,0.2419,0.0178,2.1,0.6,0.912,0.471,0.4257,0.3491
2026-09-02,-70.0,-95.29,0.461,0.4244,0.4105,0.4283,10.64,291.7,-13.0,0.3569,0.1126,1.7,0.6,0.912,0.3431,0.45,0.4297
2026-09-02,-70.0,-74.12,0.5147,0.4121,0.4483,0.439,8.6,221.6,-16.2,0.0858,0.2583,2.7,0.6,0.912,0.4921,0.4826,0.4185
2026-09-02,-70.0,-52.94,0.5638,0.4425,0.5115,0.4224,17.17,139.2,-17.7,0.1671,-0.0523,2.4,0.6,0.912,0.4651,0.491,0.5086
2026-09-02,-70.0,-31.76,0.6042,0.5169,0.4557,0.4771,17.36,112.9,-21.0,0.3623,0.0678,0.9,0.6,0.912,0.5396,0.5519,0.5066
2026-09-02,-70.0,-10.59,0.553,0.6224,0.558,0.591,11.48,144.9,-16.1,0.2266,-0.0881,3.4,0.6,0.912,0.5346,0.5036,0.5361
2026-09-02,-70.0,10.59,0.5449,0.6058,0.5125,0.5999,6.21,152.5,-14.2,0.4145,0.0511,2.5,0.6,0.912,0.5382,0.5752,0.5706
2026-09-02,-70.0,31.76,0.5827,0.5743,0.6316,0.6359,16.76,135.6,-18.6,0.1389,-0.0334,-0.4,0.6,0.912,0.6676,0.6584,0.6127
2026-09-02,-70.0,52.94,0.6006,0.6221,0.6768,0.7177,9.87,10.3,-15.7,0.145,-0.0535,1.6,0.6,0.912,0.6019,0.601,0.592
2026-09-02,-70.0,74.12,0.5969,0.6093,0.601,0.6431,7.67,197.3,-13.4,0.4169,0.1706,1.7,0.6,0.912,0.5837,0.6664,0.5636
2026-09-02,-70.0,95.29,0.5937,0.6495,0.5994,0.5922,8.19,53.1,-13.7,0.4257,-0.0207,2.2,0.6,0.912,0.6358,0.6003,0.6596
2026-09-02,-70.0,116.47,0.5708,0.5807,0.5024,0.5654,10.59,23.6,-17.2,0.2985,0.0561,2.1,0.6,0.912,0.577,0.5511,0.6255
2026-09-02,-70.0,137.65,0.5486,0.5891,0.5669,0.5758,13.43,165.5,-19.4,0.056,-0.0432,1.7,0.6,0.912,0.5315,0.5625,0.5812
2026-09-02,-70.0,158.82,0.4676,0.5292,0.555,0.4808,14.3,198.9,-18.2,0.0692,-0.2591,1.7,0.6,0.912,0.4658,0.557,0.5095
2026-09-02,-70.0,180.0,0.4718,0.4976,0.5015,0.5409,7.2,352.1,-21.0,0.2618,0.1101,1.9,0.6,0.912,0.4978,0.4947,0.4662
2026-09-02,-68.57,-180.0,0.4433,0.3661,0.4554,0.3205,13.36,17.6,-19.2,0.3431,-0.0681,3.3,0.5429,0.912,0.4577,0.4366,0.4554
2026-09-02,-68.57,-158.82,0.3867,0.4089,0.3674,0.4736,15.47,123.8,-18.9,0.0862,-0.0248,1.5,0.5429,0.912,0.3966,0.4077,0.4181
2026-09-02,-68.57,-137.65,0.3538,0.3886,0.4524,0.4399,16.16,355.2,-13.8,0.3041,0.0346,1.7,0.5429,0.912,0.4097,0.3396,0.3892
2026-09-02,-68.57,-116.47,0.4544,0.3862,0.3017,0.3338,6.33,126.6,-13.1,0.1265,-0.0931,3.0,0.5429,0.912,0.3866,0.4167,0.3389
2026-09-02,-68.57,-95.29,0.3812,0.3862,0.5198,0.3757,12.88,187.0,-14.9,0.2504,0.1102,4.1,0.5429,0.912,0.4165,0.4016,0.4329
2026-09-02,-68.57,-74.12,0.3798,0.3365,0.2586,0.4733,8.76,278.5,-16.1,0.4415,0.0909,2.4,0.5429,0.912,0.4503,0.4259,0.3904
2026-09-02,-68.57,-52.94,0.4231,0.4434,0.4768,0.4495,16.73,123.5,-16.6,0.3215,0.0886,4.1,0.5429,0.912,0.3631,0.4095,0.4533
2026-09-02,-68.57,-31.76,0.5111,0.4992,0.4528,0.5503,13.95,265.7,-12.6,0.1484,0.1134,3.3,0.5429,0.912,0.5478,0.464,0.4591
2026-09-02,-68.57,-10.59,0.5199,0.4926,0.5107,0.535,6.07,224.6,-21.0,0.3597,-0.0961,1.4,0.5429,0.912,0.4996,0.5072,0.4558
2026-09-02,-68.57,10.59,0.4948,0.4252,0.5503,0.5898,11.35,250.7,-15.6,0.1646,-0.1729,0.5,0.5429,0.912,0.6147,0.52,0.6357
2026-09-02,-68.57,31.76,0.5224,0.558,0.5792,0.6065,8.19,271.4,-13.3,0.1142,-0.0066,2.7,0.5429,0.912,0.5494,0.5808,0.5439
2026-09-02,-68.57,52.94,0.5022,0.5714,0.5369,0.6264,5.7,53.2,-11.1,0.3617,0.0547,2.2,0.5429,0.912,0.5462,0.5237,0.5717
2026-09-02,-68.57,74.12,0.5132,0.5061,0.6411,0.5666,17.28,198.8,-19.2,0.1982,0.0669,3.2,0.5429,0.912,0.6293,0.5247,0.6022
2026-09-02,-68.57,95.29,0.6207,0.5202,0.6324,0.5476,8.8,96.6,-21.8,0.1961,0.3388,3.3,0.5429,0.912,0.5554,0.5986,0.5415
2026-09-02,-68.57,116.47,0.5638,0.5499,0.4993,0.5977,12.68,214.3,-20.7,0.0551,0.1966,2.0,0.5429,0.912,0.5661,0.4923,0.541
2026-09-02,-68.57,137.65,0.4564,0.5688,0.4598,0.4717,6.26,133.0,-18.9,0.3302,0.2238,3.2,0.5429,0.912,0.5231,0.5621,0.5245
2026-09-02,-68.57,158.82,0.4757,0.4794,0.5039,0.5326,15.07,6.4,-13.8,0.0981,0.0866,1.6,0.5429,0.912,0.4442,0.4609,0.3902
2026-09-02,-68.57,180.0,0.4287,0.3966,0.4148,0.4288,14.33,224.4,-16.6,0.142,0.0384,0.7,0.5429,0.912,0.4262,0.5248,0.3923
2026-09-02,-67.14,-180.0,0.3761,0.3377,0.4008,0.3242,11.29,327.0,-12.8,0.0871,-0.1106,1.1,0.4857,0.912,0.3672,0.4134,0.3568
2026-09-02,-67.14,-158.82,0.3659,0.3264,0.3734,0.3624,8.04,281.5,-15.4,0.2863,-0.0534,2.5,0.4857,0.912,0.3664,0.3434,0.3238
2026-09-02,-67.14,-137.65,0.3207,0.2994,0.3877,0.3402,6.88,181.0,-18.8,0.1343,-0.02,3.2,0.4857,0.912,0.3049,0.3472,0.2747
2026-09-02,-67.14,-116.47,0.3705,0.2965,0.2716,0.3108,16.75,95.7,-13.4,0.3536,-0.0448,4.9,0.4857,0.912,0.2706,0.418,0.3495
2026-09-02,-67.14,-95.29,0.3765,0.2994,0.3184,0.3708,13.06,263.3,-14.5,0.1983,-0.0532,3.4,0.4857,0.912,0.3326,0.3159,0.3624
2026-09-02,-67.14,-74.12,0.2644,0.3668,0.3335,0.315,10.2,321.1,-14.1,0.2622,0.1024,3.3,0.4857,0.912,0.3719,0.3037,0.3532
2026-09-02,-67.14,-52.94,0.3344,0.3829,0.3906,0.3925,9.3,350.7,-14.5,0.3961,0.1228,3.2,0.4857,0.912,0.3914,0.3458,0.3142
2026-09-02,-67.14,-31.76,0.4131,0.3919,0.4663,0.4241,5.31,11.5,-18.2,0.1249,-0.0747,1.7,0.4857,0.912,0.4143,0.4254,0.3987
2026-09-02,-67.14,-10.59,0.4608,0.4733,0.4514,0.4339,8.74,238.2,-11.0,0.1732,-0.1106,2.2,0.4857,0.912,0.432,0.469,0.3945
2026-09-02,-67.14,10.59,0.4715,0.5456,0.5687,0.5178,10.38,332.2,-12.6,0.0731,0.0621,3.0,0.4857,0.912,0.4731,0.4155,0.5207
2026-09-02,-67.14,31.76,0.5087,0.4992,0.5969,0.5731,13.87,338.6,-17.9,0.2664,-0.0268,2.2,0.4857,0.912,0.465,0.5063,0.542
2026-09-02,-67.14,52.94,0.5795,0.4489,0.5523,0.488,15.51,352.9,-14.0,0.0509,-0.0455,3.7,0.4857,0.912,0.483,0.5862,0.5215
2026-09-02,-67.14,74.12,0.499,0.4992,0.5462,0.498,9.85,299.2,-13.2,0.2059,-0.06,4.6,0.4857,0.912,0.5063,0.5469,0.519
2026-09-02,-67.14,95.29,0.5284,0.4814,0.5649,0.5529,5.31,271.6,-15.6,0.1661,0.1129,4.2,0.4857,0.912,0.5135,0.5407,0.5185
2026-09-02,-67.14,116.47,0.4737,0.5263,0.492,0.5011,9.62,10.1,-18.0,0.2439,-0.0715,3.4,0.4857,0.912,0.4842,0.4098,0.4073
2026-09-02,-67.14,137.65,0.4487,0.4057,0.4486,0.3938,8.04,247.1,-13.6,0.1162,-0.009,3.6,0.4857,0.912,0.488,0.4497,0.4664
2026-09-02,-67.14,158.82,0.4161,0.425,0.3844,0.4144,11.93,69.5,-19.5,0.1283,0.2745,1.4,0.4857,0.912,0.3728,0.3527,0.4396
2026-09-02,-67.14,180.0,0.3967,0.4745,0.381,0.4083,16.2,106.0,-18.8,0.2643,-0.0596,2.6,0.4857,0.912,0.306,0.4077,0.3475
2026-09-02,-65.71,-180.0,0.2489,0.3339,0.3136,0.2838,6.04,337.2,-11.7,0.2904,0.1419,3.3,0.4286,0.912,0.3823,0.2542,0.3356
2026-09-02,-65.71,-158.82,0.3017,0.3389,0.249,0.304,10.74,73.1,-12.1,0.2952,0.1486,4.0,0.4286,0.912,0.3226,0.3047,0.3306
2026-09-02,-65.71,-137.65,0.3416,0.2568,0.3141,0.2655,9.46,247.9,-11.7,0.0564,0.1393,6.2,0.4286,0.912,0.2928,0.2468,0.2872
2026-09-02,-65.71,-116.47,0.2041,0.2909,0.2598,0.2317,14.93,327.3,-15.6,0.2586,-0.0093,4.5,0.4286,0.912,0.3494,0.2757,0.2939
2026-09-02,-65.71,-95.29,0.2585,0.286,0.2284,0.2405,13.12,125.4,-9.9,0.3658,-0.2736,4.5,0.4286,0.912,0.2999,0.266,0.2174
2026-09-02,-65.71,-74.12,0.267,0.3398,0.2742,0.3392,14.64,286.6,-13.2,0.1458,-0.0518,5.0,0.4286,0.912,0.2692,0.258,0.2741
2026-09-02,-65.71,-52.94,0.3757,0.3101,0.3432,0.3485,7.97,52.0,-4.1,0.2257,-0.0415,4.9,0.4286,0.912,0.3385,0.3751,0.3832
2026-09-02,-65.71,-31.76,0.3639,0.2996,0.3722,0.3492,17.02,26.5,-15.9,0.4144,-0.1834,6.1,0.4286,0.912,0.3748,0.3448,0.4089
2026-09-02,-65.71,-10.59,0.3456,0.4148,0.3965,0.3965,5.91,48.3,-13.7,0.4407,0.079,4.3,0.4286,0.912,0.4557,0.404,0.4079
2026-09-02,-65.71,10.59,0.4875,0.4462,0.4862,0.459,8.37,317.0,-4.7,0.1146,0.2992,4.7,0.4286,0.912,0.451,0.4306,0.4371
2026-09-02,-65.71,31.76,0.4632,0.4125,0.3994,0.3712,16.36,356.2,-16.0,0.4082,0.1774,5.9,0.4286,0.912,0.4774,0.4975,0.4345
2026-09-02,-65.71,52.94,0.5273,0.4576,0.4169,0.4196,8.34,86.3,-13.5,0.2793,-0.1194,5.6,0.4286,0.912,0.5149,0.4462,0.5297
2026-09-02,-65.71,74.12,0.5219,0.506,0.5193,0.5175,5.99,34.8,-13.2,0.0778,0.1567,4.2,0.4286,0.912,0.4367,0.451,0.4237
2026-09-02,-65.71,95.29,0.3902,0.4344,0.4398,0.4778,16.68,196.0,-12.6,0.3012,0.0534,3.1,0.4286,0.912,0.4522,0.369,0.4458
2026-09-02,-65.71,116.47,0.3979,0.4837,0.4482,0.4012,15.32,29.8,-14.4,0.4197,-0.0535,5.0,0.4286,0.912,0.4223,0.3984,0.4619
2026-09-02,-65.71,137.65,0.3494,0.346,0.3706,0.4227,6.2,129.8,-14.7,0.302,0.1164,5.0,0.4286,0.912,0.4696,0.4309,0.4338
2026-09-02,-65.71,158.82,0.2883,0.3575,0.3828,0.3821,15.91,251.7,-14.2,0.1991,0.2764,3.0,0.4286,0.912,0.4008,0.3699,0.3595
2026-09-02,-65.71,180.0,0.2879,0.339,0.3923,0.3115,12.58,13.9,-10.9,0.405,0.2116,5.7,0.4286,0.912,0.3462,0.3424,0.3397
2026-09-02,-64.29,-180.0,0.248,0.2668,0.2932,0.2234,14.04,95.8,-13.1,0.4012,-0.1327,3.3,0.3714,0.912,0.3177,0.2499,0.2974
2026-09-02,-64.29,-158.82,0.1751,0.2752,0.2177,0.2287,15.66,176.8,-13.4,0.283,-0.1926,4.1,0.3714,0.912,0.2848,0.2025,0.2051
2026-09-02,-64.29,-137.65,0.2231,0.1683,0.1658,0.223,6.8,176.6,-12.1,0.2121,-0.2531,5.0,0.3714,0.912,0.2673,0.1914,0.3394
2026-09-02,-64.29,-116.47,0.2642,0.1582,0.2595,0.2533,7.87,250.8,-19.0,0.3285,0.1253,4.9,0.3714,0.912,0.2789,0.2773,0.2781
2026-09-02,-64.29,-95.29,0.306,0.2615,0.2996,0.2048,14.09,143.9,-13.7,0.3027,-0.0558,4.4,0.3714,0.912,0.2606,0.2129,0.2532
2026-09-02,-64.29,-74.12,0.2951,0.2727,0.2567,0.2391,6.44,272.5,-8.4,0.1517,-0.0093,2.7,0.3714,0.912,0.1963,0.1848,0.2218
2026-09-02,-64.29,-52.94,0.2787,0.221,0.2471,0.3138,9.89,175.1,-11.9,0.3932,0.0297,5.3,0.3714,0.912,0.2786,0.3319,0.2772
2026-09-02,-64.29,-31.76,0.2963,0.2515,0.3451,0.3461,16.21,226.2,-11.6,0.2985,0.0696,4.1,0.3714,0.912,0.3696,0.2989,0.3473
2026-09-02,-64.29,-10.59,0.3277,0.373,0.3826,0.4002,7.88,302.8,-9.6,0.2457,0.2108,3.2,0.3714,0.912,0.3175,0.3663,0.3305
2026-09-02,-64.29,10.59,0.3264,0.3495,0.4396,0.3819,7.08,150.0,-10.6,0.4274,0.0723,3.9,0.3714,0.912,0.4845,0.3326,0.4069
2026-09-02,-64.29,31.76,0.3811,0.3711,0.4246,0.3367,15.07,110.9,-13.7,0.173,0.0831,3.6,0.3714,0.912,0.4544,0.4031,0.4335
2026-09-02,-64.29,52.94,0.4309,0.3809,0.4313,0.3812,5.94,4.5,-11.5,0.3473,0.0929,4.4,0.3714,0.912,0.3917,0.389,0.4256
2026-09-02,-64.29,74.12,0.4258,0.487,0.4598,0.3639,15.33,28.4,-13.9,0.229,0.0771,5.5,0.3714,0.912,0.4046,0.3306,0.4699
2026-09-02,-64.29,95.29,0.484,0.456,0.3721,0.3675,16.37,302.2,-12.4,0.2799,-0.1645,4.6,0.3714,0.912,0.4107,0.4455,0.4893
2026-09-02,-64.29,116.47,0.4032,0.4114,0.3848,0.4093,9.98,328.3,-8.1,0.2012,0.165,3.1,0.3714,0.912,0.3843,0.4163,0.3348
2026-09-02,-64.29,137.65,0.4461,0.3975,0.3221,0.3877,6.51,122.0,-9.2,0.2205,0.0061,5.0,0.3714,0.912,0.3859,0.3218,0.3731
2026-09-02,-64.29,158.82,0.3487,0.2689,0.3347,0.2251,8.43,249.5,-10.4,0.2406,-0.0015,1.7,0.3714,0.912,0.3019,0.2675,0.3402
2026-09-02,-64.29,180.0,0.2435,0.2364,0.3205,0.3504,17.7,306.4,-11.3,0.3424,0.2168,3.7,0.3714,0.912,0.2299,0.2986,0.337
2026-09-02,-62.86,-180.0,0.1742,0.267,0.2451,0.2276,17.89,95.3,-10.9,0.3304,-0.0659,5.7,0.3143,0.912,0.2203,0.1655,0.1787
2026-09-02,-62.86,-158.82,0.1885,0.1546,0.2009,0.1451,5.1,254.8,-8.7,0.1639,-0.0062,4.1,0.3143,0.912,0.1375,0.1499,0.1449
2026-09-02,-62.86,-137.65,0.1562,0.0946,0.1231,0.1452,9.83,199.8,-9.6,0.3266,0.2202,4.5,0.3143,0.912,0.2293,0.1669,0.1635
2026-09-02,-62.86,-116.47,0.2194,0.1376,0.0872,0.2214,16.44,289.7,-9.2,0.3783,0.0657,5.2,0.3143,0.912,0.1485,0.1746,0.1812
2026-09-02,-62.86,-95.29,0.2122,0.1918,0.1481,0.2118,15.2,229.9,-14.8,0.1723,-0.1416,5.4,0.3143,0.912,0.0806,0.1661,0.1901
2026-09-02,-62.86,-74.12,0.2024,0.1706,0.2178,0.2282,12.13,322.5,-14.9,0.4116,0.1043,5.1,0.3143,0.912,0.2681,0.207,0.227
2026-09-02,-62.86,-52.94,0.34,0.285,0.2972,0.223,13.01,235.8,-9.2,0.2977,-0.0588,5.1,0.3143,0.912,0.2452,0.2233,0.256
2026-09-02,-62.86,-31.76,0.2755,0.2705,0.2686,0.2403,11.17,344.1,-10.0,0.0551,0.0221,3.2,0.3143,0.912,0.2291,0.3072,0.1818
2026-09-02,-62.86,-10.59,0.2467,0.3239,0.3489,0.3334,14.58,165.6,-5.7,0.1792,0.0186,5.1,0.3143,0.912,0.3103,0.2471,0.3312
2026-09-02,-62.86,10.59,0.3576,0.3997,0.3852,0.3223,15.88,302.1,-7.6,0.0641,0.3022,5.3,0.3143,0.912,0.3677,0.2865,0.3941
2026-09-02,-62.86,31.76,0.4021,0.3947,0.2623,0.3701,13.74,189.0,-11.8,0.4065,0.2069,4.3,0.3143,0.912,0.4112,0.3351,0.3351
2026-09-02,-62.86,52.94,0.429,0.3767,0.426,0.4165,10.84,25.8,-14.9,0.1037,0.0764,3.0,0.3143,0.912,0.4412,0.4065,0.4957
2026-09-02,-62.86,74.12,0.3361,0.4359,0.3586,0.3494,15.81,15.9,-5.4,0.1569,-0.1555,4.1,0.3143,0.912,0.4068,0.3519,0.4429
2026-09-02,-62.86,95.29,0.2824,0.2895,0.2794,0.3205,12.92,337.2,-14.6,0.3769,0.0256,4.1,0.3143,0.912,0.3198,0.3201,0.3334
2026-09-02,-62.86,116.47,0.3213,0.3006,0.3541,0.3386,16.49,246.2,-16.5,0.2499,0.0552,6.5,0.3143,0.912,0.3035,0.2738,0.2753
2026-09-02,-62.86,137.65,0.2984,0.2714,0.3749,0.2994,15.15,330.7,-11.3,0.1734,0.122,5.1,0.3143,0.912,0.3376,0.2916,0.3328
2026-09-02,-62.86,158.82,0.2487,0.2304,0.3351,0.2151,5.09,211.0,-12.4,0.3146,0.1341,3.8,0.3143,0.912,0.2755,0.1871,0.191
2026-09-02,-62.86,180.0,0.2313,0.2106,0.197,0.1957,6.96,210.4,-7.9,0.4156,-0.2868,4.5,0.3143,0.912,0.2226,0.1383,0.2305
2026-09-02,-61.43,-180.0,0.1123,0.1344,0.1606,0.1652,14.61,159.5,-6.0,0.1194,-0.1744,6.1,0.2571,0.912,0.2591,0.248,0.1559
2026-09-02,-61.43,-158.82,0.2068,0.1713,0.2004,0.1577,15.5,266.5,-11.9,0.4134,0.2071,5.4,0.2571,0.912,0.1874,0.135,0.15
2026-09-02,-61.43,-137.65,0.1678,0.1111,0.1191,0.1773,17.09,4.6,-8.5,0.2542,-0.0736,6.6,0.2571,0.912,0.1124,0.1184,0.1552
2026-09-02,-61.43,-116.47,0.1378,0.1248,0.0776,0.1271,10.27,80.2,-7.1,0.1455,-0.1693,6.3,0.2571,0.912,0.0619,0.1942,0.219
2026-09-02,-61.43,-95.29,0.1146,0.133,0.173,0.1345,10.8,118.5,-12.6,0.2573,-0.2042,5.8,0.2571,0.912,0.2466,0.0817,0.1541
2026-09-02,-61.43,-74.12,0.19,0.2018,0.1248,0.1786,8.28,249.2,-13.3,0.112,0.3353,6.1,0.2571,0.912,0.1813,0.1589,0.1494
2026-09-02,-61.43,-52.94,0.1752,0.11,0.2056,0.1913,11.4,62.6,-7.3,0.2147,0.0218,5.5,0.2571,0.912,0.1778,0.1661,0.2234
2026-09-02,-61.43,-31.76,0.2348,0.2527,0.2226,0.2288,16.08,125.8,-10.5,0.2168,-0.0631,5.3,0.2571,0.912,0.231,0.2178,0.2349
2026-09-02,-61.43,-10.59,0.2854,0.1986,0.1856,0.2881,6.96,21.9,-8.1,0.2362,-0.0893,3.8,0.2571,0.912,0.2736,0.2457,0.2877
2026-09-02,-61.43,10.59,0.3019,0.2299,0.3308,0.2161,12.24,113.1,-13.2,0.1943,0.0951,6.5,0.2571,0.912,0.279,0.3463,0.3069
2026-09-02,-61.43,31.76,0.3665,0.3504,0.3422,0.2654,9.71,283.1,-10.4,0.2937,-0.003,6.4,0.2571,0.912,0.2698,0.2727,0.2737
2026-09-02,-61.43,52.94,0.308,0.2851,0.3824,0.263,5.38,55.2,-8.3,0.3924,0.122,4.6,0.2571,0.912,0.3524,0.2919,0.3304
2026-09-02,-61.43,74.12,0.3292,0.3117,0.345,0.352,9.74,82.6,-11.3,0.1233,0.2378,5.4,0.2571,0.912,0.3398,0.2862,0.2989
2026-09-02,-61.43,95.29,0.3302,0.3886,0.3053,0.2955,11.68,255.3,-15.1,0.3856,-0.1286,3.9,0.2571,0.912,0.301,0.3358,0.3424
2026-09-02,-61.43,116.47,0.3649,0.2866,0.3324,0.3426,16.49,206.7,-11.2,0.1723,-0.0508,5.9,0.2571,0.912,0.2802,0.2655,0.2445
2026-09-02,-61.43,137.65,0.2662,0.3111,0.2446,0.2441,11.79,174.2,-9.5,0.413,0.1909,6.0,0.2571,0.912,0.3,0.237,0.3142
2026-09-02,-61.43,158.82,0.1707,0.2125,0.2135,0.2448,6.23,207.1,-13.0,0.2972,0.2651,5.6,0.2571,0.912,0.1956,0.2132,0.1992
2026-09-02,-61.43,180.0,0.2282,0.1584,0.2112,0.1362,13.2,323.0,-9.1,0.3094,0.051,4.2,0.2571,0.912,0.1467,0.1515,0.0904
2026-09-02,-60.0,-180.0,0.1283,0.1235,0.1668,0.1143,5.65,124.8,-13.7,0.1826,-0.2079,5.7,0.2,0.912,0.1908,0.1611,0.0631
2026-09-02,-60.0,-158.82,0.0671,0.0369,0.0819,0.1459,9.8,128.7,-15.7,0.4101,0.1279,4.8,0.2,0.912,0.1545,0.1225,0.1123
2026-09-02,-60.0,-137.65,0.0,0.0402,0.0596,0.0791,6.93,348.4,-8.5,0.1731,0.1159,6.1,0.2,0.912,0.1231,0.12,0.0986
2026-09-02,-60.0,-116.47,0.0553,0.0186,0.0376,0.0389,7.46,26.3,-7.4,0.138,-0.4079,6.3,0.2,0.912,0.0293,0.0736,0.0879
2026-09-02,-60.0,-95.29,0.0922,0.0781,0.1526,0.0855,9.59,251.6,-11.2,0.3971,-0.131,4.1,0.2,0.912,0.0741,0.0692,0.108
2026-09-02,-60.0,-74.12,0.113,0.0912,0.1219,0.0712,16.44,248.3,-11.7,0.1993,0.0664,7.4,0.2,0.912,0.0698,0.0231,0.0846
2026-09-02,-60.0,-52.94,0.1247,0.1287,0.2019,0.1822,15.26,273.1,-11.8,0.0858,0.2081,7.5,0.2,0.912,0.1485,0.1881,0.1191
2026-09-02,-60.0,-31.76,0.1626,0.1015,0.1338,0.208,15.73,281.3,-7.9,0.3797,0.0272,6.1,0.2,0.912,0.2166,0.1915,0.1626
2026-09-02,-60.0,-10.59,0.2522,0.1981,0.2089,0.1496,12.31,63.8,-10.1,0.3459,0.0902,5.2,0.2,0.912,0.226,0.218,0.21
2026-09-02,-60.0,10.59,0.2798,0.2185,0.2029,0.2377,8.98,181.6,-10.7,0.3381,-0.0213,5.9,0.2,0.912,0.1594,0.1883,0.2208
2026-09-02,-60.0,31.76,0.3709,0.2442,0.233,0.3203,9.38,117.1,-5.6,0.2562,-0.0244,5.6,0.2,0.912,0.2402,0.3015,0.3141
2026-09-02,-60.0,52.94,0.3134,0.2828,0.2686,0.2051,7.4,349.4,-10.7,0.2394,-0.069,6.3,0.2,0.912,0.2687,0.2904,0.2356
2026-09-02,-60.0,74.12,0.2627,0.2902,0.2435,0.3571,13.14,224.8,-15.0,0.2386,0.1268,7.4,0.2,0.912,0.1997,0.2318,0.3107
2026-09-02,-60.0,95.29,0.2445,0.2997,0.2669,0.2609,10.85,306.2,-13.9,0.3405,-0.0193,5.5,0.2,0.912,0.2389,0.2646,0.2569
2026-09-02,-60.0,116.47,0.2131,0.2568,0.1425,0.2375,10.33,152.9,-11.2,0.3172,-0.1434,4.9,0.2,0.912,0.281,0.2293,0.2114
2026-09-02,-60.0,137.65,0.185,0.1451,0.1911,0.2131,11.15,132.0,-11.4,0.0504,-0.3195,5.2,0.2,0.912,0.1705,0.186,0.2174
2026-09-02,-60.0,158.82,0.1665,0.0977,0.1811,0.1581,9.84,34.1,-4.0,0.3646,0.0831,5.9,0.2,0.912,0.1465,0.0867,0.1855
2026-09-02,-60.0,180.0,0.1211,0.096,0.1145,0.1396,9.86,131.8,-11.6,0.3099,0.4211,8.4,0.2,0.912,0.0849,0.1292,0.1913
2026-09-03,-80.0,-180.0,0.8338,0.7931,0.835,0.868,6.54,263.3,-24.5,0.1328,-0.297,-1.4,1.0,0.907,0.8147,0.8843,0.7858
2026-09-03,-80.0,-158.82,0.7626,0.7723,0.7438,0.8429,12.51,263.1,-25.1,0.3336,0.0848,-2.3,1.0,0.907,0.7462,0.8572,0.7893
2026-09-03,-80.0,-137.65,0.7211,0.8255,0.8164,0.7905,8.52,202.2,-22.2,0.0793,-0.133,-2.0,1.0,0.907,0.7641,0.7482,0.7398
2026-09-03,-80.0,-116.47,0.8794,0.7187,0.6965,0.802,5.51,63.1,-27.5,0.4467,0.0853,-1.8,1.0,0.907,0.7443,0.7732,0.7537
2026-09-03,-80.0,-95.29,0.7678,0.7552,0.7726,0.8026,12.83,6.3,-22.8,0.3693,-0.1278,-1.9,1.0,0.907,0.8021,0.7791,0.7059
2026-09-03,-80.0,-74.12,0.7931,0.7572,0.7968,0.7872,17.46,63.4,-25.6,0.1971,0.1233,-0.6,1.0,0.907,0.775,0.8094,0.8079
2026-09-03,-80.0,-52.94,0.9084,0.8565,0.8619,0.8498,13.83,284.8,-26.0,0.1808,0.1209,-1.0,1.0,0.907,0.846,0.8303,0.8885
2026-09-03,-80.0,-31.76,0.8531,0.808,0.8528,0.8673,8.49,8.5,-23.4,0.4137,0.0479,-0.9,1.0,0.907,0.8247,0.7855,0.8093
2026-09-03,-80.0,-10.59,0.8832,1.0,0.985,0.8367,5.63,18.5,-23.5,0.163,-0.0527,-2.9,1.0,0.907,0.9647,0.9667,0.8893
2026-09-03,-80.0,10.59,0.8874,0.9176,0.982,0.8572,8.57,108.6,-23.0,0.3371,0.2855,-2.2,1.0,0.907,1.0,0.9054,0.89
2026-09-03,-80.0,31.76,0.9484,1.0,0.9653,1.0,15.56,135.9,-26.5,0.0847,-0.0296,-3.6,1.0,0.907,1.0,0.9392,0.9062
2026-09-03,-80.0,52.94,0.9552,0.9416,0.9555,0.9494,15.4,339.0,-21.5,0.4274,0.1696,-0.6,1.0,0.907,0.9613,0.9238,0.9828
2026-09-03,-80.0,74.12,0.9316,0.9434,0.918,1.0,14.75,339.8,-29.9,0.2503,-0.0789,-2.9,1.0,0.907,0.9938,1.0,0.9485
2026-09-03,-80.0,95.29,0.9025,1.0,0.9601,0.9953,13.61,63.9,-17.4,0.0711,-0.1664,-1.5,1.0,0.907,0.9063,0.9835,0.9427
2026-09-03,-80.0,116.47,0.9817,0.853,0.9006,0.9302,8.62,316.2,-22.7,0.2206,0.0226,-3.1,1.0,0.907,1.0,0.931,0.9852
2026-09-03,-80.0,137.65,0.8873,0.9421,0.8981,0.9111,9.61,76.0,-22.9,0.1193,-0.2222,-2.7,1.0,0.907,0.8931,0.9292,0.8827
2026-09-03,-80.0,158.82,0.8372,0.8701,0.8365,0.8684,10.26,313.4,-23.9,0.2203,0.1853,-3.7,1.0,0.907,0.8574,0.8241,0.8813
2026-09-03,-80.0,180.0,0.8319,0.8081,0.8279,0.8302,6.37,351.2,-24.7,0.0998,-0.1291,-2.9,1.0,0.907,0.787,0.8262,0.8469
2026-09-03,-78.57,-180.0,0.6867,0.7288,0.7049,0.842,17.54,123.4,-23.9,0.1116,0.1825,-1.1,0.9429,0.907,0.7502,0.7725,0.7489
2026-09-03,-78.57,-158.82,0.7397,0.7516,0.7481,0.8401,7.63,98.7,-26.8,0.0684,0.2513,-1.1,0.9429,0.907,0.736,0.7097,0.7619
2026-09-03,-78.57,-137.65,0.7326,0.758,0.7443,0.73,13.19,140.8,-23.1,0.3225,-0.0825,-1.2,0.9429,0.907,0.8639,0.7386,0.6639
2026-09-03,-78.57,-116.47,0.6949,0.7907,0.7349,0.7634,10.03,221.0,-23.3,0.058,0.0854,-0.9,0.9429,0.907,0.6503,0.6993,0.6771
2026-09-03,-78.57,-95.29,0.7686,0.7267,0.8685,0.6815,16.04,227.2,-25.4,0.2103,-0.0001,-1.9,0.9429,0.907,0.6975,0.7626,0.7169
2026-09-03,-78.57,-74.12,0.776,0.7066,0.7883,0.7105,16.53,142.9,-26.2,0.4218,-0.0791,-2.0,0.9429,0.907,0.7576,0.6942,0.7279
2026-09-03,-78.57,-52.94,0.788,0.7781,0.728,0.7888,10.69,64.5,-24.2,0.3225,0.0315,-0.0,0.9429,0.907,0.7394,0.6884,0.8476
2026-09-03,-78.57,-31.76,0.8482,0.7958,0.8075,0.7611,13.29,69.5,-26.4,0.0861,-0.0548,-1.1,0.9429,0.907,0.8706,0.8288,0.851
2026-09-03,-78.57,-10.59,0.8349,0.8403,0.828,0.8361,11.17,75.4,-25.1,0.0911,0.1782,-0.7,0.9429,0.907,0.7957,0.8023,0.938
2026-09-03,-78.57,10.59,0.9283,0.8233,0.8719,0.9529,14.7,45.5,-24.0,0.0709,-0.1545,-2.1,0.9429,0.907,0.9163,0.8982,0.8126
2026-09-03,-78.57,31.76,0.9175,0.8914,0.9019,0.8678,14.02,210.1,-21.4,0.2445,-0.2406,-1.1,0.9429,0.907,0.8996,0.8712,0.8878
2026-09-03,-78.57,52.94,0.9049,0.8527,0.9699,0.9458,14.91,356.0,-20.5,0.4412,-0.0792,-0.6,0.9429,0.907,0.8429,0.8869,0.9014
2026-09-03,-78.57,74.12,0.9168,0.9816,0.9265,0.914,6.15,63.7,-21.5,0.3413,-0.1619,-0.7,0.9429,0.907,0.8908,0.9774,0.8707
2026-09-03,-78.57,95.29,0.9329,0.9089,0.938,0.8983,5.69,156.0,-30.3,0.1084,0.1533,-1.2,0.9429,0.907,0.9061,0.9226,0.9527
2026-09-03,-78.57,116.47,0.9544,0.8842,0.8352,0.9203,9.62,50.5,-19.5,0.3883,0.1268,-1.7,0.9429,0.907,0.8647,0.8524,0.9049
2026-09-03,-78.57,137.65,0.8465,0.8648,0.8465,0.8573,8.72,39.4,-23.9,0.3806,-0.0258,-1.6,0.9429,0.907,0.827,0.8736,0.7717
2026-09-03,-78.57,158.82,0.7013,0.7638,0.8371,0.7955,9.51,171.6,-19.7,0.0624,-0.0375,-2.5,0.9429,0.907,0.8152,0.7651,0.7719
2026-09-03,-78.57,180.0,0.7532,0.7658,0.7217,0.8196,12.08,197.1,-24.6,0.1869,-0.1736,-2.1,0.9429,0.907,0.759,0.7899,0.6993
2026-09-03,-77.14,-180.0,0.6894,0.7689,0.6899,0.7407,13.06,56.0,-20.8,0.3919,0.2298,0.4,0.8857,0.907,0.7108,0.7075,0.7004
2026-09-03,-77.14,-158.82,0.6811,0.7292,0.7173,0.6532,10.92,219.0,-19.8,0.4334,0.2837,-0.4,0.8857,0.907,0.7599,0.7081,0.7124
2026-09-03,-77.14,-137.65,0.7283,0.6605,0.6834,0.7068,14.47,120.7,-17.5,0.2083,-0.1232,-0.4,0.8857,0.907,0.6699,0.6659,0.6784
2026-09-03,-77.14,-116.47,0.6074,0.6713,0.7001,0.7247,12.53,220.6,-19.8,0.4099,0.0277,-3.1,0.8857,0.907,0.6926,0.6627,0.6844
2026-09-03,-77.14,-95.29,0.689,0.6935,0.7386,0.7203,14.32,188.9,-27.3,0.2774,0.362,0.5,0.8857,0.907,0.6291,0.6919,0.6541
2026-09-03,-77.14,-74.12,0.7336,0.6427,0.701,0.6917,5.44,76.0,-19.5,0.4208,-0.1803,-0.3,0.8857,0.907,0.6558,0.5973,0.6825
2026-09-03,-77.14,-52.94,0.7105,0.6589,0.7743,0.7659,8.58,270.9,-20.8,0.3219,-0.168,-0.8,0.8857,0.907,0.7947,0.7026,0.735
2026-09-03,-77.14,-31.76,0.7746,0.7666,0.7703,0.8597,15.66,3.1,-22.9,0.4132,-0.0045,0.3,0.8857,0.907,0.6966,0.7286,0.7121
2026-09-03,-77.14,-10.59,0.8117,0.8334,0.8172,0.7587,11.7,113.7,-24.9,0.1756,-0.1282,-1.5,0.8857,0.907,0.7825,0.7734,0.7607
2026-09-03,-77.14,10.59,0.8054,0.7785,0.8079,0.841,16.85,185.0,-22.3,0.1565,0.0532,-1.5,0.8857,0.907,0.8281,0.8464,0.8219
2026-09-03,-77.14,31.76,0.8754,0.8611,0.8314,0.8669,15.05,118.6,-23.9,0.1666,-0.1518,0.6,0.8857,0.907,0.8712,0.882,0.8448
2026-09-03,-77.14,52.94,0.8357,0.8684,0.892,0.9124,15.58,127.9,-22.9,0.3805,0.0567,-1.6,0.8857,0.907,0.8441,0.8515,0.851
2026-09-03,-77.14,74.12,0.8689,0.8406,0.8291,0.817,13.12,63.3,-28.3,0.334,-0.1976,-0.9,0.8857,0.907,0.8846,0.8559,0.894
2026-09-03,-77.14,95.29,0.8768,0.8389,0.9059,0.8736,10.13,151.6,-20.7,0.2414,-0.0238,-0.9,0.8857,0.907,0.8998,0.835,0.8791
2026-09-03,-77.14,116.47,0.8117,0.8342,0.8189,0.8411,17.3,303.4,-23.7,0.2879,0.2017,1.5,0.8857,0.907,0.8158,0.8179,0.8606
2026-09-03,-77.14,137.65,0.8082,0.8239,0.7298,0.818,7.13,109.3,-27.6,0.0742,-0.0583,-1.1,0.8857,0.907,0.8228,0.8222,0.7864
2026-09-03,-77.14,158.82,0.7733,0.7732,0.7666,0.7299,14.7,38.7,-25.7,0.1502,0.0022,-0.7,0.8857,0.907,0.7967,0.7289,0.7567
2026-09-03,-77.14,180.0,0.7184,0.7813,0.6389,0.7336,5.61,180.2,-21.9,0.3714,-0.0701,-0.2,0.8857,0.907,0.7171,0.733,0.7676
2026-09-03,-75.71,-180.0,0.7281,0.7213,0.6227,0.6832,8.25,284.8,-20.2,0.4483,-0.1201,0.8,0.8286,0.907,0.6946,0.6945,0.6818
2026-09-03,-75.71,-158.82,0.6185,0.6062,0.6442,0.6214,6.85,252.5,-22.1,0.1847,0.1721,-0.5,0.8286,0.907,0.5694,0.6589,0.5961
2026-09-03,-75.71,-137.65,0.6155,0.6242,0.6448,0.6093,17.57,228.2,-21.0,0.3355,-0.1884,1.5,0.8286,0.907,0.6866,0.6317,0.5709
2026-09-03,-75.71,-116.47,0.5495,0.6563,0.5796,0.6823,7.6,229.9,-22.1,0.2383,0.1091,-1.0,0.8286,0.907,0.657,0.6032,0.6104
2026-09-03,-75.71,-95.29,0.6562,0.6311,0.6309,0.6702,15.44,136.2,-16.9,0.1583,-0.0313,0.4,0.8286,0.907,0.6366,0.6791,0.573
2026-09-03,-75.71,-74.12,0.6301,0.6736,0.6208,0.6009,15.79,38.4,-20.0,0.4032,-0.084,-1.0,0.8286,0.907,0.6646,0.5976,0.7376
2026-09-03,-75.71,-52.94,0.7631,0.6556,0.6921,0.6764,14.03,197.0,-20.3,0.3333,0.0452,0.8,0.8286,0.907,0.6511,0.731,0.6703
2026-09-03,-75.71,-31.76,0.7504,0.6334,0.7806,0.705,8.45,331.9,-22.1,0.281,0.1151,2.2,0.8286,0.907,0.6892,0.708,0.766
2026-09-03,-75.71,-10.59,0.6767,0.6835,0.7809,0.7145,16.99,37.3,-21.2,0.2621,-0.306,0.1,0.8286,0.907,0.7269,0.7403,0.7861
2026-09-03,-75.71,10.59,0.7371,0.77,0.7696,0.7691,9.02,224.5,-29.5,0.1817,-0.0686,-0.4,0.8286,0.907,0.7908,0.7018,0.8659
2026-09-03,-75.71,31.76,0.7835,0.8316,0.8238,0.8065,6.31,299.4,-20.7,0.1733,-0.0566,-0.7,0.8286,0.907,0.8562,0.8007,0.821
2026-09-03,-75.71,52.94,0.809,0.9076,0.9225,0.8336,12.93,149.0,-17.5,0.4031,-0.2268,0.3,0.8286,0.907,0.8285,0.8357,0.8799
2026-09-03,-75.71,74.12,0.7929,0.7664,0.8995,0.8046,10.42,208.1,-22.4,0.0796,0.0682,0.7,0.8286,0.907,0.9086,0.8253,0.8083
2026-09-03,-75.71,95.29,0.7758,0.8629,0.8312,0.9957,5.15,38.1,-21.7,0.1534,-0.1604,-0.8,0.8286,0.907,0.8187,0.8065,0.8236
2026-09-03,-75.71,116.47,0.7626,0.8008,0.7411,0.7798,16.64,142.7,-20.7,0.3389,-0.1017,-0.7,0.8286,0.907,0.8293,0.7986,0.7065
2026-09-03,-75.71,137.65,0.7195,0.7597,0.7112,0.7794,5.69,257.4,-23.1,0.1617,-0.1683,1.4,0.8286,0.907,0.7543,0.7022,0.7077
2026-09-03,-75.71,158.82,0.7601,0.7201,0.7455,0.6432,5.78,229.7,-21.7,0.201,-0.1053,-0.1,0.8286,0.907,0.7069,0.7199,0.7281
2026-09-03,-75.71,180.0,0.7789,0.6286,0.6269,0.6927,15.8,303.2,-20.8,0.393,-0.0449,1.3,0.8286,0.907,0.6718,0.6666,0.5995
2026-09-03,-74.29,-180.0,0.5855,0.5629,0.6353,0.5768,15.27,236.5,-18.0,0.153,-0.0485,-0.1,0.7714,0.907,0.5627,0.6309,0.6413
2026-09-03,-74.29,-158.82,0.6907,0.6385,0.5429,0.6288,13.47,137.4,-20.3,0.4467,0.0861,0.5,0.7714,0.907,0.5928,0.6083,0.61
2026-09-03,-74.29,-137.65,0.5853,0.5768,0.6095,0.6118,8.79,218.1,-22.2,0.2562,0.0822,-1.1,0.7714,0.907,0.5333,0.5504,0.6021
2026-09-03,-74.29,-116.47,0.5859,0.5336,0.5832,0.5474,7.45,27.1,-18.3,0.064,0.0204,1.8,0.7714,0.907,0.5815,0.5546,0.5047
2026-09-03,-74.29,-95.29,0.5939,0.6349,0.5752,0.6082,7.89,109.8,-18.1,0.1306,-0.0339,1.4,0.7714,0.907,0.576,0.5312,0.5706
2026-09-03,-74.29,-74.12,0.604,0.6014,0.6321,0.585,17.63,232.0,-19.5,0.2317,0.1465,0.1,0.7714,0.907,0.6298,0.5798,0.7107
2026-09-03,-74.29,-52.94,0.6411,0.6207,0.5415,0.5549,13.09,96.8,-14.1,0.1994,-0.1797,1.8,0.7714,0.907,0.6304,0.6054,0.6806
2026-09-03,-74.29,-31.76,0.6655,0.7084,0.6595,0.6351,12.38,216.9,-18.6,0.1937,-0.1341,0.0,0.7714,0.907,0.7283,0.6801,0.6991
2026-09-03,-74.29,-10.59,0.7121,0.7235,0.6932,0.6916,13.53,155.5,-16.2,0.4443,-0.022,0.1,0.7714,0.907,0.6985,0.7525,0.7125
2026-09-03,-74.29,10.59,0.732,0.7493,0.6278,0.7602,6.44,121.6,-21.3,0.2824,-0.1688,0.6,0.7714,0.907,0.7474,0.7096,0.7576
2026-09-03,-74.29,31.76,0.8575,0.6576,0.6992,0.7715,5.61,313.2,-19.8,0.308,0.1398,-1.7,0.7714,0.907,0.8436,0.7494,0.7644
2026-09-03,-74.29,52.94,0.7264,0.8202,0.7752,0.7847,15.32,68.7,-19.0,0.1307,0.2923,0.3,0.7714,0.907,0.7706,0.7445,0.7952
2026-09-03,-74.29,74.12,0.7465,0.8155,0.7553,0.7998,6.11,85.3,-19.2,0.2829,-0.0679,0.1,0.7714,0.907,0.7119,0.7957,0.8398
2026-09-03,-74.29,95.29,0.7967,0.7924,0.7383,0.8033,5.69,259.5,-22.1,0.3787,-0.1583,1.0,0.7714,0.907,0.6988,0.7452,0.7281
2026-09-03,-74.29,116.47,0.7042,0.6946,0.7682,0.7057,13.04,23.4,-22.8,0.0705,-0.2085,0.1,0.7714,0.907,0.6785,0.7377,0.7537
2026-09-03,-74.29,137.65,0.6303,0.6538,0.7147,0.7566,8.79,91.8,-22.8,0.128,-0.1742,-0.9,0.7714,0.907,0.7496,0.744,0.7297
2026-09-03,-74.29,158.82,0.6989,0.6581,0.7001,0.6538,16.72,43.0,-18.2,0.4274,-0.1343,1.1,0.7714,0.907,0.6489,0.637,0.5947
2026-09-03,-74.29,180.0,0.6401,0.6285,0.5868,0.5742,6.01,342.0,-22.7,0.0781,0.168,-0.1,0.7714,0.907,0.6021,0.61,0.6196
2026-09-03,-72.86,-180.0,0.6128,0.5561,0.6154,0.6066,11.1,340.5,-14.4,0.2747,-0.0663,1.7,0.7143,0.907,0.4984,0.5445,0.5695
2026-09-03,-72.86,-158.82,0.5306,0.5489,0.5841,0.5088,7.8,95.5,-19.1,0.2683,-0.1453,0.1,0.7143,0.907,0.53,0.5341,0.5378
2026-09-03,-72.86,-137.65,0.56,0.4603,0.5165,0.534,9.5,21.3,-15.1,0.4352,0.1115,1.1,0.7143,0.907,0.5659,0.56,0.5055
2026-09-03,-72.86,-116.47,0.5047,0.5488,0.5401,0.5184,16.14,22.4,-20.5,0.2175,-0.1637,1.2,0.7143,0.907,0.591,0.4621,0.4819
2026-09-03,-72.86,-95.29,0.5069,0.5431,0.509,0.5265,8.51,303.1,-19.2,0.4106,0.0698,0.6,0.7143,0.907,0.4771,0.5577,0.5367
2026-09-03,-72.86,-74.12,0.5763,0.5546,0.5618,0.5883,15.47,327.8,-19.4,0.0619,-0.2172,0.9,0.7143,0.907,0.5786,0.5077,0.5584
2026-09-03,-72.86,-52.94,0.6278,0.6188,0.5371,0.5935,11.78,331.5,-18.7,0.246,-0.1166,1.2,0.7143,0.907,0.5926,0.57,0.5891
2026-09-03,-72.86,-31.76,0.5645,0.6398,0.6452,0.666,15.88,205.5,-17.7,0.3456,0.0876,1.8,0.7143,0.907,0.6066,0.611,0.6394
2026-09-03,-72.86,-10.59,0.6248,0.6539,0.6532,0.632,12.83,109.0,-16.7,0.0943,0.1363,1.4,0.7143,0.907,0.6655,0.644,0.664
2026-09-03,-72.86,10.59,0.6741,0.696,0.6837,0.6205,16.51,256.0,-17.0,0.274,-0.0496,-0.5,0.7143,0.907,0.7206,0.7586,0.701
2026-09-03,-72.86,31.76,0.7122,0.7243,0.7668,0.6935,9.42,97.7,-12.8,0.1784,-0.1944,0.5,0.7143,0.907,0.7035,0.7343,0.7182
2026-09-03,-72.86,52.94,0.7033,0.7074,0.7353,0.7437,12.37,75.2,-21.8,0.2786,0.2521,0.5,0.7143,0.907,0.7364,0.7208,0.74
2026-09-03,-72.86,74.12,0.7231,0.6211,0.7105,0.6944,15.41,136.5,-20.4,0.1858,0.1022,0.4,0.7143,0.907,0.6549,0.732,0.7187
2026-09-03,-72.86,95.29,0.7115,0.7481,0.7838,0.7023,10.53,296.3,-22.4,0.4466,-0.1439,-0.5,0.7143,0.907,0.7268,0.6938,0.6212
2026-09-03,-72.86,116.47,0.6185,0.6603,0.6588,0.7126,5.5,287.6,-20.9,0.2629,0.0475,1.9,0.7143,0.907,0.7082,0.7045,0.7229
2026-09-03,-72.86,137.65,0.704,0.6868,0.6838,0.6236,7.18,287.2,-19.7,0.2125,0.151,-0.3,0.7143,0.907,0.6056,0.6514,0.6025
2026-09-03,-72.86,158.82,0.628,0.5784,0.5771,0.629,11.42,42.2,-22.5,0.2517,0.1035,0.2,0.7143,0.907,0.5578,0.5637,0.6302
2026-09-03,-72.86,180.0,0.5967,0.6013,0.5337,0.5803,7.77,218.6,-23.2,0.2626,-0.1549,-0.5,0.7143,0.907,0.679,0.5372,0.54
2026-09-03,-71.43,-180.0,0.4771,0.5729,0.4798,0.546,14.34,354.5,-20.0,0.2825,0.2414,0.4,0.6571,0.907,0.5094,0.4964,0.5177
2026-09-03,-71.43,-158.82,0.4773,0.4571,0.5317,0.4467,8.03,57.4,-16.5,0.4097,-0.1526,2.8,0.6571,0.907,0.5653,0.4662,0.4979
2026-09-03,-71.43,-137.65,0.4171,0.4942,0.4591,0.5084,10.61,10.3,-18.6,0.2749,0.2733,2.1,0.6571,0.907,0.4841,0.4716,0.4732
2026-09-03,-71.43,-116.47,0.4964,0.5175,0.5107,0.4972,5.08,136.7,-14.4,0.3519,0.2066,1.2,0.6571,0.907,0.4994,0.4297,0.4652
2026-09-03,-71.43,-95.29,0.4436,0.4556,0.475,0.5021,8.46,141.1,-17.4,0.3639,0.0704,2.6,0.6571,0.907,0.5344,0.4426,0.5064
2026-09-03,-71.43,-74.12,0.5345,0.5751,0.5071,0.4571,9.6,0.1,-16.7,0.2843,0.0924,1.5,0.6571,0.907,0.5262,0.5492,0.5184
2026-09-03,-71.43,-52.94,0.5176,0.4988,0.497,0.6437,12.26,140.0,-18.7,0.1981,-0.2046,3.1,0.6571,0.907,0.4641,0.5086,0.5866
2026-09-03,-71.43,-31.76,0.4918,0.5082,0.5768,0.5497,11.21,64.9,-18.0,0.3084,0.0038,-0.6,0.6571,0.907,0.5695,0.5396,0.587
2026-09-03,-71.43,-10.59,0.5889,0.585,0.6907,0.5905,13.54,351.2,-14.7,0.1152,-0.0729,1.1,0.6571,0.907,0.6117,0.5752,0.6181
2026-09-03,-71.43,10.59,0.6665,0.6998,0.6523,0.601,17.74,191.9,-23.0,0.1783,-0.1375,2.0,0.6571,0.907,0.6055,0.6084,0.6347
2026-09-03,-71.43,31.76,0.7063,0.6475,0.7076,0.632,5.89,186.8,-17.2,0.0964,-0.1137,1.2,0.6571,0.907,0.5558,0.5857,0.6346
2026-09-03,-71.43,52.94,0.6799,0.7081,0.6597,0.6281,14.59,243.2,-16.6,0.4182,-0.0211,3.3,0.6571,0.907,0.6856,0.6627,0.6717
2026-09-03,-71.43,74.12,0.7277,0.6838,0.7324,0.63,14.53,131.2,-16.7,0.4004,0.1777,3.4,0.6571,0.907,0.7038,0.6613,0.6518
2026-09-03,-71.43,95.29,0.6139,0.6402,0.627,0.6469,12.75,156.5,-16.2,0.1367,0.1006,1.4,0.6571,0.907,0.6407,0.6419,0.6085
2026-09-03,-71.43,116.47,0.636,0.5998,0.6439,0.6007,13.55,213.2,-15.6,0.3601,0.0774,3.0,0.6571,0.907,0.6071,0.6239,0.6191
2026-09-03,-71.43,137.65,0.6165,0.6231,0.631,0.6078,16.19,286.4,-18.4,0.394,-0.149,1.3,0.6571,0.907,0.6406,0.6053,0.5913
2026-09-03,-71.43,158.82,0.5817,0.5697,0.5847,0.6007,6.91,224.2,-23.1,0.2251,-0.0588,-0.1,0.6571,0.907,0.4782,0.5709,0.5136
2026-09-03,-71.43,180.0,0.5979,0.5104,0.5277,0.5927,16.83,203.2,-22.8,0.416,-0.2351,3.2,0.6571,0.907,0.4854,0.4617,0.4824
2026-09-03,-70.0,-180.0,0.4894,0.5152,0.4546,0.5134,14.48,111.7,-18.6,0.1655,-0.048,2.9,0.6,0.907,0.4909,0.5762,0.4756
2026-09-03,-70.0,-158.82,0.425,0.3922,0.457,0.5036,7.78,194.2,-21.3,0.4178,0.0023,1.8,0.6,0.907,0.3901,0.4915,0.4426
2026-09-03,-70.0,-137.65,0.4328,0.4286,0.4595,0.4212,9.68,37.4,-8.1,0.4229,0.022,2.1,0.6,0.907,0.4476,0.4619,0.4604
2026-09-03,-70.0,-116.47,0.446,0.4608,0.4106,0.4372,8.35,217.5,-17.4,0.2308,-0.0015,0.8,0.6,0.907,0.47,0.4247,0.3481
2026-09-03,-70.0,-95.29,0.4601,0.4235,0.4096,0.4276,7.8,176.3,-15.3,0.096,0.0025,1.1,0.6,0.907,0.3422,0.4491,0.4287
2026-09-03,-70.0,-74.12,0.5139,0.4113,0.4475,0.4382,7.53,166.0,-17.0,0.4016,-0.01,2.7,0.6,0.907,0.4912,0.4816,0.4175
2026-09-03,-70.0,-52.94,0.5629,0.4416,0.5107,0.4217,11.82,185.7,-17.5,0.2011,-0.3839,3.7,0.6,0.907,0.4642,0.4901,0.5077
2026-09-03,-70.0,-31.76,0.6033,0.516,0.4548,0.4763,5.01,295.8,-14.2,0.1284,0.0677,1.7,0.6,0.907,0.5387,0.551,0.5056
2026-09-03,-70.0,-10.59,0.5521,0.6216,0.5572,0.5903,7.92,226.8,-16.6,0.0782,-0.1544,3.6,0.6,0.907,0.5337,0.5027,0.5352
2026-09-03,-70.0,10.59,0.544,0.6049,0.5116,0.5991,8.06,53.9,-17.9,0.144,-0.0383,1.7,0.6,0.907,0.5373,0.5742,0.5697
2026-09-03,-70.0,31.76,0.5818,0.5734,0.6308,0.6352,9.56,292.3,-12.9,0.0981,-0.0497,2.3,0.6,0.907,0.6666,0.6575,0.6118
2026-09-03,-70.0,52.94,0.5997,0.6212,0.6759,0.7169,10.77,161.8,-15.2,0.1515,0.2512,1.2,0.6,0.907,0.6009,0.6,0.5911
2026-09-03,-70.0,74.12,0.596,0.6085,0.6001,0.6424,5.75,301.9,-15.7,0.2745,-0.146,1.6,0.6,0.907,0.5828,0.6655,0.5627
2026-09-03,-70.0,95.29,0.5928,0.6486,0.5986,0.5915,5.26,310.5,-17.6,0.2807,-0.0765,1.2,0.6,0.907,0.6349,0.5994,0.6586
2026-09-03,-70.0,116.47,0.57,0.5798,0.5016,0.5647,6.31,126.3,-19.8,0.4346,0.006,0.6,0.6,0.907,0.576,0.5501,0.6246
2026-09-03,-70.0,137.65,0.5477,0.5883,0.5661,0.575,11.24,20.9,-16.3,0.0927,0.0485,2.1,0.6,0.907,0.5306,0.5616,0.5803
2026-09-03,-70.0,158.82,0.4667,0.5283,0.5541,0.4801,11.57,187.5,-14.7,0.1326,-0.2339,1.7,0.6,0.907,0.4649,0.5561,0.5085
2026-09-03,-70.0,180.0,0.4709,0.4968,0.5007,0.5402,10.92,233.2,-19.7,0.2604,0.0512,2.8,0.6,0.907,0.4969,0.4938,0.4652
2026-09-03,-68.57,-180.0,0.4425,0.3654,0.4546,0.3198,13.4,111.7,-20.3,0.428,0.0606,2.9,0.5429,0.907,0.4569,0.4358,0.4546
2026-09-03,-68.57,-158.82,0.3859,0.4081,0.3666,0.4729,7.99,177.5,-20.4,0.0782,-0.0084,3.0,0.5429,0.907,0.3958,0.4069,0.4173
2026-09-03,-68.57,-137.65,0.353,0.3878,0.4516,0.4392,13.63,168.1,-23.5,0.4323,-0.0967,1.6,0.5429,0.907,0.4089,0.3388,0.3883
2026-09-03,-68.57,-116.47,0.4536,0.3854,0.3009,0.3331,7.86,245.9,-16.5,0.1367,-0.0444,4.6,0.5429,0.907,0.3858,0.4159,0.338
2026-09-03,-68.57,-95.29,0.3804,0.3854,0.5191,0.3751,7.19,6.5,-11.2,0.3764,-0.0303,4.2,0.5429,0.907,0.4157,0.4007,0.432
2026-09-03,-68.57,-74.12,0.379,0.3357,0.2578,0.4727,9.13,209.6,-14.8,0.4406,0.0749,3.3,0.5429,0.907,0.4495,0.425,0.3895
2026-09-03,-68.57,-52.94,0.4223,0.4426,0.4761,0.4489,14.37,5.2,-17.9,0.3697,0.236,3.5,0.5429,0.907,0.3622,0.4086,0.4524
2026-09-03,-68.57,-31.76,0.5103,0.4984,0.4521,0.5497,10.77,204.5,-16.2,0.2466,-0.3474,3.3,0.5429,0.907,0.547,0.4631,0.4583
2026-09-03,-68.57,-10.59,0.5191,0.4919,0.5099,0.5344,13.5,323.1,-16.4,0.2115,0.0272,3.1,0.5429,0.907,0.4988,0.5063,0.4549
2026-09-03,-68.57,10.59,0.494,0.4244,0.5496,0.5892,10.15,120.6,-21.7,0.3274,-0.0649,3.1,0.5429,0.907,0.6138,0.5191,0.6348
2026-09-03,-68.57,31.76,0.5216,0.5572,0.5784,0.6058,13.57,22.9,-18.0,0.2859,-0.155,2.7,0.5429,0.907,0.5486,0.58,0.543
2026-09-03,-68.57,52.94,0.5014,0.5706,0.5362,0.6258,14.56,106.1,-14.4,0.4086,-0.1524,2.1,0.5429,0.907,0.5453,0.5228,0.5709
2026-09-03,-68.57,74.12,0.5124,0.5053,0.6404,0.5659,11.65,302.6,-14.7,0.2409,0.1361,2.9,0.5429,0.907,0.6284,0.5238,0.6013
2026-09-03,-68.57,95.29,0.6199,0.5194,0.6317,0.547,16.42,187.8,-17.0,0.4386,-0.0352,3.4,0.5429,0.907,0.5545,0.5978,0.5406
2026-09-03,-68.57,116.47,0.563,0.5491,0.4985,0.597,17.77,135.8,-20.0,0.0776,-0.0539,1.9,0.5429,0.907,0.5652,0.4915,0.5401
2026-09-03,-68.57,137.65,0.4556,0.568,0.4591,0.471,15.63,357.3,-13.6,0.0701,-0.1518,2.1,0.5429,0.907,0.5223,0.5612,0.5236
2026-09-03,-68.57,158.82,0.4749,0.4786,0.5032,0.5319,10.73,335.8,-14.5,0.0963,-0.1064,2.6,0.5429,0.907,0.4434,0.4601,0.3893
2026-09-03,-68.57,180.0,0.4279,0.3958,0.414,0.4281,13.48,271.9,-18.0,0.1871,-0.2557,2.7,0.5429,0.907,0.4253,0.524,0.3915
2026-09-03,-67.14,-180.0,0.3754,0.337,0.4001,0.3236,14.88,275.4,-18.1,0.3029,0.0845,2.2,0.4857,0.907,0.3665,0.4126,0.356
2026-09-03,-67.14,-158.82,0.3652,0.3257,0.3727,0.3618,7.02,246.6,-16.8,0.279,0.2436,1.9,0.4857,0.907,0.3657,0.3426,0.323
2026-09-03,-67.14,-137.65,0.32,0.2987,0.3871,0.3396,5.23,61.8,-11.8,0.4363,0.1815,2.3,0.4857,0.907,0.3041,0.3464,0.274
2026-09-03,-67.14,-116.47,0.3698,0.2958,0.2709,0.3102,11.93,356.4,-16.7,0.3035,-0.1604,3.6,0.4857,0.907,0.2699,0.4172,0.3488
2026-09-03,-67.14,-95.29,0.3758,0.2987,0.3177,0.3702,9.57,302.0,-12.1,0.1652,-0.0152,2.4,0.4857,0.907,0.3318,0.3151,0.3616
2026-09-03,-67.14,-74.12,0.2637,0.3661,0.3329,0.3144,16.15,68.7,-12.0,0.1037,-0.1466,3.8,0.4857,0.907,0.3712,0.3029,0.3525
2026-09-03,-67.14,-52.94,0.3336,0.3822,0.3899,0.3919,17.03,83.0,-14.7,0.3604,-0.109,3.2,0.4857,0.907,0.3906,0.345,0.3134
2026-09-03,-67.14,-31.76,0.4124,0.3912,0.4657,0.4235,11.3,309.1,-11.3,0.4038,0.3645,2.6,0.4857,0.907,0.4136,0.4247,0.3979
2026-09-03,-67.14,-10.59,0.4601,0.4726,0.4507,0.4333,10.82,273.3,-12.9,0.174,0.2178,4.8,0.4857,0.907,0.4312,0.4683,0.3937
2026-09-03,-67.14,10.59,0.4708,0.5449,0.568,0.5172,9.1,38.9,-11.2,0.3497,-0.0063,3.6,0.4857,0.907,0.4724,0.4147,0.5199
2026-09-03,-67.14,31.76,0.508,0.4985,0.5962,0.5725,12.86,124.4,-9.9,0.1116,0.1084,1.6,0.4857,0.907,0.4642,0.5056,0.5412
2026-09-03,-67.14,52.94,0.5788,0.4482,0.5516,0.4874,9.67,359.1,-14.4,0.4496,-0.1543,2.1,0.4857,0.907,0.4823,0.5855,0.5207
2026-09-03,-67.14,74.12,0.4982,0.4985,0.5455,0.4974,12.25,161.4,-17.1,0.3387,0.1509,2.9,0.4857,0.907,0.5055,0.5462,0.5182
2026-09-03,-67.14,95.29,0.5277,0.4807,0.5642,0.5523,17.19,327.8,-14.3,0.0764,0.0941,3.9,0.4857,0.907,0.5127,0.54,0.5177
2026-09-03,-67.14,116.47,0.473,0.5256,0.4913,0.5005,13.29,182.9,-16.8,0.2769,-0.0063,3.3,0.4857,0.907,0.4835,0.409,0.4065
2026-09-03,-67.14,137.65,0.448,0.405,0.4479,0.3932,9.39,251.0,-11.6,0.3849,0.1205,2.3,0.4857,0.907,0.4873,0.4489,0.4656
2026-09-03,-67.14,158.82,0.4154,0.4243,0.3837,0.4138,16.64,75.9,-14.0,0.0588,-0.0144,3.9,0.4857,0.907,0.3721,0.352,0.4388
2026-09-03,-67.14,180.0,0.396,0.4738,0.3803,0.4077,8.35,277.8,-16.6,0.1565,0.16,3.2,0.4857,0.907,0.3053,0.407,0.3467
2026-09-03,-65.71,-180.0,0.2482,0.3333,0.313,0.2833,8.56,315.3,-18.8,0.2389,0.125,4.1,0.4286,0.907,0.3817,0.2535,0.3349
2026-09-03,-65.71,-158.82,0.3011,0.3383,0.2484,0.3035,14.22,131.3,-13.8,0.0719,-0.2486,3.4,0.4286,0.907,0.3219,0.3041,0.33
2026-09-03,-65.71,-137.65,0.3409,0.2562,0.3135,0.265,7.85,306.5,-12.4,0.3981,-0.0091,3.4,0.4286,0.907,0.2922,0.2461,0.2865
2026-09-03,-65.71,-116.47,0.2035,0.2903,0.2592,0.2312,13.91,334.9,-11.5,0.4293,-0.1965,3.5,0.4286,0.907,0.3488,0.275,0.2933
2026-09-03,-65.71,-95.29,0.2579,0.2854,0.2278,0.24,5.66,282.7,-11.7,0.1675,-0.1102,3.1,0.4286,0.907,0.2993,0.2653,0.2167
2026-09-03,-65.71,-74.12,0.2663,0.3392,0.2736,0.3387,12.41,10.4,-14.5,0.3269,-0.0223,3.6,0.4286,0.907,0.2685,0.2573,0.2734
2026-09-03,-65.71,-52.94,0.375,0.3095,0.3426,0.348,11.44,104.4,-11.8,0.4153,0.025,1.7,0.4286,0.907,0.3379,0.3744,0.3826
2026-09-03,-65.71,-31.76,0.3632,0.299,0.3716,0.3486,8.62,220.1,-15.3,0.2731,0.0364,3.2,0.4286,0.907,0.3741,0.3441,0.4082
2026-09-03,-65.71,-10.59,0.345,0.4142,0.3959,0.396,8.01,263.0,-13.6,0.446,0.039,4.8,0.4286,0.907,0.455,0.4033,0.4072
2026-09-03,-65.71,10.59,0.4869,0.4455,0.4856,0.4585,9.08,17.1,-13.9,0.0602,0.1582,4.7,0.4286,0.907,0.4504,0.43,0.4365
2026-09-03,-65.71,31.76,0.4626,0.4119,0.3988,0.3706,11.53,195.1,-12.0,0.1474,-0.1274,3.7,0.4286,0.907,0.4767,0.4968,0.4338
2026-09-03,-65.71,52.94,0.5267,0.457,0.4163,0.4191,5.4,69.8,-11.6,0.3103,-0.0257,3.5,0.4286,0.907,0.5143,0.4455,0.529
2026-09-03,-65.71,74.12,0.5212,0.5054,0.5187,0.5169,15.98,331.9,-14.1,0.1977,-0.1662,4.9,0.4286,0.907,0.4361,0.4503,0.4231
2026-09-03,-65.71,95.29,0.3895,0.4338,0.4392,0.4773,10.59,59.5,-13.7,0.1456,-0.014,4.0,0.4286,0.907,0.4515,0.3684,0.4452
2026-09-03,-65.71,116.47,0.3973,0.483,0.4476,0.4007,16.52,3.4,-14.4,0.2634,-0.0417,4.2,0.4286,0.907,0.4216,0.3977,0.4612
2026-09-03,-65.71,137.65,0.3488,0.3454,0.37,0.4222,15.56,278.6,-8.1,0.0808,0.1284,4.7,0.4286,0.907,0.4689,0.4302,0.4331
2026-09-03,-65.71,158.82,0.2877,0.3569,0.3822,0.3816,10.39,295.1,-10.1,0.1658,0.0407,2.9,0.4286,0.907,0.4001,0.3692,0.3589
2026-09-03,-65.71,180.0,0.2873,0.3384,0.3917,0.3109,16.0,29.5,-14.7,0.1895,-0.0532,4.3,0.4286,0.907,0.3455,0.3418,0.3391
2026-09-03,-64.29,-180.0,0.2475,0.2663,0.2927,0.2229,16.23,146.3,-16.6,0.3597,-0.2668,3.4,0.3714,0.907,0.3171,0.2493,0.2968
2026-09-03,-64.29,-158.82,0.1746,0.2747,0.2172,0.2283,10.4,329.5,-10.5,0.0709,-0.0441,3.1,0.3714,0.907,0.2842,0.2019,0.2045
2026-09-03,-64.29,-137.65,0.2225,0.1678,0.1653,0.2226,13.45,207.9,-8.5,0.1721,-0.0032,3.9,0.3714,0.907,0.2668,0.1908,0.3389
2026-09-03,-64.29,-116.47,0.2636,0.1577,0.259,0.2528,13.03,105.6,-12.7,0.3303,-0.1824,5.3,0.3714,0.907,0.2783,0.2767,0.2775
2026-09-03,-64.29,-95.29,0.3055,0.2609,0.2991,0.2043,16.44,246.6,-10.9,0.0922,-0.0369,5.2,0.3714,0.907,0.26,0.2123,0.2526
2026-09-03,-64.29,-74.12,0.2945,0.2722,0.2562,0.2386,9.72,218.8,-12.4,0.2579,0.0242,3.9,0.3714,0.907,0.1958,0.1843,0.2212
2026-09-03,-64.29,-52.94,0.2781,0.2204,0.2466,0.3133,17.62,0.5,-9.7,0.1224,0.0574,5.2,0.3714,0.907,0.278,0.3314,0.2766
2026-09-03,-64.29,-31.76,0.2957,0.251,0.3446,0.3457,6.64,226.1,-12.4,0.2774,-0.0538,4.1,0.3714,0.907,0.369,0.2983,0.3468
2026-09-03,-64.29,-10.59,0.3272,0.3725,0.382,0.3998,15.38,1.9,-15.5,0.2108,-0.0099,4.7,0.3714,0.907,0.3169,0.3657,0.33
2026-09-03,-64.29,10.59,0.3259,0.349,0.4391,0.3814,15.01,13.4,-15.4,0.3134,-0.1492,3.2,0.3714,0.907,0.484,0.332,0.4063
2026-09-03,-64.29,31.76,0.3806,0.3706,0.4241,0.3362,7.8,62.3,-13.7,0.1236,0.0221,3.8,0.3714,0.907,0.4539,0.4025,0.4329
2026-09-03,-64.29,52.94,0.4304,0.3803,0.4308,0.3807,7.11,286.1,-12.5,0.3623,-0.0325,2.8,0.3714,0.907,0.3911,0.3884,0.425
2026-09-03,-64.29,74.12,0.4252,0.4865,0.4593,0.3634,7.44,92.4,-16.7,0.3143,-0.0077,5.8,0.3714,0.907,0.404,0.33,0.4693
2026-09-03,-64.29,95.29,0.4835,0.4555,0.3716,0.3671,17.06,318.7,-12.3,0.0619,-0.1618,4.6,0.3714,0.907,0.4101,0.4449,0.4887
2026-09-03,-64.29,116.47,0.4027,0.4109,0.3842,0.4089,9.13,130.9,-10.9,0.4295,0.0352,4.5,0.3714,0.907,0.3837,0.4157,0.3342
2026-09-03,-64.29,137.65,0.4456,0.3969,0.3216,0.3872,10.61,346.7,-11.0,0.2416,-0.3001,3.4,0.3714,0.907,0.3853,0.3212,0.3725
2026-09-03,-64.29,158.82,0.3482,0.2684,0.3342,0.2247,5.99,131.1,-8.9,0.4196,-0.0041,5.5,0.3714,0.907,0.3013,0.2669,0.3396
2026-09-03,-64.29,180.0,0.2429,0.2358,0.32,0.35,14.6,306.0,-12.9,0.4281,-0.0082,2.9,0.3714,0.907,0.2294,0.298,0.3364
2026-09-03,-62.86,-180.0,0.1737,0.2665,0.2447,0.2272,14.34,230.7,-14.1,0.2618,0.0837,5.3,0.3143,0.907,0.2198,0.165,0.1782
2026-09-03,-62.86,-158.82,0.188,0.1541,0.2004,0.1447,7.49,138.6,-8.9,0.2956,-0.2922,5.0,0.3143,0.907,0.137,0.1494,0.1444
2026-09-03,-62.86,-137.65,0.1557,0.0941,0.1227,0.1448,9.69,200.5,-11.5,0.3287,-0.1159,6.5,0.3143,0.907,0.2288,0.1664,0.163
2026-09-03,-62.86,-116.47,0.219,0.1372,0.0868,0.221,16.34,301.6,-10.3,0.1024,-0.0285,5.2,0.3143,0.907,0.148,0.1741,0.1807
2026-09-03,-62.86,-95.29,0.2117,0.1914,0.1477,0.2114,8.38,204.0,-13.5,0.1478,0.2024,4.5,0.3143,0.907,0.0801,0.1656,0.1896
2026-09-03,-62.86,-74.12,0.2019,0.1701,0.2174,0.2278,9.4,210.8,-14.6,0.3704,0.0406,4.4,0.3143,0.907,0.2677,0.2065,0.2265
2026-09-03,-62.86,-52.94,0.3396,0.2845,0.2968,0.2226,5.21,4.3,-14.1,0.0774,0.0448,5.9,0.3143,0.907,0.2448,0.2228,0.2555
2026-09-03,-62.86,-31.76,0.275,0.27,0.2682,0.24,8.13,195.2,-13.3,0.2505,-0.0872,6.8,0.3143,0.907,0.2286,0.3067,0.1813
2026-09-03,-62.86,-10.59,0.2462,0.3234,0.3485,0.3331,9.76,288.2,-15.5,0.2465,0.064,4.9,0.3143,0.907,0.3099,0.2466,0.3307
2026-09-03,-62.86,10.59,0.3572,0.3992,0.3848,0.3219,15.55,128.0,-11.9,0.3552,0.1418,4.6,0.3143,0.907,0.3673,0.286,0.3936
2026-09-03,-62.86,31.76,0.4016,0.3943,0.2619,0.3697,14.66,341.9,-9.8,0.2991,0.0714,6.0,0.3143,0.907,0.4107,0.3346,0.3346
2026-09-03,-62.86,52.94,0.4286,0.3763,0.4255,0.4161,6.32,231.6,-10.2,0.282,0.0473,4.6,0.3143,0.907,0.4407,0.406,0.4952
2026-09-03,-62.86,74.12,0.3356,0.4355,0.3582,0.349,10.4,342.4,-11.1,0.0732,0.0647,7.4,0.3143,0.907,0.4063,0.3514,0.4424
2026-09-03,-62.86,95.29,0.282,0.289,0.2789,0.3201,6.28,205.5,-10.2,0.1538,0.2983,5.2,0.3143,0.907,0.3194,0.3196,0.3329
2026-09-03,-62.86,116.47,0.3208,0.3002,0.3537,0.3382,13.38,51.0,-15.4,0.2036,0.1712,3.6,0.3143,0.907,0.303,0.2733,0.2748
2026-09-03,-62.86,137.65,0.2979,0.2709,0.3745,0.299,11.07,172.3,-9.9,0.2783,0.1117,6.5,0.3143,0.907,0.3372,0.2911,0.3323
2026-09-03,-62.86,158.82,0.2482,0.2299,0.3347,0.2147,12.3,310.3,-12.3,0.157,0.0438,4.1,0.3143,0.907,0.275,0.1866,0.1905
2026-09-03,-62.86,180.0,0.2308,0.2102,0.1965,0.1953,14.43,41.3,-8.1,0.3612,0.1993,3.0,0.3143,0.907,0.2222,0.1378,0.23
2026-09-03,-61.43,-180.0,0.1119,0.134,0.1603,0.1649,7.07,65.5,-8.2,0.4348,-0.0412,6.9,0.2571,0.907,0.2588,0.2476,0.1554
2026-09-03,-61.43,-158.82,0.2064,0.1709,0.2,0.1574,7.9,329.0,-15.6,0.3914,-0.0121,5.8,0.2571,0.907,0.1871,0.1346,0.1496
2026-09-03,-61.43,-137.65,0.1674,0.1107,0.1187,0.177,7.83,75.1,-7.4,0.351,0.0304,3.4,0.2571,0.907,0.112,0.118,0.1548
2026-09-03,-61.43,-116.47,0.1374,0.1244,0.0772,0.1268,9.8,185.2,-14.8,0.1425,0.1212,4.0,0.2571,0.907,0.0615,0.1938,0.2186
2026-09-03,-61.43,-95.29,0.1142,0.1326,0.1727,0.1341,17.99,87.5,-11.8,0.0628,0.0924,6.7,0.2571,0.907,0.2462,0.0813,0.1537
2026-09-03,-61.43,-74.12,0.1896,0.2014,0.1244,0.1783,14.63,41.1,-5.7,0.1752,0.0798,3.1,0.2571,0.907,0.181,0.1585,0.149
2026-09-03,-61.43,-52.94,0.1748,0.1096,0.2052,0.191,11.39,33.1,-11.9,0.272,0.1174,7.3,0.2571,0.907,0.1774,0.1657,0.223
2026-09-03,-61.43,-31.76,0.2344,0.2523,0.2222,0.2285,17.05,328.5,-13.6,0.2774,-0.1204,3.4,0.2571,0.907,0.2306,0.2174,0.2345
2026-09-03,-61.43,-10.59,0.285,0.1982,0.1853,0.2878,10.92,56.6,-2.2,0.3766,0.0394,5.8,0.2571,0.907,0.2732,0.2453,0.2873
2026-09-03,-61.43,10.59,0.3015,0.2295,0.3305,0.2158,15.31,13.5,-10.7,0.3442,0.2993,4.8,0.2571,0.907,0.2786,0.3459,0.3065
2026-09-03,-61.43,31.76,0.3661,0.3501,0.3418,0.2651,9.12,250.7,-7.9,0.3214,-0.0778,7.9,0.2571,0.907,0.2694,0.2723,0.2733
2026-09-03,-61.43,52.94,0.3077,0.2847,0.3821,0.2627,5.61,65.9,-10.1,0.4101,0.0737,3.7,0.2571,0.907,0.352,0.2915,0.33
2026-09-03,-61.43,74.12,0.3288,0.3114,0.3446,0.3517,9.62,44.2,-9.1,0.2477,0.1105,6.9,0.2571,0.907,0.3394,0.2858,0.2985
2026-09-03,-61.43,95.29,0.3299,0.3882,0.3049,0.2952,6.35,47.5,-11.5,0.2861,0.1046,6.7,0.2571,0.907,0.3006,0.3354,0.342
2026-09-03,-61.43,116.47,0.3646,0.2862,0.332,0.3423,11.33,143.4,-8.8,0.1868,-0.1908,5.8,0.2571,0.907,0.2798,0.2651,0.2441
2026-09-03,-61.43,137.65,0.2658,0.3107,0.2443,0.2438,5.28,172.9,-9.3,0.4014,0.0984,4.3,0.2571,0.907,0.2996,0.2366,0.3138
2026-09-03,-61.43,158.82,0.1703,0.2121,0.2131,0.2445,9.88,272.6,-12.2,0.1217,-0.0284,4.6,0.2571,0.907,0.1952,0.2128,0.1988
2026-09-03,-61.43,180.0,0.2278,0.1581,0.2108,0.1359,11.72,238.5,-9.4,0.2919,-0.1699,5.8,0.2571,0.907,0.1463,0.1511,0.09
2026-09-03,-60.0,-180.0,0.128,0.1232,0.1665,0.1141,12.49,312.5,-10.5,0.2529,0.0754,6.1,0.2,0.907,0.1905,0.1608,0.0628
2026-09-03,-60.0,-158.82,0.0668,0.0366,0.0816,0.1456,10.78,167.5,-5.4,0.1547,0.2121,4.7,0.2,0.907,0.1542,0.1222,0.112
2026-09-03,-60.0,-137.65,0.0,0.0399,0.0593,0.0789,12.69,162.4,-13.6,0.0997,-0.0883,5.6,0.2,0.907,0.1228,0.1197,0.0983
2026-09-03,-60.0,-116.47,0.055,0.0183,0.0373,0.0386,10.64,187.8,-7.0,0.3352,0.0546,5.1,0.2,0.907,0.029,0.0732,0.0876
2026-09-03,-60.0,-95.29,0.0919,0.0778,0.1524,0.0852,17.49,283.5,-12.9,0.1425,-0.1416,7.2,0.2,0.907,0.0738,0.0688,0.1076
2026-09-03,-60.0,-74.12,0.1127,0.0909,0.1217,0.0709,11.9,75.8,-4.7,0.191,0.0826,6.2,0.2,0.907,0.0695,0.0228,0.0843
2026-09-03,-60.0,-52.94,0.1244,0.1284,0.2016,0.182,13.58,311.2,-1.6,0.2433,0.1582,5.0,0.2,0.907,0.1482,0.1878,0.1188
2026-09-03,-60.0,-31.76,0.1623,0.1012,0.1335,0.2078,8.05,128.8,-14.5,0.2256,0.2394,7.8,0.2,0.907,0.2163,0.1912,0.1622
2026-09-03,-60.0,-10.59,0.252,0.1978,0.2086,0.1493,8.24,24.3,-11.0,0.3333,-0.2316,5.5,0.2,0.907,0.2257,0.2177,0.2097
2026-09-03,-60.0,10.59,0.2795,0.2182,0.2026,0.2375,9.03,19.8,-7.4,0.2476,-0.0116,5.3,0.2,0.907,0.1591,0.188,0.2205
2026-09-03,-60.0,31.76,0.3706,0.2439,0.2327,0.32,14.99,108.2,-13.1,0.1055,0.1206,7.5,0.2,0.907,0.2399,0.3012,0.3138
2026-09-03,-60.0,52.94,0.3131,0.2825,0.2683,0.2049,12.6,239.3,-11.9,0.18,-0.2027,5.5,0.2,0.907,0.2684,0.2901,0.2353
2026-09-03,-60.0,74.12,0.2624,0.2899,0.2432,0.3569,15.48,272.0,-9.9,0.0906,0.2078,6.0,0.2,0.907,0.1993,0.2315,0.3104
2026-09-03,-60.0,95.29,0.2443,0.2994,0.2666,0.2607,16.72,113.3,-10.8,0.3041,0.1344,5.5,0.2,0.907,0.2386,0.2643,0.2566
2026-09-03,-60.0,116.47,0.2128,0.2565,0.1423,0.2372,13.27,268.8,-2.2,0.2259,0.0656,4.8,0.2,0.907,0.2807,0.229,0.2111
2026-09-03,-60.0,137.65,0.1847,0.1448,0.1909,0.2129,7.64,51.9,-10.8,0.1228,0.053,6.7,0.2,0.907,0.1702,0.1857,0.2171
2026-09-03,-60.0,158.82,0.1662,0.0974,0.1808,0.1579,13.14,346.8,-9.7,0.1951,0.0232,3.7,0.2,0.907,0.1462,0.0864,0.1852
2026-09-03,-60.0,180.0,0.1208,0.0957,0.1142,0.1394,7.86,336.0,-10.4,0.1221,-0.1932,5.8,0.2,0.907,0.0846,0.1288,0.191
2026-09-04,-80.0,-180.0,0.8323,0.7916,0.8336,0.8668,17.84,149.1,-27.2,0.1255,-0.0981,-2.4,1.0,0.902,0.8131,0.8827,0.7841
2026-09-04,-80.0,-158.82,0.7611,0.7708,0.7423,0.8416,17.17,265.3,-26.3,0.2536,0.0606,-1.3,1.0,0.902,0.7447,0.8556,0.7877
2026-09-04,-80.0,-137.65,0.7196,0.824,0.815,0.7892,14.33,3.3,-27.9,0.3515,-0.1571,-1.2,1.0,0.902,0.7625,0.7466,0.7382
2026-09-04,-80.0,-116.47,0.8779,0.7172,0.6951,0.8007,14.07,145.1,-27.5,0.3295,-0.1159,-1.9,1.0,0.902,0.7428,0.7716,0.752
2026-09-04,-80.0,-95.29,0.7662,0.7537,0.7711,0.8013,12.18,141.3,-27.7,0.3245,-0.1715,-1.7,1.0,0.902,0.8006,0.7775,0.7043
2026-09-04,-80.0,-74.12,0.7916,0.7557,0.7954,0.7859,14.69,153.8,-26.3,0.3845,-0.002,-2.2,1.0,0.902,0.7734,0.8078,0.8063
2026-09-04,-80.0,-52.94,0.9069,0.855,0.8604,0.8485,11.66,188.7,-27.1,0.0755,0.1661,-1.6,1.0,0.902,0.8444,0.8287,0.8869
2026-09-04,-80.0,-31.76,0.8516,0.8065,0.8513,0.866,14.37,288.1,-24.2,0.0667,0.2406,-1.9,1.0,0.902,0.8231,0.7839,0.8077
2026-09-04,-80.0,-10.59,0.8816,1.0,0.9835,0.8355,10.1,10.3,-28.7,0.2019,0.0011,-0.8,1.0,0.902,0.9632,0.9651,0.8877
2026-09-04,-80.0,10.59,0.8859,0.9161,0.9806,0.8559,11.81,224.3,-25.0,0.2116,0.0084,-1.3,1.0,0.902,1.0,0.9038,0.8884
2026-09-04,-80.0,31.76,0.9469,0.9989,0.9638,1.0,11.06,157.1,-20.6,0.0863,0.0931,-3.7,1.0,0.902,1.0,0.9376,0.9046
2026-09-04,-80.0,52.94,0.9536,0.9401,0.9541,0.9481,17.37,339.3,-23.5,0.2774,-0.3193,-1.3,1.0,0.902,0.9598,0.9222,0.9812
2026-09-04,-80.0,74.12,0.9301,0.9419,0.9166,1.0,9.74,75.9,-29.9,0.3116,0.0786,-1.7,1.0,0.902,0.9922,1.0,0.9469
2026-09-04,-80.0,95.29,0.9009,1.0,0.9587,0.994,10.24,157.0,-28.8,0.3928,0.3598,-3.6,1.0,0.902,0.9048,0.9819,0.9411
2026-09-04,-80.0,116.47,0.9802,0.8515,0.8992,0.9289,5.98,9.8,-21.1,0.0865,-0.2835,-3.9,1.0,0.902,1.0,0.9294,0.9835
2026-09-04,-80.0,137.65,0.8858,0.9406,0.8967,0.9098,5.2,326.6,-23.5,0.4483,-0.0065,-2.6,1.0,0.902,0.8916,0.9276,0.8811
2026-09-04,-80.0,158.82,0.8357,0.8687,0.8351,0.8672,11.61,28.8,-26.6,0.1694,0.2824,-1.7,1.0,0.902,0.8558,0.8225,0.8796
2026-09-04,-80.0,180.0,0.8304,0.8066,0.8265,0.8289,6.64,14.9,-29.8,0.4479,-0.1565,-0.6,1.0,0.902,0.7855,0.8246,0.8453
2026-09-04,-78.57,-180.0,0.6852,0.7274,0.7036,0.8408,17.03,293.0,-22.2,0.3658,-0.1202,-0.7,0.9429,0.902,0.7487,0.771,0.7474
2026-09-04,-78.57,-158.82,0.7383,0.7502,0.7467,0.8389,5.2,255.4,-21.8,0.3562,0.0564,-3.8,0.9429,0.902,0.7345,0.7082,0.7604
2026-09-04,-78.57,-137.65,0.7311,0.7566,0.7429,0.7289,12.4,119.5,-24.4,0.4288,-0.1031,-0.9,0.9429,0.902,0.8624,0.7371,0.6624
2026-09-04,-78.57,-116.47,0.6935,0.7893,0.7335,0.7622,17.77,161.7,-22.6,0.2483,0.0053,-4.6,0.9429,0.902,0.6489,0.6978,0.6756
2026-09-04,-78.57,-95.29,0.7672,0.7253,0.8671,0.6803,12.33,148.5,-20.8,0.3768,-0.0133,-1.1,0.9429,0.902,0.696,0.7611,0.7154
2026-09-04,-78.57,-74.12,0.7745,0.7052,0.7869,0.7093,10.96,10.2,-19.8,0.2969,-0.1218,0.2,0.9429,0.902,0.7561,0.6927,0.7264
2026-09-04,-78.57,-52.94,0.7865,0.7767,0.7267,0.7876,9.8,137.0,-23.5,0.1669,0.1463,-3.5,0.9429,0.902,0.7379,0.6869,0.8461
2026-09-04,-78.57,-31.76,0.8468,0.7944,0.8061,0.7599,10.08,237.2,-23.9,0.4061,-0.1698,-2.0,0.9429,0.902,0.8691,0.8273,0.8495
2026-09-04,-78.57,-10.59,0.8335,0.8389,0.8266,0.8349,16.59,36.5,-30.9,0.0538,0.2406,-0.9,0.9429,0.902,0.7943,0.8008,0.9364
2026-09-04,-78.57,10.59,0.9269,0.8219,0.8705,0.9517,17.74,128.4,-20.3,0.286,0.2005,-0.6,0.9429,0.902,0.9148,0.8967,0.8111
2026-09-04,-78.57,31.76,0.9161,0.89,0.9005,0.8666,13.86,270.9,-24.4,0.4096,-0.0585,-1.7,0.9429,0.902,0.8981,0.8697,0.8863
2026-09-04,-78.57,52.94,0.9035,0.8513,0.9685,0.9446,9.06,87.8,-28.0,0.1501,-0.0282,-1.1,0.9429,0.902,0.8415,0.8854,0.8999
2026-09-04,-78.57,74.12,0.9153,0.9802,0.9251,0.9128,14.93,146.0,-21.0,0.2481,-0.0106,-1.3,0.9429,0.902,0.8893,0.9759,0.8691
2026-09-04,-78.57,95.29,0.9315,0.9075,0.9366,0.8971,15.76,82.0,-22.4,0.2286,0.1503,-0.8,0.9429,0.902,0.9047,0.9211,0.9512
2026-09-04,-78.57,116.47,0.9529,0.8828,0.8338,0.9191,10.21,62.4,-24.3,0.2944,-0.0599,-2.1,0.9429,0.902,0.8632,0.8509,0.9034
2026-09-04,-78.57,137.65,0.845,0.8634,0.8451,0.8562,11.69,331.1,-23.6,0.0818,-0.0691,-2.7,0.9429,0.902,0.8255,0.8721,0.7702
2026-09-04,-78.57,158.82,0.6998,0.7624,0.8357,0.7943,7.27,170.1,-28.2,0.2549,-0.0875,-0.6,0.9429,0.902,0.8138,0.7636,0.7704
2026-09-04,-78.57,180.0,0.7518,0.7644,0.7203,0.8185,9.52,291.5,-20.9,0.3931,-0.1919,-2.3,0.9429,0.902,0.7576,0.7884,0.6977
2026-09-04,-77.14,-180.0,0.6881,0.7676,0.6886,0.7396,9.59,157.2,-26.2,0.2114,0.2036,-1.1,0.8857,0.902,0.7094,0.7061,0.699
2026-09-04,-77.14,-158.82,0.6797,0.7279,0.716,0.6521,14.29,283.6,-22.7,0.3185,-0.0517,-2.0,0.8857,0.902,0.7585,0.7067,0.7109
2026-09-04,-77.14,-137.65,0.727,0.6592,0.6821,0.7057,17.8,202.8,-22.7,0.3937,-0.1867,-1.5,0.8857,0.902,0.6685,0.6645,0.677
2026-09-04,-77.14,-116.47,0.606,0.67,0.6988,0.7236,17.8,218.9,-27.2,0.3442,-0.0907,0.2,0.8857,0.902,0.6912,0.6613,0.6829
2026-09-04,-77.14,-95.29,0.6877,0.6922,0.7373,0.7192,14.44,312.9,-21.3,0.2466,0.1174,-0.3,0.8857,0.902,0.6277,0.6905,0.6527
2026-09-04,-77.14,-74.12,0.7322,0.6414,0.6997,0.6906,13.49,260.2,-25.6,0.3938,0.2803,-0.8,0.8857,0.902,0.6544,0.5959,0.6811
2026-09-04,-77.14,-52.94,0.7091,0.6576,0.7731,0.7648,14.35,330.4,-20.6,0.1106,-0.0656,-1.8,0.8857,0.902,0.7933,0.7012,0.7336
2026-09-04,-77.14,-31.76,0.7733,0.7653,0.7691,0.8586,5.32,246.9,-25.8,0.115,0.1194,-0.1,0.8857,0.902,0.6952,0.7272,0.7107
2026-09-04,-77.14,-10.59,0.8104,0.8321,0.8159,0.7576,10.45,296.8,-21.9,0.1297,0.0298,-0.0,0.8857,0.902,0.7811,0.772,0.7593
2026-09-04,-77.14,10.59,0.8041,0.7772,0.8067,0.8399,7.69,252.3,-27.4,0.3955,-0.1736,-2.0,0.8857,0.902,0.8267,0.845,0.8205
2026-09-04,-77.14,31.76,0.874,0.8598,0.8301,0.8658,7.07,237.0,-17.2,0.2477,-0.0918,-1.5,0.8857,0.902,0.8699,0.8806,0.8434
2026-09-04,-77.14,52.94,0.8343,0.867,0.8907,0.9113,7.74,180.2,-18.1,0.425,-0.2529,-0.5,0.8857,0.902,0.8427,0.8501,0.8496
2026-09-04,-77.14,74.12,0.8676,0.8392,0.8279,0.8159,14.51,255.6,-25.2,0.3882,-0.0115,-0.8,0.8857,0.902,0.8833,0.8545,0.8926
2026-09-04,-77.14,95.29,0.8755,0.8376,0.9046,0.8725,11.67,337.9,-22.9,0.3778,-0.1604,0.2,0.8857,0.902,0.8984,0.8336,0.8776
2026-09-04,-77.14,116.47,0.8104,0.8329,0.8177,0.84,13.23,2.7,-17.9,0.2057,0.2297,0.2,0.8857,0.902,0.8144,0.8165,0.8592
2026-09-04,-77.14,137.65,0.8068,0.8226,0.7285,0.8169,13.52,67.7,-25.1,0.4122,-0.0282,0.5,0.8857,0.902,0.8214,0.8208,0.785
2026-09-04,-77.14,158.82,0.7719,0.7718,0.7653,0.7288,8.6,91.2,-19.5,0.0976,-0.0888,-0.6,0.8857,0.902,0.7954,0.7275,0.7552
2026-09-04,-77.14,180.0,0.717,0.78,0.6377,0.7325,13.95,56.1,-21.9,0.3828,-0.1507,-1.8,0.8857,0.902,0.7157,0.7316,0.7661
2026-09-04,-75.71,-180.0,0.7268,0.7201,0.6215,0.6822,14.45,354.2,-22.0,0.183,-0.0161,1.0,0.8286,0.902,0.6934,0.6932,0.6805
2026-09-04,-75.71,-158.82,0.6172,0.605,0.643,0.6204,6.81,52.0,-19.2,0.0509,0.0185,1.1,0.8286,0.902,0.5681,0.6576,0.5947
2026-09-04,-75.71,-137.65,0.6142,0.623,0.6436,0.6082,15.48,184.0,-24.6,0.4426,0.0348,-0.2,0.8286,0.902,0.6853,0.6304,0.5695
2026-09-04,-75.71,-116.47,0.5483,0.6551,0.5784,0.6813,15.35,154.0,-23.5,0.3879,-0.0667,0.8,0.8286,0.902,0.6557,0.6019,0.6091
2026-09-04,-75.71,-95.29,0.6549,0.6299,0.6297,0.6692,13.09,191.5,-19.2,0.2111,0.0938,0.3,0.8286,0.902,0.6353,0.6778,0.5717
2026-09-04,-75.71,-74.12,0.6288,0.6724,0.6196,0.5999,17.62,209.7,-24.3,0.1347,-0.0301,0.7,0.8286,0.902,0.6633,0.5963,0.7363
2026-09-04,-75.71,-52.94,0.7618,0.6544,0.6909,0.6754,14.92,228.2,-22.2,0.3023,-0.054,-0.9,0.8286,0.902,0.6498,0.7297,0.669
2026-09-04,-75.71,-31.76,0.7491,0.6322,0.7794,0.704,14.3,160.9,-21.1,0.2616,-0.0614,-1.7,0.8286,0.902,0.6879,0.7067,0.7647
2026-09-04,-75.71,-10.59,0.6754,0.6823,0.7797,0.7134,6.68,139.8,-24.3,0.21,0.0231,-1.3,0.8286,0.902,0.7256,0.739,0.7848
2026-09-04,-75.71,10.59,0.7359,0.7688,0.7684,0.768,11.01,217.9,-27.6,0.3491,-0.0179,-1.5,0.8286,0.902,0.7895,0.7005,0.8645
2026-09-04,-75.71,31.76,0.7822,0.8303,0.8226,0.8055,14.75,291.3,-22.3,0.2254,0.1075,0.1,0.8286,0.902,0.8549,0.7994,0.8196
2026-09-04,-75.71,52.94,0.8077,0.9064,0.9213,0.8325,13.23,45.6,-21.0,0.2593,-0.3389,0.1,0.8286,0.902,0.8273,0.8344,0.8785
2026-09-04,-75.71,74.12,0.7916,0.7651,0.8983,0.8036,6.07,94.0,-23.8,0.3454,-0.0706,-1.3,0.8286,0.902,0.9073,0.824,0.807
2026-09-04,-75.71,95.29,0.7745,0.8617,0.83,0.9947,17.81,268.3,-18.8,0.2047,0.1067,-0.3,0.8286,0.902,0.8175,0.8052,0.8223
2026-09-04,-75.71,116.47,0.7613,0.7995,0.7399,0.7788,11.49,248.7,-21.6,0.1035,0.0832,-1.0,0.8286,0.902,0.828,0.7973,0.7052
2026-09-04,-75.71,137.65,0.7183,0.7584,0.71,0.7784,9.22,347.4,-18.3,0.3691,-0.1811,-0.2,0.8286,0.902,0.753,0.7009,0.7064
2026-09-04,-75.71,158.82,0.7588,0.7189,0.7443,0.6421,14.62,180.6,-21.6,0.2701,-0.1853,0.0,0.8286,0.902,0.7056,0.7185,0.7268
2026-09-04,-75.71,180.0,0.7776,0.6274,0.6257,0.6916,16.66,354.5,-20.2,0.3185,0.0163,1.4,0.8286,0.902,0.6705,0.6653,0.5982
2026-09-04,-74.29,-180.0,0.5843,0.5617,0.6342,0.5758,17.77,121.5,-19.7,0.2878,-0.1611,1.2,0.7714,0.902,0.5615,0.6297,0.6401
2026-09-04,-74.29,-158.82,0.6895,0.6373,0.5418,0.6278,14.82,57.7,-23.4,0.1164,-0.213,0.9,0.7714,0.902,0.5916,0.6071,0.6087
2026-09-04,-74.29,-137.65,0.5841,0.5756,0.6084,0.6108,12.48,180.2,-21.6,0.2318,0.1744,-0.9,0.7714,0.902,0.5321,0.5491,0.6008
2026-09-04,-74.29,-116.47,0.5847,0.5325,0.5821,0.5465,15.72,103.2,-24.5,0.3355,-0.1016,1.1,0.7714,0.902,0.5803,0.5533,0.5035
2026-09-04,-74.29,-95.29,0.5927,0.6337,0.5741,0.6072,7.86,43.2,-19.5,0.3218,0.145,2.0,0.7714,0.902,0.5748,0.5299,0.5694
2026-09-04,-74.29,-74.12,0.6029,0.6003,0.631,0.584,5.07,297.7,-19.4,0.2015,-0.0431,0.8,0.7714,0.902,0.6287,0.5786,0.7094
2026-09-04,-74.29,-52.94,0.64,0.6196,0.5403,0.5539,15.11,278.0,-25.9,0.2978,-0.0303,0.3,0.7714,0.902,0.6292,0.6042,0.6793
2026-09-04,-74.29,-31.76,0.6644,0.7072,0.6584,0.6341,5.94,247.4,-17.1,0.1976,0.0127,0.6,0.7714,0.902,0.7271,0.6789,0.6978
2026-09-04,-74.29,-10.59,0.711,0.7223,0.692,0.6906,17.03,201.7,-20.6,0.3275,0.1111,0.2,0.7714,0.902,0.6973,0.7513,0.7112
2026-09-04,-74.29,10.59,0.7309,0.7482,0.6267,0.7592,15.54,191.6,-24.3,0.245,-0.1469,0.4,0.7714,0.902,0.7462,0.7084,0.7564
2026-09-04,-74.29,31.76,0.8563,0.6564,0.6981,0.7705,15.17,241.7,-30.3,0.1218,-0.1617,0.6,0.7714,0.902,0.8424,0.7482,0.7632
2026-09-04,-74.29,52.94,0.7252,0.819,0.7741,0.7837,10.27,8.5,-23.2,0.276,0.071,1.2,0.7714,0.902,0.7694,0.7433,0.794
2026-09-04,-74.29,74.12,0.7453,0.8143,0.7541,0.7989,12.0,123.6,-28.1,0.1998,-0.19,0.1,0.7714,0.902,0.7107,0.7945,0.8385
2026-09-04,-74.29,95.29,0.7955,0.7913,0.7372,0.8023,10.94,328.5,-20.8,0.0551,-0.0404,1.5,0.7714,0.902,0.6976,0.7439,0.7268
2026-09-04,-74.29,116.47,0.703,0.6935,0.7671,0.7047,6.46,271.1,-18.8,0.0517,0.0181,0.8,0.7714,0.902,0.6773,0.7364,0.7524
2026-09-04,-74.29,137.65,0.6291,0.6527,0.7136,0.7556,9.15,29.1,-17.6,0.2249,-0.0672,-0.3,0.7714,0.902,0.7484,0.7428,0.7284
2026-09-04,-74.29,158.82,0.6978,0.657,0.699,0.6529,9.81,349.1,-17.1,0.3595,-0.0619,0.5,0.7714,0.902,0.6477,0.6358,0.5934
2026-09-04,-74.29,180.0,0.639,0.6273,0.5857,0.5733,5.86,200.8,-17.8,0.1311,-0.0412,-1.0,0.7714,0.902,0.6009,0.6088,0.6183
2026-09-04,-72.86,-180.0,0.6117,0.555,0.6144,0.6057,11.93,236.4,-20.1,0.2107,-0.1171,1.8,0.7143,0.902,0.4973,0.5434,0.5684
2026-09-04,-72.86,-158.82,0.5295,0.5478,0.5831,0.5079,7.78,279.5,-19.6,0.2077,-0.3247,0.7,0.7143,0.902,0.5289,0.5329,0.5366
2026-09-04,-72.86,-137.65,0.5589,0.4592,0.5155,0.5331,16.19,20.9,-14.4,0.0875,0.1303,1.3,0.7143,0.902,0.5648,0.5589,0.5044
2026-09-04,-72.86,-116.47,0.5036,0.5477,0.5391,0.5175,14.13,100.4,-20.0,0.3107,-0.2415,1.4,0.7143,0.902,0.5899,0.4609,0.4808
2026-09-04,-72.86,-95.29,0.5058,0.542,0.508,0.5256,17.92,325.9,-18.6,0.3113,0.3018,1.7,0.7143,0.902,0.4759,0.5566,0.5355
2026-09-04,-72.86,-74.12,0.5753,0.5536,0.5608,0.5874,15.98,103.0,-24.2,0.348,0.0515,1.8,0.7143,0.902,0.5775,0.5066,0.5572
2026-09-04,-72.86,-52.94,0.6267,0.6177,0.5361,0.5926,11.42,123.4,-19.8,0.3696,-0.0359,0.6,0.7143,0.902,0.5915,0.5688,0.5879
2026-09-04,-72.86,-31.76,0.5634,0.6387,0.6441,0.6651,12.27,314.1,-23.9,0.4323,0.1349,0.3,0.7143,0.902,0.6055,0.6099,0.6382
2026-09-04,-72.86,-10.59,0.6237,0.6528,0.6522,0.6311,6.62,12.3,-20.1,0.0692,0.0627,1.2,0.7143,0.902,0.6644,0.6429,0.6629
2026-09-04,-72.86,10.59,0.673,0.6949,0.6826,0.6196,7.06,229.0,-24.9,0.1097,0.2642,1.0,0.7143,0.902,0.7195,0.7575,0.6998
2026-09-04,-72.86,31.76,0.7112,0.7233,0.7658,0.6926,5.5,226.4,-17.9,0.0897,0.1285,0.0,0.7143,0.902,0.7024,0.7332,0.717
2026-09-04,-72.86,52.94,0.7023,0.7063,0.7343,0.7428,9.69,49.0,-20.7,0.4332,-0.0951,2.4,0.7143,0.902,0.7353,0.7196,0.7388
2026-09-04,-72.86,74.12,0.7221,0.6201,0.7095,0.6935,6.66,25.3,-15.1,0.1987,0.1264,0.7,0.7143,0.902,0.6538,0.7308,0.7176
2026-09-04,-72.86,95.29,0.7105,0.7471,0.7828,0.7014,6.71,169.7,-22.1,0.051,0.37,1.4,0.7143,0.902,0.7257,0.6927,0.6201
2026-09-04,-72.86,116.47,0.6174,0.6593,0.6578,0.7117,15.73,52.1,-14.6,0.3141,-0.0402,2.2,0.7143,0.902,0.7071,0.7034,0.7217
2026-09-04,-72.86,137.65,0.7029,0.6858,0.6827,0.6227,9.48,359.0,-17.0,0.4397,0.3183,0.9,0.7143,0.902,0.6044,0.6503,0.6013
2026-09-04,-72.86,158.82,0.6269,0.5774,0.5761,0.6281,14.96,24.2,-13.9,0.2254,0.0533,0.7,0.7143,0.902,0.5567,0.5626,0.629
2026-09-04,-72.86,180.0,0.5956,0.6002,0.5327,0.5794,7.53,13.0,-21.5,0.3295,-0.0099,1.2,0.7143,0.902,0.6779,0.5361,0.5388
2026-09-04,-71.43,-180.0,0.4761,0.572,0.4789,0.5451,9.21,140.0,-17.1,0.2559,0.3202,3.0,0.6571,0.902,0.5083,0.4954,0.5166
2026-09-04,-71.43,-158.82,0.4763,0.4561,0.5308,0.4459,17.19,319.1,-17.8,0.3261,0.1675,1.2,0.6571,0.902,0.5642,0.4652,0.4968
2026-09-04,-71.43,-137.65,0.4161,0.4933,0.4582,0.5076,5.65,92.2,-19.2,0.4097,0.1241,1.9,0.6571,0.902,0.4831,0.4706,0.4721
2026-09-04,-71.43,-116.47,0.4954,0.5165,0.5097,0.4964,11.97,83.0,-21.3,0.2428,-0.1179,0.5,0.6571,0.902,0.4984,0.4287,0.4641
2026-09-04,-71.43,-95.29,0.4426,0.4547,0.474,0.5013,5.38,130.9,-18.9,0.1591,0.1432,1.7,0.6571,0.902,0.5334,0.4415,0.5053
2026-09-04,-71.43,-74.12,0.5335,0.5741,0.5062,0.4563,15.62,294.8,-20.4,0.4155,-0.1122,4.2,0.6571,0.902,0.5252,0.5482,0.5173
2026-09-04,-71.43,-52.94,0.5166,0.4978,0.496,0.6429,13.15,330.6,-19.2,0.4494,-0.0932,2.5,0.6571,0.902,0.463,0.5076,0.5855
2026-09-04,-71.43,-31.76,0.4908,0.5073,0.5759,0.5489,8.66,32.7,-15.8,0.104,-0.1349,2.2,0.6571,0.902,0.5685,0.5386,0.5859
2026-09-04,-71.43,-10.59,0.5879,0.5841,0.6898,0.5897,13.24,88.0,-14.2,0.4397,0.021,1.8,0.6571,0.902,0.6107,0.5741,0.6171
2026-09-04,-71.43,10.59,0.6655,0.6988,0.6513,0.6002,10.34,149.6,-16.5,0.1376,0.0108,2.2,0.6571,0.902,0.6045,0.6074,0.6336
2026-09-04,-71.43,31.76,0.7053,0.6466,0.7067,0.6311,8.47,155.8,-17.7,0.2696,0.0475,1.3,0.6571,0.902,0.5548,0.5846,0.6336
2026-09-04,-71.43,52.94,0.6789,0.7071,0.6587,0.6273,6.29,329.4,-19.7,0.2572,-0.0442,1.0,0.6571,0.902,0.6846,0.6617,0.6706
2026-09-04,-71.43,74.12,0.7267,0.6828,0.7314,0.6291,14.09,47.1,-19.0,0.2858,-0.0177,2.2,0.6571,0.902,0.7028,0.6603,0.6507
2026-09-04,-71.43,95.29,0.6129,0.6392,0.6261,0.646,14.04,165.3,-22.7,0.3502,0.1999,1.7,0.6571,0.902,0.6397,0.6408,0.6075
2026-09-04,-71.43,116.47,0.635,0.5989,0.6429,0.5999,13.24,122.6,-24.2,0.0652,0.2265,3.1,0.6571,0.902,0.6061,0.6229,0.618
2026-09-04,-71.43,137.65,0.6155,0.6222,0.6301,0.607,8.1,292.1,-14.6,0.448,-0.0925,0.8,0.6571,0.902,0.6396,0.6042,0.5903
2026-09-04,-71.43,158.82,0.5807,0.5687,0.5838,0.5999,12.86,226.7,-12.4,0.0951,-0.1212,0.6,0.6571,0.902,0.4771,0.5699,0.5125
2026-09-04,-71.43,180.0,0.5969,0.5094,0.5267,0.5919,15.69,70.1,-19.2,0.4313,-0.0702,1.2,0.6571,0.902,0.4844,0.4606,0.4813
2026-09-04,-70.0,-180.0,0.4885,0.5143,0.4538,0.5127,6.0,311.7,-21.9,0.3963,0.1882,1.7,0.6,0.902,0.49,0.5752,0.4746
2026-09-04,-70.0,-158.82,0.4241,0.3913,0.4561,0.5029,17.43,73.0,-15.7,0.084,-0.0651,3.3,0.6,0.902,0.3891,0.4905,0.4416
2026-09-04,-70.0,-137.65,0.4319,0.4277,0.4586,0.4205,14.05,344.3,-13.8,0.2907,-0.334,1.4,0.6,0.902,0.4467,0.461,0.4595
2026-09-04,-70.0,-116.47,0.4451,0.4599,0.4097,0.4364,8.82,306.4,-15.7,0.0611,-0.0113,1.7,0.6,0.902,0.4691,0.4238,0.3471
2026-09-04,-70.0,-95.29,0.4592,0.4226,0.4088,0.4268,11.61,187.5,-8.6,0.439,0.1234,1.9,0.6,0.902,0.3413,0.4481,0.4277
2026-09-04,-70.0,-74.12,0.5129,0.4104,0.4466,0.4375,7.89,322.6,-17.1,0.3624,0.1013,3.9,0.6,0.902,0.4903,0.4807,0.4166
2026-09-04,-70.0,-52.94,0.562,0.4407,0.5098,0.4209,6.3,198.8,-17.5,0.104,0.0283,1.0,0.6,0.902,0.4633,0.4891,0.5067
2026-09-04,-70.0,-31.76,0.6024,0.5152,0.454,0.4756,13.35,357.6,-20.8,0.263,0.0876,3.3,0.6,0.902,0.5378,0.55,0.5047
2026-09-04,-70.0,-10.59,0.5512,0.6207,0.5563,0.5895,10.64,47.7,-21.1,0.2535,0.0215,2.7,0.6,0.902,0.5327,0.5017,0.5342
2026-09-04,-70.0,10.59,0.5431,0.604,0.5108,0.5984,16.77,232.5,-18.1,0.3259,0.1081,1.3,0.6,0.902,0.5364,0.5733,0.5687
2026-09-04,-70.0,31.76,0.5809,0.5725,0.6299,0.6344,7.56,126.8,-17.4,0.0808,0.0586,0.8,0.6,0.902,0.6657,0.6565,0.6108
2026-09-04,-70.0,52.94,0.5988,0.6203,0.6751,0.7162,6.6,272.6,-19.1,0.1003,-0.0865,1.7,0.6,0.902,0.6,0.5991,0.5901
2026-09-04,-70.0,74.12,0.5951,0.6076,0.5993,0.6416,7.37,73.3,-18.0,0.385,-0.071,2.8,0.6,0.902,0.5818,0.6646,0.5617
2026-09-04,-70.0,95.29,0.5919,0.6477,0.5977,0.5908,11.03,139.2,-19.9,0.1689,-0.1175,1.3,0.6,0.902,0.634,0.5984,0.6577
2026-09-04,-70.0,116.47,0.569,0.5789,0.5007,0.5639,7.95,179.1,-20.4,0.2108,0.134,0.0,0.6,0.902,0.5751,0.5492,0.6236
2026-09-04,-70.0,137.65,0.5468,0.5874,0.5652,0.5743,11.55,126.7,-22.7,0.1777,-0.1841,0.6,0.6,0.902,0.5296,0.5606,0.5793
2026-09-04,-70.0,158.82,0.4658,0.5274,0.5533,0.4793,5.17,153.1,-14.3,0.3535,-0.0175,1.4,0.6,0.902,0.464,0.5551,0.5075
2026-09-04,-70.0,180.0,0.47,0.4959,0.4998,0.5395,13.6,58.2,-9.0,0.3454,-0.0573,2.1,0.6,0.902,0.496,0.4929,0.4643
2026-09-04,-68.57,-180.0,0.4417,0.3646,0.4538,0.3191,11.73,175.8,-16.2,0.4145,-0.0913,2.4,0.5429,0.902,0.4561,0.4349,0.4537
2026-09-04,-68.57,-158.82,0.3851,0.4073,0.3658,0.4722,17.41,353.9,-16.9,0.3249,0.1496,2.8,0.5429,0.902,0.395,0.406,0.4164
2026-09-04,-68.57,-137.65,0.3522,0.387,0.4508,0.4385,11.34,139.5,-17.6,0.2697,-0.0621,3.7,0.5429,0.902,0.408,0.3379,0.3874
2026-09-04,-68.57,-116.47,0.4528,0.3846,0.3002,0.3324,16.28,113.9,-15.8,0.2148,-0.0512,2.6,0.5429,0.902,0.3849,0.415,0.3371
2026-09-04,-68.57,-95.29,0.3796,0.3846,0.5183,0.3744,5.63,284.4,-18.7,0.3932,-0.1646,2.2,0.5429,0.902,0.4149,0.3999,0.4311
2026-09-04,-68.57,-74.12,0.3782,0.3349,0.257,0.472,16.88,140.4,-19.9,0.1044,-0.1031,2.4,0.5429,0.902,0.4486,0.4242,0.3886
2026-09-04,-68.57,-52.94,0.4215,0.4418,0.4753,0.4482,6.61,216.5,-19.1,0.3299,-0.1019,2.0,0.5429,0.902,0.3614,0.4078,0.4516
2026-09-04,-68.57,-31.76,0.5095,0.4976,0.4513,0.549,13.57,264.6,-15.9,0.3718,-0.0908,2.0,0.5429,0.902,0.5462,0.4623,0.4574
2026-09-04,-68.57,-10.59,0.5182,0.4911,0.5091,0.5337,14.08,57.7,-11.4,0.4274,0.0944,2.3,0.5429,0.902,0.498,0.5055,0.454
2026-09-04,-68.57,10.59,0.4932,0.4236,0.5488,0.5885,8.35,163.6,-17.4,0.2135,-0.107,1.6,0.5429,0.902,0.613,0.5183,0.634
2026-09-04,-68.57,31.76,0.5208,0.5564,0.5776,0.6051,7.65,191.4,-18.3,0.2564,0.0758,2.4,0.5429,0.902,0.5477,0.5791,0.5422
2026-09-04,-68.57,52.94,0.5006,0.5698,0.5354,0.6251,12.71,264.6,-15.8,0.104,0.1007,2.6,0.5429,0.902,0.5445,0.522,0.57
2026-09-04,-68.57,74.12,0.5116,0.5045,0.6396,0.5652,13.6,188.7,-11.5,0.1988,0.0517,2.2,0.5429,0.902,0.6276,0.523,0.6005
2026-09-04,-68.57,95.29,0.6191,0.5186,0.6309,0.5463,8.69,67.0,-15.3,0.3869,0.129,1.8,0.5429,0.902,0.5537,0.5969,0.5397
2026-09-04,-68.57,116.47,0.5622,0.5483,0.4977,0.5964,15.9,11.8,-14.5,0.4018,-0.0725,2.5,0.5429,0.902,0.5644,0.4906,0.5392
2026-09-04,-68.57,137.65,0.4548,0.5672,0.4583,0.4703,12.12,92.7,-11.2,0.1272,0.0907,1.0,0.5429,0.902,0.5214,0.5603,0.5228
2026-09-04,-68.57,158.82,0.474,0.4778,0.5024,0.5312,13.76,8.2,-20.2,0.4355,0.1042,2.6,0.5429,0.902,0.4426,0.4592,0.3885
2026-09-04,-68.57,180.0,0.427,0.395,0.4132,0.4275,13.85,1.7,-14.8,0.1039,0.1087,2.4,0.5429,0.902,0.4245,0.5231,0.3906
2026-09-04,-67.14,-180.0,0.3746,0.3362,0.3994,0.323,8.77,270.8,-19.8,0.1579,-0.1866,4.7,0.4857,0.902,0.3657,0.4119,0.3552
2026-09-04,-67.14,-158.82,0.3644,0.3249,0.372,0.3612,11.25,266.4,-17.0,0.3249,-0.3055,3.7,0.4857,0.902,0.3649,0.3418,0.3222
2026-09-04,-67.14,-137.65,0.3193,0.298,0.3864,0.339,10.4,296.5,-18.2,0.2713,-0.0073,4.0,0.4857,0.902,0.3034,0.3456,0.2732
2026-09-04,-67.14,-116.47,0.3691,0.2951,0.2702,0.3096,15.75,205.2,-13.5,0.308,-0.0779,3.9,0.4857,0.902,0.2692,0.4164,0.348
2026-09-04,-67.14,-95.29,0.375,0.2979,0.317,0.3696,16.04,235.3,-17.5,0.1787,0.1807,3.5,0.4857,0.902,0.3311,0.3144,0.3608
2026-09-04,-67.14,-74.12,0.263,0.3654,0.3322,0.3138,12.38,188.6,-18.9,0.0978,-0.0715,3.1,0.4857,0.902,0.3704,0.3022,0.3517
2026-09-04,-67.14,-52.94,0.3329,0.3814,0.3892,0.3913,17.36,317.2,-18.0,0.2548,-0.0843,2.8,0.4857,0.902,0.3899,0.3443,0.3126
2026-09-04,-67.14,-31.76,0.4117,0.3904,0.465,0.4229,5.47,39.0,-21.0,0.3166,0.0551,3.2,0.4857,0.902,0.4129,0.4239,0.3971
2026-09-04,-67.14,-10.59,0.4594,0.4718,0.45,0.4327,6.34,14.8,-16.5,0.2051,0.1621,1.9,0.4857,0.902,0.4305,0.4675,0.3929
2026-09-04,-67.14,10.59,0.4701,0.5441,0.5673,0.5166,17.95,296.7,-14.5,0.2345,-0.0955,3.9,0.4857,0.902,0.4716,0.4139,0.5192
2026-09-04,-67.14,31.76,0.5072,0.4978,0.5955,0.5719,11.1,196.9,-12.5,0.1301,0.2455,2.4,0.4857,0.902,0.4635,0.5048,0.5404
2026-09-04,-67.14,52.94,0.5781,0.4474,0.5509,0.4867,7.08,310.7,-15.7,0.2381,-0.1521,2.6,0.4857,0.902,0.4815,0.5847,0.5199
2026-09-04,-67.14,74.12,0.4975,0.4977,0.5448,0.4968,13.23,212.7,-9.2,0.0644,-0.1057,3.2,0.4857,0.902,0.5048,0.5454,0.5175
2026-09-04,-67.14,95.29,0.5269,0.48,0.5635,0.5517,9.03,298.4,-14.2,0.1301,-0.1171,4.5,0.4857,0.902,0.512,0.5392,0.5169
2026-09-04,-67.14,116.47,0.4722,0.5249,0.4906,0.4999,10.41,144.9,-10.0,0.2562,-0.0845,3.7,0.4857,0.902,0.4828,0.4082,0.4058
2026-09-04,-67.14,137.65,0.4472,0.4043,0.4472,0.3926,11.65,136.7,-13.9,0.0704,-0.2035,3.5,0.4857,0.902,0.4865,0.4481,0.4648
2026-09-04,-67.14,158.82,0.4147,0.4236,0.383,0.4132,7.3,131.9,-18.0,0.2701,-0.1821,4.2,0.4857,0.902,0.3713,0.3512,0.438
2026-09-04,-67.14,180.0,0.3953,0.4731,0.3796,0.407,10.0,122.8,-21.6,0.1264,0.2025,4.5,0.4857,0.902,0.3045,0.4062,0.3459
2026-09-04,-65.71,-180.0,0.2476,0.3326,0.3124,0.2828,7.45,5.1,-15.6,0.2776,0.2556,3.2,0.4286,0.902,0.381,0.2528,0.3343
2026-09-04,-65.71,-158.82,0.3004,0.3376,0.2478,0.3029,9.33,75.9,-14.8,0.2131,0.1869,3.0,0.4286,0.902,0.3212,0.3034,0.3293
2026-09-04,-65.71,-137.65,0.3403,0.2555,0.3129,0.2645,8.78,289.3,-10.0,0.2455,0.0812,4.1,0.4286,0.902,0.2915,0.2455,0.2858
2026-09-04,-65.71,-116.47,0.2028,0.2897,0.2586,0.2306,8.04,1.4,-13.8,0.1881,-0.0541,2.1,0.4286,0.902,0.3481,0.2743,0.2926
2026-09-04,-65.71,-95.29,0.2573,0.2847,0.2271,0.2395,10.31,5.3,-11.4,0.0956,0.0805,3.4,0.4286,0.902,0.2986,0.2646,0.216
2026-09-04,-65.71,-74.12,0.2657,0.3385,0.2729,0.3381,9.66,355.3,-13.8,0.2353,0.1688,2.0,0.4286,0.902,0.2679,0.2566,0.2727
2026-09-04,-65.71,-52.94,0.3744,0.3088,0.342,0.3474,5.71,145.9,-10.9,0.3033,0.1157,4.4,0.4286,0.902,0.3372,0.3738,0.3819
2026-09-04,-65.71,-31.76,0.3626,0.2984,0.371,0.3481,11.53,231.0,-13.1,0.3911,0.11,3.8,0.4286,0.902,0.3734,0.3434,0.4075
2026-09-04,-65.71,-10.59,0.3444,0.4136,0.3953,0.3954,6.25,338.9,-12.0,0.3702,-0.0747,3.5,0.4286,0.902,0.4544,0.4026,0.4065
2026-09-04,-65.71,10.59,0.4863,0.4449,0.485,0.4579,11.17,212.5,-11.6,0.2359,-0.306,4.9,0.4286,0.902,0.4497,0.4293,0.4358
2026-09-04,-65.71,31.76,0.462,0.4113,0.3982,0.3701,11.6,325.2,-11.8,0.4393,0.0037,4.5,0.4286,0.902,0.4761,0.4961,0.4331
2026-09-04,-65.71,52.94,0.526,0.4564,0.4157,0.4186,5.73,278.5,-9.7,0.3178,-0.2735,4.5,0.4286,0.902,0.5136,0.4448,0.5283
2026-09-04,-65.71,74.12,0.5206,0.5048,0.5181,0.5164,6.47,133.8,-8.2,0.266,-0.1515,1.9,0.4286,0.902,0.4354,0.4497,0.4224
2026-09-04,-65.71,95.29,0.3889,0.4332,0.4386,0.4768,10.74,199.3,-16.7,0.0525,-0.0305,4.2,0.4286,0.902,0.4508,0.3677,0.4445
2026-09-04,-65.71,116.47,0.3966,0.4824,0.447,0.4002,8.12,16.9,-13.9,0.2531,-0.0159,4.2,0.4286,0.902,0.421,0.397,0.4605
2026-09-04,-65.71,137.65,0.3482,0.3448,0.3694,0.4216,9.7,17.1,-17.2,0.3365,0.112,5.2,0.4286,0.902,0.4683,0.4295,0.4324
2026-09-04,-65.71,158.82,0.287,0.3562,0.3816,0.381,12.09,62.0,-14.3,0.2226,-0.1456,3.8,0.4286,0.902,0.3994,0.3686,0.3582
2026-09-04,-65.71,180.0,0.2866,0.3378,0.3911,0.3104,6.02,277.4,-16.6,0.3001,0.031,5.5,0.4286,0.902,0.3449,0.3411,0.3384
2026-09-04,-64.29,-180.0,0.2469,0.2658,0.2922,0.2225,17.53,185.2,-17.0,0.0673,0.1051,3.9,0.3714,0.902,0.3165,0.2488,0.2962
2026-09-04,-64.29,-158.82,0.174,0.2742,0.2167,0.2278,6.09,326.6,-12.1,0.1301,0.0432,3.2,0.3714,0.902,0.2837,0.2013,0.2039
2026-09-04,-64.29,-137.65,0.222,0.1672,0.1648,0.2221,14.56,185.4,-14.5,0.0604,-0.0119,4.0,0.3714,0.902,0.2662,0.1902,0.3383
2026-09-04,-64.29,-116.47,0.263,0.1571,0.2585,0.2523,12.94,242.1,-11.3,0.3806,0.0722,6.2,0.3714,0.902,0.2777,0.2761,0.2769
2026-09-04,-64.29,-95.29,0.3049,0.2604,0.2986,0.2039,7.65,246.4,-9.0,0.289,0.0114,4.6,0.3714,0.902,0.2594,0.2117,0.252
2026-09-04,-64.29,-74.12,0.294,0.2716,0.2556,0.2382,16.15,322.5,-12.6,0.0974,-0.2348,4.0,0.3714,0.902,0.1952,0.1837,0.2206
2026-09-04,-64.29,-52.94,0.2776,0.2199,0.2461,0.3129,10.59,333.4,-14.2,0.2115,0.0309,4.0,0.3714,0.902,0.2774,0.3308,0.276
2026-09-04,-64.29,-31.76,0.2951,0.2504,0.344,0.3452,17.93,287.6,-7.3,0.1702,0.114,5.6,0.3714,0.902,0.3685,0.2977,0.3462
2026-09-04,-64.29,-10.59,0.3266,0.372,0.3815,0.3993,12.96,158.0,-10.1,0.2871,-0.0617,2.9,0.3714,0.902,0.3163,0.3651,0.3294
2026-09-04,-64.29,10.59,0.3253,0.3484,0.4386,0.381,9.22,313.7,-16.9,0.3311,-0.0936,4.1,0.3714,0.902,0.4834,0.3314,0.4057
2026-09-04,-64.29,31.76,0.38,0.37,0.4236,0.3357,12.54,281.1,-8.4,0.227,-0.1243,3.4,0.3714,0.902,0.4533,0.4019,0.4323
2026-09-04,-64.29,52.94,0.4298,0.3798,0.4303,0.3803,7.34,158.1,-11.4,0.2399,0.0965,3.3,0.3714,0.902,0.3905,0.3879,0.4244
2026-09-04,-64.29,74.12,0.4247,0.486,0.4588,0.363,7.5,90.2,-11.8,0.4176,-0.0491,4.5,0.3714,0.902,0.4035,0.3294,0.4687
2026-09-04,-64.29,95.29,0.4829,0.4549,0.3711,0.3666,17.53,41.7,-15.1,0.2131,0.1537,2.4,0.3714,0.902,0.4095,0.4443,0.4881
2026-09-04,-64.29,116.47,0.4021,0.4103,0.3837,0.4084,16.14,52.8,-12.6,0.3131,0.1147,2.6,0.3714,0.902,0.3832,0.4151,0.3336
2026-09-04,-64.29,137.65,0.445,0.3964,0.3211,0.3868,7.41,283.6,-12.8,0.0765,-0.0283,5.4,0.3714,0.902,0.3847,0.3206,0.3719
2026-09-04,-64.29,158.82,0.3476,0.2678,0.3337,0.2242,11.56,117.4,-14.7,0.099,0.0708,3.7,0.3714,0.902,0.3007,0.2663,0.339
2026-09-04,-64.29,180.0,0.2424,0.2353,0.3194,0.3495,7.94,144.1,-12.1,0.0513,-0.1095,2.7,0.3714,0.902,0.2288,0.2974,0.3358
2026-09-04,-62.86,-180.0,0.1733,0.2661,0.2442,0.2268,10.93,154.2,-11.9,0.4037,0.2435,4.6,0.3143,0.902,0.2193,0.1645,0.1777
2026-09-04,-62.86,-158.82,0.1875,0.1537,0.2,0.1443,17.23,179.8,-8.4,0.126,0.4211,4.8,0.3143,0.902,0.1365,0.1489,0.1439
2026-09-04,-62.86,-137.65,0.1553,0.0937,0.1222,0.1444,16.19,173.3,-12.7,0.3521,-0.0198,5.7,0.3143,0.902,0.2283,0.1659,0.1625
2026-09-04,-62.86,-116.47,0.2185,0.1367,0.0863,0.2206,11.61,240.0,-11.1,0.0585,-0.2883,4.1,0.3143,0.902,0.1475,0.1736,0.1802
2026-09-04,-62.86,-95.29,0.2112,0.1909,0.1472,0.211,5.51,159.6,-12.5,0.2144,-0.2435,4.8,0.3143,0.902,0.0796,0.1651,0.1891
2026-09-04,-62.86,-74.12,0.2015,0.1697,0.2169,0.2274,6.3,42.6,-12.2,0.2569,-0.1419,4.7,0.3143,0.902,0.2672,0.206,0.226
2026-09-04,-62.86,-52.94,0.3391,0.284,0.2963,0.2222,16.06,19.9,-9.3,0.4055,-0.2415,6.4,0.3143,0.902,0.2443,0.2223,0.255
2026-09-04,-62.86,-31.76,0.2745,0.2695,0.2677,0.2396,15.51,229.3,-12.5,0.1552,0.176,5.3,0.3143,0.902,0.2281,0.3062,0.1808
2026-09-04,-62.86,-10.59,0.2458,0.3229,0.348,0.3327,5.52,317.9,-16.7,0.2281,-0.1574,4.2,0.3143,0.902,0.3094,0.2461,0.3302
2026-09-04,-62.86,10.59,0.3567,0.3988,0.3843,0.3215,6.74,342.8,-11.3,0.1735,0.284,5.0,0.3143,0.902,0.3668,0.2855,0.3931
2026-09-04,-62.86,31.76,0.4011,0.3938,0.2614,0.3693,14.01,197.6,-15.6,0.4292,-0.0314,6.4,0.3143,0.902,0.4102,0.3341,0.3341
2026-09-04,-62.86,52.94,0.4281,0.3758,0.4251,0.4157,11.14,207.7,-9.8,0.1392,0.1013,3.1,0.3143,0.902,0.4402,0.4055,0.4947
2026-09-04,-62.86,74.12,0.3351,0.435,0.3577,0.3486,17.67,57.4,-9.1,0.349,0.2696,4.5,0.3143,0.902,0.4058,0.3509,0.4419
2026-09-04,-62.86,95.29,0.2815,0.2885,0.2785,0.3197,9.08,262.8,-8.6,0.0562,-0.0893,6.6,0.3143,0.902,0.3189,0.3191,0.3324
2026-09-04,-62.86,116.47,0.3204,0.2997,0.3532,0.3378,15.67,325.2,-14.0,0.3953,0.024,4.1,0.3143,0.902,0.3025,0.2728,0.2743
2026-09-04,-62.86,137.65,0.2974,0.2705,0.374,0.2986,17.21,70.8,-10.9,0.0678,-0.2701,5.6,0.3143,0.902,0.3367,0.2906,0.3318
2026-09-04,-62.86,158.82,0.2477,0.2295,0.3342,0.2143,9.08,12.3,-13.8,0.0707,0.3225,5.1,0.3143,0.902,0.2745,0.1861,0.19
2026-09-04,-62.86,180.0,0.2304,0.2097,0.1961,0.1949,11.19,201.3,-8.6,0.2142,-0.2225,5.2,0.3143,0.902,0.2217,0.1373,0.2295
2026-09-04,-61.43,-180.0,0.1115,0.1336,0.1599,0.1646,5.19,342.5,-5.0,0.442,0.1394,6.7,0.2571,0.902,0.2584,0.2472,0.155
2026-09-04,-61.43,-158.82,0.206,0.1705,0.1996,0.1571,16.68,74.8,-11.8,0.2756,0.0481,5.9,0.2571,0.902,0.1867,0.1342,0.1491
2026-09-04,-61.43,-137.65,0.167,0.1103,0.1184,0.1767,8.93,42.7,-6.7,0.2921,0.0295,5.0,0.2571,0.902,0.1116,0.1176,0.1544
2026-09-04,-61.43,-116.47,0.137,0.124,0.0768,0.1265,14.83,108.5,-8.5,0.2757,-0.0554,3.3,0.2571,0.902,0.0611,0.1934,0.2182
2026-09-04,-61.43,-95.29,0.1138,0.1323,0.1723,0.1338,13.26,39.0,-6.8,0.3409,0.0456,6.6,0.2571,0.902,0.2458,0.0809,0.1533
2026-09-04,-61.43,-74.12,0.1893,0.201,0.124,0.178,13.23,38.8,-13.9,0.3163,-0.1088,5.4,0.2571,0.902,0.1806,0.158,0.1486
2026-09-04,-61.43,-52.94,0.1744,0.1092,0.2049,0.1906,6.42,8.1,-10.6,0.4126,0.0319,6.2,0.2571,0.902,0.177,0.1653,0.2226
2026-09-04,-61.43,-31.76,0.234,0.252,0.2219,0.2282,7.17,331.2,-6.4,0.11,0.0582,6.0,0.2571,0.902,0.2302,0.217,0.2341
2026-09-04,-61.43,-10.59,0.2846,0.1978,0.1849,0.2875,12.21,115.8,-2.5,0.4342,0.1405,6.1,0.2571,0.902,0.2728,0.2449,0.2869
2026-09-04,-61.43,10.59,0.3012,0.2292,0.3301,0.2154,17.18,132.5,-6.8,0.1273,-0.1592,5.3,0.2571,0.902,0.2782,0.3455,0.3061
2026-09-04,-61.43,31.76,0.3657,0.3497,0.3414,0.2647,13.67,98.8,-14.2,0.3929,-0.1239,5.1,0.2571,0.902,0.269,0.2719,0.2729
2026-09-04,-61.43,52.94,0.3073,0.2844,0.3817,0.2623,17.56,3.6,-10.7,0.202,-0.0872,2.8,0.2571,0.902,0.3516,0.291,0.3296
2026-09-04,-61.43,74.12,0.3285,0.311,0.3443,0.3514,12.4,5.5,-14.4,0.4487,-0.105,5.7,0.2571,0.902,0.339,0.2854,0.2981
2026-09-04,-61.43,95.29,0.3295,0.3878,0.3045,0.2949,6.44,9.6,-9.5,0.251,-0.0598,5.2,0.2571,0.902,0.3002,0.335,0.3416
2026-09-04,-61.43,116.47,0.3642,0.2859,0.3316,0.3419,12.11,16.0,-2.7,0.2695,-0.1013,5.6,0.2571,0.902,0.2794,0.2647,0.2437
2026-09-04,-61.43,137.65,0.2654,0.3104,0.2439,0.2435,8.78,127.7,-15.1,0.42,0.1368,6.7,0.2571,0.902,0.2992,0.2362,0.3134
2026-09-04,-61.43,158.82,0.1699,0.2117,0.2127,0.2442,5.05,192.7,-7.6,0.1592,0.1661,6.2,0.2571,0.902,0.1948,0.2124,0.1984
2026-09-04,-61.43,180.0,0.2274,0.1577,0.2105,0.1356,9.49,262.8,-10.7,0.4209,0.227,4.0,0.2571,0.902,0.1459,0.1506,0.0896
2026-09-04,-60.0,-180.0,0.1277,0.1229,0.1662,0.1138,9.98,37.0,-7.6,0.1555,0.0339,6.2,0.2,0.902,0.1902,0.1605,0.0624
2026-09-04,-60.0,-158.82,0.0665,0.0363,0.0813,0.1454,11.81,190.2,-10.5,0.3297,-0.0664,7.2,0.2,0.902,0.1539,0.1219,0.1117
2026-09-04,-60.0,-137.65,0.0,0.0396,0.059,0.0787,5.7,272.8,-9.3,0.0983,0.0056,6.0,0.2,0.902,0.1225,0.1194,0.098
2026-09-04,-60.0,-116.47,0.0547,0.018,0.037,0.0384,17.71,313.2,-10.8,0.2493,-0.1046,8.2,0.2,0.902,0.0287,0.0729,0.0872
2026-09-04,-60.0,-95.29,0.0916,0.0775,0.1521,0.085,10.07,6.4,-11.7,0.3698,-0.0943,6.2,0.2,0.902,0.0735,0.0685,0.1073
2026-09-04,-60.0,-74.12,0.1124,0.0906,0.1214,0.0707,5.72,251.1,-7.7,0.4266,-0.021,6.9,0.2,0.902,0.0692,0.0225,0.0839
2026-09-04,-60.0,-52.94,0.1241,0.1281,0.2014,0.1817,14.51,358.3,-13.6,0.0721,0.1602,7.3,0.2,0.902,0.1478,0.1875,0.1185
2026-09-04,-60.0,-31.76,0.162,0.1009,0.1332,0.2075,15.48,94.3,-10.4,0.3154,0.0917,5.7,0.2,0.902,0.216,0.1908,0.1619
2026-09-04,-60.0,-10.59,0.2516,0.1975,0.2083,0.1491,8.27,320.3,-8.9,0.0649,0.0806,6.0,0.2,0.902,0.2254,0.2174,0.2093
2026-09-04,-60.0,10.59,0.2792,0.2179,0.2023,0.2372,11.11,93.6,-13.8,0.4468,0.0006,5.1,0.2,0.902,0.1588,0.1877,0.2202
2026-09-04,-60.0,31.76,0.3703,0.2436,0.2324,0.3198,15.77,81.0,-8.9,0.1581,-0.0739,6.6,0.2,0.902,0.2396,0.3009,0.3135
2026-09-04,-60.0,52.94,0.3128,0.2822,0.268,0.2046,5.94,114.3,-5.1,0.3817,0.2671,7.2,0.2,0.902,0.2681,0.2898,0.2349
2026-09-04,-60.0,74.12,0.2621,0.2896,0.2429,0.3566,17.5,280.0,-3.0,0.2444,-0.0187,7.2,0.2,0.902,0.199,0.2312,0.3101
2026-09-04,-60.0,95.29,0.2439,0.2991,0.2663,0.2604,9.8,243.8,-5.2,0.109,-0.1174,4.5,0.2,0.902,0.2383,0.264,0.2563
2026-09-04,-60.0,116.47,0.2125,0.2562,0.142,0.237,13.95,55.1,-8.8,0.1874,-0.0223,5.5,0.2,0.902,0.2804,0.2287,0.2107
2026-09-04,-60.0,137.65,0.1844,0.1445,0.1906,0.2126,7.04,242.0,-11.4,0.415,0.2989,6.0,0.2,0.902,0.1698,0.1854,0.2168
2026-09-04,-60.0,158.82,0.1659,0.0971,0.1805,0.1576,7.76,157.3,-11.4,0.2454,-0.1111,6.8,0.2,0.902,0.1459,0.086,0.1849
2026-09-04,-60.0,180.0,0.1205,0.0954,0.1139,0.1391,8.44,92.1,-10.5,0.1009,-0.0256,6.0,0.2,0.902,0.0843,0.1285,0.1907
