date,lat,lon,current_u_ms,current_v_ms,sst_celsius,salinity_psu,wave_height_m,source
2026-09-05,-78.0,-180.0,0.1139,0.0555,-1.2,33.54,2.66,demo_simulation
2026-09-05,-78.0,-147.27,0.3306,-0.1803,-2.8,33.89,1.88,demo_simulation
2026-09-05,-78.0,-114.55,0.4096,-0.0573,-2.5,34.01,4.02,demo_simulation
2026-09-05,-78.0,-81.82,0.3086,-0.224,-2.5,33.56,2.62,demo_simulation
2026-09-05,-78.0,-49.09,0.185,0.0361,-2.5,34.27,3.58,demo_simulation
2026-09-05,-78.0,-16.36,0.1795,-0.2002,-1.5,33.55,2.02,demo_simulation
2026-09-05,-78.0,16.36,0.3879,0.0564,-0.9,34.57,3.82,demo_simulation
2026-09-05,-78.0,49.09,0.2681,0.0422,-2.7,34.14,4.36,demo_simulation
2026-09-05,-78.0,81.82,0.2208,0.0474,-1.9,34.16,2.9,demo_simulation
2026-09-05,-78.0,114.55,0.1722,-0.1589,-0.9,33.67,1.96,demo_simulation
2026-09-05,-78.0,147.27,0.2782,-0.2052,-0.6,34.51,4.11,demo_simulation
2026-09-05,-78.0,180.0,0.3032,-0.0581,-1.7,33.94,4.14,demo_simulation
2026-09-05,-75.43,-180.0,0.3842,-0.1121,0.3,34.77,4.56,demo_simulation
2026-09-05,-75.43,-147.27,0.2361,-0.3394,-1.7,34.25,4.35,demo_simulation
2026-09-05,-75.43,-114.55,0.2086,-0.0018,-0.0,34.37,4.9,demo_simulation
2026-09-05,-75.43,-81.82,0.162,-0.1298,2.0,34.32,2.58,demo_simulation
2026-09-05,-75.43,-49.09,0.2745,-0.0742,-0.7,33.66,1.68,demo_simulation
2026-09-05,-75.43,-16.36,0.0852,-0.0437,0.5,33.73,4.56,demo_simulation
2026-09-05,-75.43,16.36,0.2359,0.0718,1.2,34.18,3.99,demo_simulation
2026-09-05,-75.43,49.09,0.1064,0.1788,-1.8,33.95,3.41,demo_simulation
2026-09-05,-75.43,81.82,0.3584,-0.177,1.2,34.75,4.29,demo_simulation
2026-09-05,-75.43,114.55,0.0976,0.0394,-1.3,34.52,4.4,demo_simulation
2026-09-05,-75.43,147.27,0.0701,-0.1498,-0.5,34.26,1.73,demo_simulation
2026-09-05,-75.43,180.0,0.1789,-0.0311,0.4,34.53,4.97,demo_simulation
2026-09-05,-72.86,-180.0,0.1099,0.198,0.5,34.61,2.73,demo_simulation
2026-09-05,-72.86,-147.27,0.1341,0.2056,1.4,34.47,4.55,demo_simulation
2026-09-05,-72.86,-114.55,0.1635,0.0762,1.2,34.57,2.48,demo_simulation
2026-09-05,-72.86,-81.82,0.0507,-0.0317,-0.4,34.79,4.17,demo_simulation
2026-09-05,-72.86,-49.09,0.0833,0.1557,0.5,34.23,1.99,demo_simulation
2026-09-05,-72.86,-16.36,0.3323,0.2544,-0.1,33.89,2.95,demo_simulation
2026-09-05,-72.86,16.36,0.0893,-0.011,3.0,33.9,4.86,demo_simulation
2026-09-05,-72.86,49.09,0.3176,-0.0041,2.1,33.68,1.56,demo_simulation
2026-09-05,-72.86,81.82,0.1776,0.0178,0.2,34.33,4.38,demo_simulation
2026-09-05,-72.86,114.55,0.3139,0.0974,1.2,34.12,2.6,demo_simulation
2026-09-05,-72.86,147.27,0.3985,-0.0182,0.2,33.5,4.46,demo_simulation
2026-09-05,-72.86,180.0,0.1452,0.0194,-0.0,34.48,2.84,demo_simulation
2026-09-05,-70.29,-180.0,0.3643,-0.0744,2.5,34.21,3.4,demo_simulation
2026-09-05,-70.29,-147.27,0.1589,0.055,1.1,34.31,3.72,demo_simulation
2026-09-05,-70.29,-114.55,0.0653,-0.3294,2.6,33.66,2.21,demo_simulation
2026-09-05,-70.29,-81.82,0.4328,-0.1921,3.4,33.57,2.98,demo_simulation
2026-09-05,-70.29,-49.09,0.3066,0.1977,0.9,34.37,4.29,demo_simulation
2026-09-05,-70.29,-16.36,0.1396,-0.1084,1.9,34.15,2.77,demo_simulation
2026-09-05,-70.29,16.36,0.135,0.0273,1.1,34.31,3.45,demo_simulation
2026-09-05,-70.29,49.09,0.076,-0.1163,2.8,33.57,4.47,demo_simulation
2026-09-05,-70.29,81.82,0.1298,-0.306,1.1,33.76,4.2,demo_simulation
2026-09-05,-70.29,114.55,0.2384,-0.0759,-0.9,34.36,3.63,demo_simulation
2026-09-05,-70.29,147.27,0.4367,-0.0299,1.0,34.74,2.5,demo_simulation
2026-09-05,-70.29,180.0,0.3185,-0.0987,2.3,34.46,1.72,demo_simulation
2026-09-05,-67.71,-180.0,0.2628,0.0126,2.6,34.56,4.09,demo_simulation
2026-09-05,-67.71,-147.27,0.3061,0.1485,4.6,34.74,2.17,demo_simulation
2026-09-05,-67.71,-114.55,0.3232,0.1694,4.1,34.34,3.53,demo_simulation
2026-09-05,-67.71,-81.82,0.3127,0.2142,3.2,33.82,4.57,demo_simulation
2026-09-05,-67.71,-49.09,0.3306,-0.1711,3.6,33.94,4.76,demo_simulation
2026-09-05,-67.71,-16.36,0.302,0.2199,2.3,33.53,1.98,demo_simulation
2026-09-05,-67.71,16.36,0.1291,0.0943,2.5,34.13,3.4,demo_simulation
2026-09-05,-67.71,49.09,0.2536,0.0155,2.6,34.36,2.88,demo_simulation
2026-09-05,-67.71,81.82,0.11,-0.0519,4.2,34.52,2.53,demo_simulation
2026-09-05,-67.71,114.55,0.1547,-0.1839,2.8,33.94,2.9,demo_simulation
2026-09-05,-67.71,147.27,0.4067,-0.0287,3.3,34.54,4.37,demo_simulation
2026-09-05,-67.71,180.0,0.271,0.0476,4.1,34.65,3.87,demo_simulation
2026-09-05,-65.14,-180.0,0.3523,0.1977,4.1,33.91,4.03,demo_simulation
2026-09-05,-65.14,-147.27,0.1301,-0.0795,3.4,33.69,4.38,demo_simulation
2026-09-05,-65.14,-114.55,0.1822,0.0118,4.4,34.16,2.58,demo_simulation
2026-09-05,-65.14,-81.82,0.2949,0.0816,3.6,34.58,3.89,demo_simulation
2026-09-05,-65.14,-49.09,0.3692,-0.0922,2.8,34.18,3.25,demo_simulation
2026-09-05,-65.14,-16.36,0.0536,0.0257,2.9,34.13,4.8,demo_simulation
2026-09-05,-65.14,16.36,0.3744,0.0753,2.1,34.69,3.62,demo_simulation
2026-09-05,-65.14,49.09,0.3911,-0.0975,3.2,33.66,4.86,demo_simulation
2026-09-05,-65.14,81.82,0.286,-0.1708,3.0,33.74,4.35,demo_simulation
2026-09-05,-65.14,114.55,0.0933,-0.3156,4.4,34.37,3.91,demo_simulation
2026-09-05,-65.14,147.27,0.336,-0.145,5.3,34.77,1.86,demo_simulation
2026-09-05,-65.14,180.0,0.2312,0.1099,1.6,33.55,1.8,demo_simulation
2026-09-05,-62.57,-180.0,0.0689,0.2433,5.9,33.87,3.68,demo_simulation
2026-09-05,-62.57,-147.27,0.288,0.2071,3.6,33.86,2.32,demo_simulation
2026-09-05,-62.57,-114.55,0.1876,0.1493,5.2,33.59,4.16,demo_simulation
2026-09-05,-62.57,-81.82,0.1394,-0.1806,4.6,33.54,4.87,demo_simulation
2026-09-05,-62.57,-49.09,0.281,-0.1047,7.5,34.08,4.95,demo_simulation
2026-09-05,-62.57,-16.36,0.394,-0.0998,4.8,33.52,1.98,demo_simulation
2026-09-05,-62.57,16.36,0.1082,0.1196,5.9,34.47,3.81,demo_simulation
2026-09-05,-62.57,49.09,0.4073,-0.0884,5.4,34.07,3.34,demo_simulation
2026-09-05,-62.57,81.82,0.4221,0.214,4.9,34.35,4.77,demo_simulation
2026-09-05,-62.57,114.55,0.4316,-0.0743,4.2,34.63,2.96,demo_simulation
2026-09-05,-62.57,147.27,0.3156,0.2604,3.1,34.37,3.01,demo_simulation
2026-09-05,-62.57,180.0,0.0842,-0.0929,4.9,34.47,2.12,demo_simulation
2026-09-05,-60.0,-180.0,0.3172,-0.2927,5.5,34.26,4.1,demo_simulation
2026-09-05,-60.0,-147.27,0.1908,-0.1971,5.2,34.54,2.16,demo_simulation
2026-09-05,-60.0,-114.55,0.1718,-0.0698,6.5,34.4,1.9,demo_simulation
2026-09-05,-60.0,-81.82,0.4448,-0.1121,7.4,34.21,1.56,demo_simulation
2026-09-05,-60.0,-49.09,0.4143,0.0425,6.4,34.51,3.93,demo_simulation
2026-09-05,-60.0,-16.36,0.2338,0.0904,6.4,34.55,4.76,demo_simulation
2026-09-05,-60.0,16.36,0.1833,0.1327,5.1,34.62,4.15,demo_simulation
2026-09-05,-60.0,49.09,0.3749,-0.1478,6.1,34.28,2.57,demo_simulation
2026-09-05,-60.0,81.82,0.1024,0.047,6.7,33.91,4.46,demo_simulation
2026-09-05,-60.0,114.55,0.412,0.1048,6.5,33.97,2.36,demo_simulation
2026-09-05,-60.0,147.27,0.1463,-0.0339,5.5,34.51,3.42,demo_simulation
2026-09-05,-60.0,180.0,0.3146,-0.102,6.0,34.6,4.61,demo_simulation
2026-09-04,-78.0,-180.0,0.2576,-0.3403,-1.8,34.1,4.2,demo_simulation
2026-09-04,-78.0,-147.27,0.0512,-0.0332,-0.7,33.85,1.56,demo_simulation
2026-09-04,-78.0,-114.55,0.0787,0.2754,-1.8,34.76,2.42,demo_simulation
2026-09-04,-78.0,-81.82,0.3015,0.1617,-0.5,34.18,1.91,demo_simulation
2026-09-04,-78.0,-49.09,0.0763,-0.0808,-1.1,34.2,2.58,demo_simulation
2026-09-04,-78.0,-16.36,0.3293,-0.0083,-1.6,34.57,3.54,demo_simulation
2026-09-04,-78.0,16.36,0.1455,0.1411,-0.7,34.08,3.28,demo_simulation
2026-09-04,-78.0,49.09,0.1905,-0.2945,-2.5,33.73,2.16,demo_simulation
2026-09-04,-78.0,81.82,0.3582,0.1295,-2.3,33.52,3.57,demo_simulation
2026-09-04,-78.0,114.55,0.0855,0.2185,-0.9,34.04,4.13,demo_simulation
2026-09-04,-78.0,147.27,0.2569,-0.3353,-1.0,34.49,2.84,demo_simulation
2026-09-04,-78.0,180.0,0.3347,0.0336,-0.6,34.28,2.79,demo_simulation
2026-09-04,-75.43,-180.0,0.4421,0.1276,0.1,34.43,4.5,demo_simulation
2026-09-04,-75.43,-147.27,0.1122,-0.127,-0.7,34.39,3.03,demo_simulation
2026-09-04,-75.43,-114.55,0.2656,-0.1059,1.4,33.77,2.35,demo_simulation
2026-09-04,-75.43,-81.82,0.1381,0.1184,0.4,34.02,3.95,demo_simulation
2026-09-04,-75.43,-49.09,0.2202,-0.1081,-0.9,34.74,2.5,demo_simulation
2026-09-04,-75.43,-16.36,0.2921,0.0224,2.0,34.06,2.23,demo_simulation
2026-09-04,-75.43,16.36,0.4085,-0.1621,0.4,34.6,3.07,demo_simulation
2026-09-04,-75.43,49.09,0.4109,0.0477,-1.4,33.84,4.61,demo_simulation
2026-09-04,-75.43,81.82,0.0561,-0.214,-0.6,34.8,1.81,demo_simulation
2026-09-04,-75.43,114.55,0.4423,-0.0838,-0.1,34.05,3.59,demo_simulation
2026-09-04,-75.43,147.27,0.4106,-0.0482,-0.2,34.08,3.56,demo_simulation
2026-09-04,-75.43,180.0,0.1676,-0.4724,-0.3,34.75,3.4,demo_simulation
2026-09-04,-72.86,-180.0,0.1266,0.1755,1.4,34.55,3.37,demo_simulation
2026-09-04,-72.86,-147.27,0.2953,0.0658,-2.4,33.96,1.76,demo_simulation
2026-09-04,-72.86,-114.55,0.0764,-0.0395,1.3,33.69,3.49,demo_simulation
2026-09-04,-72.86,-81.82,0.4423,0.0898,-1.1,34.53,4.89,demo_simulation
2026-09-04,-72.86,-49.09,0.3372,-0.0937,1.4,34.65,2.71,demo_simulation
2026-09-04,-72.86,-16.36,0.3934,-0.0063,-0.9,34.46,4.91,demo_simulation
2026-09-04,-72.86,16.36,0.2036,0.1757,0.9,33.88,3.58,demo_simulation
2026-09-04,-72.86,49.09,0.315,0.1179,0.7,34.53,4.79,demo_simulation
2026-09-04,-72.86,81.82,0.3083,-0.0289,0.9,34.47,2.25,demo_simulation
2026-09-04,-72.86,114.55,0.3251,0.0415,0.7,34.13,1.93,demo_simulation
2026-09-04,-72.86,147.27,0.1041,0.0708,2.7,34.48,4.94,demo_simulation
2026-09-04,-72.86,180.0,0.1961,-0.1187,-0.3,33.61,3.12,demo_simulation
2026-09-04,-70.29,-180.0,0.1129,0.2252,0.6,33.86,2.49,demo_simulation
2026-09-04,-70.29,-147.27,0.1614,-0.011,2.5,34.15,2.57,demo_simulation
2026-09-04,-70.29,-114.55,0.201,-0.0774,3.7,34.46,2.27,demo_simulation
2026-09-04,-70.29,-81.82,0.3928,-0.0676,3.2,34.58,3.29,demo_simulation
2026-09-04,-70.29,-49.09,0.2633,-0.0688,1.1,33.97,2.29,demo_simulation
2026-09-04,-70.29,-16.36,0.4392,0.0561,4.1,34.24,2.95,demo_simulation
2026-09-04,-70.29,16.36,0.3336,-0.2445,1.0,34.1,2.75,demo_simulation
2026-09-04,-70.29,49.09,0.435,-0.1011,-0.0,34.62,3.49,demo_simulation
2026-09-04,-70.29,81.82,0.4389,-0.1601,0.2,34.79,4.63,demo_simulation
2026-09-04,-70.29,114.55,0.2176,-0.1988,2.5,33.65,2.16,demo_simulation
2026-09-04,-70.29,147.27,0.2714,0.1343,2.8,33.99,4.99,demo_simulation
2026-09-04,-70.29,180.0,0.3535,0.1632,1.7,33.92,2.05,demo_simulation
2026-09-04,-67.71,-180.0,0.0669,-0.2027,4.4,34.13,1.77,demo_simulation
2026-09-04,-67.71,-147.27,0.1924,-0.1714,2.5,34.01,3.46,demo_simulation
2026-09-04,-67.71,-114.55,0.205,-0.1322,3.5,34.35,2.56,demo_simulation
2026-09-04,-67.71,-81.82,0.0645,0.021,1.7,34.77,2.15,demo_simulation
2026-09-04,-67.71,-49.09,0.2544,-0.2793,1.2,34.23,3.0,demo_simulation
2026-09-04,-67.71,-16.36,0.2106,-0.1887,1.6,34.7,2.71,demo_simulation
2026-09-04,-67.71,16.36,0.2916,0.1079,5.0,33.85,4.9,demo_simulation
2026-09-04,-67.71,49.09,0.2626,-0.1406,3.3,34.06,4.79,demo_simulation
2026-09-04,-67.71,81.82,0.2501,-0.0426,3.9,33.87,3.66,demo_simulation
2026-09-04,-67.71,114.55,0.2083,0.0538,0.4,34.31,2.14,demo_simulation
2026-09-04,-67.71,147.27,0.2677,0.3532,2.9,34.75,3.96,demo_simulation
2026-09-04,-67.71,180.0,0.4373,-0.4153,2.8,33.59,2.59,demo_simulation
2026-09-04,-65.14,-180.0,0.2802,0.158,5.0,34.24,2.65,demo_simulation
2026-09-04,-65.14,-147.27,0.2052,0.068,4.5,33.73,2.36,demo_simulation
2026-09-04,-65.14,-114.55,0.398,-0.3175,3.3,33.54,2.66,demo_simulation
2026-09-04,-65.14,-81.82,0.4009,-0.0409,4.0,33.63,4.05,demo_simulation
2026-09-04,-65.14,-49.09,0.1106,0.0393,2.4,33.94,4.23,demo_simulation
2026-09-04,-65.14,-16.36,0.2006,-0.1439,2.9,34.03,4.1,demo_simulation
2026-09-04,-65.14,16.36,0.0803,0.2147,3.3,34.29,3.46,demo_simulation
2026-09-04,-65.14,49.09,0.3883,-0.0462,3.3,34.18,3.14,demo_simulation
2026-09-04,-65.14,81.82,0.2834,-0.2096,2.6,34.29,4.63,demo_simulation
2026-09-04,-65.14,114.55,0.3809,0.2036,2.3,34.11,3.24,demo_simulation
2026-09-04,-65.14,147.27,0.3288,-0.0461,2.8,33.6,3.62,demo_simulation
2026-09-04,-65.14,180.0,0.3823,-0.1526,4.7,33.52,3.26,demo_simulation
2026-09-04,-62.57,-180.0,0.3709,-0.0489,5.4,33.96,3.13,demo_simulation
2026-09-04,-62.57,-147.27,0.1577,0.1683,4.0,33.78,3.06,demo_simulation
2026-09-04,-62.57,-114.55,0.1249,0.1098,5.7,33.89,1.95,demo_simulation
2026-09-04,-62.57,-81.82,0.3429,0.1143,7.2,34.04,3.25,demo_simulation
2026-09-04,-62.57,-49.09,0.0949,0.1193,6.0,34.75,2.98,demo_simulation
2026-09-04,-62.57,-16.36,0.1888,-0.0786,3.5,34.26,4.44,demo_simulation
2026-09-04,-62.57,16.36,0.4061,0.1708,5.4,33.77,2.21,demo_simulation
2026-09-04,-62.57,49.09,0.427,0.0728,5.8,34.24,2.8,demo_simulation
2026-09-04,-62.57,81.82,0.3077,-0.2364,3.9,34.68,3.48,demo_simulation
2026-09-04,-62.57,114.55,0.2327,0.0097,4.5,33.97,4.11,demo_simulation
2026-09-04,-62.57,147.27,0.3582,0.2813,4.8,33.65,3.5,demo_simulation
2026-09-04,-62.57,180.0,0.2657,0.0281,5.3,34.11,3.02,demo_simulation
2026-09-04,-60.0,-180.0,0.255,0.0105,6.4,34.65,3.57,demo_simulation
2026-09-04,-60.0,-147.27,0.0518,0.0571,7.1,33.69,2.51,demo_simulation
2026-09-04,-60.0,-114.55,0.4384,-0.0059,5.3,34.07,4.96,demo_simulation
2026-09-04,-60.0,-81.82,0.4335,-0.034,4.6,34.38,2.87,demo_simulation
2026-09-04,-60.0,-49.09,0.0752,-0.1037,6.3,33.51,1.91,demo_simulation
2026-09-04,-60.0,-16.36,0.1991,-0.2646,6.0,34.02,3.19,demo_simulation
2026-09-04,-60.0,16.36,0.3867,-0.1444,5.4,34.65,1.76,demo_simulation
2026-09-04,-60.0,49.09,0.2372,0.4073,6.4,34.26,3.25,demo_simulation
2026-09-04,-60.0,81.82,0.3975,0.1898,7.2,33.67,2.81,demo_simulation
2026-09-04,-60.0,114.55,0.2083,0.136,6.0,34.19,4.7,demo_simulation
2026-09-04,-60.0,147.27,0.2805,0.0306,8.0,33.83,3.94,demo_simulation
2026-09-04,-60.0,180.0,0.2579,0.0772,5.9,33.55,3.54,demo_simulation
2026-09-03,-78.0,-180.0,0.3095,-0.3053,0.3,33.88,2.52,demo_simulation
2026-09-03,-78.0,-147.27,0.1347,-0.2086,-1.1,34.37,4.15,demo_simulation
2026-09-03,-78.0,-114.55,0.3905,-0.0094,-1.2,34.37,3.63,demo_simulation
2026-09-03,-78.0,-81.82,0.0911,-0.3199,-0.7,34.65,2.36,demo_simulation
2026-09-03,-78.0,-49.09,0.4404,0.198,-3.2,33.96,2.62,demo_simulation
2026-09-03,-78.0,-16.36,0.2526,0.1251,-1.1,34.29,3.87,demo_simulation
2026-09-03,-78.0,16.36,0.3194,-0.3337,-1.4,34.17,1.59,demo_simulation
2026-09-03,-78.0,49.09,0.0724,0.0241,-1.9,34.69,2.73,demo_simulation
2026-09-03,-78.0,81.82,0.1428,0.1466,-2.2,34.37,4.06,demo_simulation
2026-09-03,-78.0,114.55,0.1996,-0.0969,-0.6,34.3,3.95,demo_simulation
2026-09-03,-78.0,147.27,0.1878,0.0392,-0.5,33.91,5.0,demo_simulation
2026-09-03,-78.0,180.0,0.2292,0.2347,-1.4,34.33,4.51,demo_simulation
2026-09-03,-75.43,-180.0,0.3724,-0.0288,-0.3,34.18,1.57,demo_simulation
2026-09-03,-75.43,-147.27,0.4371,-0.0051,-0.7,33.97,3.05,demo_simulation
2026-09-03,-75.43,-114.55,0.203,0.1176,-0.5,34.45,4.12,demo_simulation
2026-09-03,-75.43,-81.82,0.3179,-0.1955,1.1,34.16,4.9,demo_simulation
2026-09-03,-75.43,-49.09,0.2603,-0.2071,-0.2,34.49,4.35,demo_simulation
2026-09-03,-75.43,-16.36,0.3198,-0.0126,0.5,33.57,2.32,demo_simulation
2026-09-03,-75.43,16.36,0.0927,-0.1162,-0.3,34.23,2.43,demo_simulation
2026-09-03,-75.43,49.09,0.164,0.216,0.1,34.79,3.15,demo_simulation
2026-09-03,-75.43,81.82,0.3984,0.1563,-1.6,33.73,4.91,demo_simulation
2026-09-03,-75.43,114.55,0.0781,-0.2367,0.2,33.71,3.7,demo_simulation
2026-09-03,-75.43,147.27,0.1027,0.1408,-1.6,33.59,1.87,demo_simulation
2026-09-03,-75.43,180.0,0.3388,-0.0418,-0.2,34.48,4.99,demo_simulation
2026-09-03,-72.86,-180.0,0.0569,-0.2292,-0.9,34.42,2.85,demo_simulation
2026-09-03,-72.86,-147.27,0.3537,-0.0758,-0.8,34.41,4.83,demo_simulation
2026-09-03,-72.86,-114.55,0.1464,-0.0065,2.8,34.76,4.83,demo_simulation
2026-09-03,-72.86,-81.82,0.2767,0.015,2.1,34.0,4.22,demo_simulation
2026-09-03,-72.86,-49.09,0.3972,0.1191,2.5,34.49,4.49,demo_simulation
2026-09-03,-72.86,-16.36,0.0823,0.0644,2.0,33.95,2.3,demo_simulation
2026-09-03,-72.86,16.36,0.1236,0.1565,2.6,33.89,4.55,demo_simulation
2026-09-03,-72.86,49.09,0.2705,-0.0383,0.7,33.8,3.23,demo_simulation
2026-09-03,-72.86,81.82,0.1468,0.0264,1.0,34.52,3.83,demo_simulation
2026-09-03,-72.86,114.55,0.1317,0.1214,2.2,34.64,3.59,demo_simulation
2026-09-03,-72.86,147.27,0.244,0.0334,0.4,33.64,4.18,demo_simulation
2026-09-03,-72.86,180.0,0.2294,0.1665,1.4,34.48,1.63,demo_simulation
2026-09-03,-70.29,-180.0,0.075,0.2135,0.3,34.05,4.9,demo_simulation
2026-09-03,-70.29,-147.27,0.3908,-0.0577,1.8,34.32,4.78,demo_simulation
2026-09-03,-70.29,-114.55,0.2296,-0.1292,-0.1,34.76,3.31,demo_simulation
2026-09-03,-70.29,-81.82,0.401,-0.355,2.6,34.75,4.99,demo_simulation
2026-09-03,-70.29,-49.09,0.4499,-0.2995,2.3,34.27,3.59,demo_simulation
2026-09-03,-70.29,-16.36,0.3584,-0.0718,1.7,33.53,2.26,demo_simulation
2026-09-03,-70.29,16.36,0.1476,0.1086,3.4,33.92,4.66,demo_simulation
2026-09-03,-70.29,49.09,0.214,0.186,0.2,34.54,4.02,demo_simulation
2026-09-03,-70.29,81.82,0.3299,0.022,-0.3,33.64,1.72,demo_simulation
2026-09-03,-70.29,114.55,0.181,-0.0749,2.2,34.45,4.32,demo_simulation
2026-09-03,-70.29,147.27,0.4465,-0.0397,3.1,33.77,3.67,demo_simulation
2026-09-03,-70.29,180.0,0.0501,0.0492,0.5,34.64,2.78,demo_simulation
2026-09-03,-67.71,-180.0,0.4151,-0.111,2.8,34.28,4.0,demo_simulation
2026-09-03,-67.71,-147.27,0.3512,-0.2991,2.4,34.12,3.87,demo_simulation
2026-09-03,-67.71,-114.55,0.2786,0.0564,2.6,33.79,2.5,demo_simulation
2026-09-03,-67.71,-81.82,0.0538,0.0798,3.6,34.12,2.15,demo_simulation
2026-09-03,-67.71,-49.09,0.2185,0.1084,3.4,34.27,4.95,demo_simulation
2026-09-03,-67.71,-16.36,0.1487,0.0195,3.6,34.78,3.7,demo_simulation
2026-09-03,-67.71,16.36,0.4335,-0.058,1.6,34.73,4.8,demo_simulation
2026-09-03,-67.71,49.09,0.1368,0.0409,4.3,34.7,2.19,demo_simulation
2026-09-03,-67.71,81.82,0.3737,0.1013,2.4,34.0,3.15,demo_simulation
2026-09-03,-67.71,114.55,0.0666,0.0181,5.5,34.4,4.63,demo_simulation
2026-09-03,-67.71,147.27,0.2235,-0.001,3.9,33.81,4.99,demo_simulation
2026-09-03,-67.71,180.0,0.3837,0.2225,5.0,34.13,4.42,demo_simulation
2026-09-03,-65.14,-180.0,0.3694,-0.0609,3.6,34.16,4.08,demo_simulation
2026-09-03,-65.14,-147.27,0.248,-0.124,5.0,34.46,3.96,demo_simulation
2026-09-03,-65.14,-114.55,0.0629,-0.1274,3.6,34.09,3.72,demo_simulation
2026-09-03,-65.14,-81.82,0.1432,0.1968,3.2,33.61,2.83,demo_simulation
2026-09-03,-65.14,-49.09,0.1309,-0.0976,2.9,33.91,2.65,demo_simulation
2026-09-03,-65.14,-16.36,0.1338,0.1496,4.2,34.78,3.21,demo_simulation
2026-09-03,-65.14,16.36,0.0752,-0.0247,4.2,33.74,2.67,demo_simulation
2026-09-03,-65.14,49.09,0.1059,0.0157,3.6,34.29,4.79,demo_simulation
2026-09-03,-65.14,81.82,0.1433,-0.2358,5.1,33.8,4.08,demo_simulation
2026-09-03,-65.14,114.55,0.3495,0.0535,4.1,34.75,4.51,demo_simulation
2026-09-03,-65.14,147.27,0.2037,0.0028,4.3,33.52,2.11,demo_simulation
2026-09-03,-65.14,180.0,0.1381,-0.149,3.0,34.66,2.02,demo_simulation
2026-09-03,-62.57,-180.0,0.3967,-0.1003,4.8,33.92,3.4,demo_simulation
2026-09-03,-62.57,-147.27,0.2019,0.1836,3.6,33.85,3.81,demo_simulation
2026-09-03,-62.57,-114.55,0.411,0.1132,3.6,34.15,2.15,demo_simulation
2026-09-03,-62.57,-81.82,0.1161,-0.2411,4.1,34.68,3.41,demo_simulation
2026-09-03,-62.57,-49.09,0.3736,-0.0301,5.9,34.38,3.22,demo_simulation
2026-09-03,-62.57,-16.36,0.3054,-0.1777,4.6,33.9,3.2,demo_simulation
2026-09-03,-62.57,16.36,0.1422,-0.1059,2.3,33.51,1.58,demo_simulation
2026-09-03,-62.57,49.09,0.2822,-0.0474,2.7,33.99,1.78,demo_simulation
2026-09-03,-62.57,81.82,0.3017,0.1387,2.9,34.25,4.16,demo_simulation
2026-09-03,-62.57,114.55,0.3138,-0.1978,4.5,33.68,2.32,demo_simulation
2026-09-03,-62.57,147.27,0.1598,0.2283,5.4,33.87,3.07,demo_simulation
2026-09-03,-62.57,180.0,0.434,0.1275,3.0,34.33,4.98,demo_simulation
2026-09-03,-60.0,-180.0,0.3596,-0.0268,6.9,33.75,3.35,demo_simulation
2026-09-03,-60.0,-147.27,0.2541,-0.0429,7.0,34.36,4.1,demo_simulation
2026-09-03,-60.0,-114.55,0.2831,-0.0906,6.6,34.25,4.89,demo_simulation
2026-09-03,-60.0,-81.82,0.3636,0.0964,6.7,34.49,2.92,demo_simulation
2026-09-03,-60.0,-49.09,0.2047,0.0505,5.5,33.68,1.8,demo_simulation
2026-09-03,-60.0,-16.36,0.4415,0.0678,6.9,34.58,4.06,demo_simulation
2026-09-03,-60.0,16.36,0.2399,-0.0913,7.6,34.25,1.73,demo_simulation
2026-09-03,-60.0,49.09,0.3013,0.1684,5.1,34.03,3.6,demo_simulation
2026-09-03,-60.0,81.82,0.1506,-0.1503,5.5,34.46,3.75,demo_simulation
2026-09-03,-60.0,114.55,0.2285,-0.0315,7.0,33.64,3.1,demo_simulation
2026-09-03,-60.0,147.27,0.3586,-0.0957,5.0,34.14,3.12,demo_simulation
2026-09-03,-60.0,180.0,0.2786,0.0632,7.0,34.43,2.18,demo_simulation
2026-09-02,-78.0,-180.0,0.3051,0.056,-0.9,34.69,1.63,demo_simulation
2026-09-02,-78.0,-147.27,0.253,0.2383,-0.7,34.25,1.74,demo_simulation
2026-09-02,-78.0,-114.55,0.2101,-0.0098,-1.1,33.51,2.63,demo_simulation
2026-09-02,-78.0,-81.82,0.2204,-0.0245,-1.3,34.68,2.41,demo_simulation
2026-09-02,-78.0,-49.09,0.2225,0.2899,-2.6,34.3,3.08,demo_simulation
2026-09-02,-78.0,-16.36,0.2639,-0.0083,-1.8,34.62,3.81,demo_simulation
2026-09-02,-78.0,16.36,0.0633,0.0732,-0.3,34.19,3.53,demo_simulation
2026-09-02,-78.0,49.09,0.184,-0.2942,-1.4,34.4,3.02,demo_simulation
2026-09-02,-78.0,81.82,0.3487,-0.2771,-1.3,34.72,2.43,demo_simulation
2026-09-02,-78.0,114.55,0.378,0.1477,-1.4,33.54,3.89,demo_simulation
2026-09-02,-78.0,147.27,0.176,0.1555,-1.2,34.48,2.14,demo_simulation
2026-09-02,-78.0,180.0,0.4214,0.0224,-1.3,33.96,2.64,demo_simulation
2026-09-02,-75.43,-180.0,0.2047,-0.0644,0.0,34.07,3.89,demo_simulation
2026-09-02,-75.43,-147.27,0.2226,0.2933,1.1,34.11,4.23,demo_simulation
2026-09-02,-75.43,-114.55,0.215,0.0916,-2.0,34.47,3.17,demo_simulation
2026-09-02,-75.43,-81.82,0.2611,-0.0325,-0.5,33.53,2.26,demo_simulation
2026-09-02,-75.43,-49.09,0.3452,0.0224,1.5,33.59,1.95,demo_simulation
2026-09-02,-75.43,-16.36,0.4125,-0.2126,0.4,33.58,4.81,demo_simulation
2026-09-02,-75.43,16.36,0.1256,0.1896,-1.0,34.43,2.35,demo_simulation
2026-09-02,-75.43,49.09,0.3352,-0.2764,-0.5,34.49,2.98,demo_simulation
2026-09-02,-75.43,81.82,0.3451,0.0278,-1.7,34.35,2.61,demo_simulation
2026-09-02,-75.43,114.55,0.4499,0.2373,-0.1,34.4,3.31,demo_simulation
2026-09-02,-75.43,147.27,0.4329,-0.1593,-0.9,34.51,2.49,demo_simulation
2026-09-02,-75.43,180.0,0.434,-0.1473,-0.8,34.67,4.36,demo_simulation
2026-09-02,-72.86,-180.0,0.3918,-0.0392,-0.2,33.68,2.97,demo_simulation
2026-09-02,-72.86,-147.27,0.2882,0.0596,2.5,33.83,4.51,demo_simulation
2026-09-02,-72.86,-114.55,0.0651,-0.0333,1.0,34.33,4.1,demo_simulation
2026-09-02,-72.86,-81.82,0.1988,0.0356,1.4,33.67,2.84,demo_simulation
2026-09-02,-72.86,-49.09,0.1087,0.3508,1.9,33.6,2.65,demo_simulation
2026-09-02,-72.86,-16.36,0.4147,-0.1489,1.2,34.2,4.24,demo_simulation
2026-09-02,-72.86,16.36,0.1864,-0.3457,0.7,33.75,3.95,demo_simulation
2026-09-02,-72.86,49.09,0.0856,0.084,1.2,34.0,3.65,demo_simulation
2026-09-02,-72.86,81.82,0.1829,0.2131,1.9,34.24,4.58,demo_simulation
2026-09-02,-72.86,114.55,0.2896,0.1304,0.6,34.55,1.71,demo_simulation
2026-09-02,-72.86,147.27,0.1683,0.1624,1.0,33.67,4.22,demo_simulation
2026-09-02,-72.86,180.0,0.318,0.1267,1.9,34.37,4.73,demo_simulation
2026-09-02,-70.29,-180.0,0.2822,-0.1061,2.5,34.54,3.64,demo_simulation
2026-09-02,-70.29,-147.27,0.1907,-0.1781,2.6,34.58,4.04,demo_simulation
2026-09-02,-70.29,-114.55,0.396,-0.0093,2.6,33.75,2.83,demo_simulation
2026-09-02,-70.29,-81.82,0.4064,-0.0763,1.4,34.28,3.8,demo_simulation
2026-09-02,-70.29,-49.09,0.3448,-0.066,3.7,34.16,2.96,demo_simulation
2026-09-02,-70.29,-16.36,0.4444,0.3301,2.3,34.16,4.47,demo_simulation
2026-09-02,-70.29,16.36,0.0508,0.0202,0.9,33.83,2.02,demo_simulation
2026-09-02,-70.29,49.09,0.1669,0.0569,0.8,34.23,4.14,demo_simulation
2026-09-02,-70.29,81.82,0.3287,-0.058,2.2,34.41,4.25,demo_simulation
2026-09-02,-70.29,114.55,0.196,0.1859,0.9,34.5,2.34,demo_simulation
2026-09-02,-70.29,147.27,0.0999,0.1681,2.5,34.31,3.5,demo_simulation
2026-09-02,-70.29,180.0,0.1107,0.0678,1.9,34.52,3.18,demo_simulation
2026-09-02,-67.71,-180.0,0.2415,-0.2048,2.0,34.15,2.45,demo_simulation
2026-09-02,-67.71,-147.27,0.377,0.1185,0.9,34.61,2.31,demo_simulation
2026-09-02,-67.71,-114.55,0.2032,0.2573,2.6,34.68,4.81,demo_simulation
2026-09-02,-67.71,-81.82,0.1193,0.1763,2.3,34.22,3.69,demo_simulation
2026-09-02,-67.71,-49.09,0.4074,-0.1094,3.4,33.81,3.41,demo_simulation
2026-09-02,-67.71,-16.36,0.1292,-0.2578,3.1,33.66,4.14,demo_simulation
2026-09-02,-67.71,16.36,0.0797,0.1012,1.9,33.52,1.66,demo_simulation
2026-09-02,-67.71,49.09,0.3155,-0.0859,3.6,33.94,2.94,demo_simulation
2026-09-02,-67.71,81.82,0.0751,0.0297,5.6,33.6,4.96,demo_simulation
2026-09-02,-67.71,114.55,0.2819,-0.0802,2.2,34.69,3.68,demo_simulation
2026-09-02,-67.71,147.27,0.3252,-0.0238,4.3,33.89,3.49,demo_simulation
2026-09-02,-67.71,180.0,0.4084,0.0143,3.0,33.63,2.68,demo_simulation
2026-09-02,-65.14,-180.0,0.415,0.094,3.5,33.79,3.83,demo_simulation
2026-09-02,-65.14,-147.27,0.1629,0.1801,5.8,34.39,4.63,demo_simulation
2026-09-02,-65.14,-114.55,0.1636,0.081,3.6,33.61,3.5,demo_simulation
2026-09-02,-65.14,-81.82,0.0994,0.0107,5.3,34.65,1.79,demo_simulation
2026-09-02,-65.14,-49.09,0.2151,0.0097,5.5,33.67,2.26,demo_simulation
2026-09-02,-65.14,-16.36,0.2773,-0.0277,5.2,34.03,2.09,demo_simulation
2026-09-02,-65.14,16.36,0.4318,0.0901,2.3,34.71,2.88,demo_simulation
2026-09-02,-65.14,49.09,0.3862,-0.0851,3.1,34.3,4.99,demo_simulation
2026-09-02,-65.14,81.82,0.0816,-0.0091,3.1,34.78,4.92,demo_simulation
2026-09-02,-65.14,114.55,0.4079,-0.0736,3.6,34.31,2.08,demo_simulation
2026-09-02,-65.14,147.27,0.2742,-0.0781,4.2,34.17,2.61,demo_simulation
2026-09-02,-65.14,180.0,0.3391,0.0226,3.0,34.69,3.53,demo_simulation
2026-09-02,-62.57,-180.0,0.3799,-0.1352,5.2,34.51,3.29,demo_simulation
2026-09-02,-62.57,-147.27,0.4031,0.122,7.2,34.29,3.74,demo_simulation
2026-09-02,-62.57,-114.55,0.4257,-0.1173,6.8,33.56,2.8,demo_simulation
2026-09-02,-62.57,-81.82,0.4486,-0.0496,4.0,33.96,1.84,demo_simulation
2026-09-02,-62.57,-49.09,0.0624,-0.0714,3.7,34.19,4.19,demo_simulation
2026-09-02,-62.57,-16.36,0.0514,0.0997,3.1,34.0,3.75,demo_simulation
2026-09-02,-62.57,16.36,0.3731,0.1434,5.1,34.55,2.64,demo_simulation
2026-09-02,-62.57,49.09,0.0957,-0.1291,4.3,33.95,1.83,demo_simulation
2026-09-02,-62.57,81.82,0.3837,0.0183,5.1,33.81,3.35,demo_simulation
2026-09-02,-62.57,114.55,0.4168,0.083,3.0,34.36,2.52,demo_simulation
2026-09-02,-62.57,147.27,0.4481,-0.1767,5.4,33.7,2.28,demo_simulation
2026-09-02,-62.57,180.0,0.3659,-0.0937,4.6,34.8,2.37,demo_simulation
2026-09-02,-60.0,-180.0,0.343,0.1673,4.5,33.83,2.46,demo_simulation
2026-09-02,-60.0,-147.27,0.3466,0.2783,5.0,33.62,3.93,demo_simulation
2026-09-02,-60.0,-114.55,0.2636,0.1626,5.7,33.79,3.37,demo_simulation
2026-09-02,-60.0,-81.82,0.4053,0.1571,7.5,33.8,2.36,demo_simulation
2026-09-02,-60.0,-49.09,0.234,-0.0675,5.1,34.28,1.79,demo_simulation
2026-09-02,-60.0,-16.36,0.2024,0.0303,4.9,34.76,3.12,demo_simulation
2026-09-02,-60.0,16.36,0.4008,-0.009,6.9,33.75,4.08,demo_simulation
2026-09-02,-60.0,49.09,0.0962,-0.229,7.7,33.52,2.43,demo_simulation
2026-09-02,-60.0,81.82,0.1552,-0.0867,6.1,33.53,4.21,demo_simulation
2026-09-02,-60.0,114.55,0.1009,-0.0709,5.5,34.27,4.05,demo_simulation
2026-09-02,-60.0,147.27,0.319,0.0801,6.6,33.68,3.35,demo_simulation
2026-09-02,-60.0,180.0,0.2396,-0.0943,5.7,33.99,4.49,demo_simulation
2026-09-01,-78.0,-180.0,0.104,0.1267,0.3,34.23,1.89,demo_simulation
2026-09-01,-78.0,-147.27,0.0983,-0.0318,-1.5,34.08,3.42,demo_simulation
2026-09-01,-78.0,-114.55,0.4081,0.0247,-0.9,33.92,3.66,demo_simulation
2026-09-01,-78.0,-81.82,0.2679,-0.009,1.1,34.3,1.56,demo_simulation
2026-09-01,-78.0,-49.09,0.2674,0.0833,-2.0,33.86,2.78,demo_simulation
2026-09-01,-78.0,-16.36,0.0972,0.2482,-2.9,34.26,3.44,demo_simulation
2026-09-01,-78.0,16.36,0.091,0.0866,-0.0,33.54,4.51,demo_simulation
2026-09-01,-78.0,49.09,0.1149,0.2344,-1.9,33.55,2.26,demo_simulation
2026-09-01,-78.0,81.82,0.2758,-0.1642,-0.6,34.67,4.31,demo_simulation
2026-09-01,-78.0,114.55,0.2127,0.2298,-1.3,33.8,2.54,demo_simulation
2026-09-01,-78.0,147.27,0.0766,-0.0394,1.1,33.81,4.71,demo_simulation
2026-09-01,-78.0,180.0,0.3617,0.4054,-0.2,34.12,4.27,demo_simulation
2026-09-01,-75.43,-180.0,0.328,-0.3214,-0.8,33.52,2.5,demo_simulation
2026-09-01,-75.43,-147.27,0.0876,-0.062,-0.4,33.57,2.12,demo_simulation
2026-09-01,-75.43,-114.55,0.0846,-0.3086,0.5,34.07,3.16,demo_simulation
2026-09-01,-75.43,-81.82,0.1292,0.013,-0.4,33.65,3.64,demo_simulation
2026-09-01,-75.43,-49.09,0.0554,-0.0118,1.4,34.44,1.91,demo_simulation
2026-09-01,-75.43,-16.36,0.2987,-0.0551,-1.1,33.72,1.91,demo_simulation
2026-09-01,-75.43,16.36,0.108,0.1776,-1.1,34.31,3.99,demo_simulation
2026-09-01,-75.43,49.09,0.335,-0.1248,-1.6,34.42,1.61,demo_simulation
2026-09-01,-75.43,81.82,0.4113,-0.1948,-1.4,34.07,3.29,demo_simulation
2026-09-01,-75.43,114.55,0.0525,0.1074,-0.2,33.85,3.55,demo_simulation
2026-09-01,-75.43,147.27,0.201,-0.0637,-0.3,34.35,3.74,demo_simulation
2026-09-01,-75.43,180.0,0.3256,-0.0993,-0.2,34.78,4.63,demo_simulation
2026-09-01,-72.86,-180.0,0.2907,-0.0553,1.1,34.07,3.93,demo_simulation
2026-09-01,-72.86,-147.27,0.1776,0.2334,-0.7,34.13,2.96,demo_simulation
2026-09-01,-72.86,-114.55,0.1194,0.0951,1.5,33.59,4.72,demo_simulation
2026-09-01,-72.86,-81.82,0.0804,0.0397,-1.2,34.14,4.2,demo_simulation
2026-09-01,-72.86,-49.09,0.0882,-0.1388,1.3,34.23,3.19,demo_simulation
2026-09-01,-72.86,-16.36,0.4212,0.1359,0.4,34.53,2.82,demo_simulation
2026-09-01,-72.86,16.36,0.0791,0.2819,0.6,34.65,3.41,demo_simulation
2026-09-01,-72.86,49.09,0.2683,-0.3029,0.0,33.9,4.86,demo_simulation
2026-09-01,-72.86,81.82,0.196,-0.0799,0.7,33.61,3.9,demo_simulation
2026-09-01,-72.86,114.55,0.173,-0.2265,1.2,34.18,1.71,demo_simulation
2026-09-01,-72.86,147.27,0.1915,-0.1364,-0.6,34.52,3.0,demo_simulation
2026-09-01,-72.86,180.0,0.1101,0.0706,1.6,33.66,2.55,demo_simulation
2026-09-01,-70.29,-180.0,0.2014,0.0424,2.3,34.43,3.96,demo_simulation
2026-09-01,-70.29,-147.27,0.3898,-0.0604,1.6,34.14,1.9,demo_simulation
2026-09-01,-70.29,-114.55,0.1589,0.072,1.7,33.91,4.02,demo_simulation
2026-09-01,-70.29,-81.82,0.1116,-0.0735,0.1,34.78,1.77,demo_simulation
2026-09-01,-70.29,-49.09,0.413,-0.0679,1.2,34.15,4.8,demo_simulation
2026-09-01,-70.29,-16.36,0.1354,0.3504,1.2,33.86,4.5,demo_simulation
2026-09-01,-70.29,16.36,0.1727,-0.0352,2.6,34.64,2.12,demo_simulation
2026-09-01,-70.29,49.09,0.3505,-0.0561,2.0,34.27,3.46,demo_simulation
2026-09-01,-70.29,81.82,0.0667,0.0282,2.6,34.46,1.83,demo_simulation
2026-09-01,-70.29,114.55,0.3966,0.0086,2.9,33.94,3.68,demo_simulation
2026-09-01,-70.29,147.27,0.2209,-0.0671,4.0,34.59,1.51,demo_simulation
2026-09-01,-70.29,180.0,0.2229,-0.1505,1.4,34.02,1.85,demo_simulation
2026-09-01,-67.71,-180.0,0.3972,-0.0816,3.1,33.67,1.89,demo_simulation
2026-09-01,-67.71,-147.27,0.2957,-0.0591,3.9,33.93,4.52,demo_simulation
2026-09-01,-67.71,-114.55,0.2336,0.0244,3.9,33.67,3.82,demo_simulation
2026-09-01,-67.71,-81.82,0.3631,-0.1376,3.3,34.74,2.27,demo_simulation
2026-09-01,-67.71,-49.09,0.0531,0.1741,3.8,34.46,4.66,demo_simulation
2026-09-01,-67.71,-16.36,0.3818,-0.016,3.3,34.27,3.79,demo_simulation
2026-09-01,-67.71,16.36,0.3284,-0.2116,4.3,34.28,4.85,demo_simulation
2026-09-01,-67.71,49.09,0.0917,-0.1278,2.1,34.11,3.82,demo_simulation
2026-09-01,-67.71,81.82,0.1127,0.1606,2.5,34.75,4.4,demo_simulation
2026-09-01,-67.71,114.55,0.3348,-0.018,3.0,33.51,3.35,demo_simulation
2026-09-01,-67.71,147.27,0.1361,-0.1827,3.5,34.21,4.84,demo_simulation
2026-09-01,-67.71,180.0,0.3655,0.0905,3.5,33.54,2.87,demo_simulation
2026-09-01,-65.14,-180.0,0.3766,-0.057,5.2,34.06,2.35,demo_simulation
2026-09-01,-65.14,-147.27,0.166,-0.17,5.2,34.3,4.0,demo_simulation
2026-09-01,-65.14,-114.55,0.1263,0.0277,3.2,33.6,3.27,demo_simulation
2026-09-01,-65.14,-81.82,0.1982,0.1761,3.3,33.71,1.64,demo_simulation
2026-09-01,-65.14,-49.09,0.3451,-0.0071,4.2,34.65,4.81,demo_simulation
2026-09-01,-65.14,-16.36,0.4467,-0.0914,4.3,34.53,3.21,demo_simulation
2026-09-01,-65.14,16.36,0.2996,-0.1766,4.4,34.39,1.81,demo_simulation
2026-09-01,-65.14,49.09,0.2782,-0.0623,0.6,34.29,4.15,demo_simulation
2026-09-01,-65.14,81.82,0.2881,-0.1382,5.4,34.76,3.9,demo_simulation
2026-09-01,-65.14,114.55,0.1078,0.3771,2.1,34.71,2.75,demo_simulation
2026-09-01,-65.14,147.27,0.3705,-0.0526,4.5,34.35,4.17,demo_simulation
2026-09-01,-65.14,180.0,0.103,0.1161,4.3,34.44,4.15,demo_simulation
2026-09-01,-62.57,-180.0,0.398,-0.1136,5.0,34.54,3.76,demo_simulation
2026-09-01,-62.57,-147.27,0.0813,-0.0186,5.0,33.91,4.74,demo_simulation
2026-09-01,-62.57,-114.55,0.1386,-0.0854,4.3,34.56,2.02,demo_simulation
2026-09-01,-62.57,-81.82,0.4412,-0.1827,4.0,34.5,4.85,demo_simulation
2026-09-01,-62.57,-49.09,0.0638,-0.3052,5.4,34.65,2.7,demo_simulation
2026-09-01,-62.57,-16.36,0.3337,-0.0121,3.9,34.13,2.96,demo_simulation
2026-09-01,-62.57,16.36,0.413,0.0499,5.5,34.49,2.75,demo_simulation
2026-09-01,-62.57,49.09,0.2586,-0.0565,5.0,34.76,1.66,demo_simulation
2026-09-01,-62.57,81.82,0.2536,-0.1136,5.6,33.61,2.25,demo_simulation
2026-09-01,-62.57,114.55,0.1875,0.0603,4.0,34.11,2.81,demo_simulation
2026-09-01,-62.57,147.27,0.1218,0.2945,5.0,33.56,1.9,demo_simulation
2026-09-01,-62.57,180.0,0.3214,-0.1405,5.5,33.78,2.27,demo_simulation
2026-09-01,-60.0,-180.0,0.3707,-0.059,4.3,33.9,2.29,demo_simulation
2026-09-01,-60.0,-147.27,0.367,0.3214,7.1,34.25,2.32,demo_simulation
2026-09-01,-60.0,-114.55,0.0736,-0.1609,4.8,34.59,2.49,demo_simulation
2026-09-01,-60.0,-81.82,0.3446,0.2521,5.5,34.57,4.16,demo_simulation
2026-09-01,-60.0,-49.09,0.2037,0.0286,8.1,34.04,4.82,demo_simulation
2026-09-01,-60.0,-16.36,0.314,0.1751,6.6,33.59,3.49,demo_simulation
2026-09-01,-60.0,16.36,0.3241,-0.3563,5.7,34.45,4.76,demo_simulation
2026-09-01,-60.0,49.09,0.3969,-0.1422,5.8,34.5,3.17,demo_simulation
2026-09-01,-60.0,81.82,0.0796,-0.1468,6.5,34.17,2.12,demo_simulation
2026-09-01,-60.0,114.55,0.2283,-0.0089,6.0,33.7,3.38,demo_simulation
2026-09-01,-60.0,147.27,0.3213,0.2448,6.2,34.68,4.7,demo_simulation
2026-09-01,-60.0,180.0,0.1617,0.0898,6.3,34.63,3.79,demo_simulation
2026-08-31,-78.0,-180.0,0.3269,-0.1639,-2.5,34.68,2.4,demo_simulation
2026-08-31,-78.0,-147.27,0.218,-0.0933,-1.2,34.15,3.82,demo_simulation
2026-08-31,-78.0,-114.55,0.4489,0.0735,-0.3,33.79,3.81,demo_simulation
2026-08-31,-78.0,-81.82,0.4323,-0.0451,-0.7,33.68,4.07,demo_simulation
2026-08-31,-78.0,-49.09,0.2734,-0.0125,-1.5,34.22,4.59,demo_simulation
2026-08-31,-78.0,-16.36,0.2064,-0.0657,-4.0,33.96,2.79,demo_simulation
2026-08-31,-78.0,16.36,0.2414,-0.2034,-1.7,34.26,4.01,demo_simulation
2026-08-31,-78.0,49.09,0.0925,-0.0104,-1.8,33.53,3.35,demo_simulation
2026-08-31,-78.0,81.82,0.334,-0.054,-2.7,34.43,1.57,demo_simulation
2026-08-31,-78.0,114.55,0.234,0.2777,0.8,33.92,2.05,demo_simulation
2026-08-31,-78.0,147.27,0.2703,0.0443,-1.8,34.56,3.53,demo_simulation
2026-08-31,-78.0,180.0,0.3459,0.0418,-1.2,33.85,4.68,demo_simulation
2026-08-31,-75.43,-180.0,0.4073,-0.0755,-2.1,34.79,4.66,demo_simulation
2026-08-31,-75.43,-147.27,0.0978,0.0544,-0.5,33.96,1.57,demo_simulation
2026-08-31,-75.43,-114.55,0.1087,0.008,-0.5,34.15,1.96,demo_simulation
2026-08-31,-75.43,-81.82,0.3979,-0.1287,0.0,33.76,3.36,demo_simulation
2026-08-31,-75.43,-49.09,0.2046,0.2986,1.6,34.22,3.95,demo_simulation
2026-08-31,-75.43,-16.36,0.0817,0.199,-1.8,33.76,4.24,demo_simulation
2026-08-31,-75.43,16.36,0.0725,-0.0292,0.5,34.69,2.95,demo_simulation
2026-08-31,-75.43,49.09,0.3202,-0.1596,0.1,34.75,4.38,demo_simulation
2026-08-31,-75.43,81.82,0.4422,-0.1643,-1.7,34.51,4.86,demo_simulation
2026-08-31,-75.43,114.55,0.3722,0.0355,-1.5,33.95,2.87,demo_simulation
2026-08-31,-75.43,147.27,0.4115,0.2628,0.3,34.45,2.35,demo_simulation
2026-08-31,-75.43,180.0,0.1689,0.0107,0.0,34.58,2.39,demo_simulation
2026-08-31,-72.86,-180.0,0.2098,-0.1425,-0.4,33.77,3.19,demo_simulation
2026-08-31,-72.86,-147.27,0.3523,0.0708,2.2,34.46,2.28,demo_simulation
2026-08-31,-72.86,-114.55,0.3104,0.0259,2.1,34.4,2.08,demo_simulation
2026-08-31,-72.86,-81.82,0.3583,0.2529,2.6,33.57,3.79,demo_simulation
2026-08-31,-72.86,-49.09,0.4435,-0.1773,1.8,34.57,4.79,demo_simulation
2026-08-31,-72.86,-16.36,0.0891,0.2974,-1.0,33.54,3.64,demo_simulation
2026-08-31,-72.86,16.36,0.3478,-0.0931,1.2,33.58,1.61,demo_simulation
2026-08-31,-72.86,49.09,0.4457,-0.1553,1.3,34.39,1.62,demo_simulation
2026-08-31,-72.86,81.82,0.3962,0.0585,-0.0,34.16,4.63,demo_simulation
2026-08-31,-72.86,114.55,0.2706,0.0768,0.7,34.71,3.04,demo_simulation
2026-08-31,-72.86,147.27,0.2528,-0.005,1.6,34.3,2.2,demo_simulation
2026-08-31,-72.86,180.0,0.0805,0.1919,2.0,33.73,4.11,demo_simulation
2026-08-31,-70.29,-180.0,0.2117,0.068,2.3,34.71,2.93,demo_simulation
2026-08-31,-70.29,-147.27,0.2244,-0.0328,1.8,33.79,2.3,demo_simulation
2026-08-31,-70.29,-114.55,0.1831,0.0297,1.2,33.96,2.22,demo_simulation
2026-08-31,-70.29,-81.82,0.3547,-0.2951,1.0,33.62,2.55,demo_simulation
2026-08-31,-70.29,-49.09,0.3825,0.0293,0.9,34.35,4.71,demo_simulation
2026-08-31,-70.29,-16.36,0.2379,-0.0993,2.0,33.7,3.42,demo_simulation
2026-08-31,-70.29,16.36,0.0911,-0.158,1.4,34.68,4.72,demo_simulation
2026-08-31,-70.29,49.09,0.2363,0.0699,1.2,34.21,4.97,demo_simulation
2026-08-31,-70.29,81.82,0.2701,-0.1187,1.3,34.27,3.18,demo_simulation
2026-08-31,-70.29,114.55,0.2064,-0.0552,2.5,34.5,1.67,demo_simulation
2026-08-31,-70.29,147.27,0.4193,0.2566,2.2,33.57,2.98,demo_simulation
2026-08-31,-70.29,180.0,0.2923,-0.0562,2.5,33.57,1.86,demo_simulation
2026-08-31,-67.71,-180.0,0.1595,-0.2132,3.0,34.54,3.88,demo_simulation
2026-08-31,-67.71,-147.27,0.3723,-0.1474,2.8,34.11,1.64,demo_simulation
2026-08-31,-67.71,-114.55,0.3231,-0.1722,2.8,33.73,2.21,demo_simulation
2026-08-31,-67.71,-81.82,0.0916,-0.0233,3.7,34.36,3.03,demo_simulation
2026-08-31,-67.71,-49.09,0.0994,0.0936,1.7,34.72,4.72,demo_simulation
2026-08-31,-67.71,-16.36,0.372,0.0769,2.9,33.61,3.18,demo_simulation
2026-08-31,-67.71,16.36,0.3598,-0.0284,2.4,34.18,2.63,demo_simulation
2026-08-31,-67.71,49.09,0.2308,-0.1052,2.8,34.23,3.26,demo_simulation
2026-08-31,-67.71,81.82,0.3815,0.0262,2.2,33.76,3.66,demo_simulation
2026-08-31,-67.71,114.55,0.3814,-0.1606,2.8,33.9,3.58,demo_simulation
2026-08-31,-67.71,147.27,0.3826,-0.0385,1.7,34.27,2.41,demo_simulation
2026-08-31,-67.71,180.0,0.076,-0.2864,2.5,34.75,2.56,demo_simulation
2026-08-31,-65.14,-180.0,0.1458,-0.0138,2.1,34.07,2.74,demo_simulation
2026-08-31,-65.14,-147.27,0.083,0.2085,4.7,33.62,2.12,demo_simulation
2026-08-31,-65.14,-114.55,0.3073,-0.0435,3.2,33.56,2.6,demo_simulation
2026-08-31,-65.14,-81.82,0.3783,-0.0618,4.1,33.66,4.51,demo_simulation
2026-08-31,-65.14,-49.09,0.403,-0.141,4.2,34.18,1.72,demo_simulation
2026-08-31,-65.14,-16.36,0.0645,0.2882,3.7,33.98,2.12,demo_simulation
2026-08-31,-65.14,16.36,0.1298,-0.0633,3.9,33.81,1.51,demo_simulation
2026-08-31,-65.14,49.09,0.4302,0.1656,2.8,33.66,3.42,demo_simulation
2026-08-31,-65.14,81.82,0.1951,0.2461,3.1,34.58,2.86,demo_simulation
2026-08-31,-65.14,114.55,0.1071,0.0427,4.6,33.78,4.89,demo_simulation
2026-08-31,-65.14,147.27,0.2428,0.0935,3.4,34.78,3.8,demo_simulation
2026-08-31,-65.14,180.0,0.1073,-0.0595,5.7,33.73,2.26,demo_simulation
2026-08-31,-62.57,-180.0,0.1409,-0.0636,6.0,33.93,4.63,demo_simulation
2026-08-31,-62.57,-147.27,0.2067,-0.0122,5.9,33.9,4.46,demo_simulation
2026-08-31,-62.57,-114.55,0.4299,-0.0157,5.7,34.24,4.45,demo_simulation
2026-08-31,-62.57,-81.82,0.4165,0.2267,4.4,34.53,1.52,demo_simulation
2026-08-31,-62.57,-49.09,0.3252,-0.0571,5.7,33.91,4.88,demo_simulation
2026-08-31,-62.57,-16.36,0.2576,0.1032,3.9,34.28,3.78,demo_simulation
2026-08-31,-62.57,16.36,0.3325,-0.13,4.7,34.07,3.63,demo_simulation
2026-08-31,-62.57,49.09,0.0584,-0.1568,5.8,34.32,2.26,demo_simulation
2026-08-31,-62.57,81.82,0.2627,0.3294,4.9,34.11,1.8,demo_simulation
2026-08-31,-62.57,114.55,0.1102,0.1387,4.7,33.79,2.66,demo_simulation
2026-08-31,-62.57,147.27,0.3337,0.0751,6.4,34.57,3.71,demo_simulation
2026-08-31,-62.57,180.0,0.0971,-0.1125,4.4,34.29,1.86,demo_simulation
2026-08-31,-60.0,-180.0,0.0605,0.1041,8.2,33.94,4.94,demo_simulation
2026-08-31,-60.0,-147.27,0.2597,-0.028,6.1,33.78,1.94,demo_simulation
2026-08-31,-60.0,-114.55,0.2433,0.1638,5.3,34.25,1.64,demo_simulation
2026-08-31,-60.0,-81.82,0.269,-0.0388,5.9,33.97,4.05,demo_simulation
2026-08-31,-60.0,-49.09,0.1961,-0.1857,5.1,33.58,3.87,demo_simulation
2026-08-31,-60.0,-16.36,0.1949,0.3485,6.2,33.72,3.42,demo_simulation
2026-08-31,-60.0,16.36,0.1757,-0.2572,6.4,34.36,4.78,demo_simulation
2026-08-31,-60.0,49.09,0.3729,-0.1579,6.3,34.33,3.03,demo_simulation
2026-08-31,-60.0,81.82,0.4261,-0.2215,5.7,34.3,4.24,demo_simulation
2026-08-31,-60.0,114.55,0.4118,0.029,7.0,34.05,3.22,demo_simulation
2026-08-31,-60.0,147.27,0.2563,0.0589,5.4,34.16,3.75,demo_simulation
2026-08-31,-60.0,180.0,0.1496,-0.1815,5.8,34.61,2.01,demo_simulation
2026-08-30,-78.0,-180.0,0.1354,-0.2865,-1.3,34.06,3.55,demo_simulation
2026-08-30,-78.0,-147.27,0.203,0.0024,-0.6,34.47,3.99,demo_simulation
2026-08-30,-78.0,-114.55,0.1094,0.0083,-2.1,34.11,2.13,demo_simulation
2026-08-30,-78.0,-81.82,0.1621,-0.0508,-0.4,33.65,2.99,demo_simulation
2026-08-30,-78.0,-49.09,0.1601,-0.2098,0.3,33.6,2.64,demo_simulation
2026-08-30,-78.0,-16.36,0.4267,-0.11,-1.6,34.1,3.44,demo_simulation
2026-08-30,-78.0,16.36,0.2154,-0.3346,-3.3,33.53,3.29,demo_simulation
2026-08-30,-78.0,49.09,0.3018,-0.0122,-2.4,33.54,2.36,demo_simulation
2026-08-30,-78.0,81.82,0.3174,-0.09,-1.6,33.82,2.85,demo_simulation
2026-08-30,-78.0,114.55,0.0701,-0.0013,0.7,34.15,2.49,demo_simulation
2026-08-30,-78.0,147.27,0.1374,0.1384,-2.1,33.77,4.44,demo_simulation
2026-08-30,-78.0,180.0,0.3865,-0.0226,0.5,34.35,2.53,demo_simulation
2026-08-30,-75.43,-180.0,0.122,-0.1578,-0.9,33.56,2.13,demo_simulation
2026-08-30,-75.43,-147.27,0.0994,0.2163,1.1,34.65,2.84,demo_simulation
2026-08-30,-75.43,-114.55,0.2796,-0.2274,-0.4,34.13,2.67,demo_simulation
2026-08-30,-75.43,-81.82,0.2332,0.2469,-0.1,34.22,2.66,demo_simulation
2026-08-30,-75.43,-49.09,0.2103,-0.0183,0.3,34.79,3.05,demo_simulation
2026-08-30,-75.43,-16.36,0.4132,0.1882,1.5,33.81,1.84,demo_simulation
2026-08-30,-75.43,16.36,0.2404,0.1813,-1.2,34.07,3.34,demo_simulation
2026-08-30,-75.43,49.09,0.1576,0.0509,-0.7,33.51,1.9,demo_simulation
2026-08-30,-75.43,81.82,0.3434,-0.065,0.8,33.63,3.71,demo_simulation
2026-08-30,-75.43,114.55,0.1036,0.1722,-0.4,33.8,3.56,demo_simulation
2026-08-30,-75.43,147.27,0.3014,-0.1241,-0.6,34.24,3.13,demo_simulation
2026-08-30,-75.43,180.0,0.1748,0.1283,0.4,33.88,4.57,demo_simulation
2026-08-30,-72.86,-180.0,0.2585,0.0052,-0.0,34.49,4.91,demo_simulation
2026-08-30,-72.86,-147.27,0.0557,-0.1645,0.6,34.14,2.45,demo_simulation
2026-08-30,-72.86,-114.55,0.3393,0.0094,1.1,34.19,2.25,demo_simulation
2026-08-30,-72.86,-81.82,0.1962,-0.1134,1.2,34.01,2.45,demo_simulation
2026-08-30,-72.86,-49.09,0.1534,0.0172,-0.1,33.98,4.03,demo_simulation
2026-08-30,-72.86,-16.36,0.2602,0.0264,-1.0,33.85,1.59,demo_simulation
2026-08-30,-72.86,16.36,0.1419,0.0507,2.2,33.63,4.4,demo_simulation
2026-08-30,-72.86,49.09,0.3397,-0.3086,-0.9,33.73,1.98,demo_simulation
2026-08-30,-72.86,81.82,0.2381,-0.2068,-0.1,33.88,4.76,demo_simulation
2026-08-30,-72.86,114.55,0.2207,-0.0248,1.2,34.03,1.69,demo_simulation
2026-08-30,-72.86,147.27,0.2732,-0.1958,2.0,34.67,2.78,demo_simulation
2026-08-30,-72.86,180.0,0.0697,-0.2621,1.3,33.56,3.37,demo_simulation
2026-08-30,-70.29,-180.0,0.1516,0.0338,0.1,34.44,2.98,demo_simulation
2026-08-30,-70.29,-147.27,0.0868,-0.2588,1.2,34.66,2.11,demo_simulation
2026-08-30,-70.29,-114.55,0.3732,0.0067,1.3,34.46,3.33,demo_simulation
2026-08-30,-70.29,-81.82,0.338,-0.1801,1.7,33.55,2.56,demo_simulation
2026-08-30,-70.29,-49.09,0.2955,0.1599,1.9,33.57,3.45,demo_simulation
2026-08-30,-70.29,-16.36,0.0664,-0.1046,2.2,33.59,3.06,demo_simulation
2026-08-30,-70.29,16.36,0.2439,0.1045,-0.8,33.89,3.04,demo_simulation
2026-08-30,-70.29,49.09,0.398,0.0291,2.8,34.34,3.93,demo_simulation
2026-08-30,-70.29,81.82,0.3991,0.0366,1.0,34.21,4.33,demo_simulation
2026-08-30,-70.29,114.55,0.2497,0.0211,2.6,34.68,2.38,demo_simulation
2026-08-30,-70.29,147.27,0.309,0.0545,2.8,34.73,2.42,demo_simulation
2026-08-30,-70.29,180.0,0.15,0.1542,1.8,34.78,3.39,demo_simulation
2026-08-30,-67.71,-180.0,0.195,-0.0664,1.4,33.82,1.8,demo_simulation
2026-08-30,-67.71,-147.27,0.3691,0.1946,4.4,34.75,3.36,demo_simulation
2026-08-30,-67.71,-114.55,0.2952,0.2025,2.9,34.55,3.65,demo_simulation
2026-08-30,-67.71,-81.82,0.3018,0.0489,3.3,33.91,4.76,demo_simulation
2026-08-30,-67.71,-49.09,0.2979,-0.2847,1.1,33.67,2.61,demo_simulation
2026-08-30,-67.71,-16.36,0.1822,0.1996,0.5,33.54,2.42,demo_simulation
2026-08-30,-67.71,16.36,0.3163,-0.0189,2.6,34.03,3.38,demo_simulation
2026-08-30,-67.71,49.09,0.3135,-0.2361,4.1,33.6,4.9,demo_simulation
2026-08-30,-67.71,81.82,0.0733,0.1234,3.6,34.23,1.94,demo_simulation
2026-08-30,-67.71,114.55,0.0758,0.1957,3.3,34.2,3.6,demo_simulation
2026-08-30,-67.71,147.27,0.332,-0.1282,4.3,33.56,3.04,demo_simulation
2026-08-30,-67.71,180.0,0.3796,-0.3142,3.5,34.02,2.94,demo_simulation
2026-08-30,-65.14,-180.0,0.2517,0.0829,4.7,34.37,2.46,demo_simulation
2026-08-30,-65.14,-147.27,0.181,0.0762,3.3,34.16,3.76,demo_simulation
2026-08-30,-65.14,-114.55,0.3878,-0.0061,3.6,34.62,2.07,demo_simulation
2026-08-30,-65.14,-81.82,0.308,0.1772,4.6,33.77,3.84,demo_simulation
2026-08-30,-65.14,-49.09,0.0853,-0.0663,5.0,33.6,2.37,demo_simulation
2026-08-30,-65.14,-16.36,0.0559,0.2877,4.7,34.73,1.57,demo_simulation
2026-08-30,-65.14,16.36,0.2641,0.1269,4.0,33.85,2.2,demo_simulation
2026-08-30,-65.14,49.09,0.1275,-0.0061,1.7,34.3,2.44,demo_simulation
2026-08-30,-65.14,81.82,0.2123,-0.0851,4.7,33.87,2.89,demo_simulation
2026-08-30,-65.14,114.55,0.3376,-0.2932,5.2,34.48,1.53,demo_simulation
2026-08-30,-65.14,147.27,0.3924,-0.197,4.3,34.75,2.91,demo_simulation
2026-08-30,-65.14,180.0,0.2498,-0.1526,5.2,34.52,3.45,demo_simulation
2026-08-30,-62.57,-180.0,0.1045,0.0977,5.4,34.24,1.8,demo_simulation
2026-08-30,-62.57,-147.27,0.3284,-0.1837,6.0,34.21,2.56,demo_simulation
2026-08-30,-62.57,-114.55,0.0751,-0.1463,4.5,34.24,3.33,demo_simulation
2026-08-30,-62.57,-81.82,0.2216,0.0439,4.6,33.63,2.15,demo_simulation
2026-08-30,-62.57,-49.09,0.1311,-0.2061,4.9,33.62,3.68,demo_simulation
2026-08-30,-62.57,-16.36,0.4171,0.0786,4.4,34.65,4.63,demo_simulation
2026-08-30,-62.57,16.36,0.3064,0.0786,5.2,34.36,1.55,demo_simulation
2026-08-30,-62.57,49.09,0.441,-0.1982,4.5,33.84,3.46,demo_simulation
2026-08-30,-62.57,81.82,0.3774,-0.3988,4.7,33.57,4.77,demo_simulation
2026-08-30,-62.57,114.55,0.4047,-0.1916,6.2,33.71,4.48,demo_simulation
2026-08-30,-62.57,147.27,0.3848,-0.191,4.2,34.15,3.61,demo_simulation
2026-08-30,-62.57,180.0,0.3748,-0.0587,6.6,33.7,4.4,demo_simulation
2026-08-30,-60.0,-180.0,0.2681,0.0457,5.5,34.51,4.32,demo_simulation
2026-08-30,-60.0,-147.27,0.3699,0.0949,7.2,33.74,2.71,demo_simulation
2026-08-30,-60.0,-114.55,0.1127,-0.2465,7.5,33.95,4.89,demo_simulation
2026-08-30,-60.0,-81.82,0.4378,-0.1546,6.2,34.42,4.8,demo_simulation
2026-08-30,-60.0,-49.09,0.414,0.1064,7.3,34.29,3.53,demo_simulation
2026-08-30,-60.0,-16.36,0.3449,0.0377,4.7,34.37,3.17,demo_simulation
2026-08-30,-60.0,16.36,0.0586,-0.0299,7.6,33.9,4.16,demo_simulation
2026-08-30,-60.0,49.09,0.3517,-0.0438,7.3,33.81,2.81,demo_simulation
2026-08-30,-60.0,81.82,0.3115,0.0825,6.9,33.89,2.58,demo_simulation
2026-08-30,-60.0,114.55,0.2325,-0.1609,7.4,33.72,2.2,demo_simulation
2026-08-30,-60.0,147.27,0.449,-0.1486,6.3,33.9,2.57,demo_simulation
2026-08-30,-60.0,180.0,0.3998,0.0591,3.7,34.65,2.68,demo_simulation
2026-08-29,-78.0,-180.0,0.175,-0.2198,-1.4,33.97,3.41,demo_simulation
2026-08-29,-78.0,-147.27,0.4175,0.1134,-0.9,34.75,1.73,demo_simulation
2026-08-29,-78.0,-114.55,0.2152,0.1007,-1.0,34.67,3.47,demo_simulation
2026-08-29,-78.0,-81.82,0.4482,-0.001,0.4,34.29,3.19,demo_simulation
2026-08-29,-78.0,-49.09,0.2526,-0.1039,-2.3,34.19,2.93,demo_simulation
2026-08-29,-78.0,-16.36,0.2605,-0.0592,-0.6,34.75,1.72,demo_simulation
2026-08-29,-78.0,16.36,0.3475,0.1054,-1.0,34.05,4.75,demo_simulation
2026-08-29,-78.0,49.09,0.4128,0.0755,-1.0,34.79,2.86,demo_simulation
2026-08-29,-78.0,81.82,0.2814,0.0318,-3.0,34.54,2.06,demo_simulation
2026-08-29,-78.0,114.55,0.095,-0.4067,-0.4,34.55,2.28,demo_simulation
2026-08-29,-78.0,147.27,0.3998,0.0575,-1.6,34.2,3.98,demo_simulation
2026-08-29,-78.0,180.0,0.2511,-0.1588,-1.0,33.64,2.51,demo_simulation
2026-08-29,-75.43,-180.0,0.1563,-0.0382,0.9,34.74,3.6,demo_simulation
2026-08-29,-75.43,-147.27,0.1769,0.0298,-0.9,34.79,1.9,demo_simulation
2026-08-29,-75.43,-114.55,0.3705,0.1068,0.6,34.46,3.39,demo_simulation
2026-08-29,-75.43,-81.82,0.132,-0.2296,-0.4,33.6,4.25,demo_simulation
2026-08-29,-75.43,-49.09,0.2387,0.1234,0.1,33.89,4.88,demo_simulation
2026-08-29,-75.43,-16.36,0.278,0.0614,1.4,34.34,4.06,demo_simulation
2026-08-29,-75.43,16.36,0.211,0.0823,-2.2,34.2,4.25,demo_simulation
2026-08-29,-75.43,49.09,0.2562,0.1346,1.6,34.39,2.32,demo_simulation
2026-08-29,-75.43,81.82,0.1592,-0.0334,-1.6,33.58,3.02,demo_simulation
2026-08-29,-75.43,114.55,0.2349,-0.3859,-1.2,33.75,3.47,demo_simulation
2026-08-29,-75.43,147.27,0.3894,0.0082,1.6,34.13,2.13,demo_simulation
2026-08-29,-75.43,180.0,0.3163,0.4245,-0.4,33.74,3.57,demo_simulation
2026-08-29,-72.86,-180.0,0.2264,-0.0174,2.7,33.71,2.58,demo_simulation
2026-08-29,-72.86,-147.27,0.1528,-0.1462,1.6,33.73,4.04,demo_simulation
2026-08-29,-72.86,-114.55,0.3324,-0.358,-0.6,33.98,4.23,demo_simulation
2026-08-29,-72.86,-81.82,0.1782,0.0781,0.6,34.32,3.03,demo_simulation
2026-08-29,-72.86,-49.09,0.21,-0.1127,-0.3,33.61,4.65,demo_simulation
2026-08-29,-72.86,-16.36,0.3784,-0.0392,-0.1,34.64,3.33,demo_simulation
2026-08-29,-72.86,16.36,0.1386,0.0294,0.5,34.78,4.44,demo_simulation
2026-08-29,-72.86,49.09,0.253,-0.1559,1.0,33.83,4.18,demo_simulation
2026-08-29,-72.86,81.82,0.2345,-0.2038,0.2,33.54,3.24,demo_simulation
2026-08-29,-72.86,114.55,0.3613,-0.1963,0.1,33.76,1.71,demo_simulation
2026-08-29,-72.86,147.27,0.3747,0.1518,-0.7,33.64,2.66,demo_simulation
2026-08-29,-72.86,180.0,0.1261,-0.0793,1.4,34.07,4.64,demo_simulation
2026-08-29,-70.29,-180.0,0.1578,0.0873,0.8,34.12,3.59,demo_simulation
2026-08-29,-70.29,-147.27,0.0583,0.0296,1.1,33.87,4.17,demo_simulation
2026-08-29,-70.29,-114.55,0.4233,-0.072,3.3,34.51,2.52,demo_simulation
2026-08-29,-70.29,-81.82,0.4299,-0.0028,0.9,33.56,3.09,demo_simulation
2026-08-29,-70.29,-49.09,0.0815,-0.0421,2.7,34.45,4.89,demo_simulation
2026-08-29,-70.29,-16.36,0.1959,0.0012,3.0,33.94,2.85,demo_simulation
2026-08-29,-70.29,16.36,0.2749,0.037,3.5,34.17,3.26,demo_simulation
2026-08-29,-70.29,49.09,0.1844,0.2094,1.2,33.74,2.55,demo_simulation
2026-08-29,-70.29,81.82,0.2491,0.2097,1.1,34.61,1.8,demo_simulation
2026-08-29,-70.29,114.55,0.3925,0.0984,2.3,34.0,2.66,demo_simulation
2026-08-29,-70.29,147.27,0.1256,0.2605,1.3,34.75,3.68,demo_simulation
2026-08-29,-70.29,180.0,0.2115,0.1059,1.1,34.09,2.47,demo_simulation
2026-08-29,-67.71,-180.0,0.2918,0.2766,1.5,34.07,1.71,demo_simulation
2026-08-29,-67.71,-147.27,0.3121,-0.103,1.7,34.62,4.25,demo_simulation
2026-08-29,-67.71,-114.55,0.2391,-0.1489,3.2,33.77,4.91,demo_simulation
2026-08-29,-67.71,-81.82,0.093,-0.172,2.6,34.33,1.97,demo_simulation
2026-08-29,-67.71,-49.09,0.3283,0.3822,4.3,34.14,1.94,demo_simulation
2026-08-29,-67.71,-16.36,0.1887,0.1267,3.5,33.64,2.91,demo_simulation
2026-08-29,-67.71,16.36,0.43,0.3807,2.1,34.72,4.33,demo_simulation
2026-08-29,-67.71,49.09,0.4482,-0.0135,2.5,34.79,2.94,demo_simulation
2026-08-29,-67.71,81.82,0.285,-0.06,2.4,34.13,4.31,demo_simulation
2026-08-29,-67.71,114.55,0.4002,0.0015,2.7,33.95,3.63,demo_simulation
2026-08-29,-67.71,147.27,0.2126,0.2925,3.9,33.59,1.71,demo_simulation
2026-08-29,-67.71,180.0,0.3291,0.3444,4.2,34.26,4.93,demo_simulation
2026-08-29,-65.14,-180.0,0.1313,-0.1071,2.3,34.3,2.04,demo_simulation
2026-08-29,-65.14,-147.27,0.1151,-0.0533,5.6,33.55,2.45,demo_simulation
2026-08-29,-65.14,-114.55,0.1644,0.0647,2.5,33.61,3.6,demo_simulation
2026-08-29,-65.14,-81.82,0.2384,0.1182,3.5,34.08,3.15,demo_simulation
2026-08-29,-65.14,-49.09,0.1979,0.0143,2.5,34.75,2.32,demo_simulation
2026-08-29,-65.14,-16.36,0.102,-0.2552,1.9,34.71,4.93,demo_simulation
2026-08-29,-65.14,16.36,0.415,0.173,2.2,33.57,5.0,demo_simulation
2026-08-29,-65.14,49.09,0.265,-0.0641,3.9,33.63,2.08,demo_simulation
2026-08-29,-65.14,81.82,0.2628,0.0804,3.7,33.52,3.79,demo_simulation
2026-08-29,-65.14,114.55,0.3337,0.1621,3.5,34.1,1.82,demo_simulation
2026-08-29,-65.14,147.27,0.2128,-0.3066,5.3,34.57,4.41,demo_simulation
2026-08-29,-65.14,180.0,0.274,-0.0695,2.5,33.81,2.66,demo_simulation
2026-08-29,-62.57,-180.0,0.1847,0.0298,4.5,34.65,2.38,demo_simulation
2026-08-29,-62.57,-147.27,0.2544,-0.032,5.8,34.59,1.67,demo_simulation
2026-08-29,-62.57,-114.55,0.05,-0.0625,5.2,34.62,3.21,demo_simulation
2026-08-29,-62.57,-81.82,0.3966,-0.1267,6.4,33.73,3.97,demo_simulation
2026-08-29,-62.57,-49.09,0.3531,0.2683,5.5,34.63,4.51,demo_simulation
2026-08-29,-62.57,-16.36,0.2531,-0.0163,3.5,33.88,2.62,demo_simulation
2026-08-29,-62.57,16.36,0.196,0.1169,4.9,34.56,4.52,demo_simulation
2026-08-29,-62.57,49.09,0.1272,-0.0368,4.8,33.82,1.87,demo_simulation
2026-08-29,-62.57,81.82,0.1618,-0.2583,3.6,34.06,4.12,demo_simulation
2026-08-29,-62.57,114.55,0.0919,-0.0524,5.2,34.06,2.37,demo_simulation
2026-08-29,-62.57,147.27,0.098,0.0477,6.1,34.38,4.47,demo_simulation
2026-08-29,-62.57,180.0,0.1108,-0.3219,5.9,33.91,4.26,demo_simulation
2026-08-29,-60.0,-180.0,0.1173,-0.0283,5.1,34.17,4.54,demo_simulation
2026-08-29,-60.0,-147.27,0.3511,0.07,5.6,33.61,4.47,demo_simulation
2026-08-29,-60.0,-114.55,0.1599,-0.1795,7.8,34.58,3.01,demo_simulation
2026-08-29,-60.0,-81.82,0.3914,0.0915,6.1,34.55,4.55,demo_simulation
2026-08-29,-60.0,-49.09,0.0567,-0.1716,5.8,33.66,4.21,demo_simulation
2026-08-29,-60.0,-16.36,0.1706,0.0831,5.5,33.79,1.95,demo_simulation
2026-08-29,-60.0,16.36,0.2726,0.0287,6.0,34.13,1.76,demo_simulation
2026-08-29,-60.0,49.09,0.2846,0.2461,5.3,34.05,4.13,demo_simulation
2026-08-29,-60.0,81.82,0.4163,-0.0318,5.2,33.65,3.39,demo_simulation
2026-08-29,-60.0,114.55,0.3966,0.1642,4.6,33.66,4.23,demo_simulation
2026-08-29,-60.0,147.27,0.2822,0.0603,3.7,34.4,2.86,demo_simulation
2026-08-29,-60.0,180.0,0.153,0.045,5.6,34.41,1.96,demo_simulation
2026-08-28,-78.0,-180.0,0.0704,-0.1467,-0.4,34.27,3.53,demo_simulation
2026-08-28,-78.0,-147.27,0.0568,0.2294,-0.1,34.35,2.88,demo_simulation
2026-08-28,-78.0,-114.55,0.4371,-0.074,-1.9,33.95,4.68,demo_simulation
2026-08-28,-78.0,-81.82,0.2825,-0.1191,-2.6,33.65,1.79,demo_simulation
2026-08-28,-78.0,-49.09,0.1841,0.1284,-0.6,33.6,4.86,demo_simulation
2026-08-28,-78.0,-16.36,0.2906,0.1943,0.3,33.79,2.31,demo_simulation
2026-08-28,-78.0,16.36,0.2375,-0.1115,-1.5,34.59,3.0,demo_simulation
2026-08-28,-78.0,49.09,0.074,0.0348,-0.8,34.54,2.73,demo_simulation
2026-08-28,-78.0,81.82,0.2262,-0.1252,-2.6,33.84,2.38,demo_simulation
2026-08-28,-78.0,114.55,0.1832,-0.1701,-1.7,33.57,2.99,demo_simulation
2026-08-28,-78.0,147.27,0.1381,0.1845,-1.5,34.03,4.47,demo_simulation
2026-08-28,-78.0,180.0,0.2234,-0.1172,-3.1,34.2,2.18,demo_simulation
2026-08-28,-75.43,-180.0,0.1583,-0.1625,1.6,33.6,4.51,demo_simulation
2026-08-28,-75.43,-147.27,0.3399,0.0625,0.8,34.33,3.29,demo_simulation
2026-08-28,-75.43,-114.55,0.3474,0.1701,0.2,34.41,1.93,demo_simulation
2026-08-28,-75.43,-81.82,0.4143,0.172,-0.1,33.61,2.4,demo_simulation
2026-08-28,-75.43,-49.09,0.3913,-0.1377,-0.4,33.67,3.25,demo_simulation
2026-08-28,-75.43,-16.36,0.2231,-0.0783,-1.8,34.33,2.44,demo_simulation
2026-08-28,-75.43,16.36,0.3086,-0.0856,0.0,33.57,3.75,demo_simulation
2026-08-28,-75.43,49.09,0.0603,-0.0823,-0.1,34.65,2.35,demo_simulation
2026-08-28,-75.43,81.82,0.2547,0.1239,-0.1,33.57,3.56,demo_simulation
2026-08-28,-75.43,114.55,0.391,0.3351,-2.5,34.22,2.78,demo_simulation
2026-08-28,-75.43,147.27,0.4483,0.138,1.0,34.55,3.23,demo_simulation
2026-08-28,-75.43,180.0,0.314,0.1892,-0.4,34.08,3.59,demo_simulation
2026-08-28,-72.86,-180.0,0.1181,0.1512,1.3,34.47,4.84,demo_simulation
2026-08-28,-72.86,-147.27,0.4161,0.211,0.2,34.12,4.94,demo_simulation
2026-08-28,-72.86,-114.55,0.2135,-0.0075,0.8,34.13,3.79,demo_simulation
2026-08-28,-72.86,-81.82,0.0951,-0.0663,1.2,34.4,2.64,demo_simulation
2026-08-28,-72.86,-49.09,0.3469,0.188,-0.4,33.93,3.1,demo_simulation
2026-08-28,-72.86,-16.36,0.4271,0.137,0.8,34.71,4.01,demo_simulation
2026-08-28,-72.86,16.36,0.3814,-0.0235,1.1,34.35,2.91,demo_simulation
2026-08-28,-72.86,49.09,0.2885,-0.1066,0.7,34.73,3.01,demo_simulation
2026-08-28,-72.86,81.82,0.2469,0.0403,0.7,34.15,2.33,demo_simulation
2026-08-28,-72.86,114.55,0.3716,0.0178,0.8,34.41,2.05,demo_simulation
2026-08-28,-72.86,147.27,0.1942,0.0507,1.9,33.72,2.52,demo_simulation
2026-08-28,-72.86,180.0,0.0596,0.0444,-0.2,34.73,2.85,demo_simulation
2026-08-28,-70.29,-180.0,0.1854,0.2707,0.7,34.29,2.62,demo_simulation
2026-08-28,-70.29,-147.27,0.2506,0.1586,1.9,33.98,4.73,demo_simulation
2026-08-28,-70.29,-114.55,0.3411,0.1274,4.0,33.95,4.22,demo_simulation
2026-08-28,-70.29,-81.82,0.3213,-0.015,2.0,34.11,2.85,demo_simulation
2026-08-28,-70.29,-49.09,0.1795,0.1114,1.7,34.55,2.78,demo_simulation
2026-08-28,-70.29,-16.36,0.3825,-0.0674,1.5,33.96,4.95,demo_simulation
2026-08-28,-70.29,16.36,0.3868,0.0497,3.0,33.78,3.83,demo_simulation
2026-08-28,-70.29,49.09,0.2289,-0.0275,1.5,33.85,1.94,demo_simulation
2026-08-28,-70.29,81.82,0.4029,0.1705,1.6,33.74,2.58,demo_simulation
2026-08-28,-70.29,114.55,0.1609,0.0448,3.6,34.07,4.87,demo_simulation
2026-08-28,-70.29,147.27,0.3167,0.2395,0.9,34.47,2.73,demo_simulation
2026-08-28,-70.29,180.0,0.3474,0.0577,0.4,33.86,3.03,demo_simulation
2026-08-28,-67.71,-180.0,0.3231,0.3351,3.4,34.32,4.62,demo_simulation
2026-08-28,-67.71,-147.27,0.2593,0.1491,2.0,34.24,2.22,demo_simulation
2026-08-28,-67.71,-114.55,0.0585,-0.1117,1.2,33.51,4.88,demo_simulation
2026-08-28,-67.71,-81.82,0.3637,0.0124,2.5,34.73,3.17,demo_simulation
2026-08-28,-67.71,-49.09,0.1799,0.0538,4.1,34.04,4.94,demo_simulation
2026-08-28,-67.71,-16.36,0.2374,-0.0503,2.6,33.73,3.65,demo_simulation
2026-08-28,-67.71,16.36,0.3177,0.036,1.8,33.87,4.42,demo_simulation
2026-08-28,-67.71,49.09,0.2304,0.1159,2.0,33.95,3.7,demo_simulation
2026-08-28,-67.71,81.82,0.3862,-0.0809,3.3,34.04,3.36,demo_simulation
2026-08-28,-67.71,114.55,0.1102,0.0195,0.9,34.53,2.39,demo_simulation
2026-08-28,-67.71,147.27,0.056,-0.0812,4.0,33.82,2.39,demo_simulation
2026-08-28,-67.71,180.0,0.2652,0.1985,3.2,34.31,4.21,demo_simulation
2026-08-28,-65.14,-180.0,0.2264,-0.0333,3.8,34.56,2.53,demo_simulation
2026-08-28,-65.14,-147.27,0.1817,0.0575,4.8,34.22,4.47,demo_simulation
2026-08-28,-65.14,-114.55,0.2995,0.1818,2.9,34.54,4.07,demo_simulation
2026-08-28,-65.14,-81.82,0.1312,-0.0717,3.9,34.27,1.59,demo_simulation
2026-08-28,-65.14,-49.09,0.4038,0.2642,4.1,34.15,3.17,demo_simulation
2026-08-28,-65.14,-16.36,0.4269,-0.02,4.7,34.51,2.04,demo_simulation
2026-08-28,-65.14,16.36,0.3041,-0.183,3.8,33.99,4.28,demo_simulation
2026-08-28,-65.14,49.09,0.299,0.1784,4.0,34.48,1.82,demo_simulation
2026-08-28,-65.14,81.82,0.2791,-0.062,3.1,34.36,3.2,demo_simulation
2026-08-28,-65.14,114.55,0.1464,0.2573,4.1,34.54,2.47,demo_simulation
2026-08-28,-65.14,147.27,0.369,-0.3139,5.1,33.68,2.63,demo_simulation
2026-08-28,-65.14,180.0,0.3018,0.1207,4.5,34.68,2.18,demo_simulation
2026-08-28,-62.57,-180.0,0.4059,-0.1413,4.2,33.99,5.0,demo_simulation
2026-08-28,-62.57,-147.27,0.1071,-0.0669,4.9,34.65,4.2,demo_simulation
2026-08-28,-62.57,-114.55,0.159,0.0648,4.4,33.5,2.46,demo_simulation
2026-08-28,-62.57,-81.82,0.0588,-0.0823,7.4,33.55,3.5,demo_simulation
2026-08-28,-62.57,-49.09,0.2182,-0.0947,6.2,34.38,2.79,demo_simulation
2026-08-28,-62.57,-16.36,0.0831,-0.0423,5.9,34.14,2.27,demo_simulation
2026-08-28,-62.57,16.36,0.3498,-0.1033,4.9,33.83,2.9,demo_simulation
2026-08-28,-62.57,49.09,0.1562,-0.1073,3.9,34.07,4.13,demo_simulation
2026-08-28,-62.57,81.82,0.4335,-0.1185,4.0,34.73,4.4,demo_simulation
2026-08-28,-62.57,114.55,0.4308,-0.0541,4.7,34.4,1.92,demo_simulation
2026-08-28,-62.57,147.27,0.269,-0.0596,5.4,34.34,3.2,demo_simulation
2026-08-28,-62.57,180.0,0.1877,-0.0739,5.2,33.85,4.03,demo_simulation
2026-08-28,-60.0,-180.0,0.1299,0.24,5.7,33.86,3.12,demo_simulation
2026-08-28,-60.0,-147.27,0.4274,0.0288,6.2,34.63,3.08,demo_simulation
2026-08-28,-60.0,-114.55,0.4166,0.3413,5.7,33.66,2.16,demo_simulation
2026-08-28,-60.0,-81.82,0.4048,-0.1091,6.7,34.13,4.21,demo_simulation
2026-08-28,-60.0,-49.09,0.1455,-0.1805,5.9,34.63,2.91,demo_simulation
2026-08-28,-60.0,-16.36,0.433,0.0145,6.1,34.38,1.78,demo_simulation
2026-08-28,-60.0,16.36,0.2313,0.1164,6.9,33.62,1.89,demo_simulation
2026-08-28,-60.0,49.09,0.4366,0.0223,5.1,34.23,4.77,demo_simulation
2026-08-28,-60.0,81.82,0.1079,0.234,5.7,34.36,3.76,demo_simulation
2026-08-28,-60.0,114.55,0.2691,-0.1512,6.2,34.69,3.34,demo_simulation
2026-08-28,-60.0,147.27,0.2246,0.1108,6.9,34.22,4.21,demo_simulation
2026-08-28,-60.0,180.0,0.4041,-0.2371,7.7,33.73,3.95,demo_simulation
2026-08-27,-78.0,-180.0,0.3198,-0.191,-0.3,34.5,3.04,demo_simulation
2026-08-27,-78.0,-147.27,0.2635,0.0763,-1.6,34.41,4.24,demo_simulation
2026-08-27,-78.0,-114.55,0.1609,-0.1717,-2.5,33.82,3.6,demo_simulation
2026-08-27,-78.0,-81.82,0.0516,-0.272,-1.4,33.65,2.05,demo_simulation
2026-08-27,-78.0,-49.09,0.1377,0.0756,-0.2,34.04,2.32,demo_simulation
2026-08-27,-78.0,-16.36,0.2368,0.0775,-1.0,33.53,4.77,demo_simulation
2026-08-27,-78.0,16.36,0.2379,-0.0588,-0.6,34.7,4.51,demo_simulation
2026-08-27,-78.0,49.09,0.4248,-0.1103,-1.8,33.91,2.46,demo_simulation
2026-08-27,-78.0,81.82,0.3382,0.0247,-0.8,33.93,3.8,demo_simulation
2026-08-27,-78.0,114.55,0.0783,0.1511,-3.1,33.58,2.03,demo_simulation
2026-08-27,-78.0,147.27,0.3334,-0.094,-1.4,33.84,1.81,demo_simulation
2026-08-27,-78.0,180.0,0.2805,0.2005,-1.3,33.92,4.21,demo_simulation
2026-08-27,-75.43,-180.0,0.0617,0.0486,-0.2,34.27,1.95,demo_simulation
2026-08-27,-75.43,-147.27,0.1715,-0.1777,-0.1,33.56,3.16,demo_simulation
2026-08-27,-75.43,-114.55,0.3845,-0.0376,-0.9,33.84,3.45,demo_simulation
2026-08-27,-75.43,-81.82,0.3545,0.0443,-2.5,33.78,4.14,demo_simulation
2026-08-27,-75.43,-49.09,0.3034,-0.0084,-2.3,34.68,1.56,demo_simulation
2026-08-27,-75.43,-16.36,0.2657,-0.0977,-2.0,34.64,3.64,demo_simulation
2026-08-27,-75.43,16.36,0.2963,-0.0034,0.1,34.25,4.62,demo_simulation
2026-08-27,-75.43,49.09,0.2441,0.0489,2.3,34.5,1.98,demo_simulation
2026-08-27,-75.43,81.82,0.0784,-0.0991,-0.1,34.63,3.3,demo_simulation
2026-08-27,-75.43,114.55,0.1534,-0.0613,0.0,33.99,3.46,demo_simulation
2026-08-27,-75.43,147.27,0.1901,-0.1162,-0.4,33.55,4.07,demo_simulation
2026-08-27,-75.43,180.0,0.1114,-0.0712,-1.2,34.77,4.56,demo_simulation
2026-08-27,-72.86,-180.0,0.0717,-0.0144,0.9,34.4,4.43,demo_simulation
2026-08-27,-72.86,-147.27,0.2206,0.0344,2.2,33.59,2.06,demo_simulation
2026-08-27,-72.86,-114.55,0.3585,-0.2778,1.4,33.67,2.85,demo_simulation
2026-08-27,-72.86,-81.82,0.2279,0.3499,3.2,33.54,1.69,demo_simulation
2026-08-27,-72.86,-49.09,0.0776,0.132,0.2,34.1,4.13,demo_simulation
2026-08-27,-72.86,-16.36,0.1085,0.0159,1.6,33.77,3.28,demo_simulation
2026-08-27,-72.86,16.36,0.3847,-0.1566,-0.0,33.59,3.39,demo_simulation
2026-08-27,-72.86,49.09,0.0954,0.316,-0.2,33.69,4.78,demo_simulation
2026-08-27,-72.86,81.82,0.0752,0.0261,0.8,33.65,2.04,demo_simulation
2026-08-27,-72.86,114.55,0.4487,-0.0536,0.8,33.77,1.99,demo_simulation
2026-08-27,-72.86,147.27,0.1538,0.1425,1.1,34.7,4.98,demo_simulation
2026-08-27,-72.86,180.0,0.1126,-0.0349,0.8,34.17,2.11,demo_simulation
2026-08-27,-70.29,-180.0,0.4072,-0.0213,1.8,34.7,3.12,demo_simulation
2026-08-27,-70.29,-147.27,0.2571,-0.1649,3.6,33.9,4.44,demo_simulation
2026-08-27,-70.29,-114.55,0.4258,0.2647,3.0,33.84,2.28,demo_simulation
2026-08-27,-70.29,-81.82,0.1979,-0.0493,3.3,34.29,2.75,demo_simulation
2026-08-27,-70.29,-49.09,0.2989,-0.0871,3.3,33.63,4.36,demo_simulation
2026-08-27,-70.29,-16.36,0.352,-0.0585,2.5,34.12,3.48,demo_simulation
2026-08-27,-70.29,16.36,0.3483,0.21,3.1,34.1,1.8,demo_simulation
2026-08-27,-70.29,49.09,0.1445,-0.0397,3.1,34.62,4.23,demo_simulation
2026-08-27,-70.29,81.82,0.3576,0.1547,1.6,34.41,4.18,demo_simulation
2026-08-27,-70.29,114.55,0.2974,0.0536,3.4,34.25,4.9,demo_simulation
2026-08-27,-70.29,147.27,0.2815,0.0654,3.5,34.61,2.02,demo_simulation
2026-08-27,-70.29,180.0,0.2518,0.0273,2.1,34.02,3.34,demo_simulation
2026-08-27,-67.71,-180.0,0.0624,-0.3269,1.5,34.21,1.57,demo_simulation
2026-08-27,-67.71,-147.27,0.4457,0.0504,2.5,34.58,3.16,demo_simulation
2026-08-27,-67.71,-114.55,0.3425,-0.1796,4.6,34.52,4.0,demo_simulation
2026-08-27,-67.71,-81.82,0.3084,-0.0414,4.2,34.54,4.31,demo_simulation
2026-08-27,-67.71,-49.09,0.232,0.1229,2.4,34.47,4.13,demo_simulation
2026-08-27,-67.71,-16.36,0.4128,-0.0668,2.0,34.36,2.78,demo_simulation
2026-08-27,-67.71,16.36,0.1198,0.0012,2.3,33.57,3.8,demo_simulation
2026-08-27,-67.71,49.09,0.2546,-0.045,2.3,34.56,4.03,demo_simulation
2026-08-27,-67.71,81.82,0.3078,-0.2011,3.4,34.56,4.13,demo_simulation
2026-08-27,-67.71,114.55,0.2659,-0.1189,1.3,33.63,3.17,demo_simulation
2026-08-27,-67.71,147.27,0.4489,0.0111,3.6,33.93,2.29,demo_simulation
2026-08-27,-67.71,180.0,0.2915,-0.0157,2.6,34.78,4.78,demo_simulation
2026-08-27,-65.14,-180.0,0.0736,-0.2752,3.1,34.78,1.91,demo_simulation
2026-08-27,-65.14,-147.27,0.2315,-0.0636,4.2,34.14,3.33,demo_simulation
2026-08-27,-65.14,-114.55,0.4301,0.044,5.3,34.13,2.29,demo_simulation
2026-08-27,-65.14,-81.82,0.3889,-0.2862,1.5,34.08,2.26,demo_simulation
2026-08-27,-65.14,-49.09,0.3454,0.2147,3.1,34.41,3.67,demo_simulation
2026-08-27,-65.14,-16.36,0.1632,-0.023,3.0,33.89,4.04,demo_simulation
2026-08-27,-65.14,16.36,0.0931,-0.0452,4.1,34.31,4.77,demo_simulation
2026-08-27,-65.14,49.09,0.1676,-0.0222,4.5,34.51,3.77,demo_simulation
2026-08-27,-65.14,81.82,0.2899,0.0783,4.6,33.58,3.44,demo_simulation
2026-08-27,-65.14,114.55,0.2104,0.1754,3.8,34.16,3.57,demo_simulation
2026-08-27,-65.14,147.27,0.1316,0.1729,4.7,34.32,2.79,demo_simulation
2026-08-27,-65.14,180.0,0.2984,-0.2165,4.8,34.22,1.67,demo_simulation
2026-08-27,-62.57,-180.0,0.4444,-0.1172,4.0,34.67,4.49,demo_simulation
2026-08-27,-62.57,-147.27,0.293,-0.2666,2.8,34.75,3.65,demo_simulation
2026-08-27,-62.57,-114.55,0.2604,-0.1392,5.6,34.3,2.99,demo_simulation
2026-08-27,-62.57,-81.82,0.1724,0.2614,4.7,34.35,4.51,demo_simulation
2026-08-27,-62.57,-49.09,0.3702,-0.1074,3.7,34.62,1.58,demo_simulation
2026-08-27,-62.57,-16.36,0.1334,0.1194,4.1,33.74,2.04,demo_simulation
2026-08-27,-62.57,16.36,0.3728,-0.0749,4.8,34.16,3.54,demo_simulation
2026-08-27,-62.57,49.09,0.2987,-0.0058,6.8,33.53,2.56,demo_simulation
2026-08-27,-62.57,81.82,0.4215,-0.0449,5.3,33.52,2.77,demo_simulation
2026-08-27,-62.57,114.55,0.128,0.2226,3.6,33.89,4.76,demo_simulation
2026-08-27,-62.57,147.27,0.0652,-0.0601,5.7,33.59,4.5,demo_simulation
2026-08-27,-62.57,180.0,0.2849,0.473,5.3,33.79,2.1,demo_simulation
2026-08-27,-60.0,-180.0,0.334,0.0784,5.9,34.71,3.79,demo_simulation
2026-08-27,-60.0,-147.27,0.4013,-0.0767,7.4,33.75,1.75,demo_simulation
2026-08-27,-60.0,-114.55,0.2859,0.1782,5.7,34.69,1.63,demo_simulation
2026-08-27,-60.0,-81.82,0.3484,0.1792,5.9,33.59,3.48,demo_simulation
2026-08-27,-60.0,-49.09,0.1345,0.0513,6.5,34.2,3.77,demo_simulation
2026-08-27,-60.0,-16.36,0.3811,-0.1353,6.5,34.22,2.06,demo_simulation
2026-08-27,-60.0,16.36,0.4134,0.0023,5.5,33.75,3.22,demo_simulation
2026-08-27,-60.0,49.09,0.2292,0.2271,6.4,34.06,4.08,demo_simulation
2026-08-27,-60.0,81.82,0.3579,0.0725,3.9,33.89,4.96,demo_simulation
2026-08-27,-60.0,114.55,0.3422,-0.1506,6.3,34.71,4.65,demo_simulation
2026-08-27,-60.0,147.27,0.374,0.017,4.9,34.77,4.34,demo_simulation
2026-08-27,-60.0,180.0,0.313,0.0311,8.3,34.8,3.96,demo_simulation
2026-08-26,-78.0,-180.0,0.2781,0.0047,-3.0,33.55,4.98,demo_simulation
2026-08-26,-78.0,-147.27,0.1564,0.003,-1.9,33.95,3.72,demo_simulation
2026-08-26,-78.0,-114.55,0.0745,-0.2227,-0.5,34.08,3.44,demo_simulation
2026-08-26,-78.0,-81.82,0.3924,-0.1471,-3.4,34.43,4.71,demo_simulation
2026-08-26,-78.0,-49.09,0.3127,0.1225,-0.9,33.83,4.2,demo_simulation
2026-08-26,-78.0,-16.36,0.2365,-0.0658,-0.5,33.88,4.63,demo_simulation
2026-08-26,-78.0,16.36,0.3992,-0.1648,-3.4,33.61,1.93,demo_simulation
2026-08-26,-78.0,49.09,0.0682,-0.1227,-1.1,33.95,2.56,demo_simulation
2026-08-26,-78.0,81.82,0.4003,0.1836,-2.3,34.14,2.9,demo_simulation
2026-08-26,-78.0,114.55,0.3102,0.2359,-3.6,34.46,2.38,demo_simulation
2026-08-26,-78.0,147.27,0.2599,-0.1248,-2.1,34.63,4.97,demo_simulation
2026-08-26,-78.0,180.0,0.3564,0.1404,-1.4,34.14,3.65,demo_simulation
2026-08-26,-75.43,-180.0,0.1491,-0.005,0.0,33.7,3.55,demo_simulation
2026-08-26,-75.43,-147.27,0.3572,0.0374,-0.5,34.15,2.43,demo_simulation
2026-08-26,-75.43,-114.55,0.4134,0.0144,1.5,33.61,4.83,demo_simulation
2026-08-26,-75.43,-81.82,0.0571,0.0962,-1.1,33.66,3.93,demo_simulation
2026-08-26,-75.43,-49.09,0.1421,-0.011,0.5,34.78,2.4,demo_simulation
2026-08-26,-75.43,-16.36,0.3814,-0.1453,0.4,33.61,3.05,demo_simulation
2026-08-26,-75.43,16.36,0.1356,-0.0273,-1.3,33.63,3.47,demo_simulation
2026-08-26,-75.43,49.09,0.2825,-0.1332,-0.5,34.76,3.32,demo_simulation
2026-08-26,-75.43,81.82,0.0632,0.1464,1.9,33.51,2.85,demo_simulation
2026-08-26,-75.43,114.55,0.3279,-0.0149,0.9,34.18,4.3,demo_simulation
2026-08-26,-75.43,147.27,0.4248,0.1099,-0.4,33.67,4.2,demo_simulation
2026-08-26,-75.43,180.0,0.1039,-0.0256,-1.0,34.65,3.11,demo_simulation
2026-08-26,-72.86,-180.0,0.1769,0.0164,1.5,34.37,2.55,demo_simulation
2026-08-26,-72.86,-147.27,0.2431,-0.2452,0.3,33.61,2.06,demo_simulation
2026-08-26,-72.86,-114.55,0.1708,0.1943,-0.1,33.54,4.04,demo_simulation
2026-08-26,-72.86,-81.82,0.4082,-0.005,0.4,34.09,4.03,demo_simulation
2026-08-26,-72.86,-49.09,0.0779,0.011,0.0,34.2,3.16,demo_simulation
2026-08-26,-72.86,-16.36,0.4125,0.0393,0.2,33.6,4.66,demo_simulation
2026-08-26,-72.86,16.36,0.1423,-0.073,0.2,33.98,4.96,demo_simulation
2026-08-26,-72.86,49.09,0.1391,-0.0459,1.5,34.28,3.74,demo_simulation
2026-08-26,-72.86,81.82,0.2376,0.0847,1.4,34.23,1.91,demo_simulation
2026-08-26,-72.86,114.55,0.4019,-0.1285,0.4,34.37,2.79,demo_simulation
2026-08-26,-72.86,147.27,0.3921,-0.0132,-0.0,34.54,4.4,demo_simulation
2026-08-26,-72.86,180.0,0.4475,0.122,1.0,34.14,3.82,demo_simulation
2026-08-26,-70.29,-180.0,0.2537,0.0574,2.0,33.79,3.71,demo_simulation
2026-08-26,-70.29,-147.27,0.4241,-0.1098,1.1,34.46,2.47,demo_simulation
2026-08-26,-70.29,-114.55,0.3451,-0.0793,0.6,33.85,1.9,demo_simulation
2026-08-26,-70.29,-81.82,0.3806,0.0965,1.8,33.75,4.85,demo_simulation
2026-08-26,-70.29,-49.09,0.3062,-0.0412,2.8,34.12,4.93,demo_simulation
2026-08-26,-70.29,-16.36,0.211,-0.1146,1.9,34.28,2.42,demo_simulation
2026-08-26,-70.29,16.36,0.3553,-0.0197,2.2,33.55,2.07,demo_simulation
2026-08-26,-70.29,49.09,0.3512,0.0828,0.2,33.51,3.28,demo_simulation
2026-08-26,-70.29,81.82,0.2601,0.0573,1.8,33.72,4.01,demo_simulation
2026-08-26,-70.29,114.55,0.4411,-0.2157,0.9,33.7,4.69,demo_simulation
2026-08-26,-70.29,147.27,0.3292,-0.054,1.6,34.78,4.17,demo_simulation
2026-08-26,-70.29,180.0,0.3322,0.0622,2.4,33.7,4.17,demo_simulation
2026-08-26,-67.71,-180.0,0.342,0.0815,2.5,34.27,2.56,demo_simulation
2026-08-26,-67.71,-147.27,0.3642,-0.1727,2.9,34.04,4.27,demo_simulation
2026-08-26,-67.71,-114.55,0.3453,-0.1435,4.9,34.34,3.6,demo_simulation
2026-08-26,-67.71,-81.82,0.4377,0.177,1.8,33.82,2.46,demo_simulation
2026-08-26,-67.71,-49.09,0.4154,-0.2209,2.6,33.68,3.85,demo_simulation
2026-08-26,-67.71,-16.36,0.4121,0.0343,1.6,34.35,4.48,demo_simulation
2026-08-26,-67.71,16.36,0.3513,-0.0139,4.4,33.92,4.92,demo_simulation
2026-08-26,-67.71,49.09,0.093,-0.1025,1.5,34.27,2.36,demo_simulation
2026-08-26,-67.71,81.82,0.4357,0.1782,4.3,34.19,3.94,demo_simulation
2026-08-26,-67.71,114.55,0.3678,0.0151,2.0,34.08,3.2,demo_simulation
2026-08-26,-67.71,147.27,0.3728,-0.0663,3.1,34.5,2.86,demo_simulation
2026-08-26,-67.71,180.0,0.4041,0.0405,2.9,33.91,4.16,demo_simulation
2026-08-26,-65.14,-180.0,0.3899,-0.2754,4.5,33.9,1.58,demo_simulation
2026-08-26,-65.14,-147.27,0.1742,0.1629,2.7,33.59,4.49,demo_simulation
2026-08-26,-65.14,-114.55,0.4245,0.1492,4.8,34.24,2.8,demo_simulation
2026-08-26,-65.14,-81.82,0.1724,0.0982,4.6,34.33,4.7,demo_simulation
2026-08-26,-65.14,-49.09,0.1979,0.2151,2.9,34.5,4.48,demo_simulation
2026-08-26,-65.14,-16.36,0.1375,-0.1592,3.4,34.45,3.6,demo_simulation
2026-08-26,-65.14,16.36,0.1574,-0.1942,3.4,33.99,4.34,demo_simulation
2026-08-26,-65.14,49.09,0.2282,-0.0292,4.1,33.91,4.97,demo_simulation
2026-08-26,-65.14,81.82,0.3081,0.0047,3.3,34.02,2.3,demo_simulation
2026-08-26,-65.14,114.55,0.4103,0.1134,3.8,34.51,1.52,demo_simulation
2026-08-26,-65.14,147.27,0.396,-0.1162,4.7,33.61,3.95,demo_simulation
2026-08-26,-65.14,180.0,0.1939,0.1339,5.5,34.31,4.29,demo_simulation
2026-08-26,-62.57,-180.0,0.2321,0.2047,5.2,33.83,4.75,demo_simulation
2026-08-26,-62.57,-147.27,0.3886,-0.124,5.7,33.54,3.72,demo_simulation
2026-08-26,-62.57,-114.55,0.4496,0.0749,4.8,34.79,2.46,demo_simulation
2026-08-26,-62.57,-81.82,0.2466,0.0506,5.4,34.37,4.51,demo_simulation
2026-08-26,-62.57,-49.09,0.1342,0.0623,6.4,34.51,4.34,demo_simulation
2026-08-26,-62.57,-16.36,0.4098,-0.0194,3.4,34.4,4.33,demo_simulation
2026-08-26,-62.57,16.36,0.294,-0.2127,5.6,33.87,1.52,demo_simulation
2026-08-26,-62.57,49.09,0.4293,0.1814,4.0,33.76,3.09,demo_simulation
2026-08-26,-62.57,81.82,0.0927,0.1667,5.2,33.8,3.25,demo_simulation
2026-08-26,-62.57,114.55,0.2711,0.0644,4.6,34.31,3.43,demo_simulation
2026-08-26,-62.57,147.27,0.0685,-0.0197,4.9,33.65,4.32,demo_simulation
2026-08-26,-62.57,180.0,0.4485,-0.024,3.5,34.48,3.53,demo_simulation
2026-08-26,-60.0,-180.0,0.4143,0.3769,7.1,33.92,4.08,demo_simulation
2026-08-26,-60.0,-147.27,0.0773,-0.1693,4.2,33.97,3.27,demo_simulation
2026-08-26,-60.0,-114.55,0.3982,0.2007,5.6,34.38,1.78,demo_simulation
2026-08-26,-60.0,-81.82,0.0807,-0.1245,5.7,34.35,4.85,demo_simulation
2026-08-26,-60.0,-49.09,0.0921,0.1543,4.6,34.61,2.8,demo_simulation
2026-08-26,-60.0,-16.36,0.4267,0.118,5.0,34.43,4.28,demo_simulation
2026-08-26,-60.0,16.36,0.364,0.0524,3.3,33.97,2.37,demo_simulation
2026-08-26,-60.0,49.09,0.3838,-0.4075,6.7,34.77,2.87,demo_simulation
2026-08-26,-60.0,81.82,0.402,0.0398,6.6,34.41,4.72,demo_simulation
2026-08-26,-60.0,114.55,0.1984,-0.0783,6.6,33.7,2.45,demo_simulation
2026-08-26,-60.0,147.27,0.2382,-0.1351,6.4,34.22,3.7,demo_simulation
2026-08-26,-60.0,180.0,0.1909,-0.3466,5.3,34.77,1.83,demo_simulation
2026-08-25,-78.0,-180.0,0.2819,-0.021,0.8,34.45,3.04,demo_simulation
2026-08-25,-78.0,-147.27,0.1208,-0.0996,-2.2,34.44,1.77,demo_simulation
2026-08-25,-78.0,-114.55,0.0579,0.0374,-1.8,33.7,1.52,demo_simulation
2026-08-25,-78.0,-81.82,0.2059,0.0037,-1.9,34.11,2.41,demo_simulation
2026-08-25,-78.0,-49.09,0.1865,0.0306,-0.1,33.91,2.62,demo_simulation
2026-08-25,-78.0,-16.36,0.2037,0.0261,-1.6,34.71,2.5,demo_simulation
2026-08-25,-78.0,16.36,0.1641,-0.312,-1.9,33.54,2.11,demo_simulation
2026-08-25,-78.0,49.09,0.1424,-0.3214,-1.5,33.87,1.91,demo_simulation
2026-08-25,-78.0,81.82,0.2925,0.1298,-2.9,34.5,2.11,demo_simulation
2026-08-25,-78.0,114.55,0.4056,-0.04,-2.5,33.6,3.13,demo_simulation
2026-08-25,-78.0,147.27,0.1423,0.0047,-1.8,34.41,2.87,demo_simulation
2026-08-25,-78.0,180.0,0.3884,-0.1622,-2.4,34.26,1.79,demo_simulation
2026-08-25,-75.43,-180.0,0.1279,0.0954,-0.6,34.77,4.23,demo_simulation
2026-08-25,-75.43,-147.27,0.3465,0.2967,1.0,34.38,4.86,demo_simulation
2026-08-25,-75.43,-114.55,0.3525,-0.0061,0.1,34.49,2.17,demo_simulation
2026-08-25,-75.43,-81.82,0.2958,0.1703,0.7,34.79,4.15,demo_simulation
2026-08-25,-75.43,-49.09,0.0878,-0.1793,-0.3,34.38,2.92,demo_simulation
2026-08-25,-75.43,-16.36,0.119,0.0968,0.3,34.45,4.4,demo_simulation
2026-08-25,-75.43,16.36,0.2246,-0.0923,0.8,33.93,1.97,demo_simulation
2026-08-25,-75.43,49.09,0.2324,0.1789,-0.1,33.79,3.84,demo_simulation
2026-08-25,-75.43,81.82,0.0991,0.0523,1.1,34.14,2.12,demo_simulation
2026-08-25,-75.43,114.55,0.3698,0.1708,0.1,33.92,1.62,demo_simulation
2026-08-25,-75.43,147.27,0.1844,-0.1212,0.0,34.17,3.22,demo_simulation
2026-08-25,-75.43,180.0,0.1282,-0.0285,-0.2,34.24,4.57,demo_simulation
2026-08-25,-72.86,-180.0,0.3189,0.0486,0.8,33.97,3.05,demo_simulation
2026-08-25,-72.86,-147.27,0.4128,0.1659,1.4,34.77,2.07,demo_simulation
2026-08-25,-72.86,-114.55,0.1527,0.3047,1.8,33.69,3.92,demo_simulation
2026-08-25,-72.86,-81.82,0.4388,0.0502,-0.6,33.59,3.19,demo_simulation
2026-08-25,-72.86,-49.09,0.1345,0.0259,-0.5,33.92,2.61,demo_simulation
2026-08-25,-72.86,-16.36,0.133,-0.3361,0.8,33.83,1.57,demo_simulation
2026-08-25,-72.86,16.36,0.0911,-0.1397,1.7,33.83,4.83,demo_simulation
2026-08-25,-72.86,49.09,0.2185,-0.0552,1.5,34.05,4.62,demo_simulation
2026-08-25,-72.86,81.82,0.3534,-0.4378,2.0,33.86,2.06,demo_simulation
2026-08-25,-72.86,114.55,0.3585,-0.0836,1.8,34.36,3.38,demo_simulation
2026-08-25,-72.86,147.27,0.0885,0.0711,0.2,34.41,3.46,demo_simulation
2026-08-25,-72.86,180.0,0.3236,0.2753,2.2,33.9,4.26,demo_simulation
2026-08-25,-70.29,-180.0,0.2175,0.0948,0.6,34.57,2.01,demo_simulation
2026-08-25,-70.29,-147.27,0.197,0.1433,1.0,33.88,1.95,demo_simulation
2026-08-25,-70.29,-114.55,0.4497,-0.3509,2.0,33.64,4.67,demo_simulation
2026-08-25,-70.29,-81.82,0.1937,-0.0023,0.2,33.89,4.91,demo_simulation
2026-08-25,-70.29,-49.09,0.3038,-0.0105,1.8,34.64,3.74,demo_simulation
2026-08-25,-70.29,-16.36,0.0764,0.0359,1.9,34.12,1.78,demo_simulation
2026-08-25,-70.29,16.36,0.2548,-0.1388,3.3,33.65,1.95,demo_simulation
2026-08-25,-70.29,49.09,0.259,-0.0131,1.9,34.23,4.76,demo_simulation
2026-08-25,-70.29,81.82,0.1315,0.0356,0.2,34.29,2.57,demo_simulation
2026-08-25,-70.29,114.55,0.1054,-0.0561,2.0,33.66,3.07,demo_simulation
2026-08-25,-70.29,147.27,0.2656,-0.06,2.2,34.28,4.38,demo_simulation
2026-08-25,-70.29,180.0,0.1495,-0.0008,1.0,33.58,2.86,demo_simulation
2026-08-25,-67.71,-180.0,0.4007,0.0491,3.5,34.14,4.9,demo_simulation
2026-08-25,-67.71,-147.27,0.4028,0.107,3.6,34.66,4.87,demo_simulation
2026-08-25,-67.71,-114.55,0.3095,0.0879,4.1,34.26,2.54,demo_simulation
2026-08-25,-67.71,-81.82,0.3619,-0.1162,5.5,33.73,2.87,demo_simulation
2026-08-25,-67.71,-49.09,0.2901,0.1523,2.3,34.17,3.8,demo_simulation
2026-08-25,-67.71,-16.36,0.3024,0.0058,2.6,34.27,3.72,demo_simulation
2026-08-25,-67.71,16.36,0.3795,0.0944,2.9,33.84,4.07,demo_simulation
2026-08-25,-67.71,49.09,0.1504,-0.1664,3.7,34.45,1.77,demo_simulation
2026-08-25,-67.71,81.82,0.0533,-0.2001,2.8,33.99,4.79,demo_simulation
2026-08-25,-67.71,114.55,0.0511,0.0395,2.0,33.94,3.14,demo_simulation
2026-08-25,-67.71,147.27,0.2907,0.0401,3.1,34.49,3.53,demo_simulation
2026-08-25,-67.71,180.0,0.0667,0.343,4.2,33.56,3.26,demo_simulation
2026-08-25,-65.14,-180.0,0.0955,-0.0358,4.2,34.21,3.85,demo_simulation
2026-08-25,-65.14,-147.27,0.3783,-0.0384,3.5,34.12,3.39,demo_simulation
2026-08-25,-65.14,-114.55,0.1571,-0.0194,4.0,34.56,1.7,demo_simulation
2026-08-25,-65.14,-81.82,0.0765,0.1122,3.3,34.12,2.24,demo_simulation
2026-08-25,-65.14,-49.09,0.2476,-0.2993,3.8,33.75,3.98,demo_simulation
2026-08-25,-65.14,-16.36,0.3045,-0.0466,5.2,34.69,4.46,demo_simulation
2026-08-25,-65.14,16.36,0.2653,0.3488,5.0,34.23,2.35,demo_simulation
2026-08-25,-65.14,49.09,0.3529,-0.207,5.3,34.66,4.67,demo_simulation
2026-08-25,-65.14,81.82,0.1242,0.0315,7.0,33.53,1.81,demo_simulation
2026-08-25,-65.14,114.55,0.0943,0.0906,3.3,34.62,3.83,demo_simulation
2026-08-25,-65.14,147.27,0.0774,-0.1426,3.2,34.4,4.93,demo_simulation
2026-08-25,-65.14,180.0,0.245,0.1721,4.2,34.63,3.41,demo_simulation
2026-08-25,-62.57,-180.0,0.1972,0.189,7.2,33.65,1.68,demo_simulation
2026-08-25,-62.57,-147.27,0.2745,-0.2294,6.2,33.59,3.59,demo_simulation
2026-08-25,-62.57,-114.55,0.3119,0.3608,3.4,33.82,3.91,demo_simulation
2026-08-25,-62.57,-81.82,0.3325,0.075,3.3,34.06,4.24,demo_simulation
2026-08-25,-62.57,-49.09,0.4265,-0.154,6.0,34.04,3.02,demo_simulation
2026-08-25,-62.57,-16.36,0.1621,0.1021,4.8,33.92,3.67,demo_simulation
2026-08-25,-62.57,16.36,0.3992,-0.1448,3.3,33.76,4.44,demo_simulation
2026-08-25,-62.57,49.09,0.4267,0.1741,4.7,34.73,2.78,demo_simulation
2026-08-25,-62.57,81.82,0.4415,0.1144,4.7,34.72,3.04,demo_simulation
2026-08-25,-62.57,114.55,0.2714,0.1325,6.6,34.61,2.1,demo_simulation
2026-08-25,-62.57,147.27,0.2795,0.0159,6.4,33.81,4.03,demo_simulation
2026-08-25,-62.57,180.0,0.3687,-0.3096,5.4,34.62,3.06,demo_simulation
2026-08-25,-60.0,-180.0,0.4234,-0.0457,5.3,34.27,2.88,demo_simulation
2026-08-25,-60.0,-147.27,0.0541,-0.1221,7.9,33.58,4.22,demo_simulation
2026-08-25,-60.0,-114.55,0.1451,-0.0902,6.1,34.37,4.64,demo_simulation
2026-08-25,-60.0,-81.82,0.2263,0.105,6.2,33.83,4.51,demo_simulation
2026-08-25,-60.0,-49.09,0.2378,-0.1938,5.3,33.86,1.95,demo_simulation
2026-08-25,-60.0,-16.36,0.2421,-0.0526,5.7,34.35,4.98,demo_simulation
2026-08-25,-60.0,16.36,0.3481,-0.303,5.9,34.53,1.95,demo_simulation
2026-08-25,-60.0,49.09,0.066,0.0217,7.0,34.8,4.55,demo_simulation
2026-08-25,-60.0,81.82,0.3827,0.044,6.9,33.9,3.56,demo_simulation
2026-08-25,-60.0,114.55,0.2592,0.2749,5.1,34.61,4.71,demo_simulation
2026-08-25,-60.0,147.27,0.1833,0.0654,6.8,33.57,4.63,demo_simulation
2026-08-25,-60.0,180.0,0.3085,-0.5618,6.3,33.94,3.23,demo_simulation
2026-08-24,-78.0,-180.0,0.1382,0.1902,-1.0,33.79,2.2,demo_simulation
2026-08-24,-78.0,-147.27,0.1344,-0.255,-2.5,34.53,3.33,demo_simulation
2026-08-24,-78.0,-114.55,0.245,0.0185,-1.2,34.61,2.77,demo_simulation
2026-08-24,-78.0,-81.82,0.1051,-0.1362,-2.1,34.71,2.14,demo_simulation
2026-08-24,-78.0,-49.09,0.2807,0.208,-1.4,34.23,3.95,demo_simulation
2026-08-24,-78.0,-16.36,0.4476,-0.2945,-0.2,34.6,4.8,demo_simulation
2026-08-24,-78.0,16.36,0.4096,-0.2138,-1.6,33.74,3.42,demo_simulation
2026-08-24,-78.0,49.09,0.1906,0.02,-1.7,34.37,3.73,demo_simulation
2026-08-24,-78.0,81.82,0.2504,0.0143,-1.1,34.37,3.71,demo_simulation
2026-08-24,-78.0,114.55,0.2174,-0.1597,-2.3,34.48,3.02,demo_simulation
2026-08-24,-78.0,147.27,0.1322,-0.0171,-2.5,33.57,1.73,demo_simulation
2026-08-24,-78.0,180.0,0.3481,0.1975,-0.8,34.57,2.31,demo_simulation
2026-08-24,-75.43,-180.0,0.0548,0.322,-1.0,33.53,1.59,demo_simulation
2026-08-24,-75.43,-147.27,0.2975,-0.0062,-1.2,33.68,3.82,demo_simulation
2026-08-24,-75.43,-114.55,0.3243,-0.0694,0.1,34.1,4.72,demo_simulation
2026-08-24,-75.43,-81.82,0.187,0.1826,-3.2,33.56,2.7,demo_simulation
2026-08-24,-75.43,-49.09,0.2314,-0.1353,-0.2,34.16,3.88,demo_simulation
2026-08-24,-75.43,-16.36,0.076,0.2545,-2.0,34.2,3.25,demo_simulation
2026-08-24,-75.43,16.36,0.3744,0.0618,1.1,34.19,2.67,demo_simulation
2026-08-24,-75.43,49.09,0.1251,-0.0829,-1.6,34.09,4.4,demo_simulation
2026-08-24,-75.43,81.82,0.4037,0.0979,0.2,34.16,1.52,demo_simulation
2026-08-24,-75.43,114.55,0.1024,0.09,1.2,34.51,4.7,demo_simulation
2026-08-24,-75.43,147.27,0.095,0.0297,0.5,34.72,2.38,demo_simulation
2026-08-24,-75.43,180.0,0.4406,0.1553,-0.3,34.08,3.24,demo_simulation
2026-08-24,-72.86,-180.0,0.0926,0.0605,2.3,34.8,1.6,demo_simulation
2026-08-24,-72.86,-147.27,0.3501,-0.1266,1.2,34.36,3.15,demo_simulation
2026-08-24,-72.86,-114.55,0.0731,0.1679,-1.2,34.39,4.87,demo_simulation
2026-08-24,-72.86,-81.82,0.199,0.0341,0.1,33.71,4.38,demo_simulation
2026-08-24,-72.86,-49.09,0.1572,0.0215,2.0,34.11,4.52,demo_simulation
2026-08-24,-72.86,-16.36,0.3195,0.0017,1.0,34.41,4.01,demo_simulation
2026-08-24,-72.86,16.36,0.2264,-0.0003,-0.9,33.86,4.65,demo_simulation
2026-08-24,-72.86,49.09,0.3196,0.1715,2.0,34.24,3.11,demo_simulation
2026-08-24,-72.86,81.82,0.1468,-0.1506,2.9,34.4,3.2,demo_simulation
2026-08-24,-72.86,114.55,0.2855,0.0419,1.3,33.71,2.51,demo_simulation
2026-08-24,-72.86,147.27,0.2287,0.0366,-0.1,34.05,4.41,demo_simulation
2026-08-24,-72.86,180.0,0.1473,-0.0391,1.3,33.7,3.97,demo_simulation
2026-08-24,-70.29,-180.0,0.1091,0.1066,1.3,34.68,3.6,demo_simulation
2026-08-24,-70.29,-147.27,0.1878,-0.0201,0.6,34.58,2.99,demo_simulation
2026-08-24,-70.29,-114.55,0.3324,0.0315,1.6,34.21,3.49,demo_simulation
2026-08-24,-70.29,-81.82,0.364,-0.173,4.3,33.65,4.18,demo_simulation
2026-08-24,-70.29,-49.09,0.4013,0.0245,3.9,34.54,2.17,demo_simulation
2026-08-24,-70.29,-16.36,0.2917,0.2735,1.1,34.14,3.49,demo_simulation
2026-08-24,-70.29,16.36,0.2095,-0.0418,1.1,33.85,3.17,demo_simulation
2026-08-24,-70.29,49.09,0.4064,0.0358,2.0,33.6,3.76,demo_simulation
2026-08-24,-70.29,81.82,0.1968,0.0018,1.3,34.52,4.25,demo_simulation
2026-08-24,-70.29,114.55,0.1971,-0.0532,0.9,34.23,3.4,demo_simulation
2026-08-24,-70.29,147.27,0.3326,0.0437,2.2,34.54,4.66,demo_simulation
2026-08-24,-70.29,180.0,0.2375,0.1231,1.5,34.2,4.49,demo_simulation
2026-08-24,-67.71,-180.0,0.4419,0.0852,3.4,33.55,1.84,demo_simulation
2026-08-24,-67.71,-147.27,0.1612,0.1034,4.1,34.73,3.98,demo_simulation
2026-08-24,-67.71,-114.55,0.187,-0.0693,2.3,34.02,2.88,demo_simulation
2026-08-24,-67.71,-81.82,0.2046,-0.1044,5.5,33.52,3.7,demo_simulation
2026-08-24,-67.71,-49.09,0.1364,0.1809,3.1,34.74,4.29,demo_simulation
2026-08-24,-67.71,-16.36,0.0702,-0.1083,3.2,34.13,3.09,demo_simulation
2026-08-24,-67.71,16.36,0.148,0.1019,2.3,33.78,2.47,demo_simulation
2026-08-24,-67.71,49.09,0.0809,0.0471,3.5,34.78,3.76,demo_simulation
2026-08-24,-67.71,81.82,0.2405,0.085,4.1,34.18,2.27,demo_simulation
2026-08-24,-67.71,114.55,0.4189,-0.0007,3.7,34.76,3.78,demo_simulation
2026-08-24,-67.71,147.27,0.4326,-0.0118,3.1,34.32,2.74,demo_simulation
2026-08-24,-67.71,180.0,0.3024,-0.1739,2.9,34.51,1.65,demo_simulation
2026-08-24,-65.14,-180.0,0.1429,0.1172,4.8,34.73,3.06,demo_simulation
2026-08-24,-65.14,-147.27,0.1671,0.1569,4.4,33.84,3.95,demo_simulation
2026-08-24,-65.14,-114.55,0.3618,0.0842,3.4,34.08,3.65,demo_simulation
2026-08-24,-65.14,-81.82,0.1643,0.03,5.8,33.91,2.8,demo_simulation
2026-08-24,-65.14,-49.09,0.2435,0.1475,4.3,33.67,4.26,demo_simulation
2026-08-24,-65.14,-16.36,0.1094,0.0289,5.1,33.9,3.95,demo_simulation
2026-08-24,-65.14,16.36,0.0998,0.1537,2.0,34.44,2.45,demo_simulation
2026-08-24,-65.14,49.09,0.1941,-0.0745,3.3,33.59,3.64,demo_simulation
2026-08-24,-65.14,81.82,0.4055,0.1621,3.1,34.51,3.55,demo_simulation
2026-08-24,-65.14,114.55,0.2248,-0.12,5.1,34.14,2.11,demo_simulation
2026-08-24,-65.14,147.27,0.1949,0.0731,0.4,34.0,4.69,demo_simulation
2026-08-24,-65.14,180.0,0.0836,-0.0179,3.9,34.33,2.95,demo_simulation
2026-08-24,-62.57,-180.0,0.314,-0.0755,4.9,34.27,3.61,demo_simulation
2026-08-24,-62.57,-147.27,0.2626,-0.0008,6.1,33.58,4.34,demo_simulation
2026-08-24,-62.57,-114.55,0.2849,-0.138,5.9,34.55,4.47,demo_simulation
2026-08-24,-62.57,-81.82,0.3,0.0194,4.1,33.68,4.46,demo_simulation
2026-08-24,-62.57,-49.09,0.1315,0.028,4.4,33.67,4.98,demo_simulation
2026-08-24,-62.57,-16.36,0.2279,0.1004,5.9,33.7,3.35,demo_simulation
2026-08-24,-62.57,16.36,0.3449,-0.0365,4.8,34.65,2.2,demo_simulation
2026-08-24,-62.57,49.09,0.2952,-0.2135,3.8,34.28,4.98,demo_simulation
2026-08-24,-62.57,81.82,0.21,0.1496,4.8,34.41,1.72,demo_simulation
2026-08-24,-62.57,114.55,0.2255,0.1286,4.8,34.58,4.72,demo_simulation
2026-08-24,-62.57,147.27,0.13,-0.0735,4.1,33.91,2.89,demo_simulation
2026-08-24,-62.57,180.0,0.0866,-0.0917,4.6,34.76,2.17,demo_simulation
2026-08-24,-60.0,-180.0,0.0892,-0.0985,6.6,34.78,4.22,demo_simulation
2026-08-24,-60.0,-147.27,0.0725,0.0153,6.7,34.26,4.06,demo_simulation
2026-08-24,-60.0,-114.55,0.324,0.2749,4.7,33.54,3.59,demo_simulation
2026-08-24,-60.0,-81.82,0.199,-0.1818,7.3,33.67,1.56,demo_simulation
2026-08-24,-60.0,-49.09,0.3768,-0.0019,6.4,34.71,4.5,demo_simulation
2026-08-24,-60.0,-16.36,0.115,0.1301,7.1,34.78,2.06,demo_simulation
2026-08-24,-60.0,16.36,0.126,-0.0945,7.6,34.45,3.52,demo_simulation
2026-08-24,-60.0,49.09,0.1398,0.0394,7.3,34.43,1.89,demo_simulation
2026-08-24,-60.0,81.82,0.0832,0.205,5.3,34.52,3.56,demo_simulation
2026-08-24,-60.0,114.55,0.3895,-0.1726,7.5,33.57,4.29,demo_simulation
2026-08-24,-60.0,147.27,0.4072,-0.0246,6.1,34.27,3.3,demo_simulation
2026-08-24,-60.0,180.0,0.094,0.1175,7.8,34.38,4.48,demo_simulation
2026-08-23,-78.0,-180.0,0.1577,0.0418,-0.8,34.47,3.41,demo_simulation
2026-08-23,-78.0,-147.27,0.0628,0.0635,0.4,34.58,2.57,demo_simulation
2026-08-23,-78.0,-114.55,0.1253,0.3204,0.0,33.61,2.6,demo_simulation
2026-08-23,-78.0,-81.82,0.2226,-0.1039,0.4,33.99,2.62,demo_simulation
2026-08-23,-78.0,-49.09,0.3914,0.1873,-1.8,34.1,3.05,demo_simulation
2026-08-23,-78.0,-16.36,0.2155,-0.096,-1.0,33.63,2.16,demo_simulation
2026-08-23,-78.0,16.36,0.3893,-0.1668,-1.7,33.57,2.93,demo_simulation
2026-08-23,-78.0,49.09,0.3285,0.0117,-0.4,33.87,3.51,demo_simulation
2026-08-23,-78.0,81.82,0.2855,0.075,-2.1,34.26,4.46,demo_simulation
2026-08-23,-78.0,114.55,0.4342,0.2708,-0.5,34.7,2.07,demo_simulation
2026-08-23,-78.0,147.27,0.2738,0.1008,0.1,34.1,2.41,demo_simulation
2026-08-23,-78.0,180.0,0.1977,-0.178,-1.7,33.62,3.08,demo_simulation
2026-08-23,-75.43,-180.0,0.3586,0.288,0.0,34.74,4.91,demo_simulation
2026-08-23,-75.43,-147.27,0.3622,-0.0736,-0.8,34.19,3.94,demo_simulation
2026-08-23,-75.43,-114.55,0.0813,0.0404,-0.7,33.69,2.78,demo_simulation
2026-08-23,-75.43,-81.82,0.4491,0.059,-0.1,33.51,3.63,demo_simulation
2026-08-23,-75.43,-49.09,0.3751,-0.0952,0.4,33.95,4.42,demo_simulation
2026-08-23,-75.43,-16.36,0.1954,0.0362,-1.6,33.72,4.24,demo_simulation
2026-08-23,-75.43,16.36,0.4109,0.2215,1.2,34.7,3.5,demo_simulation
2026-08-23,-75.43,49.09,0.2481,0.0637,1.0,34.68,2.0,demo_simulation
2026-08-23,-75.43,81.82,0.2344,-0.0284,-0.3,34.19,4.56,demo_simulation
2026-08-23,-75.43,114.55,0.0747,-0.1651,0.0,34.12,3.84,demo_simulation
2026-08-23,-75.43,147.27,0.2962,0.0376,-0.5,33.62,3.11,demo_simulation
2026-08-23,-75.43,180.0,0.1937,0.1068,-0.6,33.83,2.67,demo_simulation
2026-08-23,-72.86,-180.0,0.3067,-0.3232,2.5,34.37,1.72,demo_simulation
2026-08-23,-72.86,-147.27,0.1033,0.3148,2.0,33.87,4.8,demo_simulation
2026-08-23,-72.86,-114.55,0.2497,-0.0279,1.0,33.86,3.06,demo_simulation
2026-08-23,-72.86,-81.82,0.0849,0.1643,1.1,33.72,3.42,demo_simulation
2026-08-23,-72.86,-49.09,0.4353,0.0498,1.6,33.83,3.9,demo_simulation
2026-08-23,-72.86,-16.36,0.3023,0.078,1.3,34.19,3.52,demo_simulation
2026-08-23,-72.86,16.36,0.1184,-0.0613,1.4,34.21,1.65,demo_simulation
2026-08-23,-72.86,49.09,0.4205,-0.1128,2.3,34.59,2.71,demo_simulation
2026-08-23,-72.86,81.82,0.2608,-0.1437,-0.6,34.48,2.25,demo_simulation
2026-08-23,-72.86,114.55,0.42,-0.1655,1.1,34.47,2.95,demo_simulation
2026-08-23,-72.86,147.27,0.2899,-0.3087,1.2,34.04,4.3,demo_simulation
2026-08-23,-72.86,180.0,0.4448,-0.2895,1.2,33.66,3.54,demo_simulation
2026-08-23,-70.29,-180.0,0.3629,-0.0686,2.1,34.22,3.74,demo_simulation
2026-08-23,-70.29,-147.27,0.1328,0.1164,0.6,34.57,3.64,demo_simulation
2026-08-23,-70.29,-114.55,0.3971,0.1478,2.5,33.72,1.84,demo_simulation
2026-08-23,-70.29,-81.82,0.192,-0.0221,3.1,33.84,3.22,demo_simulation
2026-08-23,-70.29,-49.09,0.3423,-0.0044,0.8,34.42,2.09,demo_simulation
2026-08-23,-70.29,-16.36,0.0568,0.0906,1.5,33.61,3.38,demo_simulation
2026-08-23,-70.29,16.36,0.087,0.0761,1.1,33.56,2.48,demo_simulation
2026-08-23,-70.29,49.09,0.3626,0.0807,2.2,33.98,2.52,demo_simulation
2026-08-23,-70.29,81.82,0.3956,0.068,3.0,34.04,2.67,demo_simulation
2026-08-23,-70.29,114.55,0.3584,0.0074,2.7,33.58,3.71,demo_simulation
2026-08-23,-70.29,147.27,0.4102,0.1713,1.3,34.1,1.71,demo_simulation
2026-08-23,-70.29,180.0,0.3687,-0.0195,0.9,34.14,1.85,demo_simulation
2026-08-23,-67.71,-180.0,0.3052,-0.191,3.2,34.64,2.93,demo_simulation
2026-08-23,-67.71,-147.27,0.1445,0.2246,4.1,34.23,3.64,demo_simulation
2026-08-23,-67.71,-114.55,0.077,0.1016,2.6,34.25,2.51,demo_simulation
2026-08-23,-67.71,-81.82,0.1083,-0.3027,3.2,33.99,2.28,demo_simulation
2026-08-23,-67.71,-49.09,0.4047,0.2231,3.7,33.51,1.83,demo_simulation
2026-08-23,-67.71,-16.36,0.0917,-0.2102,3.4,34.21,3.88,demo_simulation
2026-08-23,-67.71,16.36,0.0931,-0.1998,3.6,34.12,1.55,demo_simulation
2026-08-23,-67.71,49.09,0.2234,-0.2194,1.6,33.95,4.65,demo_simulation
2026-08-23,-67.71,81.82,0.2443,0.0716,1.8,34.34,3.53,demo_simulation
2026-08-23,-67.71,114.55,0.3275,0.0269,4.0,34.04,4.09,demo_simulation
2026-08-23,-67.71,147.27,0.067,0.0714,2.7,33.81,4.7,demo_simulation
2026-08-23,-67.71,180.0,0.1476,0.1339,3.6,33.92,4.04,demo_simulation
2026-08-23,-65.14,-180.0,0.412,-0.1086,1.7,34.62,4.12,demo_simulation
2026-08-23,-65.14,-147.27,0.1384,-0.1727,4.5,34.12,1.87,demo_simulation
2026-08-23,-65.14,-114.55,0.4101,0.2448,1.9,34.19,1.87,demo_simulation
2026-08-23,-65.14,-81.82,0.1442,0.1858,4.4,33.93,2.03,demo_simulation
2026-08-23,-65.14,-49.09,0.4102,0.0803,4.4,34.41,3.88,demo_simulation
2026-08-23,-65.14,-16.36,0.318,0.0585,3.8,34.74,4.84,demo_simulation
2026-08-23,-65.14,16.36,0.439,-0.0842,3.7,34.28,4.23,demo_simulation
2026-08-23,-65.14,49.09,0.2454,0.1185,3.2,34.73,2.65,demo_simulation
2026-08-23,-65.14,81.82,0.3968,0.0247,4.6,33.8,4.11,demo_simulation
2026-08-23,-65.14,114.55,0.2975,0.0699,5.0,33.54,4.71,demo_simulation
2026-08-23,-65.14,147.27,0.37,0.1119,4.8,34.21,4.11,demo_simulation
2026-08-23,-65.14,180.0,0.328,0.2562,5.6,34.49,2.84,demo_simulation
2026-08-23,-62.57,-180.0,0.1986,0.005,4.5,33.57,4.32,demo_simulation
2026-08-23,-62.57,-147.27,0.199,-0.1386,3.6,34.65,2.31,demo_simulation
2026-08-23,-62.57,-114.55,0.0722,0.2081,4.5,34.35,1.61,demo_simulation
2026-08-23,-62.57,-81.82,0.1545,0.1649,4.5,34.22,1.92,demo_simulation
2026-08-23,-62.57,-49.09,0.2395,-0.0718,6.1,34.3,1.91,demo_simulation
2026-08-23,-62.57,-16.36,0.3322,0.1025,4.8,34.21,3.98,demo_simulation
2026-08-23,-62.57,16.36,0.3734,0.0432,4.9,33.55,1.52,demo_simulation
2026-08-23,-62.57,49.09,0.0869,0.0129,3.8,33.9,2.39,demo_simulation
2026-08-23,-62.57,81.82,0.2002,-0.0956,4.7,34.08,2.4,demo_simulation
2026-08-23,-62.57,114.55,0.241,0.0245,4.0,33.56,3.11,demo_simulation
2026-08-23,-62.57,147.27,0.2394,0.1014,6.3,34.56,2.66,demo_simulation
2026-08-23,-62.57,180.0,0.2488,0.2411,6.7,33.67,4.85,demo_simulation
2026-08-23,-60.0,-180.0,0.4189,0.079,5.5,34.46,3.68,demo_simulation
2026-08-23,-60.0,-147.27,0.2983,0.0869,4.8,33.82,1.53,demo_simulation
2026-08-23,-60.0,-114.55,0.0834,-0.0992,6.7,34.38,4.74,demo_simulation
2026-08-23,-60.0,-81.82,0.2398,0.1161,6.2,34.7,3.06,demo_simulation
2026-08-23,-60.0,-49.09,0.2429,0.1174,6.8,33.74,4.92,demo_simulation
2026-08-23,-60.0,-16.36,0.0761,0.2092,6.3,34.43,2.2,demo_simulation
2026-08-23,-60.0,16.36,0.1791,0.0951,6.8,34.02,4.71,demo_simulation
2026-08-23,-60.0,49.09,0.0615,0.0711,6.1,34.74,1.75,demo_simulation
2026-08-23,-60.0,81.82,0.423,0.1315,7.2,33.89,3.69,demo_simulation
2026-08-23,-60.0,114.55,0.1492,-0.2589,5.8,34.06,4.05,demo_simulation
2026-08-23,-60.0,147.27,0.2167,0.088,6.6,34.46,3.72,demo_simulation
2026-08-23,-60.0,180.0,0.307,0.1114,5.5,33.92,3.9,demo_simulation
2026-08-22,-78.0,-180.0,0.1838,0.0684,-1.2,33.77,1.89,demo_simulation
2026-08-22,-78.0,-147.27,0.2342,0.1785,-1.0,33.86,2.33,demo_simulation
2026-08-22,-78.0,-114.55,0.2953,-0.0093,-1.4,34.56,3.58,demo_simulation
2026-08-22,-78.0,-81.82,0.2301,0.1006,-1.8,34.76,3.08,demo_simulation
2026-08-22,-78.0,-49.09,0.2303,-0.009,-1.5,33.55,4.22,demo_simulation
2026-08-22,-78.0,-16.36,0.3356,0.106,-0.2,33.97,2.95,demo_simulation
2026-08-22,-78.0,16.36,0.1209,0.0068,-1.1,34.07,4.95,demo_simulation
2026-08-22,-78.0,49.09,0.3908,0.0301,-1.4,34.7,4.92,demo_simulation
2026-08-22,-78.0,81.82,0.2031,-0.1876,-2.0,34.75,2.19,demo_simulation
2026-08-22,-78.0,114.55,0.2633,0.1001,0.1,33.64,4.24,demo_simulation
2026-08-22,-78.0,147.27,0.127,0.0866,-2.2,34.26,4.86,demo_simulation
2026-08-22,-78.0,180.0,0.1913,0.0448,-1.1,33.8,4.84,demo_simulation
2026-08-22,-75.43,-180.0,0.1226,-0.103,0.7,34.51,2.62,demo_simulation
2026-08-22,-75.43,-147.27,0.2191,0.231,0.7,33.88,2.84,demo_simulation
2026-08-22,-75.43,-114.55,0.0831,0.1706,-1.2,34.77,3.21,demo_simulation
2026-08-22,-75.43,-81.82,0.4452,0.1852,-0.6,34.59,1.98,demo_simulation
2026-08-22,-75.43,-49.09,0.3836,-0.2045,-0.6,34.06,4.95,demo_simulation
2026-08-22,-75.43,-16.36,0.2317,-0.0757,-0.9,33.74,2.81,demo_simulation
2026-08-22,-75.43,16.36,0.4109,0.0903,1.0,34.28,4.24,demo_simulation
2026-08-22,-75.43,49.09,0.43,0.0102,-0.2,34.02,2.8,demo_simulation
2026-08-22,-75.43,81.82,0.2749,-0.0604,-0.6,34.09,3.76,demo_simulation
2026-08-22,-75.43,114.55,0.3902,0.0998,-0.1,33.89,2.86,demo_simulation
2026-08-22,-75.43,147.27,0.3978,-0.0726,0.8,34.32,1.65,demo_simulation
2026-08-22,-75.43,180.0,0.2013,-0.0277,0.8,33.67,2.82,demo_simulation
2026-08-22,-72.86,-180.0,0.3873,-0.1703,1.6,34.41,4.35,demo_simulation
2026-08-22,-72.86,-147.27,0.0705,0.0751,1.4,34.33,4.7,demo_simulation
2026-08-22,-72.86,-114.55,0.1126,0.1618,1.6,34.76,2.54,demo_simulation
2026-08-22,-72.86,-81.82,0.2315,0.3375,0.4,34.41,2.74,demo_simulation
2026-08-22,-72.86,-49.09,0.3807,0.0975,0.3,34.38,3.39,demo_simulation
2026-08-22,-72.86,-16.36,0.2634,0.1462,0.5,33.66,2.16,demo_simulation
2026-08-22,-72.86,16.36,0.4481,-0.2299,3.3,33.57,3.67,demo_simulation
2026-08-22,-72.86,49.09,0.0659,0.2138,0.4,33.58,2.33,demo_simulation
2026-08-22,-72.86,81.82,0.2044,-0.0426,1.5,33.89,3.69,demo_simulation
2026-08-22,-72.86,114.55,0.0642,-0.0416,0.1,33.92,4.28,demo_simulation
2026-08-22,-72.86,147.27,0.3938,-0.1765,1.5,34.77,3.07,demo_simulation
2026-08-22,-72.86,180.0,0.2418,-0.1923,1.4,33.62,4.23,demo_simulation
2026-08-22,-70.29,-180.0,0.1625,-0.0422,1.6,33.69,3.34,demo_simulation
2026-08-22,-70.29,-147.27,0.3336,0.0228,1.1,33.53,3.92,demo_simulation
2026-08-22,-70.29,-114.55,0.3154,-0.1168,1.4,33.7,2.82,demo_simulation
2026-08-22,-70.29,-81.82,0.2445,0.1503,2.7,34.08,1.55,demo_simulation
2026-08-22,-70.29,-49.09,0.2573,0.0859,0.7,33.99,4.52,demo_simulation
2026-08-22,-70.29,-16.36,0.4061,-0.1134,0.9,34.31,2.55,demo_simulation
2026-08-22,-70.29,16.36,0.0797,0.0436,3.1,34.47,2.24,demo_simulation
2026-08-22,-70.29,49.09,0.171,0.1368,1.7,33.67,3.41,demo_simulation
2026-08-22,-70.29,81.82,0.2937,-0.2688,1.8,34.24,4.94,demo_simulation
2026-08-22,-70.29,114.55,0.4172,-0.1008,1.2,34.06,3.02,demo_simulation
2026-08-22,-70.29,147.27,0.3913,0.1049,1.7,33.94,3.46,demo_simulation
2026-08-22,-70.29,180.0,0.061,0.069,1.3,33.98,2.29,demo_simulation
2026-08-22,-67.71,-180.0,0.2259,-0.3169,2.7,33.56,3.1,demo_simulation
2026-08-22,-67.71,-147.27,0.085,0.0791,3.9,34.04,2.25,demo_simulation
2026-08-22,-67.71,-114.55,0.181,-0.243,3.7,34.01,3.54,demo_simulation
2026-08-22,-67.71,-81.82,0.2811,-0.4142,5.9,34.47,1.82,demo_simulation
2026-08-22,-67.71,-49.09,0.2372,0.2615,3.2,34.1,1.82,demo_simulation
2026-08-22,-67.71,-16.36,0.1082,0.0528,1.6,33.87,4.05,demo_simulation
2026-08-22,-67.71,16.36,0.348,0.1129,2.3,34.57,2.87,demo_simulation
2026-08-22,-67.71,49.09,0.2349,-0.1334,3.4,34.25,4.37,demo_simulation
2026-08-22,-67.71,81.82,0.223,-0.1285,2.9,33.55,4.0,demo_simulation
2026-08-22,-67.71,114.55,0.3352,0.0935,3.7,34.07,2.77,demo_simulation
2026-08-22,-67.71,147.27,0.3612,0.0151,1.6,33.8,2.54,demo_simulation
2026-08-22,-67.71,180.0,0.1054,-0.0081,2.4,34.75,2.02,demo_simulation
2026-08-22,-65.14,-180.0,0.1756,-0.1045,2.6,34.76,2.87,demo_simulation
2026-08-22,-65.14,-147.27,0.1018,0.2977,4.5,34.31,4.2,demo_simulation
2026-08-22,-65.14,-114.55,0.3285,-0.0169,3.4,33.74,3.59,demo_simulation
2026-08-22,-65.14,-81.82,0.2405,0.1098,3.5,33.93,3.85,demo_simulation
2026-08-22,-65.14,-49.09,0.1626,0.0693,3.7,34.51,3.02,demo_simulation
2026-08-22,-65.14,-16.36,0.1602,0.2361,4.4,34.75,3.5,demo_simulation
2026-08-22,-65.14,16.36,0.2752,0.265,4.0,34.68,2.57,demo_simulation
2026-08-22,-65.14,49.09,0.4024,-0.1269,3.5,33.63,4.03,demo_simulation
2026-08-22,-65.14,81.82,0.1536,0.0278,4.5,33.78,2.24,demo_simulation
2026-08-22,-65.14,114.55,0.3253,-0.0038,4.5,33.98,2.89,demo_simulation
2026-08-22,-65.14,147.27,0.0948,0.2439,4.4,34.64,2.84,demo_simulation
2026-08-22,-65.14,180.0,0.3263,-0.1085,5.4,34.61,3.5,demo_simulation
2026-08-22,-62.57,-180.0,0.3212,0.0787,4.4,34.33,1.59,demo_simulation
2026-08-22,-62.57,-147.27,0.418,0.0197,4.7,34.6,2.22,demo_simulation
2026-08-22,-62.57,-114.55,0.111,0.3493,4.4,33.64,2.81,demo_simulation
2026-08-22,-62.57,-81.82,0.0985,0.1129,4.3,33.96,3.55,demo_simulation
2026-08-22,-62.57,-49.09,0.0823,0.0847,5.2,33.74,4.95,demo_simulation
2026-08-22,-62.57,-16.36,0.3336,0.0976,5.5,34.39,3.49,demo_simulation
2026-08-22,-62.57,16.36,0.3125,-0.2145,4.7,33.81,2.99,demo_simulation
2026-08-22,-62.57,49.09,0.1244,0.026,5.6,34.59,1.61,demo_simulation
2026-08-22,-62.57,81.82,0.1041,-0.1293,3.9,33.66,3.95,demo_simulation
2026-08-22,-62.57,114.55,0.2721,-0.0867,4.6,34.17,4.62,demo_simulation
2026-08-22,-62.57,147.27,0.3041,-0.0339,4.8,34.73,3.63,demo_simulation
2026-08-22,-62.57,180.0,0.0628,0.0883,4.7,34.5,4.78,demo_simulation
2026-08-22,-60.0,-180.0,0.2124,0.0036,3.1,33.52,3.59,demo_simulation
2026-08-22,-60.0,-147.27,0.0989,-0.1587,5.3,33.69,4.86,demo_simulation
2026-08-22,-60.0,-114.55,0.1817,-0.0555,6.1,34.79,3.09,demo_simulation
2026-08-22,-60.0,-81.82,0.2206,0.0971,7.7,33.99,4.76,demo_simulation
2026-08-22,-60.0,-49.09,0.1835,-0.0061,7.7,34.76,3.37,demo_simulation
2026-08-22,-60.0,-16.36,0.0613,0.2053,7.3,34.3,4.78,demo_simulation
2026-08-22,-60.0,16.36,0.4125,-0.1007,5.6,33.99,2.54,demo_simulation
2026-08-22,-60.0,49.09,0.1995,-0.0854,4.7,34.45,2.34,demo_simulation
2026-08-22,-60.0,81.82,0.1553,0.2521,5.5,33.58,2.37,demo_simulation
2026-08-22,-60.0,114.55,0.1174,-0.0992,6.9,34.7,2.07,demo_simulation
2026-08-22,-60.0,147.27,0.2945,0.0707,7.2,34.15,1.63,demo_simulation
2026-08-22,-60.0,180.0,0.0505,0.2168,4.0,33.69,2.8,demo_simulation
2026-08-21,-78.0,-180.0,0.2644,0.0081,1.1,34.61,4.53,demo_simulation
2026-08-21,-78.0,-147.27,0.3151,-0.0341,-0.7,34.4,3.08,demo_simulation
2026-08-21,-78.0,-114.55,0.4177,-0.1407,-1.6,34.22,3.32,demo_simulation
2026-08-21,-78.0,-81.82,0.295,0.1035,-2.5,33.7,3.39,demo_simulation
2026-08-21,-78.0,-49.09,0.1676,-0.0651,-2.5,34.37,2.61,demo_simulation
2026-08-21,-78.0,-16.36,0.1178,-0.252,1.5,34.04,4.34,demo_simulation
2026-08-21,-78.0,16.36,0.1488,0.1938,-1.4,34.78,3.18,demo_simulation
2026-08-21,-78.0,49.09,0.4355,0.0494,-0.3,33.92,4.7,demo_simulation
2026-08-21,-78.0,81.82,0.0534,0.2049,-1.1,33.83,1.95,demo_simulation
2026-08-21,-78.0,114.55,0.3702,-0.2121,-2.9,34.14,2.02,demo_simulation
2026-08-21,-78.0,147.27,0.1912,0.0981,-1.6,34.51,3.82,demo_simulation
2026-08-21,-78.0,180.0,0.3852,0.1904,-0.4,34.65,4.49,demo_simulation
2026-08-21,-75.43,-180.0,0.0901,-0.0542,-1.6,34.21,1.59,demo_simulation
2026-08-21,-75.43,-147.27,0.2249,0.1523,0.8,34.42,3.95,demo_simulation
2026-08-21,-75.43,-114.55,0.4218,-0.1463,-0.6,33.61,2.92,demo_simulation
2026-08-21,-75.43,-81.82,0.3576,-0.2351,-0.6,34.37,2.34,demo_simulation
2026-08-21,-75.43,-49.09,0.2417,-0.2242,-2.2,33.94,4.91,demo_simulation
2026-08-21,-75.43,-16.36,0.3532,-0.0607,-1.0,34.66,3.38,demo_simulation
2026-08-21,-75.43,16.36,0.3938,0.1451,-1.1,34.23,3.21,demo_simulation
2026-08-21,-75.43,49.09,0.4222,0.1241,-0.7,33.73,4.05,demo_simulation
2026-08-21,-75.43,81.82,0.123,-0.1736,0.9,33.95,2.08,demo_simulation
2026-08-21,-75.43,114.55,0.2526,-0.2812,0.8,34.77,2.48,demo_simulation
2026-08-21,-75.43,147.27,0.0771,0.206,-0.4,33.97,2.78,demo_simulation
2026-08-21,-75.43,180.0,0.1401,0.2518,-1.1,33.74,2.19,demo_simulation
2026-08-21,-72.86,-180.0,0.1869,-0.0064,-0.3,34.12,1.64,demo_simulation
2026-08-21,-72.86,-147.27,0.2446,-0.1243,2.4,33.91,3.35,demo_simulation
2026-08-21,-72.86,-114.55,0.1582,-0.1751,2.1,33.78,3.05,demo_simulation
2026-08-21,-72.86,-81.82,0.2863,-0.1085,-0.1,33.85,2.09,demo_simulation
2026-08-21,-72.86,-49.09,0.3088,0.1763,1.6,33.65,3.59,demo_simulation
2026-08-21,-72.86,-16.36,0.3052,0.1929,0.8,34.36,3.44,demo_simulation
2026-08-21,-72.86,16.36,0.2396,-0.3767,0.9,34.63,4.06,demo_simulation
2026-08-21,-72.86,49.09,0.342,0.2019,1.8,34.42,4.2,demo_simulation
2026-08-21,-72.86,81.82,0.2482,-0.3714,1.5,33.64,4.74,demo_simulation
2026-08-21,-72.86,114.55,0.2509,-0.2235,0.2,34.04,4.8,demo_simulation
2026-08-21,-72.86,147.27,0.1971,-0.1789,0.3,34.55,4.48,demo_simulation
2026-08-21,-72.86,180.0,0.2882,-0.0652,1.4,34.01,3.95,demo_simulation
2026-08-21,-70.29,-180.0,0.3867,-0.052,0.9,34.17,3.22,demo_simulation
2026-08-21,-70.29,-147.27,0.1891,-0.2033,2.3,33.74,4.28,demo_simulation
2026-08-21,-70.29,-114.55,0.0943,0.1276,2.4,33.63,1.86,demo_simulation
2026-08-21,-70.29,-81.82,0.0534,-0.1578,1.6,33.82,1.94,demo_simulation
2026-08-21,-70.29,-49.09,0.1392,-0.1956,1.6,34.08,2.11,demo_simulation
2026-08-21,-70.29,-16.36,0.3858,0.0278,2.3,34.33,2.0,demo_simulation
2026-08-21,-70.29,16.36,0.4337,0.1631,1.3,34.48,4.92,demo_simulation
2026-08-21,-70.29,49.09,0.2718,-0.1723,1.0,33.53,1.86,demo_simulation
2026-08-21,-70.29,81.82,0.0522,0.1991,1.3,34.43,4.69,demo_simulation
2026-08-21,-70.29,114.55,0.3835,-0.2942,1.6,34.49,2.03,demo_simulation
2026-08-21,-70.29,147.27,0.4421,0.1312,0.8,34.16,2.76,demo_simulation
2026-08-21,-70.29,180.0,0.2865,-0.2504,3.6,33.93,3.92,demo_simulation
2026-08-21,-67.71,-180.0,0.1763,-0.0721,3.4,34.49,3.78,demo_simulation
2026-08-21,-67.71,-147.27,0.3203,0.1361,1.2,34.22,4.72,demo_simulation
2026-08-21,-67.71,-114.55,0.1872,-0.0179,3.9,34.02,4.18,demo_simulation
2026-08-21,-67.71,-81.82,0.199,-0.1051,3.7,34.21,4.96,demo_simulation
2026-08-21,-67.71,-49.09,0.2061,-0.1336,3.9,34.75,4.41,demo_simulation
2026-08-21,-67.71,-16.36,0.2834,-0.1112,1.9,34.02,1.74,demo_simulation
2026-08-21,-67.71,16.36,0.1109,0.151,2.6,33.98,4.88,demo_simulation
2026-08-21,-67.71,49.09,0.2264,-0.1158,4.2,33.95,3.24,demo_simulation
2026-08-21,-67.71,81.82,0.4142,0.0189,2.7,33.59,3.36,demo_simulation
2026-08-21,-67.71,114.55,0.3312,-0.1822,3.8,33.6,4.93,demo_simulation
2026-08-21,-67.71,147.27,0.0902,0.1407,2.1,34.31,4.4,demo_simulation
2026-08-21,-67.71,180.0,0.3462,0.01,2.5,34.2,4.32,demo_simulation
2026-08-21,-65.14,-180.0,0.0862,0.0073,3.3,33.59,4.32,demo_simulation
2026-08-21,-65.14,-147.27,0.3612,0.0325,4.0,33.82,4.16,demo_simulation
2026-08-21,-65.14,-114.55,0.1088,-0.3368,4.0,34.4,2.86,demo_simulation
2026-08-21,-65.14,-81.82,0.2484,-0.0712,4.3,33.86,3.1,demo_simulation
2026-08-21,-65.14,-49.09,0.1783,0.0411,2.2,34.29,2.96,demo_simulation
2026-08-21,-65.14,-16.36,0.2142,-0.0806,2.7,34.64,4.57,demo_simulation
2026-08-21,-65.14,16.36,0.3522,-0.0387,3.6,34.2,4.89,demo_simulation
2026-08-21,-65.14,49.09,0.1782,-0.0252,4.3,33.9,3.55,demo_simulation
2026-08-21,-65.14,81.82,0.2015,-0.1051,4.3,33.9,1.57,demo_simulation
2026-08-21,-65.14,114.55,0.1424,0.3018,5.6,33.6,4.98,demo_simulation
2026-08-21,-65.14,147.27,0.4056,-0.234,4.5,33.66,2.14,demo_simulation
2026-08-21,-65.14,180.0,0.0508,-0.1816,4.0,33.75,4.73,demo_simulation
2026-08-21,-62.57,-180.0,0.1394,0.1419,4.4,34.22,1.85,demo_simulation
2026-08-21,-62.57,-147.27,0.3496,-0.2452,3.3,33.87,2.92,demo_simulation
2026-08-21,-62.57,-114.55,0.2837,0.193,5.3,33.6,4.45,demo_simulation
2026-08-21,-62.57,-81.82,0.1182,0.316,2.4,34.57,4.94,demo_simulation
2026-08-21,-62.57,-49.09,0.2114,-0.0289,4.4,34.77,3.13,demo_simulation
2026-08-21,-62.57,-16.36,0.4363,0.1531,4.7,34.56,3.91,demo_simulation
2026-08-21,-62.57,16.36,0.1273,-0.0985,2.7,34.23,1.8,demo_simulation
2026-08-21,-62.57,49.09,0.2688,-0.0037,6.3,34.64,4.55,demo_simulation
2026-08-21,-62.57,81.82,0.3847,-0.1823,6.1,34.75,2.72,demo_simulation
2026-08-21,-62.57,114.55,0.2657,-0.1645,5.0,34.04,1.68,demo_simulation
2026-08-21,-62.57,147.27,0.1916,0.037,3.8,33.78,3.54,demo_simulation
2026-08-21,-62.57,180.0,0.1641,-0.1156,6.3,33.77,4.15,demo_simulation
2026-08-21,-60.0,-180.0,0.1598,0.0767,4.5,33.56,2.18,demo_simulation
2026-08-21,-60.0,-147.27,0.3636,0.0319,6.7,33.66,1.78,demo_simulation
2026-08-21,-60.0,-114.55,0.4076,-0.0516,5.7,34.57,4.94,demo_simulation
2026-08-21,-60.0,-81.82,0.26,-0.1838,4.2,33.69,3.95,demo_simulation
2026-08-21,-60.0,-49.09,0.244,0.0505,5.6,33.57,1.96,demo_simulation
2026-08-21,-60.0,-16.36,0.1544,0.1127,5.2,34.02,3.55,demo_simulation
2026-08-21,-60.0,16.36,0.2897,0.2062,6.5,33.78,4.27,demo_simulation
2026-08-21,-60.0,49.09,0.084,-0.1139,6.9,33.9,3.56,demo_simulation
2026-08-21,-60.0,81.82,0.0946,-0.0723,6.8,34.78,2.48,demo_simulation
2026-08-21,-60.0,114.55,0.2407,-0.0629,5.9,34.4,3.41,demo_simulation
2026-08-21,-60.0,147.27,0.3725,0.0579,6.0,34.26,3.2,demo_simulation
2026-08-21,-60.0,180.0,0.1385,-0.0333,5.2,33.82,2.95,demo_simulation
2026-08-20,-78.0,-180.0,0.2826,0.0941,-0.2,33.95,3.43,demo_simulation
2026-08-20,-78.0,-147.27,0.243,-0.0926,-1.3,34.53,4.76,demo_simulation
2026-08-20,-78.0,-114.55,0.3061,0.1896,-1.7,34.34,3.66,demo_simulation
2026-08-20,-78.0,-81.82,0.4169,-0.0052,-2.0,34.08,3.47,demo_simulation
2026-08-20,-78.0,-49.09,0.0611,-0.0884,1.3,33.89,3.64,demo_simulation
2026-08-20,-78.0,-16.36,0.0783,-0.0292,-0.2,34.77,2.49,demo_simulation
2026-08-20,-78.0,16.36,0.2725,-0.1369,-1.6,34.45,2.2,demo_simulation
2026-08-20,-78.0,49.09,0.1361,-0.0345,-1.2,34.44,2.54,demo_simulation
2026-08-20,-78.0,81.82,0.0503,-0.0812,-1.0,34.65,4.65,demo_simulation
2026-08-20,-78.0,114.55,0.3479,0.0911,-0.6,34.05,4.1,demo_simulation
2026-08-20,-78.0,147.27,0.311,0.1278,-1.3,33.74,4.76,demo_simulation
2026-08-20,-78.0,180.0,0.2231,0.2017,-0.2,33.64,3.25,demo_simulation
2026-08-20,-75.43,-180.0,0.173,-0.2801,0.7,34.43,4.83,demo_simulation
2026-08-20,-75.43,-147.27,0.2939,-0.361,1.0,34.15,1.73,demo_simulation
2026-08-20,-75.43,-114.55,0.0739,0.2542,0.1,33.68,4.58,demo_simulation
2026-08-20,-75.43,-81.82,0.2058,-0.1377,0.1,34.59,1.5,demo_simulation
2026-08-20,-75.43,-49.09,0.1365,0.0291,-1.3,33.92,2.24,demo_simulation
2026-08-20,-75.43,-16.36,0.2789,0.0418,-1.3,34.18,4.1,demo_simulation
2026-08-20,-75.43,16.36,0.3435,-0.0877,1.3,33.7,2.9,demo_simulation
2026-08-20,-75.43,49.09,0.432,-0.0035,-1.7,33.84,2.42,demo_simulation
2026-08-20,-75.43,81.82,0.1411,0.0967,-2.0,33.79,1.64,demo_simulation
2026-08-20,-75.43,114.55,0.4404,-0.0478,-0.9,33.5,4.27,demo_simulation
2026-08-20,-75.43,147.27,0.1012,-0.0659,-0.1,34.55,4.62,demo_simulation
2026-08-20,-75.43,180.0,0.3055,0.1221,-0.1,33.87,3.0,demo_simulation
2026-08-20,-72.86,-180.0,0.3565,0.2015,2.8,34.17,1.53,demo_simulation
2026-08-20,-72.86,-147.27,0.0958,-0.1922,0.9,34.67,2.61,demo_simulation
2026-08-20,-72.86,-114.55,0.1214,0.1916,-0.8,33.53,2.94,demo_simulation
2026-08-20,-72.86,-81.82,0.1641,0.0706,1.0,33.58,1.58,demo_simulation
2026-08-20,-72.86,-49.09,0.2553,0.0682,1.6,33.89,2.75,demo_simulation
2026-08-20,-72.86,-16.36,0.4393,0.0365,2.0,34.3,4.63,demo_simulation
2026-08-20,-72.86,16.36,0.2601,0.1299,-0.5,34.09,4.24,demo_simulation
2026-08-20,-72.86,49.09,0.3464,0.1789,0.0,34.5,2.84,demo_simulation
2026-08-20,-72.86,81.82,0.1408,-0.0646,1.1,34.62,2.63,demo_simulation
2026-08-20,-72.86,114.55,0.2308,0.0036,2.5,34.3,2.79,demo_simulation
2026-08-20,-72.86,147.27,0.2357,-0.0023,1.6,34.3,3.49,demo_simulation
2026-08-20,-72.86,180.0,0.4455,-0.2131,-0.5,34.16,2.55,demo_simulation
2026-08-20,-70.29,-180.0,0.3178,0.1506,0.1,34.73,2.32,demo_simulation
2026-08-20,-70.29,-147.27,0.434,-0.115,3.1,34.56,3.83,demo_simulation
2026-08-20,-70.29,-114.55,0.2345,0.2204,2.0,34.07,1.75,demo_simulation
2026-08-20,-70.29,-81.82,0.1738,-0.0823,0.2,34.23,1.84,demo_simulation
2026-08-20,-70.29,-49.09,0.1246,0.1227,0.8,34.46,2.88,demo_simulation
2026-08-20,-70.29,-16.36,0.4072,-0.085,2.2,33.84,4.14,demo_simulation
2026-08-20,-70.29,16.36,0.2862,-0.0165,1.9,34.21,2.02,demo_simulation
2026-08-20,-70.29,49.09,0.2897,-0.0018,0.2,34.24,4.64,demo_simulation
2026-08-20,-70.29,81.82,0.1893,0.1295,-0.3,33.59,4.65,demo_simulation
2026-08-20,-70.29,114.55,0.2947,0.1205,1.6,34.41,4.64,demo_simulation
2026-08-20,-70.29,147.27,0.0904,0.0323,1.7,34.39,4.42,demo_simulation
2026-08-20,-70.29,180.0,0.385,0.0188,1.7,34.55,4.75,demo_simulation
2026-08-20,-67.71,-180.0,0.1594,-0.1371,2.9,33.81,4.08,demo_simulation
2026-08-20,-67.71,-147.27,0.1517,0.2005,3.2,34.74,2.93,demo_simulation
2026-08-20,-67.71,-114.55,0.0709,0.0943,2.4,33.62,4.84,demo_simulation
2026-08-20,-67.71,-81.82,0.1799,-0.2531,2.4,34.57,2.83,demo_simulation
2026-08-20,-67.71,-49.09,0.1584,-0.0324,3.1,34.16,4.42,demo_simulation
2026-08-20,-67.71,-16.36,0.351,-0.2133,3.9,33.91,2.48,demo_simulation
2026-08-20,-67.71,16.36,0.405,-0.0043,2.5,34.05,2.0,demo_simulation
2026-08-20,-67.71,49.09,0.0604,-0.1608,1.0,34.54,1.55,demo_simulation
2026-08-20,-67.71,81.82,0.2276,0.1265,3.0,34.73,4.43,demo_simulation
2026-08-20,-67.71,114.55,0.3266,-0.29,4.1,34.25,2.28,demo_simulation
2026-08-20,-67.71,147.27,0.2098,-0.0621,2.3,34.32,4.35,demo_simulation
2026-08-20,-67.71,180.0,0.1469,-0.1253,2.6,33.66,2.89,demo_simulation
2026-08-20,-65.14,-180.0,0.264,-0.0388,4.5,33.76,1.9,demo_simulation
2026-08-20,-65.14,-147.27,0.2574,0.0779,5.2,33.78,4.81,demo_simulation
2026-08-20,-65.14,-114.55,0.1929,-0.0649,5.4,33.67,1.84,demo_simulation
2026-08-20,-65.14,-81.82,0.4073,-0.0127,1.8,34.62,3.94,demo_simulation
2026-08-20,-65.14,-49.09,0.1584,0.0568,4.5,34.72,4.15,demo_simulation
2026-08-20,-65.14,-16.36,0.4319,0.025,3.0,34.59,3.91,demo_simulation
2026-08-20,-65.14,16.36,0.3483,0.1402,2.9,34.5,2.57,demo_simulation
2026-08-20,-65.14,49.09,0.2887,0.3554,4.5,34.48,4.28,demo_simulation
2026-08-20,-65.14,81.82,0.2888,-0.1462,5.0,33.99,3.32,demo_simulation
2026-08-20,-65.14,114.55,0.4116,-0.1366,2.7,34.18,3.49,demo_simulation
2026-08-20,-65.14,147.27,0.2963,-0.1892,4.9,34.72,4.31,demo_simulation
2026-08-20,-65.14,180.0,0.2297,-0.4178,4.8,34.47,1.95,demo_simulation
2026-08-20,-62.57,-180.0,0.3487,-0.041,4.5,33.68,1.61,demo_simulation
2026-08-20,-62.57,-147.27,0.443,0.0354,7.0,34.49,2.04,demo_simulation
2026-08-20,-62.57,-114.55,0.117,-0.0479,4.3,33.93,4.83,demo_simulation
2026-08-20,-62.57,-81.82,0.2802,-0.1113,5.4,34.76,3.23,demo_simulation
2026-08-20,-62.57,-49.09,0.1463,0.0139,5.0,33.65,3.5,demo_simulation
2026-08-20,-62.57,-16.36,0.0779,-0.1225,4.0,34.45,3.58,demo_simulation
2026-08-20,-62.57,16.36,0.0628,-0.1031,6.7,33.89,3.57,demo_simulation
2026-08-20,-62.57,49.09,0.1976,-0.1015,6.4,34.48,3.6,demo_simulation
2026-08-20,-62.57,81.82,0.1442,-0.0085,5.0,33.99,3.17,demo_simulation
2026-08-20,-62.57,114.55,0.4087,-0.1401,4.4,34.28,2.86,demo_simulation
2026-08-20,-62.57,147.27,0.4491,-0.0626,4.9,33.77,4.46,demo_simulation
2026-08-20,-62.57,180.0,0.2236,-0.0923,6.2,34.64,3.36,demo_simulation
2026-08-20,-60.0,-180.0,0.2448,-0.1974,6.0,34.73,4.81,demo_simulation
2026-08-20,-60.0,-147.27,0.3421,0.1593,4.5,34.44,1.51,demo_simulation
2026-08-20,-60.0,-114.55,0.1253,0.2298,5.3,33.67,3.62,demo_simulation
2026-08-20,-60.0,-81.82,0.4293,-0.0423,5.4,33.6,4.38,demo_simulation
2026-08-20,-60.0,-49.09,0.158,0.1765,6.0,33.75,1.66,demo_simulation
2026-08-20,-60.0,-16.36,0.4464,-0.0766,4.1,33.61,3.19,demo_simulation
2026-08-20,-60.0,16.36,0.3975,-0.0119,5.8,33.83,2.73,demo_simulation
2026-08-20,-60.0,49.09,0.1998,-0.1178,5.1,33.79,4.62,demo_simulation
2026-08-20,-60.0,81.82,0.3181,-0.0675,6.1,33.92,1.77,demo_simulation
2026-08-20,-60.0,114.55,0.3681,0.0444,4.5,34.79,2.68,demo_simulation
2026-08-20,-60.0,147.27,0.4416,-0.2339,6.6,34.03,4.66,demo_simulation
2026-08-20,-60.0,180.0,0.3935,-0.2619,5.9,34.11,4.74,demo_simulation
2026-08-19,-78.0,-180.0,0.154,-0.0901,-0.8,34.41,3.71,demo_simulation
2026-08-19,-78.0,-147.27,0.4122,0.0094,-1.3,33.66,3.03,demo_simulation
2026-08-19,-78.0,-114.55,0.248,0.3127,-2.2,33.84,4.6,demo_simulation
2026-08-19,-78.0,-81.82,0.3431,-0.0982,-1.1,33.78,3.14,demo_simulation
2026-08-19,-78.0,-49.09,0.0723,0.2247,-1.9,33.67,4.93,demo_simulation
2026-08-19,-78.0,-16.36,0.3815,0.3065,-1.0,34.69,3.72,demo_simulation
2026-08-19,-78.0,16.36,0.2289,0.0819,-0.7,33.54,1.65,demo_simulation
2026-08-19,-78.0,49.09,0.3527,0.2423,-1.4,33.86,2.1,demo_simulation
2026-08-19,-78.0,81.82,0.2817,0.1261,1.0,34.28,4.68,demo_simulation
2026-08-19,-78.0,114.55,0.0758,-0.0918,0.7,34.55,3.38,demo_simulation
2026-08-19,-78.0,147.27,0.2593,-0.123,-1.4,33.87,3.85,demo_simulation
2026-08-19,-78.0,180.0,0.1333,-0.0943,-0.8,34.17,4.39,demo_simulation
2026-08-19,-75.43,-180.0,0.328,-0.0041,-0.2,33.78,3.92,demo_simulation
2026-08-19,-75.43,-147.27,0.2194,-0.1205,0.4,34.19,1.94,demo_simulation
2026-08-19,-75.43,-114.55,0.4343,0.0108,1.8,34.11,3.96,demo_simulation
2026-08-19,-75.43,-81.82,0.409,0.0378,-0.6,33.7,3.97,demo_simulation
2026-08-19,-75.43,-49.09,0.1194,0.3144,-0.1,34.06,3.89,demo_simulation
2026-08-19,-75.43,-16.36,0.446,-0.1014,0.6,34.32,3.24,demo_simulation
2026-08-19,-75.43,16.36,0.4141,0.2268,0.0,34.8,2.16,demo_simulation
2026-08-19,-75.43,49.09,0.3458,-0.0765,1.5,34.53,4.61,demo_simulation
2026-08-19,-75.43,81.82,0.2893,-0.022,-0.2,34.68,2.33,demo_simulation
2026-08-19,-75.43,114.55,0.1144,0.1002,-1.1,34.05,2.23,demo_simulation
2026-08-19,-75.43,147.27,0.1856,0.1593,-0.4,34.42,3.97,demo_simulation
2026-08-19,-75.43,180.0,0.1791,-0.0282,-0.0,34.73,2.25,demo_simulation
2026-08-19,-72.86,-180.0,0.1518,0.0166,2.3,33.68,2.96,demo_simulation
2026-08-19,-72.86,-147.27,0.0957,-0.2126,-0.6,34.68,4.38,demo_simulation
2026-08-19,-72.86,-114.55,0.4173,0.1541,1.2,34.44,2.15,demo_simulation
2026-08-19,-72.86,-81.82,0.2651,-0.0619,1.2,34.26,3.75,demo_simulation
2026-08-19,-72.86,-49.09,0.2202,0.2608,2.3,34.18,3.21,demo_simulation
2026-08-19,-72.86,-16.36,0.3054,0.0422,0.4,33.7,1.84,demo_simulation
2026-08-19,-72.86,16.36,0.2828,-0.0854,-0.7,33.66,2.57,demo_simulation
2026-08-19,-72.86,49.09,0.2659,0.1746,-0.2,33.74,1.83,demo_simulation
2026-08-19,-72.86,81.82,0.3655,0.1385,-0.6,34.31,2.56,demo_simulation
2026-08-19,-72.86,114.55,0.4082,-0.0843,1.8,34.41,2.32,demo_simulation
2026-08-19,-72.86,147.27,0.0935,0.2705,1.0,34.7,2.83,demo_simulation
2026-08-19,-72.86,180.0,0.2094,-0.2794,1.2,34.65,3.87,demo_simulation
2026-08-19,-70.29,-180.0,0.3935,-0.2387,0.5,34.32,1.85,demo_simulation
2026-08-19,-70.29,-147.27,0.0887,-0.1255,2.5,34.46,3.65,demo_simulation
2026-08-19,-70.29,-114.55,0.2373,-0.1802,2.5,34.18,3.61,demo_simulation
2026-08-19,-70.29,-81.82,0.0751,0.1466,2.6,34.01,4.98,demo_simulation
2026-08-19,-70.29,-49.09,0.123,-0.1121,1.4,34.39,3.28,demo_simulation
2026-08-19,-70.29,-16.36,0.2395,0.0404,3.0,33.85,3.14,demo_simulation
2026-08-19,-70.29,16.36,0.3613,0.0926,3.2,33.88,2.3,demo_simulation
2026-08-19,-70.29,49.09,0.0985,-0.1727,2.6,34.52,4.31,demo_simulation
2026-08-19,-70.29,81.82,0.1335,-0.0666,0.9,34.21,3.67,demo_simulation
2026-08-19,-70.29,114.55,0.4307,0.0161,3.4,34.62,3.6,demo_simulation
2026-08-19,-70.29,147.27,0.3743,-0.0831,3.2,33.71,3.53,demo_simulation
2026-08-19,-70.29,180.0,0.4074,0.1018,2.7,34.05,1.62,demo_simulation
2026-08-19,-67.71,-180.0,0.3645,-0.0277,3.0,33.62,3.86,demo_simulation
2026-08-19,-67.71,-147.27,0.2317,0.0626,2.4,34.05,3.27,demo_simulation
2026-08-19,-67.71,-114.55,0.4088,0.0688,1.8,34.69,1.51,demo_simulation
2026-08-19,-67.71,-81.82,0.1208,-0.0632,3.7,34.17,4.5,demo_simulation
2026-08-19,-67.71,-49.09,0.4036,-0.0136,2.9,34.04,3.35,demo_simulation
2026-08-19,-67.71,-16.36,0.2986,-0.1407,2.5,34.72,4.38,demo_simulation
2026-08-19,-67.71,16.36,0.3937,0.0202,4.3,33.84,4.33,demo_simulation
2026-08-19,-67.71,49.09,0.2342,-0.2157,3.7,34.71,1.58,demo_simulation
2026-08-19,-67.71,81.82,0.2989,-0.2658,1.8,34.31,3.0,demo_simulation
2026-08-19,-67.71,114.55,0.3498,0.093,1.0,34.31,1.96,demo_simulation
2026-08-19,-67.71,147.27,0.4184,0.0387,4.0,34.1,4.67,demo_simulation
2026-08-19,-67.71,180.0,0.375,-0.0755,2.2,33.51,4.39,demo_simulation
2026-08-19,-65.14,-180.0,0.4199,-0.0778,4.2,33.56,1.78,demo_simulation
2026-08-19,-65.14,-147.27,0.28,0.1153,3.4,34.27,3.09,demo_simulation
2026-08-19,-65.14,-114.55,0.1351,-0.0132,3.6,33.87,3.11,demo_simulation
2026-08-19,-65.14,-81.82,0.395,0.0014,4.2,34.75,3.94,demo_simulation
2026-08-19,-65.14,-49.09,0.228,0.1717,2.9,34.61,4.44,demo_simulation
2026-08-19,-65.14,-16.36,0.2167,-0.0037,3.4,33.52,2.07,demo_simulation
2026-08-19,-65.14,16.36,0.4384,0.0249,4.0,34.31,4.32,demo_simulation
2026-08-19,-65.14,49.09,0.4119,-0.2974,3.9,34.58,3.87,demo_simulation
2026-08-19,-65.14,81.82,0.3059,0.179,3.2,34.09,4.87,demo_simulation
2026-08-19,-65.14,114.55,0.0974,0.2185,4.0,33.78,3.1,demo_simulation
2026-08-19,-65.14,147.27,0.1782,-0.2536,5.2,33.74,3.1,demo_simulation
2026-08-19,-65.14,180.0,0.3436,0.0627,5.3,34.7,2.91,demo_simulation
2026-08-19,-62.57,-180.0,0.3626,-0.0737,4.3,33.87,3.1,demo_simulation
2026-08-19,-62.57,-147.27,0.0528,0.134,4.6,34.31,2.92,demo_simulation
2026-08-19,-62.57,-114.55,0.1093,-0.1215,5.6,34.03,3.64,demo_simulation
2026-08-19,-62.57,-81.82,0.11,-0.1385,6.4,33.87,1.88,demo_simulation
2026-08-19,-62.57,-49.09,0.4372,-0.0517,4.2,34.32,1.93,demo_simulation
2026-08-19,-62.57,-16.36,0.0731,0.0301,5.0,33.59,3.69,demo_simulation
2026-08-19,-62.57,16.36,0.4472,-0.1486,4.5,33.89,1.9,demo_simulation
2026-08-19,-62.57,49.09,0.3855,-0.0868,3.8,34.64,4.94,demo_simulation
2026-08-19,-62.57,81.82,0.2185,-0.0443,3.4,34.33,2.57,demo_simulation
2026-08-19,-62.57,114.55,0.4189,0.1648,2.6,33.74,2.46,demo_simulation
2026-08-19,-62.57,147.27,0.1811,0.2264,5.3,34.2,2.66,demo_simulation
2026-08-19,-62.57,180.0,0.2266,-0.1484,4.3,33.56,2.26,demo_simulation
2026-08-19,-60.0,-180.0,0.2557,-0.1167,4.8,34.39,1.91,demo_simulation
2026-08-19,-60.0,-147.27,0.3918,-0.0797,8.0,34.01,2.21,demo_simulation
2026-08-19,-60.0,-114.55,0.1948,0.0798,4.4,33.92,4.55,demo_simulation
2026-08-19,-60.0,-81.82,0.4261,-0.1343,6.3,34.07,2.07,demo_simulation
2026-08-19,-60.0,-49.09,0.0549,-0.0609,5.2,34.22,4.47,demo_simulation
2026-08-19,-60.0,-16.36,0.3396,0.0075,6.2,34.59,3.45,demo_simulation
2026-08-19,-60.0,16.36,0.4459,-0.0019,7.4,34.69,4.86,demo_simulation
2026-08-19,-60.0,49.09,0.3837,-0.2569,6.5,34.51,4.88,demo_simulation
2026-08-19,-60.0,81.82,0.2746,-0.134,4.7,33.51,4.95,demo_simulation
2026-08-19,-60.0,114.55,0.3522,-0.1612,6.0,34.09,4.15,demo_simulation
2026-08-19,-60.0,147.27,0.1575,-0.1971,6.9,33.95,4.76,demo_simulation
2026-08-19,-60.0,180.0,0.4305,0.1384,4.7,33.68,2.98,demo_simulation
2026-08-18,-78.0,-180.0,0.3621,0.2765,-2.2,34.38,1.52,demo_simulation
2026-08-18,-78.0,-147.27,0.2216,0.0643,-0.9,33.98,2.9,demo_simulation
2026-08-18,-78.0,-114.55,0.1608,0.2344,-2.4,33.68,3.46,demo_simulation
2026-08-18,-78.0,-81.82,0.2508,0.0612,-1.3,33.71,3.08,demo_simulation
2026-08-18,-78.0,-49.09,0.3374,-0.2445,-2.0,33.93,2.48,demo_simulation
2026-08-18,-78.0,-16.36,0.2251,-0.1299,-0.0,33.58,4.05,demo_simulation
2026-08-18,-78.0,16.36,0.2376,0.0241,-3.0,33.68,4.56,demo_simulation
2026-08-18,-78.0,49.09,0.3941,0.14,-0.1,33.78,4.02,demo_simulation
2026-08-18,-78.0,81.82,0.1405,-0.076,-0.0,33.57,3.19,demo_simulation
2026-08-18,-78.0,114.55,0.3825,0.1286,-1.2,33.79,3.49,demo_simulation
2026-08-18,-78.0,147.27,0.217,0.0855,-1.8,34.6,3.18,demo_simulation
2026-08-18,-78.0,180.0,0.3466,0.0643,-2.4,34.06,2.83,demo_simulation
2026-08-18,-75.43,-180.0,0.2817,-0.1153,0.3,34.16,3.57,demo_simulation
2026-08-18,-75.43,-147.27,0.2875,0.0452,-0.9,34.27,2.91,demo_simulation
2026-08-18,-75.43,-114.55,0.4019,-0.0056,-1.7,34.75,2.1,demo_simulation
2026-08-18,-75.43,-81.82,0.1127,-0.2028,-1.1,33.78,2.91,demo_simulation
2026-08-18,-75.43,-49.09,0.4279,-0.1498,-2.0,34.24,2.58,demo_simulation
2026-08-18,-75.43,-16.36,0.1998,-0.0358,-0.7,33.69,2.9,demo_simulation
2026-08-18,-75.43,16.36,0.2168,0.0428,-1.6,34.11,3.95,demo_simulation
2026-08-18,-75.43,49.09,0.1103,-0.3367,1.7,34.68,4.11,demo_simulation
2026-08-18,-75.43,81.82,0.2398,0.2797,0.0,33.84,4.22,demo_simulation
2026-08-18,-75.43,114.55,0.2135,0.0538,-0.5,34.68,4.55,demo_simulation
2026-08-18,-75.43,147.27,0.0577,0.1995,-1.1,34.29,3.09,demo_simulation
2026-08-18,-75.43,180.0,0.0753,-0.0895,-2.2,33.74,3.99,demo_simulation
2026-08-18,-72.86,-180.0,0.2057,0.2169,1.8,34.36,4.31,demo_simulation
2026-08-18,-72.86,-147.27,0.4368,-0.0012,2.0,34.05,3.9,demo_simulation
2026-08-18,-72.86,-114.55,0.0941,0.2243,1.1,34.75,4.62,demo_simulation
2026-08-18,-72.86,-81.82,0.3837,0.0371,-0.4,33.96,4.93,demo_simulation
2026-08-18,-72.86,-49.09,0.1118,0.1033,0.9,33.98,1.79,demo_simulation
2026-08-18,-72.86,-16.36,0.2154,-0.0956,1.1,33.73,4.67,demo_simulation
2026-08-18,-72.86,16.36,0.2042,-0.0444,0.3,33.72,3.27,demo_simulation
2026-08-18,-72.86,49.09,0.1246,-0.1613,1.6,34.49,2.87,demo_simulation
2026-08-18,-72.86,81.82,0.214,-0.0155,2.2,34.76,3.36,demo_simulation
2026-08-18,-72.86,114.55,0.2329,-0.0196,1.7,33.74,2.06,demo_simulation
2026-08-18,-72.86,147.27,0.1825,0.167,2.5,34.01,4.12,demo_simulation
2026-08-18,-72.86,180.0,0.2598,0.0655,1.3,34.14,2.37,demo_simulation
2026-08-18,-70.29,-180.0,0.1379,-0.0129,1.2,33.66,4.38,demo_simulation
2026-08-18,-70.29,-147.27,0.1491,0.0882,2.6,34.08,4.93,demo_simulation
2026-08-18,-70.29,-114.55,0.1046,0.1095,0.9,33.61,3.61,demo_simulation
2026-08-18,-70.29,-81.82,0.255,-0.0263,3.5,34.74,3.85,demo_simulation
2026-08-18,-70.29,-49.09,0.3689,-0.0845,0.3,34.68,3.46,demo_simulation
2026-08-18,-70.29,-16.36,0.0534,-0.0063,2.5,33.76,3.7,demo_simulation
2026-08-18,-70.29,16.36,0.1447,-0.2421,3.6,33.8,3.9,demo_simulation
2026-08-18,-70.29,49.09,0.2585,0.3513,2.1,33.94,2.57,demo_simulation
2026-08-18,-70.29,81.82,0.0952,-0.177,2.1,34.74,1.56,demo_simulation
2026-08-18,-70.29,114.55,0.1227,0.0953,-0.2,33.57,2.43,demo_simulation
2026-08-18,-70.29,147.27,0.1953,-0.112,1.6,33.76,4.45,demo_simulation
2026-08-18,-70.29,180.0,0.1917,0.4546,0.6,34.32,4.29,demo_simulation
2026-08-18,-67.71,-180.0,0.0683,0.3568,4.8,34.17,4.38,demo_simulation
2026-08-18,-67.71,-147.27,0.2388,0.2434,2.4,34.78,1.53,demo_simulation
2026-08-18,-67.71,-114.55,0.3696,-0.2009,3.2,33.9,3.77,demo_simulation
2026-08-18,-67.71,-81.82,0.2707,0.1634,3.2,34.54,2.44,demo_simulation
2026-08-18,-67.71,-49.09,0.4337,-0.2419,3.1,33.87,4.27,demo_simulation
2026-08-18,-67.71,-16.36,0.3541,0.2289,4.3,33.5,1.94,demo_simulation
2026-08-18,-67.71,16.36,0.3505,0.0626,2.0,34.68,4.84,demo_simulation
2026-08-18,-67.71,49.09,0.0618,-0.0875,3.5,33.76,3.28,demo_simulation
2026-08-18,-67.71,81.82,0.2791,-0.1331,4.4,34.79,4.61,demo_simulation
2026-08-18,-67.71,114.55,0.1474,-0.2826,1.4,34.0,3.78,demo_simulation
2026-08-18,-67.71,147.27,0.2237,-0.1391,3.8,33.69,2.21,demo_simulation
2026-08-18,-67.71,180.0,0.1243,-0.0036,2.1,34.0,1.6,demo_simulation
2026-08-18,-65.14,-180.0,0.1532,-0.0639,3.9,34.36,2.76,demo_simulation
2026-08-18,-65.14,-147.27,0.3045,0.3005,4.4,34.6,3.56,demo_simulation
2026-08-18,-65.14,-114.55,0.122,-0.0481,3.2,33.73,4.42,demo_simulation
2026-08-18,-65.14,-81.82,0.2667,0.0279,3.3,33.76,2.97,demo_simulation
2026-08-18,-65.14,-49.09,0.4227,0.2639,3.3,34.78,3.57,demo_simulation
2026-08-18,-65.14,-16.36,0.2694,0.113,1.9,34.04,1.93,demo_simulation
2026-08-18,-65.14,16.36,0.3067,0.0239,4.0,34.61,2.78,demo_simulation
2026-08-18,-65.14,49.09,0.1093,0.2181,3.0,33.54,1.8,demo_simulation
2026-08-18,-65.14,81.82,0.1662,0.1326,2.3,33.71,4.51,demo_simulation
2026-08-18,-65.14,114.55,0.3738,-0.1232,3.5,33.96,4.51,demo_simulation
2026-08-18,-65.14,147.27,0.3425,0.2007,2.8,33.85,3.82,demo_simulation
2026-08-18,-65.14,180.0,0.2154,-0.2578,4.5,33.92,4.92,demo_simulation
2026-08-18,-62.57,-180.0,0.1966,-0.116,5.6,33.76,2.4,demo_simulation
2026-08-18,-62.57,-147.27,0.4179,0.057,5.5,34.59,1.92,demo_simulation
2026-08-18,-62.57,-114.55,0.1985,-0.1311,5.6,33.67,3.07,demo_simulation
2026-08-18,-62.57,-81.82,0.2665,0.1572,5.0,34.72,4.34,demo_simulation
2026-08-18,-62.57,-49.09,0.3989,-0.046,3.9,33.99,3.48,demo_simulation
2026-08-18,-62.57,-16.36,0.0974,-0.1975,4.2,33.83,1.78,demo_simulation
2026-08-18,-62.57,16.36,0.081,-0.1964,4.6,34.17,2.48,demo_simulation
2026-08-18,-62.57,49.09,0.3263,-0.0998,3.9,33.87,3.07,demo_simulation
2026-08-18,-62.57,81.82,0.1814,0.271,6.9,34.44,4.95,demo_simulation
2026-08-18,-62.57,114.55,0.3285,-0.1303,3.8,33.96,3.85,demo_simulation
2026-08-18,-62.57,147.27,0.1367,-0.1166,6.3,34.64,1.75,demo_simulation
2026-08-18,-62.57,180.0,0.2367,-0.2389,1.5,33.74,4.51,demo_simulation
2026-08-18,-60.0,-180.0,0.4365,0.2577,5.6,33.97,2.85,demo_simulation
2026-08-18,-60.0,-147.27,0.3026,-0.1574,7.4,34.15,1.66,demo_simulation
2026-08-18,-60.0,-114.55,0.2472,0.2113,6.9,34.29,3.71,demo_simulation
2026-08-18,-60.0,-81.82,0.2361,-0.1022,6.3,34.29,3.91,demo_simulation
2026-08-18,-60.0,-49.09,0.2396,0.1536,6.7,34.15,4.45,demo_simulation
2026-08-18,-60.0,-16.36,0.2308,0.1131,7.2,34.51,3.31,demo_simulation
2026-08-18,-60.0,16.36,0.2011,-0.0937,6.4,34.58,4.45,demo_simulation
2026-08-18,-60.0,49.09,0.0989,0.1387,6.4,34.13,1.78,demo_simulation
2026-08-18,-60.0,81.82,0.3695,-0.0798,6.4,34.19,4.22,demo_simulation
2026-08-18,-60.0,114.55,0.3188,0.1609,6.0,34.07,1.58,demo_simulation
2026-08-18,-60.0,147.27,0.1567,0.3038,5.7,34.43,2.27,demo_simulation
2026-08-18,-60.0,180.0,0.2694,0.0944,5.3,34.23,4.1,demo_simulation
2026-08-17,-78.0,-180.0,0.2961,0.0727,-1.9,33.77,3.54,demo_simulation
2026-08-17,-78.0,-147.27,0.1475,0.1743,-1.5,34.0,4.84,demo_simulation
2026-08-17,-78.0,-114.55,0.0943,0.0177,-2.4,34.7,1.88,demo_simulation
2026-08-17,-78.0,-81.82,0.09,-0.2876,-1.5,34.03,3.13,demo_simulation
2026-08-17,-78.0,-49.09,0.362,-0.1631,-1.5,34.08,2.67,demo_simulation
2026-08-17,-78.0,-16.36,0.3457,0.097,-1.2,34.55,2.51,demo_simulation
2026-08-17,-78.0,16.36,0.3113,-0.1254,-1.4,34.75,3.8,demo_simulation
2026-08-17,-78.0,49.09,0.2403,-0.1502,-1.2,33.86,2.21,demo_simulation
2026-08-17,-78.0,81.82,0.1327,0.1203,-2.4,34.6,2.34,demo_simulation
2026-08-17,-78.0,114.55,0.1192,0.0455,-1.6,34.29,3.86,demo_simulation
2026-08-17,-78.0,147.27,0.1094,0.1065,-2.4,34.16,2.4,demo_simulation
2026-08-17,-78.0,180.0,0.1377,-0.0546,-1.3,34.11,3.1,demo_simulation
2026-08-17,-75.43,-180.0,0.2454,0.0302,0.7,34.34,3.92,demo_simulation
2026-08-17,-75.43,-147.27,0.1226,-0.2185,-1.4,34.55,2.2,demo_simulation
2026-08-17,-75.43,-114.55,0.2772,0.2283,0.2,34.73,3.63,demo_simulation
2026-08-17,-75.43,-81.82,0.162,-0.0706,-0.3,34.15,1.92,demo_simulation
2026-08-17,-75.43,-49.09,0.2513,-0.0986,0.3,34.56,2.94,demo_simulation
2026-08-17,-75.43,-16.36,0.1308,-0.1226,-1.8,33.95,4.14,demo_simulation
2026-08-17,-75.43,16.36,0.111,-0.1308,0.5,34.11,4.58,demo_simulation
2026-08-17,-75.43,49.09,0.4148,0.2167,-0.3,33.99,1.75,demo_simulation
2026-08-17,-75.43,81.82,0.2541,-0.2025,-1.5,34.1,2.9,demo_simulation
2026-08-17,-75.43,114.55,0.3486,-0.1865,0.6,34.22,4.6,demo_simulation
2026-08-17,-75.43,147.27,0.0692,-0.0504,0.4,34.24,2.69,demo_simulation
2026-08-17,-75.43,180.0,0.3854,-0.1857,0.5,34.03,2.26,demo_simulation
2026-08-17,-72.86,-180.0,0.1611,-0.1452,1.6,33.93,3.89,demo_simulation
2026-08-17,-72.86,-147.27,0.2878,-0.1703,1.4,34.57,3.03,demo_simulation
2026-08-17,-72.86,-114.55,0.1759,0.0153,1.1,34.59,2.48,demo_simulation
2026-08-17,-72.86,-81.82,0.1206,-0.0703,0.7,34.41,3.03,demo_simulation
2026-08-17,-72.86,-49.09,0.3904,0.058,0.2,33.56,1.56,demo_simulation
2026-08-17,-72.86,-16.36,0.4172,0.0725,0.6,33.63,3.27,demo_simulation
2026-08-17,-72.86,16.36,0.1876,-0.0016,0.9,34.01,4.12,demo_simulation
2026-08-17,-72.86,49.09,0.1261,0.049,1.2,33.89,4.8,demo_simulation
2026-08-17,-72.86,81.82,0.3965,-0.1439,2.0,34.08,3.09,demo_simulation
2026-08-17,-72.86,114.55,0.1709,0.1131,0.9,33.85,1.64,demo_simulation
2026-08-17,-72.86,147.27,0.2886,-0.1851,0.5,33.62,4.25,demo_simulation
2026-08-17,-72.86,180.0,0.2796,0.0533,-0.1,33.86,3.23,demo_simulation
2026-08-17,-70.29,-180.0,0.2243,0.0398,2.4,34.32,4.67,demo_simulation
2026-08-17,-70.29,-147.27,0.2359,0.019,2.6,33.69,3.9,demo_simulation
2026-08-17,-70.29,-114.55,0.4008,-0.006,3.0,33.93,3.6,demo_simulation
2026-08-17,-70.29,-81.82,0.0885,0.0141,2.3,34.44,3.08,demo_simulation
2026-08-17,-70.29,-49.09,0.3516,0.0378,0.7,34.28,1.5,demo_simulation
2026-08-17,-70.29,-16.36,0.1037,0.0182,1.8,34.03,4.43,demo_simulation
2026-08-17,-70.29,16.36,0.1747,-0.0729,2.1,33.75,1.74,demo_simulation
2026-08-17,-70.29,49.09,0.2058,0.1527,0.6,34.27,4.99,demo_simulation
2026-08-17,-70.29,81.82,0.4024,-0.0107,2.0,34.77,3.71,demo_simulation
2026-08-17,-70.29,114.55,0.1763,-0.0844,1.2,34.51,2.48,demo_simulation
2026-08-17,-70.29,147.27,0.3201,0.0235,1.6,33.61,2.12,demo_simulation
2026-08-17,-70.29,180.0,0.0591,-0.2015,2.0,34.79,2.93,demo_simulation
2026-08-17,-67.71,-180.0,0.1337,0.2374,2.5,34.26,3.52,demo_simulation
2026-08-17,-67.71,-147.27,0.3627,-0.0568,3.5,34.29,4.23,demo_simulation
2026-08-17,-67.71,-114.55,0.08,0.1189,3.2,33.56,3.21,demo_simulation
2026-08-17,-67.71,-81.82,0.2871,-0.0437,3.6,34.48,2.93,demo_simulation
2026-08-17,-67.71,-49.09,0.1849,-0.0771,4.2,33.85,2.65,demo_simulation
2026-08-17,-67.71,-16.36,0.2589,0.1843,3.4,33.74,4.82,demo_simulation
2026-08-17,-67.71,16.36,0.3529,-0.0196,3.3,34.22,1.64,demo_simulation
2026-08-17,-67.71,49.09,0.2422,0.1847,3.1,34.35,3.95,demo_simulation
2026-08-17,-67.71,81.82,0.2214,-0.1119,3.4,33.93,3.62,demo_simulation
2026-08-17,-67.71,114.55,0.3751,-0.1771,2.6,34.61,3.87,demo_simulation
2026-08-17,-67.71,147.27,0.3693,0.0485,4.6,33.54,2.37,demo_simulation
2026-08-17,-67.71,180.0,0.3941,-0.0726,4.0,33.7,4.66,demo_simulation
2026-08-17,-65.14,-180.0,0.4141,0.2065,3.1,34.3,4.55,demo_simulation
2026-08-17,-65.14,-147.27,0.3165,0.0515,5.8,34.77,4.81,demo_simulation
2026-08-17,-65.14,-114.55,0.42,-0.3296,5.7,33.84,2.56,demo_simulation
2026-08-17,-65.14,-81.82,0.1422,0.0445,4.2,34.72,3.34,demo_simulation
2026-08-17,-65.14,-49.09,0.3138,-0.1993,2.0,33.82,1.89,demo_simulation
2026-08-17,-65.14,-16.36,0.4271,-0.0102,5.9,33.97,2.03,demo_simulation
2026-08-17,-65.14,16.36,0.4146,-0.0259,2.9,34.13,2.53,demo_simulation
2026-08-17,-65.14,49.09,0.3228,0.0752,4.7,34.36,1.61,demo_simulation
2026-08-17,-65.14,81.82,0.41,0.0518,3.8,34.6,2.39,demo_simulation
2026-08-17,-65.14,114.55,0.2873,-0.1343,4.6,34.52,2.12,demo_simulation
2026-08-17,-65.14,147.27,0.3058,0.1015,3.7,34.66,2.66,demo_simulation
2026-08-17,-65.14,180.0,0.4225,0.1148,4.1,34.47,2.21,demo_simulation
2026-08-17,-62.57,-180.0,0.4033,0.1009,4.9,33.85,4.22,demo_simulation
2026-08-17,-62.57,-147.27,0.3378,-0.0211,4.1,34.26,4.66,demo_simulation
2026-08-17,-62.57,-114.55,0.3274,0.0694,5.3,33.65,1.9,demo_simulation
2026-08-17,-62.57,-81.82,0.0734,0.0578,4.4,34.71,4.07,demo_simulation
2026-08-17,-62.57,-49.09,0.4368,-0.1107,6.7,33.57,4.05,demo_simulation
2026-08-17,-62.57,-16.36,0.4056,-0.1009,6.3,33.99,4.9,demo_simulation
2026-08-17,-62.57,16.36,0.4259,0.2385,6.2,34.43,2.33,demo_simulation
2026-08-17,-62.57,49.09,0.4292,0.0547,7.5,33.83,4.19,demo_simulation
2026-08-17,-62.57,81.82,0.404,0.0632,4.8,34.47,3.07,demo_simulation
2026-08-17,-62.57,114.55,0.2253,0.1016,5.3,34.54,1.68,demo_simulation
2026-08-17,-62.57,147.27,0.1151,-0.1909,4.8,34.43,4.59,demo_simulation
2026-08-17,-62.57,180.0,0.0588,0.0731,5.3,34.77,1.81,demo_simulation
2026-08-17,-60.0,-180.0,0.242,-0.0514,5.5,34.54,1.72,demo_simulation
2026-08-17,-60.0,-147.27,0.2852,-0.0338,5.6,34.27,1.81,demo_simulation
2026-08-17,-60.0,-114.55,0.3889,0.1811,5.4,33.77,4.84,demo_simulation
2026-08-17,-60.0,-81.82,0.1908,-0.0482,7.2,34.49,3.41,demo_simulation
2026-08-17,-60.0,-49.09,0.1797,0.075,6.9,34.52,2.63,demo_simulation
2026-08-17,-60.0,-16.36,0.4204,-0.3112,4.4,34.57,4.98,demo_simulation
2026-08-17,-60.0,16.36,0.1833,-0.0554,6.0,33.74,4.54,demo_simulation
2026-08-17,-60.0,49.09,0.16,-0.2446,5.9,34.53,2.33,demo_simulation
2026-08-17,-60.0,81.82,0.0625,-0.0295,5.8,33.62,2.75,demo_simulation
2026-08-17,-60.0,114.55,0.2605,-0.1013,4.0,33.69,1.56,demo_simulation
2026-08-17,-60.0,147.27,0.3735,0.1559,5.5,33.97,4.73,demo_simulation
2026-08-17,-60.0,180.0,0.4376,0.3194,7.0,34.28,1.65,demo_simulation
2026-08-16,-78.0,-180.0,0.4029,0.3744,-1.1,33.59,1.6,demo_simulation
2026-08-16,-78.0,-147.27,0.1903,-0.3442,-2.3,34.35,2.45,demo_simulation
2026-08-16,-78.0,-114.55,0.253,-0.2541,-0.1,34.25,3.05,demo_simulation
2026-08-16,-78.0,-81.82,0.198,-0.21,-1.5,33.87,4.39,demo_simulation
2026-08-16,-78.0,-49.09,0.1037,-0.3313,-2.9,34.04,3.43,demo_simulation
2026-08-16,-78.0,-16.36,0.4244,0.1503,-0.9,34.52,4.11,demo_simulation
2026-08-16,-78.0,16.36,0.1589,0.0376,-2.8,34.19,4.55,demo_simulation
2026-08-16,-78.0,49.09,0.3984,-0.164,-1.5,34.33,3.23,demo_simulation
2026-08-16,-78.0,81.82,0.2722,0.0275,-0.2,34.11,3.94,demo_simulation
2026-08-16,-78.0,114.55,0.3471,-0.2235,-0.3,34.45,1.84,demo_simulation
2026-08-16,-78.0,147.27,0.2218,0.0209,0.3,34.2,1.75,demo_simulation
2026-08-16,-78.0,180.0,0.1214,0.286,-2.1,33.7,3.37,demo_simulation
2026-08-16,-75.43,-180.0,0.1403,-0.2226,-2.4,33.55,3.12,demo_simulation
2026-08-16,-75.43,-147.27,0.1462,-0.1338,-0.2,34.3,1.78,demo_simulation
2026-08-16,-75.43,-114.55,0.2326,-0.1239,-0.6,34.19,3.55,demo_simulation
2026-08-16,-75.43,-81.82,0.2249,0.1326,-0.0,34.41,3.68,demo_simulation
2026-08-16,-75.43,-49.09,0.2185,0.2228,0.7,34.67,4.6,demo_simulation
2026-08-16,-75.43,-16.36,0.1125,-0.0218,-0.6,34.72,4.44,demo_simulation
2026-08-16,-75.43,16.36,0.3128,0.1366,-1.2,33.71,2.14,demo_simulation
2026-08-16,-75.43,49.09,0.1599,-0.1337,0.6,33.64,3.69,demo_simulation
2026-08-16,-75.43,81.82,0.2977,-0.1022,0.7,34.18,4.06,demo_simulation
2026-08-16,-75.43,114.55,0.2107,-0.1665,-1.3,33.73,2.36,demo_simulation
2026-08-16,-75.43,147.27,0.1235,0.0868,-1.6,33.75,1.63,demo_simulation
2026-08-16,-75.43,180.0,0.2518,-0.0276,-0.4,34.19,2.84,demo_simulation
2026-08-16,-72.86,-180.0,0.2324,0.0807,1.8,33.73,2.03,demo_simulation
2026-08-16,-72.86,-147.27,0.1884,-0.0653,0.4,34.57,4.49,demo_simulation
2026-08-16,-72.86,-114.55,0.2624,-0.0015,1.6,34.8,4.84,demo_simulation
2026-08-16,-72.86,-81.82,0.098,0.1122,1.9,33.81,1.62,demo_simulation
2026-08-16,-72.86,-49.09,0.0716,-0.0909,-0.1,34.01,4.34,demo_simulation
2026-08-16,-72.86,-16.36,0.3936,-0.0155,0.3,33.77,1.73,demo_simulation
2026-08-16,-72.86,16.36,0.264,0.0299,1.5,34.29,3.55,demo_simulation
2026-08-16,-72.86,49.09,0.4319,0.2895,0.4,33.91,4.69,demo_simulation
2026-08-16,-72.86,81.82,0.1938,0.157,1.9,34.72,2.82,demo_simulation
2026-08-16,-72.86,114.55,0.3052,-0.014,1.8,34.69,1.79,demo_simulation
2026-08-16,-72.86,147.27,0.1908,0.1322,1.0,34.19,4.7,demo_simulation
2026-08-16,-72.86,180.0,0.1841,-0.1211,0.8,34.12,3.03,demo_simulation
2026-08-16,-70.29,-180.0,0.241,-0.1777,0.9,34.49,3.41,demo_simulation
2026-08-16,-70.29,-147.27,0.0666,-0.006,1.4,33.63,4.9,demo_simulation
2026-08-16,-70.29,-114.55,0.1574,0.0131,0.0,34.73,1.96,demo_simulation
2026-08-16,-70.29,-81.82,0.1629,0.1185,1.3,34.26,4.76,demo_simulation
2026-08-16,-70.29,-49.09,0.0731,-0.128,1.3,33.71,3.8,demo_simulation
2026-08-16,-70.29,-16.36,0.35,0.2693,1.4,33.72,2.96,demo_simulation
2026-08-16,-70.29,16.36,0.446,0.0975,-0.3,34.44,2.73,demo_simulation
2026-08-16,-70.29,49.09,0.2766,-0.298,1.2,34.22,3.96,demo_simulation
2026-08-16,-70.29,81.82,0.383,-0.1857,1.6,34.37,2.62,demo_simulation
2026-08-16,-70.29,114.55,0.4072,0.0721,1.5,33.69,2.48,demo_simulation
2026-08-16,-70.29,147.27,0.108,0.0475,2.6,33.86,3.39,demo_simulation
2026-08-16,-70.29,180.0,0.2008,-0.0076,1.5,34.35,3.26,demo_simulation
2026-08-16,-67.71,-180.0,0.1219,-0.1158,3.0,33.8,4.24,demo_simulation
2026-08-16,-67.71,-147.27,0.1786,-0.0406,4.1,33.83,2.31,demo_simulation
2026-08-16,-67.71,-114.55,0.2129,0.1366,2.3,33.6,3.02,demo_simulation
2026-08-16,-67.71,-81.82,0.4314,0.17,2.6,34.17,2.84,demo_simulation
2026-08-16,-67.71,-49.09,0.166,-0.1489,2.1,34.08,4.05,demo_simulation
2026-08-16,-67.71,-16.36,0.3868,0.0025,3.3,34.67,3.45,demo_simulation
2026-08-16,-67.71,16.36,0.272,0.2334,2.3,34.61,2.03,demo_simulation
2026-08-16,-67.71,49.09,0.0829,-0.0353,2.7,34.38,1.87,demo_simulation
2026-08-16,-67.71,81.82,0.426,0.2064,2.1,34.44,1.97,demo_simulation
2026-08-16,-67.71,114.55,0.0501,0.0528,3.6,34.64,3.79,demo_simulation
2026-08-16,-67.71,147.27,0.0939,-0.048,2.8,33.91,3.24,demo_simulation
2026-08-16,-67.71,180.0,0.2328,-0.0687,2.9,33.54,3.59,demo_simulation
2026-08-16,-65.14,-180.0,0.1786,0.0524,3.0,34.61,3.84,demo_simulation
2026-08-16,-65.14,-147.27,0.2818,-0.1784,4.5,34.23,4.92,demo_simulation
2026-08-16,-65.14,-114.55,0.3402,0.2364,3.0,34.04,4.2,demo_simulation
2026-08-16,-65.14,-81.82,0.3529,-0.0995,1.5,33.53,2.69,demo_simulation
2026-08-16,-65.14,-49.09,0.2849,-0.0541,5.3,33.57,2.62,demo_simulation
2026-08-16,-65.14,-16.36,0.2557,0.0809,3.7,34.76,4.05,demo_simulation
2026-08-16,-65.14,16.36,0.1769,-0.0499,3.5,34.74,4.34,demo_simulation
2026-08-16,-65.14,49.09,0.2001,0.1204,3.4,34.01,2.76,demo_simulation
2026-08-16,-65.14,81.82,0.2039,0.1627,3.2,33.97,3.85,demo_simulation
2026-08-16,-65.14,114.55,0.2174,0.082,3.5,33.83,1.69,demo_simulation
2026-08-16,-65.14,147.27,0.1184,-0.21,4.5,33.87,4.14,demo_simulation
2026-08-16,-65.14,180.0,0.2349,-0.0728,1.2,33.59,3.19,demo_simulation
2026-08-16,-62.57,-180.0,0.1418,0.2593,3.6,33.93,4.8,demo_simulation
2026-08-16,-62.57,-147.27,0.3467,-0.0871,4.3,34.07,3.29,demo_simulation
2026-08-16,-62.57,-114.55,0.1936,0.0869,5.7,33.57,3.69,demo_simulation
2026-08-16,-62.57,-81.82,0.3644,-0.0324,5.3,34.22,3.79,demo_simulation
2026-08-16,-62.57,-49.09,0.4292,0.2299,4.2,34.16,4.2,demo_simulation
2026-08-16,-62.57,-16.36,0.2268,-0.1179,6.2,34.63,2.6,demo_simulation
2026-08-16,-62.57,16.36,0.0803,0.1013,4.5,33.88,4.13,demo_simulation
2026-08-16,-62.57,49.09,0.1435,-0.2214,5.3,34.08,3.38,demo_simulation
2026-08-16,-62.57,81.82,0.2941,-0.2636,6.4,34.0,2.77,demo_simulation
2026-08-16,-62.57,114.55,0.1351,0.1386,4.1,34.49,2.29,demo_simulation
2026-08-16,-62.57,147.27,0.3304,0.0508,5.8,34.39,2.78,demo_simulation
2026-08-16,-62.57,180.0,0.3239,-0.2175,3.9,33.72,3.48,demo_simulation
2026-08-16,-60.0,-180.0,0.2226,0.0042,7.3,33.6,3.4,demo_simulation
2026-08-16,-60.0,-147.27,0.4225,0.1693,6.5,34.59,2.04,demo_simulation
2026-08-16,-60.0,-114.55,0.2463,-0.0758,4.9,34.6,4.83,demo_simulation
2026-08-16,-60.0,-81.82,0.1587,-0.0585,5.4,34.62,4.49,demo_simulation
2026-08-16,-60.0,-49.09,0.3195,0.0876,7.1,33.73,1.94,demo_simulation
2026-08-16,-60.0,-16.36,0.1219,0.0647,5.9,33.7,4.82,demo_simulation
2026-08-16,-60.0,16.36,0.2332,0.542,5.7,33.81,4.31,demo_simulation
2026-08-16,-60.0,49.09,0.2739,-0.0398,5.2,33.7,4.68,demo_simulation
2026-08-16,-60.0,81.82,0.1353,0.2218,8.0,34.12,2.78,demo_simulation
2026-08-16,-60.0,114.55,0.1268,-0.0591,6.3,34.7,3.74,demo_simulation
2026-08-16,-60.0,147.27,0.3247,0.139,6.2,33.8,4.5,demo_simulation
2026-08-16,-60.0,180.0,0.1824,0.1033,7.3,33.55,4.8,demo_simulation
2026-08-15,-78.0,-180.0,0.2235,0.0805,0.2,33.66,2.33,demo_simulation
2026-08-15,-78.0,-147.27,0.3854,0.1659,-1.2,34.59,1.84,demo_simulation
2026-08-15,-78.0,-114.55,0.2951,-0.1814,-2.7,33.9,4.8,demo_simulation
2026-08-15,-78.0,-81.82,0.2809,0.0817,-0.6,34.47,3.66,demo_simulation
2026-08-15,-78.0,-49.09,0.1206,-0.0995,-2.0,34.31,1.76,demo_simulation
2026-08-15,-78.0,-16.36,0.2047,-0.1757,-1.9,34.74,2.79,demo_simulation
2026-08-15,-78.0,16.36,0.2612,0.2627,-1.5,34.44,4.27,demo_simulation
2026-08-15,-78.0,49.09,0.2241,-0.0077,-1.8,34.53,4.58,demo_simulation
2026-08-15,-78.0,81.82,0.208,0.1361,1.1,33.76,2.83,demo_simulation
2026-08-15,-78.0,114.55,0.2123,-0.0507,-0.8,34.76,4.38,demo_simulation
2026-08-15,-78.0,147.27,0.4002,-0.0558,-3.0,34.72,2.6,demo_simulation
2026-08-15,-78.0,180.0,0.4129,-0.0017,-1.6,34.77,1.53,demo_simulation
2026-08-15,-75.43,-180.0,0.1937,-0.1077,-0.7,33.96,3.51,demo_simulation
2026-08-15,-75.43,-147.27,0.2101,0.0089,1.0,33.58,3.27,demo_simulation
2026-08-15,-75.43,-114.55,0.0744,0.1565,0.4,34.34,3.9,demo_simulation
2026-08-15,-75.43,-81.82,0.1688,-0.2589,0.4,33.71,2.52,demo_simulation
2026-08-15,-75.43,-49.09,0.2094,0.0637,0.0,33.87,3.17,demo_simulation
2026-08-15,-75.43,-16.36,0.3473,-0.2204,0.3,34.03,4.2,demo_simulation
2026-08-15,-75.43,16.36,0.3331,0.133,-0.5,34.56,4.01,demo_simulation
2026-08-15,-75.43,49.09,0.3769,-0.2049,0.2,34.28,4.55,demo_simulation
2026-08-15,-75.43,81.82,0.1418,-0.0603,-1.6,33.74,3.65,demo_simulation
2026-08-15,-75.43,114.55,0.3111,0.2441,-0.6,34.23,1.62,demo_simulation
2026-08-15,-75.43,147.27,0.3047,0.0284,-0.2,33.56,3.07,demo_simulation
2026-08-15,-75.43,180.0,0.1233,-0.0421,0.4,33.97,4.41,demo_simulation
2026-08-15,-72.86,-180.0,0.1208,0.1645,1.6,33.96,2.35,demo_simulation
2026-08-15,-72.86,-147.27,0.1494,-0.2942,1.1,34.77,2.57,demo_simulation
2026-08-15,-72.86,-114.55,0.4115,0.1708,-0.6,34.51,2.76,demo_simulation
2026-08-15,-72.86,-81.82,0.1461,0.1327,0.5,33.85,3.62,demo_simulation
2026-08-15,-72.86,-49.09,0.105,-0.2288,0.9,34.65,2.25,demo_simulation
2026-08-15,-72.86,-16.36,0.1752,0.0751,2.1,34.39,1.97,demo_simulation
2026-08-15,-72.86,16.36,0.0798,-0.1137,1.1,33.88,3.38,demo_simulation
2026-08-15,-72.86,49.09,0.4273,0.0106,1.0,34.54,1.96,demo_simulation
2026-08-15,-72.86,81.82,0.1918,0.146,2.1,33.88,3.29,demo_simulation
2026-08-15,-72.86,114.55,0.4084,0.3146,-0.2,33.81,2.96,demo_simulation
2026-08-15,-72.86,147.27,0.3135,0.2054,2.1,33.57,4.26,demo_simulation
2026-08-15,-72.86,180.0,0.1555,-0.0924,1.6,34.62,4.38,demo_simulation
2026-08-15,-70.29,-180.0,0.3494,0.1452,1.5,34.48,3.68,demo_simulation
2026-08-15,-70.29,-147.27,0.1906,0.1687,1.4,33.67,2.76,demo_simulation
2026-08-15,-70.29,-114.55,0.3459,-0.0775,2.9,34.21,4.55,demo_simulation
2026-08-15,-70.29,-81.82,0.3885,-0.1791,1.7,34.07,4.64,demo_simulation
2026-08-15,-70.29,-49.09,0.2757,-0.1967,1.4,34.27,3.17,demo_simulation
2026-08-15,-70.29,-16.36,0.3762,-0.0135,2.5,34.49,4.65,demo_simulation
2026-08-15,-70.29,16.36,0.3202,0.0792,1.1,34.78,4.8,demo_simulation
2026-08-15,-70.29,49.09,0.3939,-0.0241,1.0,33.53,3.27,demo_simulation
2026-08-15,-70.29,81.82,0.4351,0.0325,0.9,34.05,2.48,demo_simulation
2026-08-15,-70.29,114.55,0.3179,0.1213,2.1,34.5,4.62,demo_simulation
2026-08-15,-70.29,147.27,0.4442,0.1299,1.3,34.49,4.8,demo_simulation
2026-08-15,-70.29,180.0,0.2057,0.0442,1.3,33.64,2.25,demo_simulation
2026-08-15,-67.71,-180.0,0.2128,0.2114,2.1,33.6,3.17,demo_simulation
2026-08-15,-67.71,-147.27,0.1297,0.0376,2.2,33.89,3.22,demo_simulation
2026-08-15,-67.71,-114.55,0.209,0.1777,4.6,34.16,4.17,demo_simulation
2026-08-15,-67.71,-81.82,0.352,-0.0123,1.1,34.73,1.59,demo_simulation
2026-08-15,-67.71,-49.09,0.134,0.3911,1.1,34.8,4.71,demo_simulation
2026-08-15,-67.71,-16.36,0.3368,-0.2195,4.7,33.64,4.94,demo_simulation
2026-08-15,-67.71,16.36,0.2988,0.0577,3.7,34.78,3.87,demo_simulation
2026-08-15,-67.71,49.09,0.3537,-0.0934,3.1,34.09,2.06,demo_simulation
2026-08-15,-67.71,81.82,0.0863,0.2661,3.6,33.87,3.8,demo_simulation
2026-08-15,-67.71,114.55,0.2391,0.2158,4.6,33.93,3.9,demo_simulation
2026-08-15,-67.71,147.27,0.4422,0.1852,1.4,34.06,1.77,demo_simulation
2026-08-15,-67.71,180.0,0.1088,-0.0545,4.4,33.61,4.88,demo_simulation
2026-08-15,-65.14,-180.0,0.3497,-0.0127,4.4,33.68,4.77,demo_simulation
2026-08-15,-65.14,-147.27,0.4318,-0.1697,3.9,34.79,3.79,demo_simulation
2026-08-15,-65.14,-114.55,0.2685,-0.2775,1.3,34.08,2.01,demo_simulation
2026-08-15,-65.14,-81.82,0.0743,0.0436,5.7,33.5,4.54,demo_simulation
2026-08-15,-65.14,-49.09,0.1308,-0.223,3.6,34.33,3.17,demo_simulation
2026-08-15,-65.14,-16.36,0.2087,0.2431,4.4,34.22,3.3,demo_simulation
2026-08-15,-65.14,16.36,0.2778,0.0046,3.8,34.5,2.11,demo_simulation
2026-08-15,-65.14,49.09,0.3361,0.0229,3.8,34.26,4.01,demo_simulation
2026-08-15,-65.14,81.82,0.2402,0.0935,4.9,33.67,2.13,demo_simulation
2026-08-15,-65.14,114.55,0.3916,-0.21,4.0,34.31,3.9,demo_simulation
2026-08-15,-65.14,147.27,0.2938,-0.0698,5.2,33.98,4.08,demo_simulation
2026-08-15,-65.14,180.0,0.2445,-0.3482,2.8,34.75,4.96,demo_simulation
2026-08-15,-62.57,-180.0,0.2647,0.0569,6.0,34.43,2.88,demo_simulation
2026-08-15,-62.57,-147.27,0.3426,0.073,6.5,34.1,2.11,demo_simulation
2026-08-15,-62.57,-114.55,0.4325,0.0563,4.6,33.87,3.0,demo_simulation
2026-08-15,-62.57,-81.82,0.1889,-0.0746,5.8,34.78,2.03,demo_simulation
2026-08-15,-62.57,-49.09,0.0708,0.1769,5.6,33.63,2.67,demo_simulation
2026-08-15,-62.57,-16.36,0.0577,-0.2523,4.8,33.63,3.85,demo_simulation
2026-08-15,-62.57,16.36,0.1378,0.0154,5.5,33.55,2.13,demo_simulation
2026-08-15,-62.57,49.09,0.2167,-0.0902,4.6,33.98,2.26,demo_simulation
2026-08-15,-62.57,81.82,0.11,-0.2299,5.2,34.32,3.86,demo_simulation
2026-08-15,-62.57,114.55,0.1289,-0.0411,5.6,34.24,3.47,demo_simulation
2026-08-15,-62.57,147.27,0.4016,0.0419,4.2,33.99,3.16,demo_simulation
2026-08-15,-62.57,180.0,0.2873,-0.1455,5.9,33.56,3.85,demo_simulation
2026-08-15,-60.0,-180.0,0.439,-0.1202,6.3,34.62,3.23,demo_simulation
2026-08-15,-60.0,-147.27,0.1208,-0.0836,4.9,33.74,2.64,demo_simulation
2026-08-15,-60.0,-114.55,0.3017,-0.1388,7.2,33.58,2.15,demo_simulation
2026-08-15,-60.0,-81.82,0.3619,0.136,5.3,34.17,2.89,demo_simulation
2026-08-15,-60.0,-49.09,0.4269,0.0407,6.0,34.52,2.31,demo_simulation
2026-08-15,-60.0,-16.36,0.224,-0.1175,5.7,34.68,4.37,demo_simulation
2026-08-15,-60.0,16.36,0.3119,0.13,2.8,34.72,1.9,demo_simulation
2026-08-15,-60.0,49.09,0.3049,0.0343,6.8,33.59,3.76,demo_simulation
2026-08-15,-60.0,81.82,0.3737,-0.0368,6.0,34.07,3.8,demo_simulation
2026-08-15,-60.0,114.55,0.1782,0.0056,5.3,34.08,4.23,demo_simulation
2026-08-15,-60.0,147.27,0.2984,-0.152,6.1,34.78,3.98,demo_simulation
2026-08-15,-60.0,180.0,0.2896,-0.0976,5.8,34.15,3.23,demo_simulation
2026-08-14,-78.0,-180.0,0.13,0.05,-2.0,34.61,1.82,demo_simulation
2026-08-14,-78.0,-147.27,0.2864,0.0596,-0.4,34.45,4.47,demo_simulation
2026-08-14,-78.0,-114.55,0.1508,0.1651,-1.1,34.19,1.98,demo_simulation
2026-08-14,-78.0,-81.82,0.0572,0.0238,-0.1,34.55,2.99,demo_simulation
2026-08-14,-78.0,-49.09,0.4047,0.0869,-3.0,33.97,3.48,demo_simulation
2026-08-14,-78.0,-16.36,0.2265,0.1007,1.0,34.04,1.63,demo_simulation
2026-08-14,-78.0,16.36,0.3518,0.0161,-1.0,34.16,3.6,demo_simulation
2026-08-14,-78.0,49.09,0.1298,-0.036,-1.2,34.7,3.6,demo_simulation
2026-08-14,-78.0,81.82,0.3982,0.3622,-0.7,34.0,2.63,demo_simulation
2026-08-14,-78.0,114.55,0.161,0.0458,-0.6,33.55,4.77,demo_simulation
2026-08-14,-78.0,147.27,0.3102,-0.0522,-0.1,33.69,4.5,demo_simulation
2026-08-14,-78.0,180.0,0.4489,0.175,-1.0,33.82,2.66,demo_simulation
2026-08-14,-75.43,-180.0,0.2767,0.1263,-2.2,33.83,4.09,demo_simulation
2026-08-14,-75.43,-147.27,0.2226,0.1053,-0.4,34.07,2.23,demo_simulation
2026-08-14,-75.43,-114.55,0.1288,0.0,-0.2,33.86,3.07,demo_simulation
2026-08-14,-75.43,-81.82,0.2819,-0.1721,0.4,34.2,1.66,demo_simulation
2026-08-14,-75.43,-49.09,0.288,-0.1397,-0.6,34.54,3.73,demo_simulation
2026-08-14,-75.43,-16.36,0.0535,0.2114,0.3,34.24,3.16,demo_simulation
2026-08-14,-75.43,16.36,0.3445,0.0458,-0.9,34.31,3.68,demo_simulation
2026-08-14,-75.43,49.09,0.2398,-0.0293,-0.1,33.68,1.71,demo_simulation
2026-08-14,-75.43,81.82,0.4368,-0.0254,1.3,34.16,4.69,demo_simulation
2026-08-14,-75.43,114.55,0.2559,0.2299,-1.6,34.07,3.6,demo_simulation
2026-08-14,-75.43,147.27,0.3869,-0.0491,-0.9,34.55,2.0,demo_simulation
2026-08-14,-75.43,180.0,0.2372,0.0784,0.9,34.0,1.81,demo_simulation
2026-08-14,-72.86,-180.0,0.2321,-0.17,-1.6,33.91,2.8,demo_simulation
2026-08-14,-72.86,-147.27,0.0963,0.1563,0.2,34.08,4.03,demo_simulation
2026-08-14,-72.86,-114.55,0.1431,0.0254,1.5,34.45,3.11,demo_simulation
2026-08-14,-72.86,-81.82,0.3092,0.1007,-0.3,34.67,4.75,demo_simulation
2026-08-14,-72.86,-49.09,0.3352,0.0013,0.9,33.68,2.03,demo_simulation
2026-08-14,-72.86,-16.36,0.2742,-0.2639,1.2,34.2,4.22,demo_simulation
2026-08-14,-72.86,16.36,0.3138,-0.1191,0.8,34.46,4.38,demo_simulation
2026-08-14,-72.86,49.09,0.2232,-0.1076,-0.7,33.72,2.16,demo_simulation
2026-08-14,-72.86,81.82,0.1832,0.1238,0.4,34.28,4.71,demo_simulation
2026-08-14,-72.86,114.55,0.2365,-0.1272,-0.2,33.96,2.22,demo_simulation
2026-08-14,-72.86,147.27,0.2471,0.2507,1.3,34.72,2.41,demo_simulation
2026-08-14,-72.86,180.0,0.3287,0.2434,-0.3,33.76,4.6,demo_simulation
2026-08-14,-70.29,-180.0,0.183,-0.2427,2.3,34.42,4.27,demo_simulation
2026-08-14,-70.29,-147.27,0.3714,-0.1165,3.5,33.99,2.62,demo_simulation
2026-08-14,-70.29,-114.55,0.1152,0.0327,1.7,33.83,2.08,demo_simulation
2026-08-14,-70.29,-81.82,0.2591,0.0225,2.9,34.65,3.61,demo_simulation
2026-08-14,-70.29,-49.09,0.3935,0.0851,3.1,34.01,1.6,demo_simulation
2026-08-14,-70.29,-16.36,0.3325,0.084,1.9,34.63,3.68,demo_simulation
2026-08-14,-70.29,16.36,0.3355,-0.0433,1.3,33.85,3.83,demo_simulation
2026-08-14,-70.29,49.09,0.2343,0.1622,2.8,33.97,3.15,demo_simulation
2026-08-14,-70.29,81.82,0.1241,-0.361,2.9,34.56,4.09,demo_simulation
2026-08-14,-70.29,114.55,0.4138,-0.1229,1.0,34.64,4.37,demo_simulation
2026-08-14,-70.29,147.27,0.0613,-0.0657,3.3,33.8,3.45,demo_simulation
2026-08-14,-70.29,180.0,0.0588,-0.2462,1.1,34.64,4.24,demo_simulation
2026-08-14,-67.71,-180.0,0.1319,-0.1548,3.5,34.44,1.8,demo_simulation
2026-08-14,-67.71,-147.27,0.1383,-0.0615,1.3,34.22,4.78,demo_simulation
2026-08-14,-67.71,-114.55,0.4017,-0.0486,3.7,34.15,2.51,demo_simulation
2026-08-14,-67.71,-81.82,0.1806,-0.0061,3.0,34.79,3.81,demo_simulation
2026-08-14,-67.71,-49.09,0.2046,0.338,3.0,34.22,1.82,demo_simulation
2026-08-14,-67.71,-16.36,0.1463,0.1541,0.4,34.29,1.82,demo_simulation
2026-08-14,-67.71,16.36,0.2263,-0.1858,2.3,33.64,2.04,demo_simulation
2026-08-14,-67.71,49.09,0.1672,-0.0644,4.3,34.53,4.35,demo_simulation
2026-08-14,-67.71,81.82,0.413,0.2187,3.5,33.94,2.16,demo_simulation
2026-08-14,-67.71,114.55,0.2005,-0.0219,3.1,34.51,2.02,demo_simulation
2026-08-14,-67.71,147.27,0.0716,-0.1526,4.1,34.33,4.31,demo_simulation
2026-08-14,-67.71,180.0,0.2525,-0.0471,3.3,33.8,3.9,demo_simulation
2026-08-14,-65.14,-180.0,0.4123,-0.1031,4.0,33.89,3.25,demo_simulation
2026-08-14,-65.14,-147.27,0.0632,0.1189,3.3,34.12,4.25,demo_simulation
2026-08-14,-65.14,-114.55,0.1297,-0.0437,4.9,34.65,2.95,demo_simulation
2026-08-14,-65.14,-81.82,0.2983,0.1523,4.9,34.41,2.94,demo_simulation
2026-08-14,-65.14,-49.09,0.1966,0.1706,4.7,33.74,1.8,demo_simulation
2026-08-14,-65.14,-16.36,0.1892,0.0431,4.1,33.57,2.3,demo_simulation
2026-08-14,-65.14,16.36,0.153,0.088,3.6,34.15,4.86,demo_simulation
2026-08-14,-65.14,49.09,0.4183,0.3067,2.4,34.33,2.25,demo_simulation
2026-08-14,-65.14,81.82,0.0883,-0.1182,4.2,34.24,2.61,demo_simulation
2026-08-14,-65.14,114.55,0.4354,-0.0346,3.9,33.97,2.87,demo_simulation
2026-08-14,-65.14,147.27,0.1303,0.0334,3.4,33.6,1.9,demo_simulation
2026-08-14,-65.14,180.0,0.1907,-0.0397,4.5,33.9,1.63,demo_simulation
2026-08-14,-62.57,-180.0,0.1627,-0.0869,5.8,34.64,2.81,demo_simulation
2026-08-14,-62.57,-147.27,0.2443,-0.2419,5.8,34.29,2.66,demo_simulation
2026-08-14,-62.57,-114.55,0.1318,-0.1115,4.4,33.55,1.85,demo_simulation
2026-08-14,-62.57,-81.82,0.2389,0.0881,5.4,34.51,4.69,demo_simulation
2026-08-14,-62.57,-49.09,0.3306,-0.0356,3.1,34.75,1.6,demo_simulation
2026-08-14,-62.57,-16.36,0.1743,-0.1514,5.6,33.81,4.62,demo_simulation
2026-08-14,-62.57,16.36,0.3224,-0.0687,5.5,34.14,4.87,demo_simulation
2026-08-14,-62.57,49.09,0.3163,0.0065,6.0,34.29,2.68,demo_simulation
2026-08-14,-62.57,81.82,0.4464,0.0847,6.2,33.99,4.9,demo_simulation
2026-08-14,-62.57,114.55,0.1537,-0.0918,3.6,34.0,2.66,demo_simulation
2026-08-14,-62.57,147.27,0.1429,-0.1343,4.4,34.71,1.58,demo_simulation
2026-08-14,-62.57,180.0,0.4096,-0.0479,2.8,34.05,3.87,demo_simulation
2026-08-14,-60.0,-180.0,0.2277,0.0702,4.5,34.34,3.91,demo_simulation
2026-08-14,-60.0,-147.27,0.1875,-0.2829,7.4,33.88,3.66,demo_simulation
2026-08-14,-60.0,-114.55,0.2127,0.1601,7.1,34.17,3.11,demo_simulation
2026-08-14,-60.0,-81.82,0.3458,-0.1413,5.8,33.89,4.41,demo_simulation
2026-08-14,-60.0,-49.09,0.2435,-0.1386,7.3,34.4,4.85,demo_simulation
2026-08-14,-60.0,-16.36,0.4245,-0.0179,5.7,34.12,3.03,demo_simulation
2026-08-14,-60.0,16.36,0.0788,0.3676,5.4,34.15,4.95,demo_simulation
2026-08-14,-60.0,49.09,0.2126,0.0934,6.3,34.49,3.17,demo_simulation
2026-08-14,-60.0,81.82,0.1148,-0.1543,6.2,34.6,3.54,demo_simulation
2026-08-14,-60.0,114.55,0.2187,0.0472,5.7,34.5,1.99,demo_simulation
2026-08-14,-60.0,147.27,0.2462,0.0549,3.7,33.72,1.51,demo_simulation
2026-08-14,-60.0,180.0,0.1238,0.0876,3.6,33.76,2.1,demo_simulation
2026-08-13,-78.0,-180.0,0.1499,-0.0224,-0.8,34.13,2.88,demo_simulation
2026-08-13,-78.0,-147.27,0.3956,-0.012,-1.0,34.47,2.23,demo_simulation
2026-08-13,-78.0,-114.55,0.1628,-0.1872,-1.5,33.63,2.17,demo_simulation
2026-08-13,-78.0,-81.82,0.1358,0.3627,-1.8,34.55,2.11,demo_simulation
2026-08-13,-78.0,-49.09,0.3316,0.1888,0.3,34.79,3.24,demo_simulation
2026-08-13,-78.0,-16.36,0.209,-0.135,-0.7,33.71,1.64,demo_simulation
2026-08-13,-78.0,16.36,0.2914,-0.1147,-1.6,33.65,3.47,demo_simulation
2026-08-13,-78.0,49.09,0.1618,0.1436,-1.8,34.3,4.1,demo_simulation
2026-08-13,-78.0,81.82,0.084,0.0935,-0.5,34.78,3.62,demo_simulation
2026-08-13,-78.0,114.55,0.315,0.1308,-3.3,34.45,2.5,demo_simulation
2026-08-13,-78.0,147.27,0.2566,0.1322,-0.2,33.68,3.22,demo_simulation
2026-08-13,-78.0,180.0,0.4246,-0.1495,-0.2,34.37,2.45,demo_simulation
2026-08-13,-75.43,-180.0,0.3423,0.1914,0.6,33.61,3.16,demo_simulation
2026-08-13,-75.43,-147.27,0.2016,0.1454,-1.1,34.03,1.96,demo_simulation
2026-08-13,-75.43,-114.55,0.2908,-0.0868,-0.0,34.48,2.5,demo_simulation
2026-08-13,-75.43,-81.82,0.0704,-0.0982,-0.8,34.11,4.65,demo_simulation
2026-08-13,-75.43,-49.09,0.1091,-0.0021,0.1,34.74,2.33,demo_simulation
2026-08-13,-75.43,-16.36,0.4196,-0.3813,0.0,34.17,3.39,demo_simulation
2026-08-13,-75.43,16.36,0.2304,0.2518,-0.4,33.59,4.52,demo_simulation
2026-08-13,-75.43,49.09,0.1125,0.0684,-0.5,33.56,4.26,demo_simulation
2026-08-13,-75.43,81.82,0.0875,0.0273,-0.6,33.59,3.73,demo_simulation
2026-08-13,-75.43,114.55,0.2912,0.0308,0.3,33.64,2.75,demo_simulation
2026-08-13,-75.43,147.27,0.2344,0.0004,-2.1,34.64,1.97,demo_simulation
2026-08-13,-75.43,180.0,0.2114,0.1043,-0.0,33.86,2.9,demo_simulation
2026-08-13,-72.86,-180.0,0.2103,0.0402,-1.2,33.95,2.29,demo_simulation
2026-08-13,-72.86,-147.27,0.0758,0.0803,-0.1,33.68,3.2,demo_simulation
2026-08-13,-72.86,-114.55,0.1985,0.0707,2.4,33.8,1.92,demo_simulation
2026-08-13,-72.86,-81.82,0.3881,-0.1658,1.3,34.02,2.23,demo_simulation
2026-08-13,-72.86,-49.09,0.2739,0.22,-1.2,34.71,2.47,demo_simulation
2026-08-13,-72.86,-16.36,0.1567,-0.0014,2.2,34.45,2.19,demo_simulation
2026-08-13,-72.86,16.36,0.3587,0.1368,-1.0,33.96,3.59,demo_simulation
2026-08-13,-72.86,49.09,0.2314,0.4634,0.6,34.29,4.54,demo_simulation
2026-08-13,-72.86,81.82,0.2901,-0.0267,1.4,34.68,1.51,demo_simulation
2026-08-13,-72.86,114.55,0.3046,0.0006,3.0,33.86,2.07,demo_simulation
2026-08-13,-72.86,147.27,0.1333,-0.0363,1.2,34.43,4.13,demo_simulation
2026-08-13,-72.86,180.0,0.1207,0.0208,-0.7,33.81,2.31,demo_simulation
2026-08-13,-70.29,-180.0,0.2501,-0.2744,1.3,34.13,3.7,demo_simulation
2026-08-13,-70.29,-147.27,0.2031,-0.0159,1.2,34.48,3.14,demo_simulation
2026-08-13,-70.29,-114.55,0.0797,0.0795,-0.9,34.77,1.98,demo_simulation
2026-08-13,-70.29,-81.82,0.1168,-0.1084,2.9,34.45,2.99,demo_simulation
2026-08-13,-70.29,-49.09,0.2957,-0.0363,3.7,33.57,1.82,demo_simulation
2026-08-13,-70.29,-16.36,0.2412,0.034,0.5,34.15,3.74,demo_simulation
2026-08-13,-70.29,16.36,0.1963,-0.0535,2.9,33.61,3.29,demo_simulation
2026-08-13,-70.29,49.09,0.1499,-0.1673,2.0,33.68,4.18,demo_simulation
2026-08-13,-70.29,81.82,0.1811,0.4092,1.6,34.41,3.84,demo_simulation
2026-08-13,-70.29,114.55,0.2553,-0.1407,2.8,34.56,2.42,demo_simulation
2026-08-13,-70.29,147.27,0.154,-0.1226,-0.5,34.04,1.94,demo_simulation
2026-08-13,-70.29,180.0,0.0582,0.0114,2.0,33.69,4.54,demo_simulation
2026-08-13,-67.71,-180.0,0.3553,-0.1764,3.8,33.76,2.16,demo_simulation
2026-08-13,-67.71,-147.27,0.2197,-0.0485,1.1,34.64,3.19,demo_simulation
2026-08-13,-67.71,-114.55,0.1796,0.0416,4.4,34.55,3.1,demo_simulation
2026-08-13,-67.71,-81.82,0.303,0.0282,3.1,34.79,3.37,demo_simulation
2026-08-13,-67.71,-49.09,0.3278,0.0742,3.6,33.8,3.8,demo_simulation
2026-08-13,-67.71,-16.36,0.1795,-0.2172,2.6,33.53,3.54,demo_simulation
2026-08-13,-67.71,16.36,0.2047,0.0144,3.1,34.63,4.51,demo_simulation
2026-08-13,-67.71,49.09,0.4492,0.191,3.9,34.06,3.87,demo_simulation
2026-08-13,-67.71,81.82,0.1195,-0.1072,3.7,34.16,3.09,demo_simulation
2026-08-13,-67.71,114.55,0.3085,-0.1968,1.9,33.78,4.68,demo_simulation
2026-08-13,-67.71,147.27,0.3048,0.1187,3.9,33.81,3.32,demo_simulation
2026-08-13,-67.71,180.0,0.0951,0.0985,4.0,34.49,4.88,demo_simulation
2026-08-13,-65.14,-180.0,0.3145,0.2068,3.1,33.69,3.27,demo_simulation
2026-08-13,-65.14,-147.27,0.1616,0.0507,4.8,33.75,4.31,demo_simulation
2026-08-13,-65.14,-114.55,0.3818,-0.1855,5.9,34.55,3.22,demo_simulation
2026-08-13,-65.14,-81.82,0.3901,0.1119,4.0,34.6,1.94,demo_simulation
2026-08-13,-65.14,-49.09,0.134,-0.0794,2.8,34.18,3.27,demo_simulation
2026-08-13,-65.14,-16.36,0.4022,-0.0069,4.3,34.34,2.02,demo_simulation
2026-08-13,-65.14,16.36,0.261,0.0571,4.7,34.38,3.57,demo_simulation
2026-08-13,-65.14,49.09,0.3116,0.0232,3.8,34.17,2.37,demo_simulation
2026-08-13,-65.14,81.82,0.082,0.1954,4.1,33.63,3.1,demo_simulation
2026-08-13,-65.14,114.55,0.3742,0.1875,4.1,34.15,4.42,demo_simulation
2026-08-13,-65.14,147.27,0.2339,-0.0514,4.9,33.52,3.85,demo_simulation
2026-08-13,-65.14,180.0,0.3123,0.13,4.0,34.56,2.19,demo_simulation
2026-08-13,-62.57,-180.0,0.1108,0.1774,5.9,34.12,4.87,demo_simulation
2026-08-13,-62.57,-147.27,0.4328,0.2164,4.4,33.57,4.8,demo_simulation
2026-08-13,-62.57,-114.55,0.0604,-0.2594,4.6,33.66,2.81,demo_simulation
2026-08-13,-62.57,-81.82,0.2573,0.2127,6.5,34.16,2.74,demo_simulation
2026-08-13,-62.57,-49.09,0.06,0.2515,5.9,33.79,1.68,demo_simulation
2026-08-13,-62.57,-16.36,0.3259,-0.0494,2.6,33.59,4.88,demo_simulation
2026-08-13,-62.57,16.36,0.1242,-0.3165,5.1,34.07,3.66,demo_simulation
2026-08-13,-62.57,49.09,0.1085,-0.2419,4.9,33.59,4.22,demo_simulation
2026-08-13,-62.57,81.82,0.2196,0.2394,4.1,34.39,3.08,demo_simulation
2026-08-13,-62.57,114.55,0.193,0.1297,6.0,33.8,1.84,demo_simulation
2026-08-13,-62.57,147.27,0.3133,0.1515,5.1,34.27,4.88,demo_simulation
2026-08-13,-62.57,180.0,0.0643,-0.0116,5.2,34.48,3.95,demo_simulation
2026-08-13,-60.0,-180.0,0.1672,-0.0982,5.1,34.61,4.76,demo_simulation
2026-08-13,-60.0,-147.27,0.412,0.0893,4.9,33.84,1.58,demo_simulation
2026-08-13,-60.0,-114.55,0.3412,0.0968,6.2,33.81,2.28,demo_simulation
2026-08-13,-60.0,-81.82,0.0812,0.0386,6.7,33.74,4.28,demo_simulation
2026-08-13,-60.0,-49.09,0.3574,-0.011,5.2,33.92,3.76,demo_simulation
2026-08-13,-60.0,-16.36,0.1391,-0.024,3.9,34.53,2.69,demo_simulation
2026-08-13,-60.0,16.36,0.4453,-0.0913,6.0,34.4,3.94,demo_simulation
2026-08-13,-60.0,49.09,0.1612,0.0608,5.3,34.65,3.2,demo_simulation
2026-08-13,-60.0,81.82,0.3356,-0.2464,6.2,33.58,3.73,demo_simulation
2026-08-13,-60.0,114.55,0.0685,-0.0638,7.1,33.85,2.52,demo_simulation
2026-08-13,-60.0,147.27,0.3921,0.0958,6.5,33.81,2.05,demo_simulation
2026-08-13,-60.0,180.0,0.2114,-0.3238,5.5,33.72,3.34,demo_simulation
2026-08-12,-78.0,-180.0,0.3865,0.167,-3.4,33.54,3.16,demo_simulation
2026-08-12,-78.0,-147.27,0.4274,0.1868,-0.9,34.2,2.41,demo_simulation
2026-08-12,-78.0,-114.55,0.0705,0.015,-1.0,34.34,3.62,demo_simulation
2026-08-12,-78.0,-81.82,0.0678,0.0483,-0.3,34.5,3.17,demo_simulation
2026-08-12,-78.0,-49.09,0.3224,0.0851,-0.4,33.52,2.08,demo_simulation
2026-08-12,-78.0,-16.36,0.0967,-0.0835,-0.6,33.91,2.14,demo_simulation
2026-08-12,-78.0,16.36,0.2337,0.0477,-2.8,33.54,4.85,demo_simulation
2026-08-12,-78.0,49.09,0.1578,0.0563,-1.1,34.32,1.63,demo_simulation
2026-08-12,-78.0,81.82,0.2287,0.1002,-0.1,34.55,3.63,demo_simulation
2026-08-12,-78.0,114.55,0.2839,0.0204,-1.3,33.93,2.79,demo_simulation
2026-08-12,-78.0,147.27,0.212,0.1728,-1.3,33.68,4.56,demo_simulation
2026-08-12,-78.0,180.0,0.1359,-0.0558,-1.5,34.06,4.17,demo_simulation
2026-08-12,-75.43,-180.0,0.0979,-0.0534,-1.6,33.85,4.69,demo_simulation
2026-08-12,-75.43,-147.27,0.1393,0.2504,-0.3,33.6,4.54,demo_simulation
2026-08-12,-75.43,-114.55,0.0999,-0.0207,1.3,34.17,4.47,demo_simulation
2026-08-12,-75.43,-81.82,0.2127,-0.0063,0.8,33.73,4.09,demo_simulation
2026-08-12,-75.43,-49.09,0.1723,-0.0301,0.0,34.74,2.76,demo_simulation
2026-08-12,-75.43,-16.36,0.2436,0.1209,-0.6,34.22,2.46,demo_simulation
2026-08-12,-75.43,16.36,0.322,0.0501,2.6,34.11,3.14,demo_simulation
2026-08-12,-75.43,49.09,0.243,-0.0932,-1.0,33.93,4.5,demo_simulation
2026-08-12,-75.43,81.82,0.3915,-0.1502,0.3,33.54,1.93,demo_simulation
2026-08-12,-75.43,114.55,0.2825,-0.0048,-0.4,33.96,1.89,demo_simulation
2026-08-12,-75.43,147.27,0.0602,0.1643,-1.3,34.64,3.44,demo_simulation
2026-08-12,-75.43,180.0,0.3375,-0.1084,-1.0,34.2,3.31,demo_simulation
2026-08-12,-72.86,-180.0,0.1005,0.0183,0.5,33.72,3.1,demo_simulation
2026-08-12,-72.86,-147.27,0.083,0.1731,0.7,34.05,2.96,demo_simulation
2026-08-12,-72.86,-114.55,0.1124,-0.0056,-0.2,33.73,1.8,demo_simulation
2026-08-12,-72.86,-81.82,0.4379,-0.4232,0.4,33.69,1.8,demo_simulation
2026-08-12,-72.86,-49.09,0.4014,-0.0556,1.0,33.55,1.72,demo_simulation
2026-08-12,-72.86,-16.36,0.3623,-0.1652,1.0,34.0,3.74,demo_simulation
2026-08-12,-72.86,16.36,0.3958,0.3677,1.1,34.13,1.9,demo_simulation
2026-08-12,-72.86,49.09,0.3614,0.1571,-2.2,34.47,2.87,demo_simulation
2026-08-12,-72.86,81.82,0.2283,-0.1892,2.0,34.16,3.8,demo_simulation
2026-08-12,-72.86,114.55,0.2964,0.1888,1.0,33.8,3.78,demo_simulation
2026-08-12,-72.86,147.27,0.227,0.05,0.4,33.71,4.77,demo_simulation
2026-08-12,-72.86,180.0,0.1689,-0.1498,3.6,33.88,3.29,demo_simulation
2026-08-12,-70.29,-180.0,0.2902,-0.1084,2.1,33.84,2.15,demo_simulation
2026-08-12,-70.29,-147.27,0.1767,0.1593,3.4,33.77,2.08,demo_simulation
2026-08-12,-70.29,-114.55,0.2107,0.0439,2.3,33.75,4.31,demo_simulation
2026-08-12,-70.29,-81.82,0.0934,0.0973,1.4,33.65,2.84,demo_simulation
2026-08-12,-70.29,-49.09,0.3029,0.0618,2.1,34.26,2.63,demo_simulation
2026-08-12,-70.29,-16.36,0.3851,-0.1308,2.7,33.89,4.69,demo_simulation
2026-08-12,-70.29,16.36,0.207,-0.0207,2.7,33.63,1.92,demo_simulation
2026-08-12,-70.29,49.09,0.0756,0.1017,1.3,33.72,2.53,demo_simulation
2026-08-12,-70.29,81.82,0.3413,0.0665,0.1,34.78,4.67,demo_simulation
2026-08-12,-70.29,114.55,0.3783,-0.1662,1.0,34.11,4.24,demo_simulation
2026-08-12,-70.29,147.27,0.2623,0.1592,2.8,33.83,4.33,demo_simulation
2026-08-12,-70.29,180.0,0.3756,-0.0794,2.6,33.79,2.86,demo_simulation
2026-08-12,-67.71,-180.0,0.0967,-0.2915,3.0,34.7,3.83,demo_simulation
2026-08-12,-67.71,-147.27,0.3531,0.0619,2.9,34.16,3.89,demo_simulation
2026-08-12,-67.71,-114.55,0.1366,0.0322,3.0,34.54,4.57,demo_simulation
2026-08-12,-67.71,-81.82,0.2672,-0.0395,3.2,34.51,3.13,demo_simulation
2026-08-12,-67.71,-49.09,0.417,-0.1469,3.5,34.38,2.31,demo_simulation
2026-08-12,-67.71,-16.36,0.1256,0.1963,2.3,33.85,3.68,demo_simulation
2026-08-12,-67.71,16.36,0.1668,0.2345,2.6,34.16,3.16,demo_simulation
2026-08-12,-67.71,49.09,0.4255,0.1559,1.3,34.72,3.8,demo_simulation
2026-08-12,-67.71,81.82,0.1345,-0.1771,3.9,34.08,2.35,demo_simulation
2026-08-12,-67.71,114.55,0.0892,-0.0374,3.3,34.63,4.68,demo_simulation
2026-08-12,-67.71,147.27,0.3475,0.0888,5.2,33.88,4.33,demo_simulation
2026-08-12,-67.71,180.0,0.2695,0.2057,2.7,33.57,4.45,demo_simulation
2026-08-12,-65.14,-180.0,0.3682,0.172,3.5,34.46,2.49,demo_simulation
2026-08-12,-65.14,-147.27,0.1768,-0.0229,3.3,33.61,2.43,demo_simulation
2026-08-12,-65.14,-114.55,0.4369,0.1667,3.6,34.47,3.69,demo_simulation
2026-08-12,-65.14,-81.82,0.1792,-0.2173,3.8,34.2,2.31,demo_simulation
2026-08-12,-65.14,-49.09,0.1418,0.1402,3.3,34.2,3.45,demo_simulation
2026-08-12,-65.14,-16.36,0.055,0.2622,3.8,34.65,3.03,demo_simulation
2026-08-12,-65.14,16.36,0.3413,0.2804,3.7,33.72,4.12,demo_simulation
2026-08-12,-65.14,49.09,0.2061,-0.1747,3.7,33.51,2.69,demo_simulation
2026-08-12,-65.14,81.82,0.1564,0.0653,5.4,34.14,3.64,demo_simulation
2026-08-12,-65.14,114.55,0.4054,0.1279,4.4,34.18,1.57,demo_simulation
2026-08-12,-65.14,147.27,0.2922,-0.1283,4.9,34.17,4.22,demo_simulation
2026-08-12,-65.14,180.0,0.4135,0.1779,2.9,34.29,1.54,demo_simulation
2026-08-12,-62.57,-180.0,0.2986,-0.0129,4.1,34.5,2.03,demo_simulation
2026-08-12,-62.57,-147.27,0.334,-0.0241,6.2,33.93,2.73,demo_simulation
2026-08-12,-62.57,-114.55,0.4399,0.3214,4.2,34.29,1.62,demo_simulation
2026-08-12,-62.57,-81.82,0.129,-0.0216,4.3,34.28,3.01,demo_simulation
2026-08-12,-62.57,-49.09,0.2825,0.2147,3.9,34.24,3.35,demo_simulation
2026-08-12,-62.57,-16.36,0.3403,-0.009,4.9,34.49,4.08,demo_simulation
2026-08-12,-62.57,16.36,0.3344,-0.2791,4.5,33.97,4.54,demo_simulation
2026-08-12,-62.57,49.09,0.2233,-0.0897,6.6,33.99,4.38,demo_simulation
2026-08-12,-62.57,81.82,0.3655,-0.1918,5.8,34.29,3.76,demo_simulation
2026-08-12,-62.57,114.55,0.161,-0.1395,4.2,34.16,4.57,demo_simulation
2026-08-12,-62.57,147.27,0.2107,0.1411,5.5,34.45,3.58,demo_simulation
2026-08-12,-62.57,180.0,0.4066,-0.0823,4.6,33.51,4.0,demo_simulation
2026-08-12,-60.0,-180.0,0.3486,0.0787,6.1,34.48,2.73,demo_simulation
2026-08-12,-60.0,-147.27,0.3866,0.1603,4.9,33.52,2.02,demo_simulation
2026-08-12,-60.0,-114.55,0.2645,-0.036,3.6,33.83,1.98,demo_simulation
2026-08-12,-60.0,-81.82,0.2401,0.1175,6.1,34.37,4.45,demo_simulation
2026-08-12,-60.0,-49.09,0.0587,-0.0471,6.5,34.26,2.19,demo_simulation
2026-08-12,-60.0,-16.36,0.2088,-0.1192,5.9,34.71,3.1,demo_simulation
2026-08-12,-60.0,16.36,0.278,-0.2069,6.6,34.16,2.76,demo_simulation
2026-08-12,-60.0,49.09,0.3854,0.0824,8.5,34.4,4.93,demo_simulation
2026-08-12,-60.0,81.82,0.2299,-0.1469,6.8,34.21,4.87,demo_simulation
2026-08-12,-60.0,114.55,0.1446,0.1269,6.8,34.64,1.95,demo_simulation
2026-08-12,-60.0,147.27,0.4258,-0.0367,6.5,34.28,3.01,demo_simulation
2026-08-12,-60.0,180.0,0.1537,-0.0693,3.9,33.72,4.8,demo_simulation
2026-08-11,-78.0,-180.0,0.4147,0.0267,-0.7,34.71,4.68,demo_simulation
2026-08-11,-78.0,-147.27,0.264,-0.1717,-1.7,34.63,2.55,demo_simulation
2026-08-11,-78.0,-114.55,0.0915,0.0985,-0.0,33.69,3.89,demo_simulation
2026-08-11,-78.0,-81.82,0.3335,0.0194,-1.3,34.38,4.63,demo_simulation
2026-08-11,-78.0,-49.09,0.3059,0.1618,-3.1,33.93,4.85,demo_simulation
2026-08-11,-78.0,-16.36,0.1303,0.086,-4.0,33.69,3.37,demo_simulation
2026-08-11,-78.0,16.36,0.4446,0.125,-1.7,33.82,3.25,demo_simulation
2026-08-11,-78.0,49.09,0.2802,0.0133,-2.1,33.65,3.0,demo_simulation
2026-08-11,-78.0,81.82,0.3982,-0.0579,-3.6,34.37,3.09,demo_simulation
2026-08-11,-78.0,114.55,0.4032,-0.2703,-1.9,34.08,2.67,demo_simulation
2026-08-11,-78.0,147.27,0.2419,-0.0095,-0.3,34.0,2.79,demo_simulation
2026-08-11,-78.0,180.0,0.3246,-0.084,-1.7,34.69,2.36,demo_simulation
2026-08-11,-75.43,-180.0,0.2875,0.0435,0.3,34.74,2.79,demo_simulation
2026-08-11,-75.43,-147.27,0.2973,0.2436,-0.5,34.36,3.73,demo_simulation
2026-08-11,-75.43,-114.55,0.3529,0.0996,0.3,34.18,2.93,demo_simulation
2026-08-11,-75.43,-81.82,0.2253,0.1851,-0.3,34.67,3.2,demo_simulation
2026-08-11,-75.43,-49.09,0.2372,-0.2643,-0.9,33.79,2.06,demo_simulation
2026-08-11,-75.43,-16.36,0.1109,0.0779,0.0,34.12,4.62,demo_simulation
2026-08-11,-75.43,16.36,0.1126,-0.0017,0.2,34.33,3.78,demo_simulation
2026-08-11,-75.43,49.09,0.349,-0.1429,-1.6,34.5,4.14,demo_simulation
2026-08-11,-75.43,81.82,0.3221,0.1148,-0.3,34.24,4.09,demo_simulation
2026-08-11,-75.43,114.55,0.4194,0.098,0.2,33.79,2.46,demo_simulation
2026-08-11,-75.43,147.27,0.3551,0.0288,-0.9,34.13,1.71,demo_simulation
2026-08-11,-75.43,180.0,0.3163,-0.0908,-0.5,34.3,3.82,demo_simulation
2026-08-11,-72.86,-180.0,0.4471,-0.2514,0.3,33.61,1.89,demo_simulation
2026-08-11,-72.86,-147.27,0.3977,0.057,1.0,34.04,4.44,demo_simulation
2026-08-11,-72.86,-114.55,0.3575,-0.053,1.4,33.78,3.29,demo_simulation
2026-08-11,-72.86,-81.82,0.1169,-0.0032,-0.2,33.67,2.09,demo_simulation
2026-08-11,-72.86,-49.09,0.3821,-0.0382,2.3,34.15,4.59,demo_simulation
2026-08-11,-72.86,-16.36,0.3573,-0.1318,0.9,33.63,2.54,demo_simulation
2026-08-11,-72.86,16.36,0.4372,0.4055,0.6,34.58,3.32,demo_simulation
2026-08-11,-72.86,49.09,0.3889,-0.2818,1.9,34.56,2.05,demo_simulation
2026-08-11,-72.86,81.82,0.4383,0.1126,0.4,34.27,3.66,demo_simulation
2026-08-11,-72.86,114.55,0.2156,0.2107,1.1,34.64,4.97,demo_simulation
2026-08-11,-72.86,147.27,0.082,0.1277,1.0,34.39,4.26,demo_simulation
2026-08-11,-72.86,180.0,0.3134,0.1351,-0.2,34.71,3.24,demo_simulation
2026-08-11,-70.29,-180.0,0.4059,-0.2278,-0.0,33.8,3.21,demo_simulation
2026-08-11,-70.29,-147.27,0.1654,-0.0684,1.2,34.66,3.98,demo_simulation
2026-08-11,-70.29,-114.55,0.4039,-0.0865,1.3,33.96,2.01,demo_simulation
2026-08-11,-70.29,-81.82,0.135,0.1401,1.3,34.3,4.17,demo_simulation
2026-08-11,-70.29,-49.09,0.1502,0.0332,3.9,34.27,2.41,demo_simulation
2026-08-11,-70.29,-16.36,0.2922,-0.0807,2.3,34.12,3.81,demo_simulation
2026-08-11,-70.29,16.36,0.0679,-0.0863,0.5,33.56,1.54,demo_simulation
2026-08-11,-70.29,49.09,0.2658,0.1154,0.4,34.45,3.12,demo_simulation
2026-08-11,-70.29,81.82,0.3474,0.0458,1.9,33.85,2.52,demo_simulation
2026-08-11,-70.29,114.55,0.2198,0.0155,1.0,33.63,4.67,demo_simulation
2026-08-11,-70.29,147.27,0.334,-0.0762,1.3,34.06,2.99,demo_simulation
2026-08-11,-70.29,180.0,0.1055,-0.1478,2.7,33.59,4.95,demo_simulation
2026-08-11,-67.71,-180.0,0.2344,0.2039,3.8,34.6,4.76,demo_simulation
2026-08-11,-67.71,-147.27,0.4034,0.0221,3.7,34.33,1.86,demo_simulation
2026-08-11,-67.71,-114.55,0.4191,-0.2984,2.9,33.81,2.58,demo_simulation
2026-08-11,-67.71,-81.82,0.0932,0.0095,3.0,34.33,3.06,demo_simulation
2026-08-11,-67.71,-49.09,0.1588,-0.1458,3.8,34.2,3.2,demo_simulation
2026-08-11,-67.71,-16.36,0.171,-0.1467,2.1,34.71,2.54,demo_simulation
2026-08-11,-67.71,16.36,0.2265,0.1432,3.7,34.6,3.15,demo_simulation
2026-08-11,-67.71,49.09,0.1336,0.0068,2.2,33.73,4.43,demo_simulation
2026-08-11,-67.71,81.82,0.3517,-0.0449,2.7,33.88,3.64,demo_simulation
2026-08-11,-67.71,114.55,0.1219,-0.2583,3.8,34.32,3.99,demo_simulation
2026-08-11,-67.71,147.27,0.2993,-0.0571,3.7,33.81,4.48,demo_simulation
2026-08-11,-67.71,180.0,0.1691,0.0443,4.4,34.67,1.73,demo_simulation
2026-08-11,-65.14,-180.0,0.2524,0.0988,4.4,34.63,4.6,demo_simulation
2026-08-11,-65.14,-147.27,0.437,-0.1507,4.2,33.99,3.04,demo_simulation
2026-08-11,-65.14,-114.55,0.3398,0.116,7.2,33.93,4.71,demo_simulation
2026-08-11,-65.14,-81.82,0.3704,-0.021,2.7,33.74,4.38,demo_simulation
2026-08-11,-65.14,-49.09,0.1896,0.0418,4.1,34.62,4.87,demo_simulation
2026-08-11,-65.14,-16.36,0.2333,0.1886,4.7,33.93,4.04,demo_simulation
2026-08-11,-65.14,16.36,0.2598,-0.1319,3.8,33.98,4.56,demo_simulation
2026-08-11,-65.14,49.09,0.2126,0.0466,3.7,34.25,3.66,demo_simulation
2026-08-11,-65.14,81.82,0.4193,0.2286,4.1,34.63,4.41,demo_simulation
2026-08-11,-65.14,114.55,0.2411,-0.1445,3.3,34.7,2.95,demo_simulation
2026-08-11,-65.14,147.27,0.1729,-0.1114,6.2,34.72,3.01,demo_simulation
2026-08-11,-65.14,180.0,0.2951,0.0876,3.1,34.32,4.24,demo_simulation
2026-08-11,-62.57,-180.0,0.2036,-0.0054,2.9,33.91,2.61,demo_simulation
2026-08-11,-62.57,-147.27,0.1491,-0.1253,3.3,34.59,2.71,demo_simulation
2026-08-11,-62.57,-114.55,0.1292,0.3697,3.1,34.14,3.84,demo_simulation
2026-08-11,-62.57,-81.82,0.4172,-0.0174,5.3,34.69,4.57,demo_simulation
2026-08-11,-62.57,-49.09,0.1439,-0.0138,3.9,34.34,4.13,demo_simulation
2026-08-11,-62.57,-16.36,0.092,0.1018,5.3,34.53,2.61,demo_simulation
2026-08-11,-62.57,16.36,0.4052,-0.2473,5.2,33.95,2.45,demo_simulation
2026-08-11,-62.57,49.09,0.1127,-0.1489,4.0,34.74,3.78,demo_simulation
2026-08-11,-62.57,81.82,0.3808,0.1219,3.8,34.36,2.72,demo_simulation
2026-08-11,-62.57,114.55,0.0881,-0.0078,5.0,33.65,4.75,demo_simulation
2026-08-11,-62.57,147.27,0.4006,-0.0009,5.1,33.92,4.52,demo_simulation
2026-08-11,-62.57,180.0,0.1171,-0.0422,4.7,33.81,2.18,demo_simulation
2026-08-11,-60.0,-180.0,0.3969,0.2618,7.4,33.59,3.33,demo_simulation
2026-08-11,-60.0,-147.27,0.397,0.0183,8.8,33.99,2.72,demo_simulation
2026-08-11,-60.0,-114.55,0.111,0.1976,6.3,33.76,2.85,demo_simulation
2026-08-11,-60.0,-81.82,0.1488,-0.0169,8.4,33.62,3.44,demo_simulation
2026-08-11,-60.0,-49.09,0.2477,-0.067,6.1,33.51,3.47,demo_simulation
2026-08-11,-60.0,-16.36,0.3658,-0.0674,6.0,33.51,3.23,demo_simulation
2026-08-11,-60.0,16.36,0.4086,-0.134,6.4,33.63,3.9,demo_simulation
2026-08-11,-60.0,49.09,0.3052,-0.0013,5.9,34.62,1.96,demo_simulation
2026-08-11,-60.0,81.82,0.1609,-0.2026,5.8,34.27,4.78,demo_simulation
2026-08-11,-60.0,114.55,0.3747,-0.0391,6.3,34.6,2.84,demo_simulation
2026-08-11,-60.0,147.27,0.3709,-0.0521,7.0,33.77,4.53,demo_simulation
2026-08-11,-60.0,180.0,0.0696,0.1368,7.7,34.77,4.69,demo_simulation
2026-08-10,-78.0,-180.0,0.316,-0.0836,-1.0,34.13,3.39,demo_simulation
2026-08-10,-78.0,-147.27,0.4106,-0.1134,-1.6,34.62,1.68,demo_simulation
2026-08-10,-78.0,-114.55,0.2581,-0.2173,-2.2,34.26,2.89,demo_simulation
2026-08-10,-78.0,-81.82,0.315,-0.0,-1.5,33.55,2.98,demo_simulation
2026-08-10,-78.0,-49.09,0.4346,0.1579,-1.0,34.08,3.83,demo_simulation
2026-08-10,-78.0,-16.36,0.2349,0.1299,0.0,33.59,3.17,demo_simulation
2026-08-10,-78.0,16.36,0.2579,0.1301,-2.9,33.87,3.34,demo_simulation
2026-08-10,-78.0,49.09,0.2776,0.0774,-1.7,34.74,2.81,demo_simulation
2026-08-10,-78.0,81.82,0.1357,-0.0121,-0.5,33.72,1.51,demo_simulation
2026-08-10,-78.0,114.55,0.2059,0.0362,0.0,33.76,3.68,demo_simulation
2026-08-10,-78.0,147.27,0.4097,-0.1268,-2.8,34.12,4.04,demo_simulation
2026-08-10,-78.0,180.0,0.3373,0.3195,-1.0,34.56,4.46,demo_simulation
2026-08-10,-75.43,-180.0,0.2427,-0.0186,0.2,34.39,3.5,demo_simulation
2026-08-10,-75.43,-147.27,0.0748,0.1937,2.1,34.43,4.17,demo_simulation
2026-08-10,-75.43,-114.55,0.3552,-0.2238,-0.4,33.58,2.27,demo_simulation
2026-08-10,-75.43,-81.82,0.2285,-0.2401,-0.5,34.17,2.42,demo_simulation
2026-08-10,-75.43,-49.09,0.308,-0.1565,1.0,34.28,1.73,demo_simulation
2026-08-10,-75.43,-16.36,0.3518,-0.0508,0.3,34.13,4.44,demo_simulation
2026-08-10,-75.43,16.36,0.081,-0.0627,-0.8,33.68,4.56,demo_simulation
2026-08-10,-75.43,49.09,0.3367,-0.1688,-0.2,33.7,2.13,demo_simulation
2026-08-10,-75.43,81.82,0.1046,-0.3046,0.6,33.85,3.53,demo_simulation
2026-08-10,-75.43,114.55,0.2872,-0.009,-0.3,34.76,2.54,demo_simulation
2026-08-10,-75.43,147.27,0.0915,0.0325,-1.5,34.28,4.63,demo_simulation
2026-08-10,-75.43,180.0,0.349,-0.1391,1.6,34.61,3.28,demo_simulation
2026-08-10,-72.86,-180.0,0.1322,-0.2365,0.0,34.41,4.68,demo_simulation
2026-08-10,-72.86,-147.27,0.2288,-0.2178,1.2,33.86,2.76,demo_simulation
2026-08-10,-72.86,-114.55,0.3897,-0.0498,2.3,34.24,3.38,demo_simulation
2026-08-10,-72.86,-81.82,0.1469,-0.1645,0.5,34.55,4.17,demo_simulation
2026-08-10,-72.86,-49.09,0.4061,0.1611,1.1,33.52,2.26,demo_simulation
2026-08-10,-72.86,-16.36,0.143,-0.1468,0.3,33.58,3.56,demo_simulation
2026-08-10,-72.86,16.36,0.0521,0.3545,-0.3,34.03,4.4,demo_simulation
2026-08-10,-72.86,49.09,0.242,0.0235,-1.4,34.53,4.83,demo_simulation
2026-08-10,-72.86,81.82,0.0684,0.1257,1.6,33.95,2.28,demo_simulation
2026-08-10,-72.86,114.55,0.2201,-0.0663,-0.5,34.61,2.56,demo_simulation
2026-08-10,-72.86,147.27,0.1261,0.0004,1.1,34.08,4.52,demo_simulation
2026-08-10,-72.86,180.0,0.1703,-0.3445,-0.4,33.53,2.95,demo_simulation
2026-08-10,-70.29,-180.0,0.382,0.101,2.6,34.37,2.26,demo_simulation
2026-08-10,-70.29,-147.27,0.0752,0.0204,-0.4,34.07,4.18,demo_simulation
2026-08-10,-70.29,-114.55,0.3703,0.1915,2.9,33.61,2.29,demo_simulation
2026-08-10,-70.29,-81.82,0.3014,-0.0466,3.2,33.78,3.87,demo_simulation
2026-08-10,-70.29,-49.09,0.149,0.1114,2.5,34.65,2.4,demo_simulation
2026-08-10,-70.29,-16.36,0.163,-0.1338,1.1,34.7,3.8,demo_simulation
2026-08-10,-70.29,16.36,0.3308,0.0509,1.5,34.24,2.94,demo_simulation
2026-08-10,-70.29,49.09,0.2273,-0.1189,2.9,34.69,2.36,demo_simulation
2026-08-10,-70.29,81.82,0.1642,-0.2052,1.3,33.86,3.09,demo_simulation
2026-08-10,-70.29,114.55,0.3565,0.1027,1.3,34.32,2.85,demo_simulation
2026-08-10,-70.29,147.27,0.1531,0.0519,2.1,33.85,3.95,demo_simulation
2026-08-10,-70.29,180.0,0.3544,0.0807,3.4,34.27,4.52,demo_simulation
2026-08-10,-67.71,-180.0,0.0928,-0.1293,3.2,34.16,4.82,demo_simulation
2026-08-10,-67.71,-147.27,0.4356,-0.1377,5.1,34.19,2.38,demo_simulation
2026-08-10,-67.71,-114.55,0.4239,0.1135,4.5,34.43,1.63,demo_simulation
2026-08-10,-67.71,-81.82,0.1257,-0.1527,3.4,34.4,3.66,demo_simulation
2026-08-10,-67.71,-49.09,0.3959,0.1024,1.6,34.54,4.0,demo_simulation
2026-08-10,-67.71,-16.36,0.3896,0.2534,3.4,33.65,4.83,demo_simulation
2026-08-10,-67.71,16.36,0.3688,-0.2246,2.2,34.08,3.79,demo_simulation
2026-08-10,-67.71,49.09,0.3982,-0.1303,3.6,33.87,2.5,demo_simulation
2026-08-10,-67.71,81.82,0.2381,-0.0765,4.2,34.25,3.03,demo_simulation
2026-08-10,-67.71,114.55,0.4156,-0.1024,3.4,33.8,3.39,demo_simulation
2026-08-10,-67.71,147.27,0.324,0.0755,3.0,33.64,3.77,demo_simulation
2026-08-10,-67.71,180.0,0.4052,0.0049,2.1,34.37,1.98,demo_simulation
2026-08-10,-65.14,-180.0,0.2232,0.1357,2.8,34.2,4.02,demo_simulation
2026-08-10,-65.14,-147.27,0.1405,-0.0043,4.1,34.19,4.21,demo_simulation
2026-08-10,-65.14,-114.55,0.3917,0.0362,3.3,33.69,3.44,demo_simulation
2026-08-10,-65.14,-81.82,0.0555,-0.007,2.6,34.36,3.47,demo_simulation
2026-08-10,-65.14,-49.09,0.274,-0.047,3.3,33.65,4.61,demo_simulation
2026-08-10,-65.14,-16.36,0.1907,-0.1738,4.6,34.23,3.26,demo_simulation
2026-08-10,-65.14,16.36,0.1778,-0.0245,4.1,34.61,4.58,demo_simulation
2026-08-10,-65.14,49.09,0.2021,0.0471,4.8,34.56,3.31,demo_simulation
2026-08-10,-65.14,81.82,0.1312,-0.0084,4.4,34.42,2.13,demo_simulation
2026-08-10,-65.14,114.55,0.4169,-0.0988,4.2,33.99,3.78,demo_simulation
2026-08-10,-65.14,147.27,0.1091,-0.0018,4.0,33.75,4.58,demo_simulation
2026-08-10,-65.14,180.0,0.0863,0.1336,3.4,34.5,4.44,demo_simulation
2026-08-10,-62.57,-180.0,0.4114,-0.0401,4.8,34.49,1.9,demo_simulation
2026-08-10,-62.57,-147.27,0.3234,-0.0967,5.1,34.48,4.73,demo_simulation
2026-08-10,-62.57,-114.55,0.2598,0.1461,4.3,33.65,4.98,demo_simulation
2026-08-10,-62.57,-81.82,0.0881,0.0686,4.8,34.45,3.65,demo_simulation
2026-08-10,-62.57,-49.09,0.1628,-0.0502,5.7,33.73,1.7,demo_simulation
2026-08-10,-62.57,-16.36,0.1185,0.2219,6.4,34.57,4.71,demo_simulation
2026-08-10,-62.57,16.36,0.2721,0.1698,5.7,34.19,4.27,demo_simulation
2026-08-10,-62.57,49.09,0.1651,0.0271,6.8,34.38,4.61,demo_simulation
2026-08-10,-62.57,81.82,0.1166,0.2433,5.3,34.0,3.94,demo_simulation
2026-08-10,-62.57,114.55,0.3987,0.1342,4.7,34.19,2.39,demo_simulation
2026-08-10,-62.57,147.27,0.1174,0.2514,5.2,34.34,4.97,demo_simulation
2026-08-10,-62.57,180.0,0.3027,-0.0869,5.2,34.58,4.89,demo_simulation
2026-08-10,-60.0,-180.0,0.1508,-0.0593,7.2,34.08,4.25,demo_simulation
2026-08-10,-60.0,-147.27,0.4073,0.0786,7.0,33.72,2.14,demo_simulation
2026-08-10,-60.0,-114.55,0.0571,-0.03,5.5,34.66,2.09,demo_simulation
2026-08-10,-60.0,-81.82,0.255,0.157,4.5,34.02,3.64,demo_simulation
2026-08-10,-60.0,-49.09,0.3222,-0.274,6.3,34.16,2.84,demo_simulation
2026-08-10,-60.0,-16.36,0.0538,0.0128,5.3,34.26,1.53,demo_simulation
2026-08-10,-60.0,16.36,0.4335,-0.2078,5.7,34.27,2.61,demo_simulation
2026-08-10,-60.0,49.09,0.1256,0.108,5.0,34.57,2.69,demo_simulation
2026-08-10,-60.0,81.82,0.2417,-0.0301,6.4,33.99,1.9,demo_simulation
2026-08-10,-60.0,114.55,0.4133,-0.2684,6.4,33.78,4.77,demo_simulation
2026-08-10,-60.0,147.27,0.3278,0.2118,7.6,34.7,4.08,demo_simulation
2026-08-10,-60.0,180.0,0.375,-0.111,7.0,34.04,4.14,demo_simulation
2026-08-09,-78.0,-180.0,0.324,0.0749,-2.1,34.8,1.99,demo_simulation
2026-08-09,-78.0,-147.27,0.0935,-0.058,-1.4,34.21,2.23,demo_simulation
2026-08-09,-78.0,-114.55,0.3594,0.2215,-1.2,33.69,1.64,demo_simulation
2026-08-09,-78.0,-81.82,0.0944,-0.1996,-2.2,34.23,3.53,demo_simulation
2026-08-09,-78.0,-49.09,0.2074,0.0208,-0.5,34.19,3.76,demo_simulation
2026-08-09,-78.0,-16.36,0.3322,0.1868,-2.3,34.01,4.97,demo_simulation
2026-08-09,-78.0,16.36,0.1708,0.0552,-0.9,33.87,4.74,demo_simulation
2026-08-09,-78.0,49.09,0.2326,-0.017,0.2,33.64,4.33,demo_simulation
2026-08-09,-78.0,81.82,0.4068,0.1993,-2.3,33.81,3.63,demo_simulation
2026-08-09,-78.0,114.55,0.0656,-0.0887,1.2,34.73,4.81,demo_simulation
2026-08-09,-78.0,147.27,0.1366,-0.3743,-1.6,33.73,3.87,demo_simulation
2026-08-09,-78.0,180.0,0.1462,0.0113,-0.7,33.53,4.39,demo_simulation
2026-08-09,-75.43,-180.0,0.1864,-0.1007,0.5,33.94,3.05,demo_simulation
2026-08-09,-75.43,-147.27,0.4197,0.1503,0.8,34.66,4.12,demo_simulation
2026-08-09,-75.43,-114.55,0.2567,-0.0838,0.2,33.89,4.83,demo_simulation
2026-08-09,-75.43,-81.82,0.1108,-0.1431,-1.1,34.37,4.56,demo_simulation
2026-08-09,-75.43,-49.09,0.3927,-0.0854,-0.1,34.36,4.8,demo_simulation
2026-08-09,-75.43,-16.36,0.1563,0.0656,-0.4,34.49,4.12,demo_simulation
2026-08-09,-75.43,16.36,0.2319,-0.0338,0.1,33.53,4.06,demo_simulation
2026-08-09,-75.43,49.09,0.0949,-0.1489,0.2,34.0,2.2,demo_simulation
2026-08-09,-75.43,81.82,0.4198,-0.0101,0.9,33.55,4.43,demo_simulation
2026-08-09,-75.43,114.55,0.427,-0.0108,-0.6,33.8,4.99,demo_simulation
2026-08-09,-75.43,147.27,0.0658,0.0854,0.0,33.54,4.41,demo_simulation
2026-08-09,-75.43,180.0,0.1215,-0.0743,-0.8,34.12,3.65,demo_simulation
2026-08-09,-72.86,-180.0,0.2187,0.0685,-0.2,33.68,2.39,demo_simulation
2026-08-09,-72.86,-147.27,0.3111,0.117,0.5,34.73,3.68,demo_simulation
2026-08-09,-72.86,-114.55,0.4266,-0.1349,0.8,34.13,2.27,demo_simulation
2026-08-09,-72.86,-81.82,0.1441,-0.1408,-0.3,34.06,3.3,demo_simulation
2026-08-09,-72.86,-49.09,0.1378,-0.1753,1.6,33.88,4.06,demo_simulation
2026-08-09,-72.86,-16.36,0.2763,0.0206,0.9,34.77,3.89,demo_simulation
2026-08-09,-72.86,16.36,0.2059,0.2737,0.3,34.3,1.88,demo_simulation
2026-08-09,-72.86,49.09,0.0727,0.1458,0.5,34.73,4.27,demo_simulation
2026-08-09,-72.86,81.82,0.2497,-0.0868,1.5,33.95,4.73,demo_simulation
2026-08-09,-72.86,114.55,0.4327,0.1717,-0.5,34.04,3.06,demo_simulation
2026-08-09,-72.86,147.27,0.4446,0.0334,-0.1,34.48,1.78,demo_simulation
2026-08-09,-72.86,180.0,0.1925,-0.0186,1.3,34.65,2.08,demo_simulation
2026-08-09,-70.29,-180.0,0.1638,0.1134,0.9,34.47,4.11,demo_simulation
2026-08-09,-70.29,-147.27,0.3167,-0.0453,-0.1,34.11,3.3,demo_simulation
2026-08-09,-70.29,-114.55,0.3473,-0.2326,2.0,34.13,3.77,demo_simulation
2026-08-09,-70.29,-81.82,0.3558,0.1596,1.6,33.98,1.52,demo_simulation
2026-08-09,-70.29,-49.09,0.0523,-0.1685,0.7,34.76,2.18,demo_simulation
2026-08-09,-70.29,-16.36,0.3443,0.2473,1.7,33.85,4.01,demo_simulation
2026-08-09,-70.29,16.36,0.1349,0.1062,2.5,34.28,2.9,demo_simulation
2026-08-09,-70.29,49.09,0.1708,0.1146,1.1,33.62,2.02,demo_simulation
2026-08-09,-70.29,81.82,0.4241,-0.0569,1.5,33.96,4.26,demo_simulation
2026-08-09,-70.29,114.55,0.1085,-0.063,1.5,34.03,2.91,demo_simulation
2026-08-09,-70.29,147.27,0.1301,-0.1824,2.1,33.91,2.86,demo_simulation
2026-08-09,-70.29,180.0,0.3878,-0.2603,1.2,34.13,4.97,demo_simulation
2026-08-09,-67.71,-180.0,0.1265,-0.1183,4.4,34.54,4.33,demo_simulation
2026-08-09,-67.71,-147.27,0.3455,0.0557,2.5,34.3,1.87,demo_simulation
2026-08-09,-67.71,-114.55,0.3972,-0.1148,2.2,34.51,4.23,demo_simulation
2026-08-09,-67.71,-81.82,0.1226,-0.1454,1.9,34.65,3.8,demo_simulation
2026-08-09,-67.71,-49.09,0.3339,-0.0407,4.9,34.7,3.76,demo_simulation
2026-08-09,-67.71,-16.36,0.3346,0.0221,3.4,34.8,2.09,demo_simulation
2026-08-09,-67.71,16.36,0.0639,0.1495,2.9,33.73,2.02,demo_simulation
2026-08-09,-67.71,49.09,0.2591,-0.0305,3.7,34.5,4.03,demo_simulation
2026-08-09,-67.71,81.82,0.423,-0.1804,3.5,33.78,4.74,demo_simulation
2026-08-09,-67.71,114.55,0.3316,-0.0056,3.1,34.57,4.24,demo_simulation
2026-08-09,-67.71,147.27,0.1145,-0.0762,3.3,34.52,1.82,demo_simulation
2026-08-09,-67.71,180.0,0.1117,0.0411,5.4,33.77,2.49,demo_simulation
2026-08-09,-65.14,-180.0,0.4281,-0.4088,3.4,34.0,3.98,demo_simulation
2026-08-09,-65.14,-147.27,0.1995,-0.1552,4.5,34.54,2.65,demo_simulation
2026-08-09,-65.14,-114.55,0.1933,-0.1711,2.6,34.36,2.17,demo_simulation
2026-08-09,-65.14,-81.82,0.4468,0.1757,3.2,33.51,2.05,demo_simulation
2026-08-09,-65.14,-49.09,0.3187,-0.2016,3.5,34.78,1.96,demo_simulation
2026-08-09,-65.14,-16.36,0.3878,0.1571,3.7,33.68,4.9,demo_simulation
2026-08-09,-65.14,16.36,0.4081,0.0308,3.5,34.28,1.51,demo_simulation
2026-08-09,-65.14,49.09,0.3106,-0.0866,4.8,34.09,2.2,demo_simulation
2026-08-09,-65.14,81.82,0.1101,-0.0343,4.1,34.14,1.51,demo_simulation
2026-08-09,-65.14,114.55,0.158,-0.1768,4.4,34.76,4.63,demo_simulation
2026-08-09,-65.14,147.27,0.1404,0.1545,2.6,33.54,2.28,demo_simulation
2026-08-09,-65.14,180.0,0.3833,0.0754,3.7,33.94,3.38,demo_simulation
2026-08-09,-62.57,-180.0,0.3305,-0.1287,4.9,33.95,3.19,demo_simulation
2026-08-09,-62.57,-147.27,0.4385,-0.0941,4.3,34.51,2.11,demo_simulation
2026-08-09,-62.57,-114.55,0.4116,0.0385,5.8,34.68,4.51,demo_simulation
2026-08-09,-62.57,-81.82,0.0756,0.1544,5.1,34.62,2.01,demo_simulation
2026-08-09,-62.57,-49.09,0.336,-0.025,5.8,34.45,1.98,demo_simulation
2026-08-09,-62.57,-16.36,0.3342,-0.0095,4.5,34.23,3.56,demo_simulation
2026-08-09,-62.57,16.36,0.0934,0.003,5.4,33.9,4.34,demo_simulation
2026-08-09,-62.57,49.09,0.2848,-0.0541,5.3,33.89,3.87,demo_simulation
2026-08-09,-62.57,81.82,0.0717,0.169,4.1,34.41,1.58,demo_simulation
2026-08-09,-62.57,114.55,0.3851,-0.0674,5.2,34.43,3.04,demo_simulation
2026-08-09,-62.57,147.27,0.1662,0.0972,4.9,33.85,2.75,demo_simulation
2026-08-09,-62.57,180.0,0.1004,0.0294,5.5,34.4,2.31,demo_simulation
2026-08-09,-60.0,-180.0,0.1053,-0.3259,6.1,33.67,4.21,demo_simulation
2026-08-09,-60.0,-147.27,0.2089,0.2463,5.2,33.84,4.86,demo_simulation
2026-08-09,-60.0,-114.55,0.1837,-0.0657,7.3,33.72,4.81,demo_simulation
2026-08-09,-60.0,-81.82,0.3882,-0.2942,4.7,34.25,3.89,demo_simulation
2026-08-09,-60.0,-49.09,0.1063,-0.3028,6.1,34.5,4.33,demo_simulation
2026-08-09,-60.0,-16.36,0.1005,0.1609,3.6,34.77,2.28,demo_simulation
2026-08-09,-60.0,16.36,0.3271,0.1572,6.4,34.28,2.91,demo_simulation
2026-08-09,-60.0,49.09,0.206,-0.128,8.7,33.71,4.27,demo_simulation
2026-08-09,-60.0,81.82,0.1139,-0.0072,5.6,34.48,3.56,demo_simulation
2026-08-09,-60.0,114.55,0.0996,0.0126,5.5,34.31,3.6,demo_simulation
2026-08-09,-60.0,147.27,0.2446,0.1531,6.3,34.67,4.16,demo_simulation
2026-08-09,-60.0,180.0,0.3437,-0.0746,5.9,34.8,4.68,demo_simulation
2026-08-08,-78.0,-180.0,0.319,-0.0185,-2.6,34.05,1.75,demo_simulation
2026-08-08,-78.0,-147.27,0.0985,-0.0123,-1.5,34.72,2.23,demo_simulation
2026-08-08,-78.0,-114.55,0.3891,0.2309,0.6,34.79,3.69,demo_simulation
2026-08-08,-78.0,-81.82,0.3977,0.0684,-1.2,33.51,4.69,demo_simulation
2026-08-08,-78.0,-49.09,0.2572,-0.0514,-0.6,34.01,3.65,demo_simulation
2026-08-08,-78.0,-16.36,0.1283,-0.0073,-0.7,34.16,2.16,demo_simulation
2026-08-08,-78.0,16.36,0.2782,0.0082,-0.9,33.77,2.92,demo_simulation
2026-08-08,-78.0,49.09,0.3662,-0.0607,-1.8,34.7,2.82,demo_simulation
2026-08-08,-78.0,81.82,0.1703,-0.0058,-1.5,33.69,2.17,demo_simulation
2026-08-08,-78.0,114.55,0.4122,-0.0713,-0.2,34.23,2.74,demo_simulation
2026-08-08,-78.0,147.27,0.0561,-0.0557,-0.8,34.31,1.63,demo_simulation
2026-08-08,-78.0,180.0,0.2781,-0.0199,-1.8,34.36,3.82,demo_simulation
2026-08-08,-75.43,-180.0,0.1971,0.1483,0.9,34.47,3.8,demo_simulation
2026-08-08,-75.43,-147.27,0.4211,0.0189,-2.1,34.49,4.53,demo_simulation
2026-08-08,-75.43,-114.55,0.1637,0.004,1.6,33.56,3.35,demo_simulation
2026-08-08,-75.43,-81.82,0.3278,-0.1776,0.0,33.67,2.24,demo_simulation
2026-08-08,-75.43,-49.09,0.0775,0.1814,0.9,34.37,2.17,demo_simulation
2026-08-08,-75.43,-16.36,0.414,0.2379,-1.6,33.59,4.55,demo_simulation
2026-08-08,-75.43,16.36,0.1425,-0.2319,-0.5,33.79,2.49,demo_simulation
2026-08-08,-75.43,49.09,0.2984,0.1262,-1.5,34.58,4.48,demo_simulation
2026-08-08,-75.43,81.82,0.397,-0.0239,-2.4,34.04,2.68,demo_simulation
2026-08-08,-75.43,114.55,0.1135,0.1083,0.4,33.51,2.41,demo_simulation
2026-08-08,-75.43,147.27,0.2058,-0.309,0.6,33.95,3.88,demo_simulation
2026-08-08,-75.43,180.0,0.2046,-0.0049,-0.8,33.88,4.71,demo_simulation
2026-08-08,-72.86,-180.0,0.1611,0.113,1.1,34.19,3.58,demo_simulation
2026-08-08,-72.86,-147.27,0.2894,0.3773,1.5,34.59,2.95,demo_simulation
2026-08-08,-72.86,-114.55,0.1346,0.0216,2.2,33.85,1.72,demo_simulation
2026-08-08,-72.86,-81.82,0.3091,0.0223,2.2,34.74,4.15,demo_simulation
2026-08-08,-72.86,-49.09,0.3193,0.0262,1.0,34.65,3.34,demo_simulation
2026-08-08,-72.86,-16.36,0.2108,-0.109,-0.6,33.64,2.95,demo_simulation
2026-08-08,-72.86,16.36,0.1719,0.04,0.2,33.71,1.5,demo_simulation
2026-08-08,-72.86,49.09,0.235,0.1768,0.4,33.59,4.61,demo_simulation
2026-08-08,-72.86,81.82,0.2281,-0.1144,-0.4,34.68,3.78,demo_simulation
2026-08-08,-72.86,114.55,0.1314,0.0541,-0.7,34.47,3.85,demo_simulation
2026-08-08,-72.86,147.27,0.3201,-0.1294,0.3,34.76,2.63,demo_simulation
2026-08-08,-72.86,180.0,0.0562,-0.064,0.5,33.56,4.87,demo_simulation
2026-08-08,-70.29,-180.0,0.3005,0.0717,4.4,34.57,3.36,demo_simulation
2026-08-08,-70.29,-147.27,0.0905,-0.243,4.1,33.89,3.33,demo_simulation
2026-08-08,-70.29,-114.55,0.3672,0.2258,3.8,34.47,3.74,demo_simulation
2026-08-08,-70.29,-81.82,0.3544,-0.2681,2.9,34.25,4.51,demo_simulation
2026-08-08,-70.29,-49.09,0.2557,-0.086,1.7,34.8,4.47,demo_simulation
2026-08-08,-70.29,-16.36,0.3616,0.0927,3.4,34.41,2.92,demo_simulation
2026-08-08,-70.29,16.36,0.1664,0.1509,1.5,34.58,2.08,demo_simulation
2026-08-08,-70.29,49.09,0.1902,0.0728,2.5,33.95,3.78,demo_simulation
2026-08-08,-70.29,81.82,0.3634,0.213,2.5,34.56,3.89,demo_simulation
2026-08-08,-70.29,114.55,0.3486,0.0712,0.9,34.76,3.6,demo_simulation
2026-08-08,-70.29,147.27,0.1821,0.1623,1.0,34.57,3.95,demo_simulation
2026-08-08,-70.29,180.0,0.1137,0.1863,2.3,34.77,4.47,demo_simulation
2026-08-08,-67.71,-180.0,0.1844,-0.0534,2.0,33.57,1.89,demo_simulation
2026-08-08,-67.71,-147.27,0.3595,-0.199,4.0,34.42,4.45,demo_simulation
2026-08-08,-67.71,-114.55,0.438,0.0145,2.4,33.89,2.18,demo_simulation
2026-08-08,-67.71,-81.82,0.148,-0.1113,2.8,34.29,2.41,demo_simulation
2026-08-08,-67.71,-49.09,0.2963,0.0981,1.3,34.35,2.14,demo_simulation
2026-08-08,-67.71,-16.36,0.3032,0.105,3.2,34.21,3.91,demo_simulation
2026-08-08,-67.71,16.36,0.3175,0.2127,2.6,34.44,4.87,demo_simulation
2026-08-08,-67.71,49.09,0.3752,0.0806,2.4,34.18,4.51,demo_simulation
2026-08-08,-67.71,81.82,0.2334,-0.0097,2.2,33.74,2.54,demo_simulation
2026-08-08,-67.71,114.55,0.4272,0.0028,2.4,34.48,4.17,demo_simulation
2026-08-08,-67.71,147.27,0.0626,0.029,3.0,33.81,2.38,demo_simulation
2026-08-08,-67.71,180.0,0.3736,0.1044,4.0,33.51,4.41,demo_simulation
2026-08-08,-65.14,-180.0,0.1467,-0.0832,1.8,34.79,2.76,demo_simulation
2026-08-08,-65.14,-147.27,0.4133,-0.2064,1.9,33.91,3.7,demo_simulation
2026-08-08,-65.14,-114.55,0.3002,-0.117,4.5,33.95,2.61,demo_simulation
2026-08-08,-65.14,-81.82,0.348,0.1926,4.7,34.01,1.58,demo_simulation
2026-08-08,-65.14,-49.09,0.208,-0.0635,4.6,34.04,2.41,demo_simulation
2026-08-08,-65.14,-16.36,0.2192,-0.0637,5.0,33.63,4.06,demo_simulation
2026-08-08,-65.14,16.36,0.2946,-0.087,3.7,34.23,2.46,demo_simulation
2026-08-08,-65.14,49.09,0.2048,-0.0236,3.5,34.59,4.11,demo_simulation
2026-08-08,-65.14,81.82,0.2894,-0.0867,5.4,33.52,4.71,demo_simulation
2026-08-08,-65.14,114.55,0.1895,0.0293,2.4,34.72,2.19,demo_simulation
2026-08-08,-65.14,147.27,0.3043,0.1472,4.2,33.79,2.65,demo_simulation
2026-08-08,-65.14,180.0,0.151,0.2441,3.8,34.56,4.14,demo_simulation
2026-08-08,-62.57,-180.0,0.1964,-0.082,4.7,34.16,4.69,demo_simulation
2026-08-08,-62.57,-147.27,0.3415,0.0244,4.0,34.6,3.62,demo_simulation
2026-08-08,-62.57,-114.55,0.1473,-0.0739,4.9,34.06,4.32,demo_simulation
2026-08-08,-62.57,-81.82,0.3731,0.0405,5.8,33.82,4.3,demo_simulation
2026-08-08,-62.57,-49.09,0.3318,0.0661,5.8,33.88,3.72,demo_simulation
2026-08-08,-62.57,-16.36,0.4008,-0.0318,7.4,34.61,4.32,demo_simulation
2026-08-08,-62.57,16.36,0.1208,0.2567,5.2,34.24,3.35,demo_simulation
2026-08-08,-62.57,49.09,0.2701,0.1249,5.1,34.56,1.61,demo_simulation
2026-08-08,-62.57,81.82,0.3517,0.1876,6.2,33.81,3.03,demo_simulation
2026-08-08,-62.57,114.55,0.1684,0.0215,5.8,33.77,3.46,demo_simulation
2026-08-08,-62.57,147.27,0.4415,-0.0833,4.4,34.01,4.24,demo_simulation
2026-08-08,-62.57,180.0,0.4082,-0.0642,5.7,33.97,3.76,demo_simulation
2026-08-08,-60.0,-180.0,0.1853,0.0854,4.5,33.58,4.46,demo_simulation
2026-08-08,-60.0,-147.27,0.3114,-0.1957,5.9,33.7,2.89,demo_simulation
2026-08-08,-60.0,-114.55,0.1536,0.2264,4.2,34.12,1.88,demo_simulation
2026-08-08,-60.0,-81.82,0.4,0.3035,4.8,34.08,2.94,demo_simulation
2026-08-08,-60.0,-49.09,0.409,-0.0386,6.0,34.35,3.11,demo_simulation
2026-08-08,-60.0,-16.36,0.1237,-0.0007,8.6,34.44,1.62,demo_simulation
2026-08-08,-60.0,16.36,0.3257,0.0227,6.3,34.06,2.08,demo_simulation
2026-08-08,-60.0,49.09,0.2088,0.127,5.4,34.5,3.86,demo_simulation
2026-08-08,-60.0,81.82,0.3446,0.1869,6.4,34.51,2.82,demo_simulation
2026-08-08,-60.0,114.55,0.1813,0.0681,7.1,34.06,3.3,demo_simulation
2026-08-08,-60.0,147.27,0.0988,-0.1166,7.2,34.11,2.66,demo_simulation
2026-08-08,-60.0,180.0,0.0899,-0.1521,6.5,34.71,1.52,demo_simulation
2026-08-07,-78.0,-180.0,0.3506,-0.095,-2.2,34.04,3.86,demo_simulation
2026-08-07,-78.0,-147.27,0.2507,-0.0632,-2.8,34.76,3.76,demo_simulation
2026-08-07,-78.0,-114.55,0.0574,-0.0849,0.4,34.44,3.46,demo_simulation
2026-08-07,-78.0,-81.82,0.3885,0.1732,-1.6,34.29,1.77,demo_simulation
2026-08-07,-78.0,-49.09,0.18,-0.0047,-0.7,34.55,2.15,demo_simulation
2026-08-07,-78.0,-16.36,0.2705,0.0139,-1.0,33.54,4.07,demo_simulation
2026-08-07,-78.0,16.36,0.0975,0.1498,-1.0,34.05,4.89,demo_simulation
2026-08-07,-78.0,49.09,0.0928,0.2378,-3.0,34.6,3.04,demo_simulation
2026-08-07,-78.0,81.82,0.1406,0.0389,-2.0,34.33,3.47,demo_simulation
2026-08-07,-78.0,114.55,0.2934,-0.0527,-1.8,33.8,3.41,demo_simulation
2026-08-07,-78.0,147.27,0.3686,-0.1612,-0.9,33.79,2.2,demo_simulation
2026-08-07,-78.0,180.0,0.3892,0.0988,0.3,33.92,3.44,demo_simulation
2026-08-07,-75.43,-180.0,0.3783,0.1626,-1.5,34.64,4.82,demo_simulation
2026-08-07,-75.43,-147.27,0.1821,0.2282,-0.2,34.48,4.9,demo_simulation
2026-08-07,-75.43,-114.55,0.1351,-0.0477,1.8,34.55,3.23,demo_simulation
2026-08-07,-75.43,-81.82,0.2166,-0.1064,-0.0,34.26,2.26,demo_simulation
2026-08-07,-75.43,-49.09,0.2638,0.2539,-1.2,34.77,3.58,demo_simulation
2026-08-07,-75.43,-16.36,0.0924,0.128,-0.9,33.93,3.19,demo_simulation
2026-08-07,-75.43,16.36,0.3284,0.1171,1.2,33.51,4.52,demo_simulation
2026-08-07,-75.43,49.09,0.1955,0.0779,0.2,34.73,3.81,demo_simulation
2026-08-07,-75.43,81.82,0.1419,-0.0793,-1.1,34.38,3.83,demo_simulation
2026-08-07,-75.43,114.55,0.2286,-0.176,0.1,34.09,3.46,demo_simulation
2026-08-07,-75.43,147.27,0.3072,0.0406,-0.8,34.6,3.2,demo_simulation
2026-08-07,-75.43,180.0,0.4381,-0.0242,0.5,34.59,2.94,demo_simulation
2026-08-07,-72.86,-180.0,0.2507,-0.1379,0.1,34.13,1.75,demo_simulation
2026-08-07,-72.86,-147.27,0.1827,-0.2066,-1.6,34.54,1.96,demo_simulation
2026-08-07,-72.86,-114.55,0.3202,0.2867,1.3,34.7,1.94,demo_simulation
2026-08-07,-72.86,-81.82,0.3714,-0.0628,-0.0,34.39,4.12,demo_simulation
2026-08-07,-72.86,-49.09,0.3697,-0.0974,0.2,34.48,3.1,demo_simulation
2026-08-07,-72.86,-16.36,0.0959,0.0545,-0.2,33.57,4.05,demo_simulation
2026-08-07,-72.86,16.36,0.3329,0.075,2.5,34.53,3.39,demo_simulation
2026-08-07,-72.86,49.09,0.3923,0.2546,1.9,34.37,4.14,demo_simulation
2026-08-07,-72.86,81.82,0.1971,0.0124,-0.6,33.88,2.77,demo_simulation
2026-08-07,-72.86,114.55,0.4017,0.0125,0.1,34.47,4.53,demo_simulation
2026-08-07,-72.86,147.27,0.2918,-0.0998,1.3,33.62,4.49,demo_simulation
2026-08-07,-72.86,180.0,0.2256,-0.0887,1.3,34.17,3.89,demo_simulation
2026-08-07,-70.29,-180.0,0.3596,-0.1969,0.5,33.99,3.0,demo_simulation
2026-08-07,-70.29,-147.27,0.3278,-0.1072,0.7,34.75,2.68,demo_simulation
2026-08-07,-70.29,-114.55,0.2833,-0.1408,2.2,33.99,3.67,demo_simulation
2026-08-07,-70.29,-81.82,0.0925,0.0869,1.7,33.72,2.54,demo_simulation
2026-08-07,-70.29,-49.09,0.2448,0.0204,1.0,34.69,2.29,demo_simulation
2026-08-07,-70.29,-16.36,0.2241,0.0773,1.1,33.97,2.44,demo_simulation
2026-08-07,-70.29,16.36,0.1006,0.4386,1.5,34.25,2.23,demo_simulation
2026-08-07,-70.29,49.09,0.3678,-0.3425,1.8,33.51,2.07,demo_simulation
2026-08-07,-70.29,81.82,0.0762,-0.2583,2.1,34.76,3.23,demo_simulation
2026-08-07,-70.29,114.55,0.4168,0.1844,2.9,34.26,3.51,demo_simulation
2026-08-07,-70.29,147.27,0.0565,-0.0531,0.7,33.79,2.55,demo_simulation
2026-08-07,-70.29,180.0,0.434,0.2431,2.4,33.87,2.41,demo_simulation
2026-08-07,-67.71,-180.0,0.3754,0.1188,3.0,33.77,4.78,demo_simulation
2026-08-07,-67.71,-147.27,0.3094,0.1373,3.2,33.83,4.62,demo_simulation
2026-08-07,-67.71,-114.55,0.3389,0.1359,3.3,33.59,2.64,demo_simulation
2026-08-07,-67.71,-81.82,0.3506,0.0588,2.7,33.51,3.0,demo_simulation
2026-08-07,-67.71,-49.09,0.1851,0.1175,3.5,34.57,3.57,demo_simulation
2026-08-07,-67.71,-16.36,0.0747,0.0422,3.4,34.44,4.82,demo_simulation
2026-08-07,-67.71,16.36,0.2476,-0.1215,5.2,33.86,2.59,demo_simulation
2026-08-07,-67.71,49.09,0.4248,-0.1408,0.9,34.43,2.59,demo_simulation
2026-08-07,-67.71,81.82,0.2796,-0.0238,2.2,33.88,1.53,demo_simulation
2026-08-07,-67.71,114.55,0.2539,0.2566,5.7,33.8,4.01,demo_simulation
2026-08-07,-67.71,147.27,0.2112,0.1437,1.6,34.76,4.07,demo_simulation
2026-08-07,-67.71,180.0,0.4495,-0.0196,2.8,33.92,3.32,demo_simulation
2026-08-07,-65.14,-180.0,0.1366,-0.0824,4.5,33.85,3.61,demo_simulation
2026-08-07,-65.14,-147.27,0.1219,-0.0222,2.9,34.01,2.99,demo_simulation
2026-08-07,-65.14,-114.55,0.4243,0.0245,4.4,33.82,3.75,demo_simulation
2026-08-07,-65.14,-81.82,0.1068,-0.0161,2.8,33.56,5.0,demo_simulation
2026-08-07,-65.14,-49.09,0.3334,-0.2802,3.4,34.25,3.76,demo_simulation
2026-08-07,-65.14,-16.36,0.1917,0.095,4.9,34.45,3.4,demo_simulation
2026-08-07,-65.14,16.36,0.3184,-0.0875,3.3,33.98,2.03,demo_simulation
2026-08-07,-65.14,49.09,0.3638,-0.016,4.5,34.02,2.56,demo_simulation
2026-08-07,-65.14,81.82,0.4457,-0.1218,5.5,34.66,1.89,demo_simulation
2026-08-07,-65.14,114.55,0.1345,-0.4799,5.5,34.35,4.62,demo_simulation
2026-08-07,-65.14,147.27,0.4198,-0.1304,5.5,33.63,2.81,demo_simulation
2026-08-07,-65.14,180.0,0.4404,0.1295,5.4,33.63,3.64,demo_simulation
2026-08-07,-62.57,-180.0,0.2375,-0.0571,6.5,33.83,3.3,demo_simulation
2026-08-07,-62.57,-147.27,0.2714,-0.1022,5.9,34.12,1.89,demo_simulation
2026-08-07,-62.57,-114.55,0.1504,-0.1891,5.6,34.3,5.0,demo_simulation
2026-08-07,-62.57,-81.82,0.4232,-0.0453,6.2,34.28,2.25,demo_simulation
2026-08-07,-62.57,-49.09,0.34,-0.1477,2.7,34.66,2.0,demo_simulation
2026-08-07,-62.57,-16.36,0.2334,-0.0099,4.9,34.54,4.99,demo_simulation
2026-08-07,-62.57,16.36,0.0591,-0.1192,4.8,34.68,3.99,demo_simulation
2026-08-07,-62.57,49.09,0.2798,-0.2117,5.5,34.22,4.52,demo_simulation
2026-08-07,-62.57,81.82,0.3209,0.0296,5.6,34.66,4.74,demo_simulation
2026-08-07,-62.57,114.55,0.4045,-0.338,5.2,34.45,2.5,demo_simulation
2026-08-07,-62.57,147.27,0.1126,-0.1198,4.3,33.56,4.46,demo_simulation
2026-08-07,-62.57,180.0,0.2186,0.0491,6.0,34.5,4.59,demo_simulation
2026-08-07,-60.0,-180.0,0.2241,0.0825,9.2,34.37,4.57,demo_simulation
2026-08-07,-60.0,-147.27,0.1735,-0.0863,5.6,34.61,3.47,demo_simulation
2026-08-07,-60.0,-114.55,0.1653,0.0179,5.8,34.62,4.53,demo_simulation
2026-08-07,-60.0,-81.82,0.3126,-0.0512,4.9,34.29,2.53,demo_simulation
2026-08-07,-60.0,-49.09,0.3492,0.0208,6.0,33.86,1.89,demo_simulation
2026-08-07,-60.0,-16.36,0.2684,0.0225,5.6,34.4,1.55,demo_simulation
2026-08-07,-60.0,16.36,0.2385,-0.2542,5.5,33.71,2.33,demo_simulation
2026-08-07,-60.0,49.09,0.3216,-0.0685,5.5,34.14,4.18,demo_simulation
2026-08-07,-60.0,81.82,0.3724,-0.1599,5.8,33.63,3.8,demo_simulation
2026-08-07,-60.0,114.55,0.4155,0.1173,6.6,33.68,2.69,demo_simulation
2026-08-07,-60.0,147.27,0.08,0.0143,5.3,34.39,3.1,demo_simulation
2026-08-07,-60.0,180.0,0.3319,-0.1866,5.4,33.52,2.42,demo_simulation
