date,lat,lon,wind_speed_ms,wind_dir_deg,temp_celsius,pressure_hpa,source
2026-09-05,-78.0,-180.0,8.9,262.3,-22.1,1008.5,demo_simulation
2026-09-05,-78.0,-147.27,14.4,227.9,-22.6,1000.6,demo_simulation
2026-09-05,-78.0,-114.55,17.44,253.7,-21.0,986.5,demo_simulation
2026-09-05,-78.0,-81.82,14.44,40.6,-25.1,976.1,demo_simulation
2026-09-05,-78.0,-49.09,17.95,200.2,-26.8,966.2,demo_simulation
2026-09-05,-78.0,-16.36,11.63,225.3,-24.1,984.3,demo_simulation
2026-09-05,-78.0,16.36,10.89,13.9,-23.3,985.6,demo_simulation
2026-09-05,-78.0,49.09,15.96,276.7,-27.5,980.9,demo_simulation
2026-09-05,-78.0,81.82,15.5,340.0,-24.0,989.8,demo_simulation
2026-09-05,-78.0,114.55,17.7,47.5,-24.1,998.6,demo_simulation
2026-09-05,-78.0,147.27,15.63,357.3,-21.2,962.5,demo_simulation
2026-09-05,-78.0,180.0,9.71,100.6,-22.4,975.8,demo_simulation
2026-09-05,-75.43,-180.0,6.85,243.1,-16.9,994.1,demo_simulation
2026-09-05,-75.43,-147.27,6.16,164.3,-24.7,1004.7,demo_simulation
2026-09-05,-75.43,-114.55,17.65,68.1,-20.3,960.4,demo_simulation
2026-09-05,-75.43,-81.82,9.93,79.9,-19.9,983.4,demo_simulation
2026-09-05,-75.43,-49.09,13.97,336.6,-22.1,1006.7,demo_simulation
2026-09-05,-75.43,-16.36,14.9,142.5,-19.8,984.1,demo_simulation
2026-09-05,-75.43,16.36,13.9,65.1,-21.3,980.2,demo_simulation
2026-09-05,-75.43,49.09,6.34,135.4,-22.6,984.2,demo_simulation
2026-09-05,-75.43,81.82,8.97,242.0,-23.2,988.1,demo_simulation
2026-09-05,-75.43,114.55,7.56,174.6,-28.0,995.9,demo_simulation
2026-09-05,-75.43,147.27,14.29,323.3,-26.3,987.2,demo_simulation
2026-09-05,-75.43,180.0,12.27,219.1,-21.7,978.2,demo_simulation
2026-09-05,-72.86,-180.0,15.76,192.2,-19.1,962.0,demo_simulation
2026-09-05,-72.86,-147.27,12.84,30.7,-13.3,992.9,demo_simulation
2026-09-05,-72.86,-114.55,8.25,323.9,-19.9,981.9,demo_simulation
2026-09-05,-72.86,-81.82,15.62,93.1,-20.8,965.6,demo_simulation
2026-09-05,-72.86,-49.09,10.62,337.4,-21.4,993.7,demo_simulation
2026-09-05,-72.86,-16.36,14.4,178.6,-20.4,1003.8,demo_simulation
2026-09-05,-72.86,16.36,9.96,348.2,-15.1,976.1,demo_simulation
2026-09-05,-72.86,49.09,15.14,258.2,-16.2,995.2,demo_simulation
2026-09-05,-72.86,81.82,16.4,119.0,-20.7,994.5,demo_simulation
2026-09-05,-72.86,114.55,13.95,71.2,-14.8,966.9,demo_simulation
2026-09-05,-72.86,147.27,9.44,288.4,-18.8,967.8,demo_simulation
2026-09-05,-72.86,180.0,15.65,115.7,-16.6,985.5,demo_simulation
2026-09-05,-70.29,-180.0,16.85,38.7,-13.9,978.2,demo_simulation
2026-09-05,-70.29,-147.27,10.52,289.5,-17.0,1002.0,demo_simulation
2026-09-05,-70.29,-114.55,13.04,44.5,-13.0,998.6,demo_simulation
2026-09-05,-70.29,-81.82,17.65,119.9,-17.6,975.4,demo_simulation
2026-09-05,-70.29,-49.09,6.08,86.4,-14.6,968.3,demo_simulation
2026-09-05,-70.29,-16.36,14.64,133.9,-16.1,999.5,demo_simulation
2026-09-05,-70.29,16.36,15.18,313.3,-20.9,1005.3,demo_simulation
2026-09-05,-70.29,49.09,6.48,119.3,-14.9,964.7,demo_simulation
2026-09-05,-70.29,81.82,7.33,275.5,-20.8,986.9,demo_simulation
2026-09-05,-70.29,114.55,12.86,175.5,-21.3,976.2,demo_simulation
2026-09-05,-70.29,147.27,8.72,130.1,-20.0,999.9,demo_simulation
2026-09-05,-70.29,180.0,10.67,60.4,-19.1,1001.8,demo_simulation
2026-09-05,-67.71,-180.0,12.14,169.5,-14.3,1006.6,demo_simulation
2026-09-05,-67.71,-147.27,17.77,321.8,-10.8,980.3,demo_simulation
2026-09-05,-67.71,-114.55,9.32,66.7,-14.4,995.4,demo_simulation
2026-09-05,-67.71,-81.82,15.51,258.9,-17.0,972.8,demo_simulation
2026-09-05,-67.71,-49.09,8.97,331.3,-17.3,989.6,demo_simulation
2026-09-05,-67.71,-16.36,15.54,29.2,-12.5,996.9,demo_simulation
2026-09-05,-67.71,16.36,10.2,129.9,-16.0,982.3,demo_simulation
2026-09-05,-67.71,49.09,7.66,101.2,-15.9,967.5,demo_simulation
2026-09-05,-67.71,81.82,7.08,310.7,-16.2,983.5,demo_simulation
2026-09-05,-67.71,114.55,7.03,39.3,-15.0,1006.3,demo_simulation
2026-09-05,-67.71,147.27,6.01,312.6,-13.3,1003.7,demo_simulation
2026-09-05,-67.71,180.0,11.95,7.9,-14.0,964.7,demo_simulation
2026-09-05,-65.14,-180.0,7.07,300.9,-7.0,986.9,demo_simulation
2026-09-05,-65.14,-147.27,8.48,6.7,-10.7,1004.9,demo_simulation
2026-09-05,-65.14,-114.55,13.08,210.2,-15.0,982.8,demo_simulation
2026-09-05,-65.14,-81.82,8.74,358.8,-10.5,961.9,demo_simulation
2026-09-05,-65.14,-49.09,11.63,61.4,-12.7,976.8,demo_simulation
2026-09-05,-65.14,-16.36,14.93,288.2,-10.7,984.8,demo_simulation
2026-09-05,-65.14,16.36,17.45,108.6,-18.2,992.1,demo_simulation
2026-09-05,-65.14,49.09,16.01,280.7,-9.6,999.8,demo_simulation
2026-09-05,-65.14,81.82,11.18,303.8,-11.9,973.4,demo_simulation
2026-09-05,-65.14,114.55,16.05,337.9,-12.9,968.8,demo_simulation
2026-09-05,-65.14,147.27,13.88,10.7,-13.5,972.0,demo_simulation
2026-09-05,-65.14,180.0,15.5,174.8,-10.6,976.4,demo_simulation
2026-09-05,-62.57,-180.0,10.69,292.8,-5.0,969.3,demo_simulation
2026-09-05,-62.57,-147.27,14.05,15.6,-9.4,997.1,demo_simulation
2026-09-05,-62.57,-114.55,6.27,237.6,-12.2,1004.6,demo_simulation
2026-09-05,-62.57,-81.82,5.45,191.4,-5.5,976.6,demo_simulation
2026-09-05,-62.57,-49.09,14.37,288.1,-10.3,962.1,demo_simulation
2026-09-05,-62.57,-16.36,14.59,355.3,-16.0,983.9,demo_simulation
2026-09-05,-62.57,16.36,7.97,260.1,-7.7,989.8,demo_simulation
2026-09-05,-62.57,49.09,16.11,134.0,-11.5,981.8,demo_simulation
2026-09-05,-62.57,81.82,11.35,186.9,-18.1,965.2,demo_simulation
2026-09-05,-62.57,114.55,5.86,218.1,-11.7,1002.2,demo_simulation
2026-09-05,-62.57,147.27,15.3,39.7,-15.6,989.3,demo_simulation
2026-09-05,-62.57,180.0,5.63,265.8,-14.0,969.0,demo_simulation
2026-09-05,-60.0,-180.0,8.27,238.1,-11.0,1002.2,demo_simulation
2026-09-05,-60.0,-147.27,8.98,167.7,-6.0,983.9,demo_simulation
2026-09-05,-60.0,-114.55,8.83,86.6,-9.7,998.8,demo_simulation
2026-09-05,-60.0,-81.82,9.98,156.3,-10.1,984.2,demo_simulation
2026-09-05,-60.0,-49.09,7.31,325.8,-6.9,978.2,demo_simulation
2026-09-05,-60.0,-16.36,5.26,80.6,-5.2,996.6,demo_simulation
2026-09-05,-60.0,16.36,7.26,47.1,-8.1,975.6,demo_simulation
2026-09-05,-60.0,49.09,13.8,61.7,-10.9,994.3,demo_simulation
2026-09-05,-60.0,81.82,9.96,292.4,-12.0,989.8,demo_simulation
2026-09-05,-60.0,114.55,6.3,243.2,-7.1,966.4,demo_simulation
2026-09-05,-60.0,147.27,12.15,120.0,-6.3,1003.1,demo_simulation
2026-09-05,-60.0,180.0,13.24,283.5,-6.1,986.0,demo_simulation
2026-09-04,-78.0,-180.0,16.84,180.1,-20.6,992.5,demo_simulation
2026-09-04,-78.0,-147.27,7.86,251.1,-20.2,980.8,demo_simulation
2026-09-04,-78.0,-114.55,12.8,176.6,-22.8,981.6,demo_simulation
2026-09-04,-78.0,-81.82,17.23,287.7,-18.1,1007.5,demo_simulation
2026-09-04,-78.0,-49.09,5.59,139.8,-23.8,972.9,demo_simulation
2026-09-04,-78.0,-16.36,8.15,266.8,-19.7,992.5,demo_simulation
2026-09-04,-78.0,16.36,9.43,185.4,-23.4,988.5,demo_simulation
2026-09-04,-78.0,49.09,15.62,17.2,-24.7,971.3,demo_simulation
2026-09-04,-78.0,81.82,8.46,189.1,-20.8,1002.1,demo_simulation
2026-09-04,-78.0,114.55,12.85,297.1,-27.0,985.5,demo_simulation
2026-09-04,-78.0,147.27,10.54,32.4,-17.3,985.7,demo_simulation
2026-09-04,-78.0,180.0,10.94,99.8,-22.9,981.4,demo_simulation
2026-09-04,-75.43,-180.0,11.93,197.0,-20.7,972.4,demo_simulation
2026-09-04,-75.43,-147.27,7.86,199.2,-17.3,962.5,demo_simulation
2026-09-04,-75.43,-114.55,17.22,48.0,-23.4,1003.3,demo_simulation
2026-09-04,-75.43,-81.82,15.83,73.0,-23.3,965.1,demo_simulation
2026-09-04,-75.43,-49.09,15.31,191.9,-28.8,1004.4,demo_simulation
2026-09-04,-75.43,-16.36,7.3,131.9,-24.7,987.5,demo_simulation
2026-09-04,-75.43,16.36,8.29,339.0,-22.2,997.3,demo_simulation
2026-09-04,-75.43,49.09,12.02,250.4,-24.4,998.0,demo_simulation
2026-09-04,-75.43,81.82,16.85,303.0,-24.6,997.6,demo_simulation
2026-09-04,-75.43,114.55,11.25,48.9,-23.8,966.2,demo_simulation
2026-09-04,-75.43,147.27,6.2,51.0,-24.9,1009.8,demo_simulation
2026-09-04,-75.43,180.0,7.3,301.8,-28.6,978.0,demo_simulation
2026-09-04,-72.86,-180.0,14.47,236.7,-20.3,995.0,demo_simulation
2026-09-04,-72.86,-147.27,13.42,65.8,-19.7,1007.6,demo_simulation
2026-09-04,-72.86,-114.55,9.21,227.6,-24.9,976.7,demo_simulation
2026-09-04,-72.86,-81.82,10.46,89.9,-19.3,968.7,demo_simulation
2026-09-04,-72.86,-49.09,5.6,140.4,-16.4,967.5,demo_simulation
2026-09-04,-72.86,-16.36,10.38,303.7,-15.4,975.9,demo_simulation
2026-09-04,-72.86,16.36,14.17,328.3,-22.7,960.6,demo_simulation
2026-09-04,-72.86,49.09,7.71,227.5,-19.2,979.1,demo_simulation
2026-09-04,-72.86,81.82,13.5,102.9,-15.2,967.1,demo_simulation
2026-09-04,-72.86,114.55,17.44,90.2,-19.8,1004.6,demo_simulation
2026-09-04,-72.86,147.27,16.02,47.6,-20.6,976.2,demo_simulation
2026-09-04,-72.86,180.0,8.03,231.7,-20.4,1002.3,demo_simulation
2026-09-04,-70.29,-180.0,11.25,7.7,-16.6,969.2,demo_simulation
2026-09-04,-70.29,-147.27,14.33,3.3,-20.1,997.7,demo_simulation
2026-09-04,-70.29,-114.55,11.3,100.0,-14.4,1009.0,demo_simulation
2026-09-04,-70.29,-81.82,14.6,153.6,-12.6,976.4,demo_simulation
2026-09-04,-70.29,-49.09,7.99,38.6,-13.5,981.0,demo_simulation
2026-09-04,-70.29,-16.36,12.83,273.6,-17.3,962.8,demo_simulation
2026-09-04,-70.29,16.36,16.49,246.2,-22.4,985.0,demo_simulation
2026-09-04,-70.29,49.09,9.14,241.2,-15.5,965.6,demo_simulation
2026-09-04,-70.29,81.82,10.95,9.8,-21.1,978.3,demo_simulation
2026-09-04,-70.29,114.55,13.75,24.7,-16.0,965.9,demo_simulation
2026-09-04,-70.29,147.27,10.53,193.7,-13.4,987.5,demo_simulation
2026-09-04,-70.29,180.0,14.31,216.9,-13.7,977.0,demo_simulation
2026-09-04,-67.71,-180.0,8.59,44.3,-13.5,984.2,demo_simulation
2026-09-04,-67.71,-147.27,6.29,288.1,-13.6,987.9,demo_simulation
2026-09-04,-67.71,-114.55,11.03,115.1,-12.3,968.1,demo_simulation
2026-09-04,-67.71,-81.82,7.72,231.4,-17.3,976.6,demo_simulation
2026-09-04,-67.71,-49.09,12.66,324.3,-17.3,974.9,demo_simulation
2026-09-04,-67.71,-16.36,7.53,56.2,-16.2,976.8,demo_simulation
2026-09-04,-67.71,16.36,13.81,252.3,-14.3,965.3,demo_simulation
2026-09-04,-67.71,49.09,11.98,55.3,-16.9,972.2,demo_simulation
2026-09-04,-67.71,81.82,15.0,155.1,-10.3,1003.6,demo_simulation
2026-09-04,-67.71,114.55,6.78,237.9,-13.6,1005.0,demo_simulation
2026-09-04,-67.71,147.27,16.06,72.5,-14.5,968.4,demo_simulation
2026-09-04,-67.71,180.0,10.52,162.8,-9.7,1007.5,demo_simulation
2026-09-04,-65.14,-180.0,14.64,251.6,-12.1,994.6,demo_simulation
2026-09-04,-65.14,-147.27,5.91,102.9,-10.2,966.8,demo_simulation
2026-09-04,-65.14,-114.55,13.41,64.8,-15.1,1008.9,demo_simulation
2026-09-04,-65.14,-81.82,11.23,192.6,-12.6,965.8,demo_simulation
2026-09-04,-65.14,-49.09,11.86,132.1,-17.5,963.1,demo_simulation
2026-09-04,-65.14,-16.36,16.32,217.3,-10.2,1009.6,demo_simulation
2026-09-04,-65.14,16.36,15.5,345.7,-15.4,988.4,demo_simulation
2026-09-04,-65.14,49.09,17.05,266.2,-16.3,1003.1,demo_simulation
2026-09-04,-65.14,81.82,13.84,49.1,-16.3,987.8,demo_simulation
2026-09-04,-65.14,114.55,15.44,63.9,-12.8,1004.3,demo_simulation
2026-09-04,-65.14,147.27,6.87,189.4,-16.4,965.7,demo_simulation
2026-09-04,-65.14,180.0,15.93,184.9,-11.8,1005.5,demo_simulation
2026-09-04,-62.57,-180.0,15.33,82.2,-19.6,981.9,demo_simulation
2026-09-04,-62.57,-147.27,15.77,22.5,-7.5,985.3,demo_simulation
2026-09-04,-62.57,-114.55,6.31,300.7,-16.1,990.0,demo_simulation
2026-09-04,-62.57,-81.82,7.91,335.4,-11.4,1006.1,demo_simulation
2026-09-04,-62.57,-49.09,6.69,40.9,-10.6,960.6,demo_simulation
2026-09-04,-62.57,-16.36,11.61,28.8,-12.7,974.9,demo_simulation
2026-09-04,-62.57,16.36,13.96,334.3,-11.5,983.4,demo_simulation
2026-09-04,-62.57,49.09,6.1,195.5,-13.9,986.9,demo_simulation
2026-09-04,-62.57,81.82,9.71,242.6,-11.1,1009.6,demo_simulation
2026-09-04,-62.57,114.55,5.21,109.8,-9.6,983.8,demo_simulation
2026-09-04,-62.57,147.27,11.54,74.6,-10.5,1008.0,demo_simulation
2026-09-04,-62.57,180.0,10.83,248.7,-14.5,983.1,demo_simulation
2026-09-04,-60.0,-180.0,16.18,187.1,-13.0,973.5,demo_simulation
2026-09-04,-60.0,-147.27,16.87,140.8,-16.0,992.9,demo_simulation
2026-09-04,-60.0,-114.55,12.07,49.4,-7.5,1004.2,demo_simulation
2026-09-04,-60.0,-81.82,12.84,36.0,-10.7,993.8,demo_simulation
2026-09-04,-60.0,-49.09,16.93,104.0,-11.0,978.2,demo_simulation
2026-09-04,-60.0,-16.36,17.8,82.2,-6.4,988.0,demo_simulation
2026-09-04,-60.0,16.36,15.8,199.7,-5.1,995.9,demo_simulation
2026-09-04,-60.0,49.09,6.27,286.0,-6.6,968.5,demo_simulation
2026-09-04,-60.0,81.82,14.77,270.9,-6.4,963.9,demo_simulation
2026-09-04,-60.0,114.55,12.48,325.5,-6.1,997.9,demo_simulation
2026-09-04,-60.0,147.27,8.58,72.5,-6.1,972.1,demo_simulation
2026-09-04,-60.0,180.0,9.66,210.1,-6.8,968.3,demo_simulation
2026-09-03,-78.0,-180.0,17.94,249.3,-20.0,985.1,demo_simulation
2026-09-03,-78.0,-147.27,11.6,116.2,-25.0,965.4,demo_simulation
2026-09-03,-78.0,-114.55,13.11,138.1,-19.1,1008.9,demo_simulation
2026-09-03,-78.0,-81.82,16.86,190.3,-23.3,977.0,demo_simulation
2026-09-03,-78.0,-49.09,9.61,304.7,-21.8,981.9,demo_simulation
2026-09-03,-78.0,-16.36,15.52,110.9,-20.9,991.5,demo_simulation
2026-09-03,-78.0,16.36,12.38,315.1,-28.1,997.0,demo_simulation
2026-09-03,-78.0,49.09,15.6,127.8,-24.9,977.9,demo_simulation
2026-09-03,-78.0,81.82,5.51,290.6,-20.0,998.6,demo_simulation
2026-09-03,-78.0,114.55,7.29,214.1,-24.8,977.3,demo_simulation
2026-09-03,-78.0,147.27,14.97,138.1,-23.5,977.0,demo_simulation
2026-09-03,-78.0,180.0,8.62,55.2,-27.5,1000.8,demo_simulation
2026-09-03,-75.43,-180.0,14.68,212.2,-23.0,999.5,demo_simulation
2026-09-03,-75.43,-147.27,5.66,226.6,-24.3,979.5,demo_simulation
2026-09-03,-75.43,-114.55,11.42,87.9,-20.1,1006.5,demo_simulation
2026-09-03,-75.43,-81.82,14.54,61.2,-17.4,990.8,demo_simulation
2026-09-03,-75.43,-49.09,12.1,18.5,-22.9,1003.6,demo_simulation
2026-09-03,-75.43,-16.36,16.12,270.5,-19.8,967.6,demo_simulation
2026-09-03,-75.43,16.36,16.11,27.1,-19.9,985.9,demo_simulation
2026-09-03,-75.43,49.09,7.44,16.3,-20.6,962.6,demo_simulation
2026-09-03,-75.43,81.82,12.46,199.1,-22.9,967.1,demo_simulation
2026-09-03,-75.43,114.55,17.0,118.9,-22.5,984.2,demo_simulation
2026-09-03,-75.43,147.27,11.2,131.9,-18.3,960.2,demo_simulation
2026-09-03,-75.43,180.0,14.08,339.5,-20.6,989.8,demo_simulation
2026-09-03,-72.86,-180.0,13.82,136.7,-20.9,977.9,demo_simulation
2026-09-03,-72.86,-147.27,6.2,79.7,-17.4,999.9,demo_simulation
2026-09-03,-72.86,-114.55,15.88,293.8,-16.8,1003.5,demo_simulation
2026-09-03,-72.86,-81.82,11.86,118.1,-19.4,970.6,demo_simulation
2026-09-03,-72.86,-49.09,8.52,269.5,-23.4,996.6,demo_simulation
2026-09-03,-72.86,-16.36,16.2,317.8,-18.4,962.1,demo_simulation
2026-09-03,-72.86,16.36,5.87,332.3,-16.5,994.5,demo_simulation
2026-09-03,-72.86,49.09,9.2,166.2,-17.5,982.8,demo_simulation
2026-09-03,-72.86,81.82,17.76,45.9,-21.3,976.2,demo_simulation
2026-09-03,-72.86,114.55,14.16,98.0,-16.0,969.0,demo_simulation
2026-09-03,-72.86,147.27,8.88,357.7,-18.0,998.2,demo_simulation
2026-09-03,-72.86,180.0,14.26,190.9,-23.8,987.1,demo_simulation
2026-09-03,-70.29,-180.0,12.82,215.2,-15.9,999.3,demo_simulation
2026-09-03,-70.29,-147.27,15.88,227.7,-19.9,965.3,demo_simulation
2026-09-03,-70.29,-114.55,9.82,304.5,-19.9,970.3,demo_simulation
2026-09-03,-70.29,-81.82,8.61,34.0,-15.0,1000.2,demo_simulation
2026-09-03,-70.29,-49.09,9.35,353.3,-15.8,973.1,demo_simulation
2026-09-03,-70.29,-16.36,11.75,141.1,-13.9,1009.4,demo_simulation
2026-09-03,-70.29,16.36,5.53,110.5,-17.2,981.8,demo_simulation
2026-09-03,-70.29,49.09,9.41,207.5,-19.0,978.0,demo_simulation
2026-09-03,-70.29,81.82,10.27,288.8,-19.4,1007.2,demo_simulation
2026-09-03,-70.29,114.55,6.92,190.6,-18.7,1000.1,demo_simulation
2026-09-03,-70.29,147.27,17.48,186.4,-15.5,989.1,demo_simulation
2026-09-03,-70.29,180.0,10.19,122.9,-16.9,974.0,demo_simulation
2026-09-03,-67.71,-180.0,5.09,227.7,-15.1,980.6,demo_simulation
2026-09-03,-67.71,-147.27,10.79,130.8,-10.6,994.8,demo_simulation
2026-09-03,-67.71,-114.55,9.83,14.9,-10.3,964.1,demo_simulation
2026-09-03,-67.71,-81.82,15.09,55.2,-14.2,996.6,demo_simulation
2026-09-03,-67.71,-49.09,16.17,285.3,-17.5,993.4,demo_simulation
2026-09-03,-67.71,-16.36,7.98,78.5,-15.1,987.5,demo_simulation
2026-09-03,-67.71,16.36,8.06,357.5,-13.1,976.2,demo_simulation
2026-09-03,-67.71,49.09,16.2,85.4,-9.3,964.0,demo_simulation
2026-09-03,-67.71,81.82,7.87,182.1,-18.9,992.4,demo_simulation
2026-09-03,-67.71,114.55,9.6,89.6,-21.8,993.4,demo_simulation
2026-09-03,-67.71,147.27,16.74,3.3,-18.2,991.6,demo_simulation
2026-09-03,-67.71,180.0,9.1,319.0,-14.3,987.4,demo_simulation
2026-09-03,-65.14,-180.0,17.21,300.2,-13.4,964.1,demo_simulation
2026-09-03,-65.14,-147.27,10.5,126.0,-11.1,963.3,demo_simulation
2026-09-03,-65.14,-114.55,14.96,114.3,-13.5,1007.9,demo_simulation
2026-09-03,-65.14,-81.82,13.34,350.3,-14.0,997.4,demo_simulation
2026-09-03,-65.14,-49.09,13.83,96.8,-17.4,978.8,demo_simulation
2026-09-03,-65.14,-16.36,5.3,33.5,-15.4,974.4,demo_simulation
2026-09-03,-65.14,16.36,11.7,355.9,-13.0,992.5,demo_simulation
2026-09-03,-65.14,49.09,6.28,34.6,-11.0,1009.2,demo_simulation
2026-09-03,-65.14,81.82,10.17,313.5,-13.7,989.2,demo_simulation
2026-09-03,-65.14,114.55,10.41,144.9,-8.4,985.8,demo_simulation
2026-09-03,-65.14,147.27,6.9,57.0,-8.4,963.6,demo_simulation
2026-09-03,-65.14,180.0,12.33,353.4,-16.6,1007.8,demo_simulation
2026-09-03,-62.57,-180.0,17.89,95.3,-10.6,995.0,demo_simulation
2026-09-03,-62.57,-147.27,16.15,49.7,-11.8,968.6,demo_simulation
2026-09-03,-62.57,-114.55,11.1,125.2,-14.4,993.3,demo_simulation
2026-09-03,-62.57,-81.82,5.55,341.5,-13.8,994.3,demo_simulation
2026-09-03,-62.57,-49.09,16.51,86.9,-12.1,964.5,demo_simulation
2026-09-03,-62.57,-16.36,17.58,226.3,-10.1,964.1,demo_simulation
2026-09-03,-62.57,16.36,15.58,169.5,-10.2,965.9,demo_simulation
2026-09-03,-62.57,49.09,16.71,177.8,-9.6,967.8,demo_simulation
2026-09-03,-62.57,81.82,6.65,9.3,-8.5,983.0,demo_simulation
2026-09-03,-62.57,114.55,12.71,245.1,-9.3,968.2,demo_simulation
2026-09-03,-62.57,147.27,5.17,242.4,-1.7,992.3,demo_simulation
2026-09-03,-62.57,180.0,6.96,210.4,-7.6,1005.7,demo_simulation
2026-09-03,-60.0,-180.0,13.59,137.7,-16.5,963.5,demo_simulation
2026-09-03,-60.0,-147.27,11.14,27.6,-9.1,965.3,demo_simulation
2026-09-03,-60.0,-114.55,13.52,61.5,-9.9,968.8,demo_simulation
2026-09-03,-60.0,-81.82,14.08,48.7,-12.8,980.2,demo_simulation
2026-09-03,-60.0,-49.09,9.38,174.7,-12.9,996.2,demo_simulation
2026-09-03,-60.0,-16.36,8.86,146.4,-7.4,975.7,demo_simulation
2026-09-03,-60.0,16.36,17.97,151.9,-9.5,980.0,demo_simulation
2026-09-03,-60.0,49.09,12.38,14.0,-14.3,976.1,demo_simulation
2026-09-03,-60.0,81.82,6.99,199.2,-4.2,981.1,demo_simulation
2026-09-03,-60.0,114.55,8.44,295.1,-11.3,967.7,demo_simulation
2026-09-03,-60.0,147.27,9.8,158.8,-15.3,981.8,demo_simulation
2026-09-03,-60.0,180.0,5.09,139.1,-7.4,999.5,demo_simulation
2026-09-02,-78.0,-180.0,12.17,188.5,-21.3,996.9,demo_simulation
2026-09-02,-78.0,-147.27,5.98,152.6,-26.9,998.5,demo_simulation
2026-09-02,-78.0,-114.55,8.52,356.8,-27.9,972.4,demo_simulation
2026-09-02,-78.0,-81.82,13.0,264.9,-21.2,1005.7,demo_simulation
2026-09-02,-78.0,-49.09,16.1,215.8,-21.8,970.1,demo_simulation
2026-09-02,-78.0,-16.36,8.83,15.8,-27.1,964.5,demo_simulation
2026-09-02,-78.0,16.36,14.17,70.1,-17.8,962.5,demo_simulation
2026-09-02,-78.0,49.09,13.63,162.7,-25.3,980.7,demo_simulation
2026-09-02,-78.0,81.82,10.85,346.6,-22.6,1002.0,demo_simulation
2026-09-02,-78.0,114.55,5.98,9.8,-19.5,964.6,demo_simulation
2026-09-02,-78.0,147.27,7.54,356.8,-25.7,988.8,demo_simulation
2026-09-02,-78.0,180.0,7.31,22.2,-19.6,963.6,demo_simulation
2026-09-02,-75.43,-180.0,10.57,183.8,-24.3,967.7,demo_simulation
2026-09-02,-75.43,-147.27,7.2,230.6,-23.8,976.6,demo_simulation
2026-09-02,-75.43,-114.55,14.93,286.4,-23.9,994.3,demo_simulation
2026-09-02,-75.43,-81.82,13.77,131.9,-24.6,988.1,demo_simulation
2026-09-02,-75.43,-49.09,14.26,77.5,-21.5,979.6,demo_simulation
2026-09-02,-75.43,-16.36,15.48,49.5,-25.9,1002.7,demo_simulation
2026-09-02,-75.43,16.36,16.9,192.3,-19.4,965.3,demo_simulation
2026-09-02,-75.43,49.09,5.61,127.7,-24.1,1006.4,demo_simulation
2026-09-02,-75.43,81.82,5.92,323.3,-21.5,995.4,demo_simulation
2026-09-02,-75.43,114.55,15.13,160.3,-26.9,978.2,demo_simulation
2026-09-02,-75.43,147.27,8.48,247.1,-22.0,997.7,demo_simulation
2026-09-02,-75.43,180.0,8.35,96.5,-26.0,985.2,demo_simulation
2026-09-02,-72.86,-180.0,8.31,100.0,-19.3,964.3,demo_simulation
2026-09-02,-72.86,-147.27,15.78,153.7,-18.4,983.3,demo_simulation
2026-09-02,-72.86,-114.55,8.22,219.2,-20.6,998.2,demo_simulation
2026-09-02,-72.86,-81.82,10.29,309.0,-19.9,988.5,demo_simulation
2026-09-02,-72.86,-49.09,9.57,197.8,-24.7,983.5,demo_simulation
2026-09-02,-72.86,-16.36,17.14,153.5,-14.1,983.5,demo_simulation
2026-09-02,-72.86,16.36,8.65,37.9,-17.0,972.4,demo_simulation
2026-09-02,-72.86,49.09,11.95,100.9,-17.3,991.3,demo_simulation
2026-09-02,-72.86,81.82,15.58,126.0,-21.7,985.9,demo_simulation
2026-09-02,-72.86,114.55,16.64,193.7,-16.7,964.5,demo_simulation
2026-09-02,-72.86,147.27,8.0,329.6,-17.0,998.4,demo_simulation
2026-09-02,-72.86,180.0,17.41,97.7,-21.9,990.6,demo_simulation
2026-09-02,-70.29,-180.0,14.27,340.8,-19.9,960.3,demo_simulation
2026-09-02,-70.29,-147.27,17.65,306.4,-18.3,1005.2,demo_simulation
2026-09-02,-70.29,-114.55,17.59,201.3,-13.6,989.1,demo_simulation
2026-09-02,-70.29,-81.82,9.4,326.0,-14.1,967.9,demo_simulation
2026-09-02,-70.29,-49.09,14.61,42.5,-18.4,971.7,demo_simulation
2026-09-02,-70.29,-16.36,6.18,244.1,-17.0,971.6,demo_simulation
2026-09-02,-70.29,16.36,12.01,242.7,-12.6,994.1,demo_simulation
2026-09-02,-70.29,49.09,15.56,27.6,-15.1,1002.1,demo_simulation
2026-09-02,-70.29,81.82,15.81,15.9,-11.4,973.4,demo_simulation
2026-09-02,-70.29,114.55,14.6,94.5,-17.7,969.8,demo_simulation
2026-09-02,-70.29,147.27,7.94,301.9,-15.8,985.1,demo_simulation
2026-09-02,-70.29,180.0,13.74,167.2,-15.3,982.1,demo_simulation
2026-09-02,-67.71,-180.0,11.45,249.7,-13.4,979.5,demo_simulation
2026-09-02,-67.71,-147.27,7.37,222.0,-15.9,1003.1,demo_simulation
2026-09-02,-67.71,-114.55,16.06,17.5,-18.6,988.6,demo_simulation
2026-09-02,-67.71,-81.82,8.68,198.2,-17.6,969.4,demo_simulation
2026-09-02,-67.71,-49.09,6.7,68.4,-14.3,976.8,demo_simulation
2026-09-02,-67.71,-16.36,10.57,77.0,-14.3,969.9,demo_simulation
2026-09-02,-67.71,16.36,9.99,137.7,-25.1,979.0,demo_simulation
2026-09-02,-67.71,49.09,14.89,167.7,-15.0,973.1,demo_simulation
2026-09-02,-67.71,81.82,17.49,287.8,-14.5,981.5,demo_simulation
2026-09-02,-67.71,114.55,7.12,9.7,-13.9,971.4,demo_simulation
2026-09-02,-67.71,147.27,15.04,212.5,-18.8,976.4,demo_simulation
2026-09-02,-67.71,180.0,9.77,54.2,-14.4,1003.3,demo_simulation
2026-09-02,-65.14,-180.0,8.45,256.1,-14.0,1001.7,demo_simulation
2026-09-02,-65.14,-147.27,15.38,12.7,-11.4,997.9,demo_simulation
2026-09-02,-65.14,-114.55,5.54,222.1,-12.8,1002.3,demo_simulation
2026-09-02,-65.14,-81.82,13.09,328.8,-8.4,997.2,demo_simulation
2026-09-02,-65.14,-49.09,9.62,118.6,-9.0,989.8,demo_simulation
2026-09-02,-65.14,-16.36,14.92,78.2,-16.4,988.1,demo_simulation
2026-09-02,-65.14,16.36,17.05,95.9,-13.6,1006.0,demo_simulation
2026-09-02,-65.14,49.09,17.85,51.7,-12.3,965.8,demo_simulation
2026-09-02,-65.14,81.82,13.91,251.4,-9.5,1004.7,demo_simulation
2026-09-02,-65.14,114.55,7.55,27.1,-9.3,1003.1,demo_simulation
2026-09-02,-65.14,147.27,6.47,7.4,-20.3,984.4,demo_simulation
2026-09-02,-65.14,180.0,12.88,352.5,-11.4,1000.9,demo_simulation
2026-09-02,-62.57,-180.0,12.44,43.6,-14.0,1002.3,demo_simulation
2026-09-02,-62.57,-147.27,12.47,298.3,-12.5,984.1,demo_simulation
2026-09-02,-62.57,-114.55,9.26,192.6,-14.4,970.4,demo_simulation
2026-09-02,-62.57,-81.82,13.94,240.6,-11.1,987.2,demo_simulation
2026-09-02,-62.57,-49.09,9.36,176.3,-8.4,983.7,demo_simulation
2026-09-02,-62.57,-16.36,12.59,310.5,-11.3,994.6,demo_simulation
2026-09-02,-62.57,16.36,12.84,85.6,-13.5,994.6,demo_simulation
2026-09-02,-62.57,49.09,15.85,276.9,-12.9,991.1,demo_simulation
2026-09-02,-62.57,81.82,12.64,337.3,-12.1,984.3,demo_simulation
2026-09-02,-62.57,114.55,8.7,72.2,-14.9,993.3,demo_simulation
2026-09-02,-62.57,147.27,16.72,43.0,-8.8,1007.2,demo_simulation
2026-09-02,-62.57,180.0,16.39,156.7,-10.3,1008.3,demo_simulation
2026-09-02,-60.0,-180.0,9.7,230.3,-2.7,977.8,demo_simulation
2026-09-02,-60.0,-147.27,13.32,126.2,-9.2,977.6,demo_simulation
2026-09-02,-60.0,-114.55,17.26,236.2,-4.6,964.3,demo_simulation
2026-09-02,-60.0,-81.82,16.04,272.3,-5.5,991.2,demo_simulation
2026-09-02,-60.0,-49.09,11.52,51.7,-6.4,984.8,demo_simulation
2026-09-02,-60.0,-16.36,13.82,141.1,-5.5,979.5,demo_simulation
2026-09-02,-60.0,16.36,10.61,52.5,-11.2,964.0,demo_simulation
2026-09-02,-60.0,49.09,11.31,24.9,-7.1,962.4,demo_simulation
2026-09-02,-60.0,81.82,9.29,334.0,-10.6,1007.2,demo_simulation
2026-09-02,-60.0,114.55,8.7,63.3,-7.4,1002.0,demo_simulation
2026-09-02,-60.0,147.27,16.18,262.2,-8.3,997.8,demo_simulation
2026-09-02,-60.0,180.0,7.72,167.2,-7.6,967.3,demo_simulation
2026-09-01,-78.0,-180.0,7.53,321.8,-27.7,968.0,demo_simulation
2026-09-01,-78.0,-147.27,10.95,163.4,-22.5,961.9,demo_simulation
2026-09-01,-78.0,-114.55,16.73,183.4,-26.7,999.6,demo_simulation
2026-09-01,-78.0,-81.82,10.88,202.2,-22.0,966.0,demo_simulation
2026-09-01,-78.0,-49.09,6.09,17.7,-20.3,984.7,demo_simulation
2026-09-01,-78.0,-16.36,11.17,344.1,-22.1,960.6,demo_simulation
2026-09-01,-78.0,16.36,10.95,173.1,-22.4,988.1,demo_simulation
2026-09-01,-78.0,49.09,8.42,212.8,-21.1,997.3,demo_simulation
2026-09-01,-78.0,81.82,9.2,210.2,-22.4,1003.2,demo_simulation
2026-09-01,-78.0,114.55,5.5,357.4,-16.1,993.6,demo_simulation
2026-09-01,-78.0,147.27,11.81,224.3,-23.4,980.2,demo_simulation
2026-09-01,-78.0,180.0,17.12,271.3,-24.6,1001.7,demo_simulation
2026-09-01,-75.43,-180.0,17.81,217.2,-19.6,1009.7,demo_simulation
2026-09-01,-75.43,-147.27,6.66,154.6,-24.3,982.9,demo_simulation
2026-09-01,-75.43,-114.55,9.42,226.3,-19.1,1007.5,demo_simulation
2026-09-01,-75.43,-81.82,7.49,245.4,-20.5,967.1,demo_simulation
2026-09-01,-75.43,-49.09,14.2,11.6,-18.2,996.0,demo_simulation
2026-09-01,-75.43,-16.36,5.84,166.4,-18.9,991.0,demo_simulation
2026-09-01,-75.43,16.36,5.41,219.0,-26.3,1003.0,demo_simulation
2026-09-01,-75.43,49.09,14.37,77.3,-28.3,975.9,demo_simulation
2026-09-01,-75.43,81.82,12.21,192.0,-23.8,970.5,demo_simulation
2026-09-01,-75.43,114.55,9.51,60.8,-19.4,989.6,demo_simulation
2026-09-01,-75.43,147.27,12.28,142.9,-27.0,967.2,demo_simulation
2026-09-01,-75.43,180.0,11.62,24.5,-22.2,1003.4,demo_simulation
2026-09-01,-72.86,-180.0,6.89,24.0,-21.4,1005.0,demo_simulation
2026-09-01,-72.86,-147.27,7.92,281.2,-18.4,972.8,demo_simulation
2026-09-01,-72.86,-114.55,8.56,270.3,-16.8,993.9,demo_simulation
2026-09-01,-72.86,-81.82,10.97,65.6,-13.3,963.4,demo_simulation
2026-09-01,-72.86,-49.09,16.57,332.8,-19.3,978.1,demo_simulation
2026-09-01,-72.86,-16.36,6.4,50.1,-18.8,1000.0,demo_simulation
2026-09-01,-72.86,16.36,17.95,296.7,-19.0,983.1,demo_simulation
2026-09-01,-72.86,49.09,16.6,247.1,-17.8,966.9,demo_simulation
2026-09-01,-72.86,81.82,5.07,16.0,-17.5,968.1,demo_simulation
2026-09-01,-72.86,114.55,12.31,139.0,-22.5,972.3,demo_simulation
2026-09-01,-72.86,147.27,9.79,271.0,-23.7,981.6,demo_simulation
2026-09-01,-72.86,180.0,14.07,357.0,-17.9,972.4,demo_simulation
2026-09-01,-70.29,-180.0,12.41,241.5,-18.7,982.3,demo_simulation
2026-09-01,-70.29,-147.27,15.48,40.3,-17.9,996.6,demo_simulation
2026-09-01,-70.29,-114.55,14.94,311.9,-16.4,982.0,demo_simulation
2026-09-01,-70.29,-81.82,6.65,6.4,-19.9,970.1,demo_simulation
2026-09-01,-70.29,-49.09,12.77,101.1,-16.7,988.9,demo_simulation
2026-09-01,-70.29,-16.36,12.16,27.1,-17.1,966.6,demo_simulation
2026-09-01,-70.29,16.36,11.88,220.0,-16.3,966.3,demo_simulation
2026-09-01,-70.29,49.09,10.93,174.6,-23.4,966.7,demo_simulation
2026-09-01,-70.29,81.82,14.36,304.2,-16.5,977.2,demo_simulation
2026-09-01,-70.29,114.55,12.13,79.2,-19.3,996.5,demo_simulation
2026-09-01,-70.29,147.27,13.67,26.1,-15.4,1006.2,demo_simulation
2026-09-01,-70.29,180.0,14.26,125.7,-19.0,1006.7,demo_simulation
2026-09-01,-67.71,-180.0,12.03,111.4,-12.9,1009.2,demo_simulation
2026-09-01,-67.71,-147.27,10.12,342.0,-16.3,987.2,demo_simulation
2026-09-01,-67.71,-114.55,11.89,156.8,-15.3,1006.3,demo_simulation
2026-09-01,-67.71,-81.82,5.17,218.0,-16.9,969.2,demo_simulation
2026-09-01,-67.71,-49.09,9.71,270.1,-4.9,1009.7,demo_simulation
2026-09-01,-67.71,-16.36,17.43,327.6,-18.6,1002.6,demo_simulation
2026-09-01,-67.71,16.36,14.19,334.0,-15.4,995.5,demo_simulation
2026-09-01,-67.71,49.09,8.64,308.0,-18.3,993.2,demo_simulation
2026-09-01,-67.71,81.82,15.32,76.0,-17.0,1007.9,demo_simulation
2026-09-01,-67.71,114.55,6.0,311.6,-16.4,1005.0,demo_simulation
2026-09-01,-67.71,147.27,15.92,60.9,-13.5,983.0,demo_simulation
2026-09-01,-67.71,180.0,12.42,27.6,-14.2,973.9,demo_simulation
2026-09-01,-65.14,-180.0,15.77,337.7,-14.3,985.6,demo_simulation
2026-09-01,-65.14,-147.27,14.4,228.5,-14.9,996.7,demo_simulation
2026-09-01,-65.14,-114.55,10.08,230.0,-15.6,992.9,demo_simulation
2026-09-01,-65.14,-81.82,9.6,161.7,-13.4,967.2,demo_simulation
2026-09-01,-65.14,-49.09,13.81,101.3,-20.0,1000.0,demo_simulation
2026-09-01,-65.14,-16.36,6.07,3.7,-7.4,967.7,demo_simulation
2026-09-01,-65.14,16.36,13.87,341.4,-13.4,1008.1,demo_simulation
2026-09-01,-65.14,49.09,7.94,263.8,-18.7,990.2,demo_simulation
2026-09-01,-65.14,81.82,8.32,10.2,-10.9,1005.9,demo_simulation
2026-09-01,-65.14,114.55,12.96,236.8,-12.1,963.7,demo_simulation
2026-09-01,-65.14,147.27,7.5,238.4,-8.2,978.3,demo_simulation
2026-09-01,-65.14,180.0,10.89,72.5,-11.5,1007.0,demo_simulation
2026-09-01,-62.57,-180.0,8.68,215.2,-11.6,992.7,demo_simulation
2026-09-01,-62.57,-147.27,9.69,2.4,-14.5,975.2,demo_simulation
2026-09-01,-62.57,-114.55,6.54,236.3,-9.9,987.8,demo_simulation
2026-09-01,-62.57,-81.82,16.69,348.1,-11.7,965.2,demo_simulation
2026-09-01,-62.57,-49.09,13.48,271.9,-13.2,977.1,demo_simulation
2026-09-01,-62.57,-16.36,15.6,77.5,-10.3,960.0,demo_simulation
2026-09-01,-62.57,16.36,14.12,14.0,-13.3,960.3,demo_simulation
2026-09-01,-62.57,49.09,8.37,9.9,-10.5,981.8,demo_simulation
2026-09-01,-62.57,81.82,14.93,208.7,-14.8,1000.5,demo_simulation
2026-09-01,-62.57,114.55,10.93,153.6,-12.1,982.9,demo_simulation
2026-09-01,-62.57,147.27,7.11,150.7,-10.6,975.2,demo_simulation
2026-09-01,-62.57,180.0,10.87,247.0,-12.9,962.1,demo_simulation
2026-09-01,-60.0,-180.0,16.74,351.9,-12.3,991.6,demo_simulation
2026-09-01,-60.0,-147.27,11.1,40.2,-9.3,974.6,demo_simulation
2026-09-01,-60.0,-114.55,12.17,97.8,-7.0,980.1,demo_simulation
2026-09-01,-60.0,-81.82,10.65,259.1,-3.9,972.0,demo_simulation
2026-09-01,-60.0,-49.09,7.74,274.9,-7.7,966.4,demo_simulation
2026-09-01,-60.0,-16.36,16.57,15.9,-7.3,960.8,demo_simulation
2026-09-01,-60.0,16.36,13.92,315.5,-9.4,984.2,demo_simulation
2026-09-01,-60.0,49.09,15.84,53.8,-10.9,1009.2,demo_simulation
2026-09-01,-60.0,81.82,15.18,19.8,-4.9,989.9,demo_simulation
2026-09-01,-60.0,114.55,7.11,319.6,-6.0,996.5,demo_simulation
2026-09-01,-60.0,147.27,13.67,116.0,-15.3,995.4,demo_simulation
2026-09-01,-60.0,180.0,10.21,316.5,-8.2,977.3,demo_simulation
2026-08-31,-78.0,-180.0,8.62,2.2,-27.3,978.1,demo_simulation
2026-08-31,-78.0,-147.27,9.78,288.7,-26.4,974.6,demo_simulation
2026-08-31,-78.0,-114.55,10.58,259.4,-23.7,989.5,demo_simulation
2026-08-31,-78.0,-81.82,14.05,249.7,-24.6,964.3,demo_simulation
2026-08-31,-78.0,-49.09,6.67,285.4,-21.5,969.2,demo_simulation
2026-08-31,-78.0,-16.36,15.35,296.4,-22.2,971.0,demo_simulation
2026-08-31,-78.0,16.36,12.09,181.4,-22.5,976.8,demo_simulation
2026-08-31,-78.0,49.09,5.59,52.5,-21.4,993.1,demo_simulation
2026-08-31,-78.0,81.82,8.02,133.4,-22.4,994.2,demo_simulation
2026-08-31,-78.0,114.55,14.24,152.4,-24.3,990.1,demo_simulation
2026-08-31,-78.0,147.27,5.87,268.2,-26.0,994.1,demo_simulation
2026-08-31,-78.0,180.0,17.45,320.0,-28.9,963.7,demo_simulation
2026-08-31,-75.43,-180.0,7.28,181.5,-19.5,974.5,demo_simulation
2026-08-31,-75.43,-147.27,14.97,153.8,-19.9,987.0,demo_simulation
2026-08-31,-75.43,-114.55,6.78,140.8,-27.1,965.6,demo_simulation
2026-08-31,-75.43,-81.82,8.4,168.2,-20.6,1002.4,demo_simulation
2026-08-31,-75.43,-49.09,13.25,143.6,-24.6,985.5,demo_simulation
2026-08-31,-75.43,-16.36,10.25,9.6,-20.9,980.0,demo_simulation
2026-08-31,-75.43,16.36,9.99,316.6,-24.0,974.2,demo_simulation
2026-08-31,-75.43,49.09,5.65,223.5,-21.7,961.6,demo_simulation
2026-08-31,-75.43,81.82,5.29,27.3,-20.6,998.3,demo_simulation
2026-08-31,-75.43,114.55,16.12,7.7,-19.0,988.1,demo_simulation
2026-08-31,-75.43,147.27,9.27,83.1,-25.7,1005.4,demo_simulation
2026-08-31,-75.43,180.0,17.22,354.5,-21.3,979.2,demo_simulation
2026-08-31,-72.86,-180.0,11.7,262.0,-19.7,961.6,demo_simulation
2026-08-31,-72.86,-147.27,11.24,248.3,-22.9,1003.5,demo_simulation
2026-08-31,-72.86,-114.55,13.61,112.0,-22.1,986.6,demo_simulation
2026-08-31,-72.86,-81.82,8.66,8.8,-20.4,969.4,demo_simulation
2026-08-31,-72.86,-49.09,13.91,239.9,-20.4,961.0,demo_simulation
2026-08-31,-72.86,-16.36,7.9,111.2,-24.3,987.6,demo_simulation
2026-08-31,-72.86,16.36,9.29,223.8,-26.4,999.3,demo_simulation
2026-08-31,-72.86,49.09,10.3,250.8,-15.9,966.6,demo_simulation
2026-08-31,-72.86,81.82,14.4,337.2,-20.6,1002.7,demo_simulation
2026-08-31,-72.86,114.55,8.25,265.2,-17.7,986.7,demo_simulation
2026-08-31,-72.86,147.27,17.48,273.1,-19.3,996.7,demo_simulation
2026-08-31,-72.86,180.0,11.09,35.9,-19.1,988.0,demo_simulation
2026-08-31,-70.29,-180.0,6.06,115.8,-15.2,962.9,demo_simulation
2026-08-31,-70.29,-147.27,12.41,299.7,-17.3,1009.5,demo_simulation
2026-08-31,-70.29,-114.55,6.69,326.9,-15.8,1008.9,demo_simulation
2026-08-31,-70.29,-81.82,15.68,286.1,-14.5,976.5,demo_simulation
2026-08-31,-70.29,-49.09,17.92,10.5,-15.6,983.8,demo_simulation
2026-08-31,-70.29,-16.36,15.22,40.7,-19.4,986.1,demo_simulation
2026-08-31,-70.29,16.36,12.28,117.2,-18.6,989.4,demo_simulation
2026-08-31,-70.29,49.09,15.32,68.7,-15.8,970.1,demo_simulation
2026-08-31,-70.29,81.82,5.9,188.1,-22.7,964.9,demo_simulation
2026-08-31,-70.29,114.55,7.59,144.1,-17.7,966.2,demo_simulation
2026-08-31,-70.29,147.27,15.89,246.3,-16.7,1000.9,demo_simulation
2026-08-31,-70.29,180.0,16.58,296.2,-15.2,991.0,demo_simulation
2026-08-31,-67.71,-180.0,13.71,308.0,-8.0,980.7,demo_simulation
2026-08-31,-67.71,-147.27,12.09,346.8,-13.7,974.3,demo_simulation
2026-08-31,-67.71,-114.55,8.61,52.3,-15.4,969.8,demo_simulation
2026-08-31,-67.71,-81.82,7.77,257.8,-15.6,984.2,demo_simulation
2026-08-31,-67.71,-49.09,6.49,166.3,-14.6,982.4,demo_simulation
2026-08-31,-67.71,-16.36,13.95,320.9,-16.3,982.3,demo_simulation
2026-08-31,-67.71,16.36,5.4,333.7,-14.9,991.0,demo_simulation
2026-08-31,-67.71,49.09,12.64,189.4,-16.8,978.7,demo_simulation
2026-08-31,-67.71,81.82,9.21,135.5,-15.6,992.0,demo_simulation
2026-08-31,-67.71,114.55,8.91,99.3,-14.9,962.8,demo_simulation
2026-08-31,-67.71,147.27,11.32,149.6,-17.8,994.4,demo_simulation
2026-08-31,-67.71,180.0,10.82,31.3,-13.6,1001.9,demo_simulation
2026-08-31,-65.14,-180.0,9.1,273.2,-12.2,1009.3,demo_simulation
2026-08-31,-65.14,-147.27,10.68,32.1,-9.1,975.5,demo_simulation
2026-08-31,-65.14,-114.55,10.59,76.5,-7.4,960.5,demo_simulation
2026-08-31,-65.14,-81.82,7.8,216.0,-15.4,986.4,demo_simulation
2026-08-31,-65.14,-49.09,15.58,142.5,-4.3,998.4,demo_simulation
2026-08-31,-65.14,-16.36,11.07,20.3,-13.8,994.2,demo_simulation
2026-08-31,-65.14,16.36,5.17,301.0,-16.0,990.6,demo_simulation
2026-08-31,-65.14,49.09,9.34,360.0,-11.9,973.3,demo_simulation
2026-08-31,-65.14,81.82,17.05,247.7,-12.9,978.9,demo_simulation
2026-08-31,-65.14,114.55,8.64,308.4,-16.3,975.6,demo_simulation
2026-08-31,-65.14,147.27,13.83,54.1,-12.7,975.7,demo_simulation
2026-08-31,-65.14,180.0,13.37,332.2,-13.9,978.5,demo_simulation
2026-08-31,-62.57,-180.0,6.17,55.3,-8.8,1000.3,demo_simulation
2026-08-31,-62.57,-147.27,12.58,187.4,-14.7,1001.7,demo_simulation
2026-08-31,-62.57,-114.55,6.63,59.1,-12.4,994.5,demo_simulation
2026-08-31,-62.57,-81.82,5.77,269.8,-9.5,983.8,demo_simulation
2026-08-31,-62.57,-49.09,6.86,311.2,-9.0,969.1,demo_simulation
2026-08-31,-62.57,-16.36,15.39,284.7,-8.9,984.6,demo_simulation
2026-08-31,-62.57,16.36,12.14,221.1,-9.6,960.3,demo_simulation
2026-08-31,-62.57,49.09,6.58,211.4,-8.5,990.8,demo_simulation
2026-08-31,-62.57,81.82,5.42,93.7,-8.7,991.0,demo_simulation
2026-08-31,-62.57,114.55,15.21,355.6,-6.5,1001.4,demo_simulation
2026-08-31,-62.57,147.27,9.18,172.5,-9.5,1009.8,demo_simulation
2026-08-31,-62.57,180.0,9.25,5.9,-12.4,994.6,demo_simulation
2026-08-31,-60.0,-180.0,7.86,44.1,-10.1,1003.7,demo_simulation
2026-08-31,-60.0,-147.27,6.34,291.5,-1.5,984.5,demo_simulation
2026-08-31,-60.0,-114.55,10.72,262.5,-13.7,979.8,demo_simulation
2026-08-31,-60.0,-81.82,15.36,148.3,-10.7,977.7,demo_simulation
2026-08-31,-60.0,-49.09,8.79,128.3,-6.4,982.3,demo_simulation
2026-08-31,-60.0,-16.36,8.78,127.7,-14.0,1006.2,demo_simulation
2026-08-31,-60.0,16.36,16.77,119.9,-9.7,1009.1,demo_simulation
2026-08-31,-60.0,49.09,16.07,164.6,-13.8,985.5,demo_simulation
2026-08-31,-60.0,81.82,9.78,135.7,-7.0,967.7,demo_simulation
2026-08-31,-60.0,114.55,10.6,155.3,-6.1,975.2,demo_simulation
2026-08-31,-60.0,147.27,9.22,316.0,-14.6,966.1,demo_simulation
2026-08-31,-60.0,180.0,9.7,179.0,-6.6,1009.0,demo_simulation
2026-08-30,-78.0,-180.0,6.17,39.8,-19.9,991.9,demo_simulation
2026-08-30,-78.0,-147.27,7.33,115.6,-26.3,983.0,demo_simulation
2026-08-30,-78.0,-114.55,13.54,163.3,-22.2,994.7,demo_simulation
2026-08-30,-78.0,-81.82,11.27,33.5,-25.7,1002.3,demo_simulation
2026-08-30,-78.0,-49.09,5.71,150.5,-21.8,995.0,demo_simulation
2026-08-30,-78.0,-16.36,15.86,187.0,-16.7,986.9,demo_simulation
2026-08-30,-78.0,16.36,11.3,239.8,-25.3,1003.6,demo_simulation
2026-08-30,-78.0,49.09,15.14,200.3,-22.5,1009.8,demo_simulation
2026-08-30,-78.0,81.82,9.62,133.5,-22.3,1001.9,demo_simulation
2026-08-30,-78.0,114.55,13.57,22.9,-25.6,989.5,demo_simulation
2026-08-30,-78.0,147.27,7.33,302.2,-24.1,971.6,demo_simulation
2026-08-30,-78.0,180.0,7.99,58.3,-20.0,964.7,demo_simulation
2026-08-30,-75.43,-180.0,16.96,136.3,-18.7,994.1,demo_simulation
2026-08-30,-75.43,-147.27,16.96,21.7,-21.6,960.7,demo_simulation
2026-08-30,-75.43,-114.55,10.14,235.3,-21.3,998.9,demo_simulation
2026-08-30,-75.43,-81.82,11.11,183.4,-22.5,1008.9,demo_simulation
2026-08-30,-75.43,-49.09,5.84,209.7,-20.3,1000.7,demo_simulation
2026-08-30,-75.43,-16.36,11.59,224.1,-21.9,980.1,demo_simulation
2026-08-30,-75.43,16.36,16.44,104.8,-20.6,984.0,demo_simulation
2026-08-30,-75.43,49.09,17.85,149.1,-19.7,985.4,demo_simulation
2026-08-30,-75.43,81.82,13.48,102.1,-28.7,975.4,demo_simulation
2026-08-30,-75.43,114.55,13.48,58.5,-14.6,969.9,demo_simulation
2026-08-30,-75.43,147.27,10.28,108.4,-18.6,973.3,demo_simulation
2026-08-30,-75.43,180.0,7.16,273.4,-26.2,1008.0,demo_simulation
2026-08-30,-72.86,-180.0,15.33,20.0,-21.2,990.9,demo_simulation
2026-08-30,-72.86,-147.27,11.15,79.5,-21.7,976.8,demo_simulation
2026-08-30,-72.86,-114.55,17.99,32.5,-17.0,996.3,demo_simulation
2026-08-30,-72.86,-81.82,16.56,44.6,-23.7,982.8,demo_simulation
2026-08-30,-72.86,-49.09,12.86,79.6,-22.0,976.0,demo_simulation
2026-08-30,-72.86,-16.36,6.93,335.8,-19.2,984.6,demo_simulation
2026-08-30,-72.86,16.36,7.03,267.9,-16.6,1003.0,demo_simulation
2026-08-30,-72.86,49.09,11.15,308.8,-19.1,963.4,demo_simulation
2026-08-30,-72.86,81.82,7.62,327.6,-17.3,989.6,demo_simulation
2026-08-30,-72.86,114.55,16.52,215.2,-18.7,977.9,demo_simulation
2026-08-30,-72.86,147.27,6.93,232.5,-18.2,986.8,demo_simulation
2026-08-30,-72.86,180.0,15.82,233.2,-17.5,1002.4,demo_simulation
2026-08-30,-70.29,-180.0,7.84,196.1,-17.7,979.1,demo_simulation
2026-08-30,-70.29,-147.27,15.71,185.8,-23.9,974.1,demo_simulation
2026-08-30,-70.29,-114.55,8.8,194.2,-19.2,986.2,demo_simulation
2026-08-30,-70.29,-81.82,15.56,281.5,-14.4,997.5,demo_simulation
2026-08-30,-70.29,-49.09,7.49,11.3,-12.2,981.5,demo_simulation
2026-08-30,-70.29,-16.36,6.65,327.8,-16.7,995.8,demo_simulation
2026-08-30,-70.29,16.36,7.24,119.2,-20.0,1009.7,demo_simulation
2026-08-30,-70.29,49.09,10.31,137.3,-18.1,996.7,demo_simulation
2026-08-30,-70.29,81.82,16.29,243.0,-20.6,992.6,demo_simulation
2026-08-30,-70.29,114.55,16.45,279.0,-15.8,981.1,demo_simulation
2026-08-30,-70.29,147.27,12.66,41.4,-13.7,961.5,demo_simulation
2026-08-30,-70.29,180.0,15.63,3.7,-19.4,960.4,demo_simulation
2026-08-30,-67.71,-180.0,9.3,152.9,-12.9,1005.6,demo_simulation
2026-08-30,-67.71,-147.27,7.86,298.0,-12.4,972.9,demo_simulation
2026-08-30,-67.71,-114.55,8.82,203.0,-18.2,1004.8,demo_simulation
2026-08-30,-67.71,-81.82,10.99,179.1,-10.3,978.8,demo_simulation
2026-08-30,-67.71,-49.09,17.96,353.8,-13.5,975.8,demo_simulation
2026-08-30,-67.71,-16.36,9.43,30.3,-15.4,980.3,demo_simulation
2026-08-30,-67.71,16.36,14.54,306.6,-15.0,983.4,demo_simulation
2026-08-30,-67.71,49.09,15.64,40.2,-7.4,1009.1,demo_simulation
2026-08-30,-67.71,81.82,12.35,104.7,-16.5,960.1,demo_simulation
2026-08-30,-67.71,114.55,17.66,129.0,-14.1,1000.8,demo_simulation
2026-08-30,-67.71,147.27,17.59,42.1,-15.9,996.5,demo_simulation
2026-08-30,-67.71,180.0,8.15,340.5,-19.1,977.5,demo_simulation
2026-08-30,-65.14,-180.0,10.96,86.4,-11.8,977.7,demo_simulation
2026-08-30,-65.14,-147.27,10.9,95.9,-10.6,992.8,demo_simulation
2026-08-30,-65.14,-114.55,8.07,52.9,-10.4,974.6,demo_simulation
2026-08-30,-65.14,-81.82,11.93,295.4,-12.2,976.6,demo_simulation
2026-08-30,-65.14,-49.09,8.79,277.1,-14.4,961.8,demo_simulation
2026-08-30,-65.14,-16.36,12.05,336.5,-16.3,986.7,demo_simulation
2026-08-30,-65.14,16.36,16.06,354.2,-14.9,992.0,demo_simulation
2026-08-30,-65.14,49.09,16.75,110.6,-15.1,988.3,demo_simulation
2026-08-30,-65.14,81.82,8.32,236.2,-14.4,962.7,demo_simulation
2026-08-30,-65.14,114.55,10.91,57.2,-12.1,984.7,demo_simulation
2026-08-30,-65.14,147.27,5.94,175.4,-15.3,1004.4,demo_simulation
2026-08-30,-65.14,180.0,14.98,212.8,-13.2,965.9,demo_simulation
2026-08-30,-62.57,-180.0,5.09,233.1,-7.7,972.2,demo_simulation
2026-08-30,-62.57,-147.27,14.72,69.1,-7.6,966.7,demo_simulation
2026-08-30,-62.57,-114.55,10.41,125.1,-12.5,983.7,demo_simulation
2026-08-30,-62.57,-81.82,7.49,302.8,-10.2,1009.5,demo_simulation
2026-08-30,-62.57,-49.09,8.2,234.8,-8.9,1000.1,demo_simulation
2026-08-30,-62.57,-16.36,14.33,300.2,-8.8,996.1,demo_simulation
2026-08-30,-62.57,16.36,11.58,290.1,-15.6,975.5,demo_simulation
2026-08-30,-62.57,49.09,17.88,248.5,-9.6,1007.2,demo_simulation
2026-08-30,-62.57,81.82,16.39,21.1,-9.1,987.3,demo_simulation
2026-08-30,-62.57,114.55,11.94,113.8,-6.6,963.1,demo_simulation
2026-08-30,-62.57,147.27,7.6,37.5,-13.3,967.5,demo_simulation
2026-08-30,-62.57,180.0,14.45,74.3,-14.2,993.3,demo_simulation
2026-08-30,-60.0,-180.0,7.35,97.4,-3.6,970.5,demo_simulation
2026-08-30,-60.0,-147.27,7.36,39.9,-10.1,978.0,demo_simulation
2026-08-30,-60.0,-114.55,17.24,136.1,-10.6,978.3,demo_simulation
2026-08-30,-60.0,-81.82,5.52,272.9,-13.2,994.5,demo_simulation
2026-08-30,-60.0,-49.09,12.94,169.5,-9.1,963.6,demo_simulation
2026-08-30,-60.0,-16.36,9.15,297.8,-7.0,966.4,demo_simulation
2026-08-30,-60.0,16.36,9.87,114.8,-3.5,971.7,demo_simulation
2026-08-30,-60.0,49.09,15.94,18.9,-9.5,961.8,demo_simulation
2026-08-30,-60.0,81.82,6.74,47.8,-8.8,963.4,demo_simulation
2026-08-30,-60.0,114.55,6.4,185.1,-4.7,988.9,demo_simulation
2026-08-30,-60.0,147.27,17.83,254.8,-9.6,974.1,demo_simulation
2026-08-30,-60.0,180.0,17.11,26.2,-8.8,965.4,demo_simulation
2026-08-29,-78.0,-180.0,17.29,348.8,-20.9,1009.4,demo_simulation
2026-08-29,-78.0,-147.27,16.64,164.9,-22.2,961.1,demo_simulation
2026-08-29,-78.0,-114.55,15.11,135.2,-18.5,1001.9,demo_simulation
2026-08-29,-78.0,-81.82,6.65,358.4,-19.0,984.9,demo_simulation
2026-08-29,-78.0,-49.09,13.09,96.8,-17.1,978.7,demo_simulation
2026-08-29,-78.0,-16.36,17.35,250.0,-22.7,963.1,demo_simulation
2026-08-29,-78.0,16.36,17.84,351.0,-25.0,997.8,demo_simulation
2026-08-29,-78.0,49.09,6.52,6.7,-25.9,993.3,demo_simulation
2026-08-29,-78.0,81.82,7.5,308.6,-22.0,970.3,demo_simulation
2026-08-29,-78.0,114.55,17.22,343.4,-23.3,961.5,demo_simulation
2026-08-29,-78.0,147.27,8.0,229.3,-20.3,984.1,demo_simulation
2026-08-29,-78.0,180.0,9.22,356.9,-19.7,968.3,demo_simulation
2026-08-29,-75.43,-180.0,5.35,45.5,-20.0,971.3,demo_simulation
2026-08-29,-75.43,-147.27,11.43,118.9,-24.3,1009.1,demo_simulation
2026-08-29,-75.43,-114.55,6.33,77.2,-21.5,984.2,demo_simulation
2026-08-29,-75.43,-81.82,7.22,315.5,-22.2,989.3,demo_simulation
2026-08-29,-75.43,-49.09,5.06,354.3,-27.0,974.2,demo_simulation
2026-08-29,-75.43,-16.36,8.29,6.3,-25.7,966.6,demo_simulation
2026-08-29,-75.43,16.36,14.67,258.8,-18.9,971.3,demo_simulation
2026-08-29,-75.43,49.09,8.15,233.4,-18.9,1008.7,demo_simulation
2026-08-29,-75.43,81.82,13.0,66.5,-17.6,970.0,demo_simulation
2026-08-29,-75.43,114.55,8.34,21.2,-16.9,961.2,demo_simulation
2026-08-29,-75.43,147.27,12.21,115.8,-13.7,1008.0,demo_simulation
2026-08-29,-75.43,180.0,8.2,266.7,-27.1,966.4,demo_simulation
2026-08-29,-72.86,-180.0,9.91,48.3,-22.5,997.9,demo_simulation
2026-08-29,-72.86,-147.27,7.9,329.0,-24.8,1002.7,demo_simulation
2026-08-29,-72.86,-114.55,12.53,17.8,-16.6,1007.1,demo_simulation
2026-08-29,-72.86,-81.82,7.1,62.9,-13.1,1007.1,demo_simulation
2026-08-29,-72.86,-49.09,12.66,73.9,-14.8,967.0,demo_simulation
2026-08-29,-72.86,-16.36,16.69,250.1,-22.2,972.9,demo_simulation
2026-08-29,-72.86,16.36,5.51,76.0,-16.2,975.3,demo_simulation
2026-08-29,-72.86,49.09,7.82,328.0,-20.3,962.1,demo_simulation
2026-08-29,-72.86,81.82,6.66,248.2,-22.2,1005.1,demo_simulation
2026-08-29,-72.86,114.55,14.35,249.1,-19.5,977.5,demo_simulation
2026-08-29,-72.86,147.27,15.86,326.5,-20.4,987.3,demo_simulation
2026-08-29,-72.86,180.0,17.65,88.6,-15.0,992.9,demo_simulation
2026-08-29,-70.29,-180.0,5.71,171.9,-17.7,966.8,demo_simulation
2026-08-29,-70.29,-147.27,13.77,0.8,-16.3,1001.9,demo_simulation
2026-08-29,-70.29,-114.55,11.92,35.4,-18.0,998.2,demo_simulation
2026-08-29,-70.29,-81.82,15.62,38.8,-19.7,1008.0,demo_simulation
2026-08-29,-70.29,-49.09,14.86,319.5,-19.8,1000.1,demo_simulation
2026-08-29,-70.29,-16.36,5.24,154.3,-15.7,972.5,demo_simulation
2026-08-29,-70.29,16.36,12.54,268.5,-20.0,960.8,demo_simulation
2026-08-29,-70.29,49.09,6.1,299.7,-19.8,993.6,demo_simulation
2026-08-29,-70.29,81.82,7.06,180.6,-14.5,992.8,demo_simulation
2026-08-29,-70.29,114.55,14.32,180.6,-17.1,990.0,demo_simulation
2026-08-29,-70.29,147.27,14.94,306.3,-12.4,1004.6,demo_simulation
2026-08-29,-70.29,180.0,9.56,237.1,-14.1,1009.6,demo_simulation
2026-08-29,-67.71,-180.0,15.42,19.9,-14.8,986.8,demo_simulation
2026-08-29,-67.71,-147.27,7.7,115.4,-15.5,971.2,demo_simulation
2026-08-29,-67.71,-114.55,17.73,178.5,-14.2,1002.1,demo_simulation
2026-08-29,-67.71,-81.82,16.86,67.6,-15.8,982.8,demo_simulation
2026-08-29,-67.71,-49.09,12.88,101.9,-12.8,977.7,demo_simulation
2026-08-29,-67.71,-16.36,15.39,166.0,-12.3,1007.8,demo_simulation
2026-08-29,-67.71,16.36,14.94,218.3,-19.1,984.4,demo_simulation
2026-08-29,-67.71,49.09,11.03,265.7,-12.3,963.7,demo_simulation
2026-08-29,-67.71,81.82,6.67,117.4,-16.0,976.4,demo_simulation
2026-08-29,-67.71,114.55,11.79,21.6,-12.9,995.2,demo_simulation
2026-08-29,-67.71,147.27,10.88,247.3,-15.4,984.1,demo_simulation
2026-08-29,-67.71,180.0,17.8,53.1,-18.0,988.7,demo_simulation
2026-08-29,-65.14,-180.0,14.56,246.6,-7.0,1007.6,demo_simulation
2026-08-29,-65.14,-147.27,17.37,325.8,-15.4,964.4,demo_simulation
2026-08-29,-65.14,-114.55,9.62,343.4,-16.2,1004.9,demo_simulation
2026-08-29,-65.14,-81.82,16.63,47.3,-14.6,991.0,demo_simulation
2026-08-29,-65.14,-49.09,11.39,33.1,-14.9,987.7,demo_simulation
2026-08-29,-65.14,-16.36,7.42,285.7,-12.7,972.6,demo_simulation
2026-08-29,-65.14,16.36,14.11,4.0,-12.4,993.4,demo_simulation
2026-08-29,-65.14,49.09,16.6,118.7,-12.5,983.8,demo_simulation
2026-08-29,-65.14,81.82,5.45,352.3,-14.7,963.8,demo_simulation
2026-08-29,-65.14,114.55,15.75,306.0,-13.6,981.4,demo_simulation
2026-08-29,-65.14,147.27,14.66,7.4,-16.7,999.9,demo_simulation
2026-08-29,-65.14,180.0,11.47,136.8,-10.7,964.1,demo_simulation
2026-08-29,-62.57,-180.0,7.95,303.5,-9.4,976.0,demo_simulation
2026-08-29,-62.57,-147.27,13.97,258.8,-11.7,977.5,demo_simulation
2026-08-29,-62.57,-114.55,9.21,271.6,-12.0,999.0,demo_simulation
2026-08-29,-62.57,-81.82,11.71,269.8,-10.2,974.9,demo_simulation
2026-08-29,-62.57,-49.09,10.64,201.0,-13.3,1000.4,demo_simulation
2026-08-29,-62.57,-16.36,8.17,54.1,-15.2,972.0,demo_simulation
2026-08-29,-62.57,16.36,13.01,102.8,-12.3,969.1,demo_simulation
2026-08-29,-62.57,49.09,6.22,38.4,-12.0,975.4,demo_simulation
2026-08-29,-62.57,81.82,14.39,136.3,-9.1,967.2,demo_simulation
2026-08-29,-62.57,114.55,16.57,118.1,-15.5,966.2,demo_simulation
2026-08-29,-62.57,147.27,17.03,201.7,-11.2,994.7,demo_simulation
2026-08-29,-62.57,180.0,16.61,328.1,-15.3,971.2,demo_simulation
2026-08-29,-60.0,-180.0,8.88,52.7,-4.5,992.9,demo_simulation
2026-08-29,-60.0,-147.27,9.01,333.4,-10.3,972.4,demo_simulation
2026-08-29,-60.0,-114.55,13.74,298.9,-11.6,1008.5,demo_simulation
2026-08-29,-60.0,-81.82,9.79,222.6,-13.7,992.0,demo_simulation
2026-08-29,-60.0,-49.09,7.9,72.1,-13.4,971.3,demo_simulation
2026-08-29,-60.0,-16.36,9.64,240.7,-8.8,1000.9,demo_simulation
2026-08-29,-60.0,16.36,14.85,159.2,-2.5,1008.4,demo_simulation
2026-08-29,-60.0,49.09,10.25,293.2,-5.4,964.4,demo_simulation
2026-08-29,-60.0,81.82,6.79,141.0,-10.3,972.9,demo_simulation
2026-08-29,-60.0,114.55,17.11,100.5,-8.1,960.2,demo_simulation
2026-08-29,-60.0,147.27,12.16,130.0,-8.4,1009.6,demo_simulation
2026-08-29,-60.0,180.0,15.17,145.7,-10.4,996.5,demo_simulation
2026-08-28,-78.0,-180.0,13.43,24.5,-23.0,963.5,demo_simulation
2026-08-28,-78.0,-147.27,10.57,109.1,-25.0,1006.6,demo_simulation
2026-08-28,-78.0,-114.55,10.79,58.6,-20.4,969.5,demo_simulation
2026-08-28,-78.0,-81.82,13.6,204.3,-26.0,964.4,demo_simulation
2026-08-28,-78.0,-49.09,9.81,243.1,-19.9,998.7,demo_simulation
2026-08-28,-78.0,-16.36,12.44,38.6,-27.0,1007.7,demo_simulation
2026-08-28,-78.0,16.36,6.41,225.0,-21.8,1004.4,demo_simulation
2026-08-28,-78.0,49.09,5.09,43.6,-27.5,980.8,demo_simulation
2026-08-28,-78.0,81.82,5.13,191.3,-22.1,993.0,demo_simulation
2026-08-28,-78.0,114.55,14.22,166.1,-18.7,973.2,demo_simulation
2026-08-28,-78.0,147.27,5.43,26.0,-27.3,992.8,demo_simulation
2026-08-28,-78.0,180.0,5.32,326.6,-26.3,982.6,demo_simulation
2026-08-28,-75.43,-180.0,15.44,188.0,-21.0,1004.7,demo_simulation
2026-08-28,-75.43,-147.27,17.73,358.1,-22.3,976.8,demo_simulation
2026-08-28,-75.43,-114.55,15.6,276.3,-19.0,997.6,demo_simulation
2026-08-28,-75.43,-81.82,12.68,81.3,-21.8,981.4,demo_simulation
2026-08-28,-75.43,-49.09,14.3,24.3,-19.5,973.1,demo_simulation
2026-08-28,-75.43,-16.36,16.93,306.8,-27.7,995.0,demo_simulation
2026-08-28,-75.43,16.36,6.48,257.8,-21.3,982.3,demo_simulation
2026-08-28,-75.43,49.09,15.9,317.0,-18.9,996.6,demo_simulation
2026-08-28,-75.43,81.82,10.54,126.5,-23.0,961.0,demo_simulation
2026-08-28,-75.43,114.55,9.4,311.7,-21.7,981.9,demo_simulation
2026-08-28,-75.43,147.27,17.82,297.4,-23.9,985.2,demo_simulation
2026-08-28,-75.43,180.0,6.64,48.1,-24.1,994.7,demo_simulation
2026-08-28,-72.86,-180.0,15.2,192.6,-16.5,992.7,demo_simulation
2026-08-28,-72.86,-147.27,5.32,109.2,-26.2,979.1,demo_simulation
2026-08-28,-72.86,-114.55,8.9,161.2,-14.3,971.3,demo_simulation
2026-08-28,-72.86,-81.82,5.87,350.4,-13.0,977.3,demo_simulation
2026-08-28,-72.86,-49.09,16.02,293.9,-16.7,973.6,demo_simulation
2026-08-28,-72.86,-16.36,17.91,331.3,-16.3,988.6,demo_simulation
2026-08-28,-72.86,16.36,17.31,152.0,-17.9,974.3,demo_simulation
2026-08-28,-72.86,49.09,15.87,293.2,-17.4,975.7,demo_simulation
2026-08-28,-72.86,81.82,8.76,225.4,-21.4,971.3,demo_simulation
2026-08-28,-72.86,114.55,6.26,134.2,-22.4,976.0,demo_simulation
2026-08-28,-72.86,147.27,16.4,43.6,-11.2,977.6,demo_simulation
2026-08-28,-72.86,180.0,17.95,212.1,-22.7,960.4,demo_simulation
2026-08-28,-70.29,-180.0,13.96,240.4,-20.2,962.3,demo_simulation
2026-08-28,-70.29,-147.27,13.05,175.8,-14.9,983.2,demo_simulation
2026-08-28,-70.29,-114.55,13.58,25.7,-15.7,1007.6,demo_simulation
2026-08-28,-70.29,-81.82,14.54,318.8,-19.3,970.1,demo_simulation
2026-08-28,-70.29,-49.09,6.08,99.5,-14.9,979.0,demo_simulation
2026-08-28,-70.29,-16.36,9.35,261.9,-16.1,985.8,demo_simulation
2026-08-28,-70.29,16.36,11.66,120.4,-16.1,977.1,demo_simulation
2026-08-28,-70.29,49.09,13.72,190.2,-11.3,976.1,demo_simulation
2026-08-28,-70.29,81.82,14.43,246.9,-17.6,983.5,demo_simulation
2026-08-28,-70.29,114.55,16.28,344.9,-16.0,972.3,demo_simulation
2026-08-28,-70.29,147.27,15.14,68.7,-17.8,984.4,demo_simulation
2026-08-28,-70.29,180.0,9.33,194.3,-17.4,966.6,demo_simulation
2026-08-28,-67.71,-180.0,8.86,240.7,-21.2,978.9,demo_simulation
2026-08-28,-67.71,-147.27,10.36,63.2,-15.7,997.1,demo_simulation
2026-08-28,-67.71,-114.55,8.08,13.4,-10.3,979.3,demo_simulation
2026-08-28,-67.71,-81.82,11.25,75.8,-12.6,986.0,demo_simulation
2026-08-28,-67.71,-49.09,16.74,139.0,-17.6,984.1,demo_simulation
2026-08-28,-67.71,-16.36,11.45,354.4,-16.2,999.5,demo_simulation
2026-08-28,-67.71,16.36,8.07,236.4,-14.4,963.5,demo_simulation
2026-08-28,-67.71,49.09,16.92,353.8,-13.4,997.6,demo_simulation
2026-08-28,-67.71,81.82,12.74,149.8,-15.7,1008.2,demo_simulation
2026-08-28,-67.71,114.55,12.8,121.0,-20.2,1007.2,demo_simulation
2026-08-28,-67.71,147.27,9.56,36.4,-16.2,987.9,demo_simulation
2026-08-28,-67.71,180.0,11.45,149.4,-18.2,1007.2,demo_simulation
2026-08-28,-65.14,-180.0,10.01,276.5,-15.8,985.9,demo_simulation
2026-08-28,-65.14,-147.27,5.56,67.7,-16.2,997.4,demo_simulation
2026-08-28,-65.14,-114.55,13.83,327.5,-10.3,1005.8,demo_simulation
2026-08-28,-65.14,-81.82,15.56,207.2,-13.2,1002.1,demo_simulation
2026-08-28,-65.14,-49.09,10.82,297.0,-12.0,976.7,demo_simulation
2026-08-28,-65.14,-16.36,12.81,25.1,-15.2,968.3,demo_simulation
2026-08-28,-65.14,16.36,8.76,199.4,-15.9,1006.3,demo_simulation
2026-08-28,-65.14,49.09,11.43,79.5,-11.0,1003.3,demo_simulation
2026-08-28,-65.14,81.82,9.87,10.3,-11.8,971.9,demo_simulation
2026-08-28,-65.14,114.55,13.22,204.9,-11.4,967.2,demo_simulation
2026-08-28,-65.14,147.27,15.8,342.2,-15.4,1006.8,demo_simulation
2026-08-28,-65.14,180.0,11.98,289.2,-17.4,984.5,demo_simulation
2026-08-28,-62.57,-180.0,16.12,316.3,-7.1,973.4,demo_simulation
2026-08-28,-62.57,-147.27,10.55,143.3,-11.3,962.9,demo_simulation
2026-08-28,-62.57,-114.55,11.14,204.6,-9.8,973.5,demo_simulation
2026-08-28,-62.57,-81.82,11.11,316.7,-10.0,1004.9,demo_simulation
2026-08-28,-62.57,-49.09,7.89,269.0,-8.6,972.9,demo_simulation
2026-08-28,-62.57,-16.36,6.07,224.6,-16.2,998.7,demo_simulation
2026-08-28,-62.57,16.36,11.29,337.1,-13.2,998.9,demo_simulation
2026-08-28,-62.57,49.09,10.95,303.8,-9.5,965.9,demo_simulation
2026-08-28,-62.57,81.82,9.39,76.5,-17.2,968.4,demo_simulation
2026-08-28,-62.57,114.55,17.17,57.3,-8.9,977.9,demo_simulation
2026-08-28,-62.57,147.27,9.01,267.3,-10.5,989.6,demo_simulation
2026-08-28,-62.57,180.0,16.06,220.7,-10.1,982.6,demo_simulation
2026-08-28,-60.0,-180.0,9.04,132.7,-4.7,978.2,demo_simulation
2026-08-28,-60.0,-147.27,7.95,158.3,-5.2,976.7,demo_simulation
2026-08-28,-60.0,-114.55,11.31,67.1,-14.9,1005.2,demo_simulation
2026-08-28,-60.0,-81.82,15.91,229.7,-6.6,979.1,demo_simulation
2026-08-28,-60.0,-49.09,9.15,29.9,-6.8,974.4,demo_simulation
2026-08-28,-60.0,-16.36,9.88,149.9,-11.7,962.4,demo_simulation
2026-08-28,-60.0,16.36,10.86,163.1,-7.4,1000.5,demo_simulation
2026-08-28,-60.0,49.09,14.03,124.8,-13.7,998.9,demo_simulation
2026-08-28,-60.0,81.82,10.29,89.4,-13.5,992.3,demo_simulation
2026-08-28,-60.0,114.55,16.83,351.2,-9.0,988.1,demo_simulation
2026-08-28,-60.0,147.27,10.29,338.8,-9.3,971.8,demo_simulation
2026-08-28,-60.0,180.0,7.71,180.0,-4.9,971.9,demo_simulation
2026-08-27,-78.0,-180.0,12.67,187.6,-25.1,996.6,demo_simulation
2026-08-27,-78.0,-147.27,5.5,68.0,-27.5,1001.7,demo_simulation
2026-08-27,-78.0,-114.55,17.46,155.5,-21.4,997.6,demo_simulation
2026-08-27,-78.0,-81.82,8.17,120.1,-21.7,995.5,demo_simulation
2026-08-27,-78.0,-49.09,14.73,297.1,-23.1,986.0,demo_simulation
2026-08-27,-78.0,-16.36,15.98,53.2,-27.0,983.2,demo_simulation
2026-08-27,-78.0,16.36,16.99,51.5,-23.4,969.7,demo_simulation
2026-08-27,-78.0,49.09,17.62,80.4,-30.8,994.7,demo_simulation
2026-08-27,-78.0,81.82,13.25,333.1,-19.2,985.0,demo_simulation
2026-08-27,-78.0,114.55,16.33,161.7,-23.8,971.9,demo_simulation
2026-08-27,-78.0,147.27,10.61,286.1,-21.1,970.6,demo_simulation
2026-08-27,-78.0,180.0,17.64,353.4,-24.3,975.8,demo_simulation
2026-08-27,-75.43,-180.0,13.52,71.9,-19.7,999.2,demo_simulation
2026-08-27,-75.43,-147.27,16.61,293.1,-19.6,990.4,demo_simulation
2026-08-27,-75.43,-114.55,13.37,55.2,-21.0,997.6,demo_simulation
2026-08-27,-75.43,-81.82,11.81,72.8,-24.7,976.9,demo_simulation
2026-08-27,-75.43,-49.09,14.53,78.9,-21.5,973.7,demo_simulation
2026-08-27,-75.43,-16.36,15.71,257.7,-21.3,996.7,demo_simulation
2026-08-27,-75.43,16.36,6.1,142.8,-19.9,997.8,demo_simulation
2026-08-27,-75.43,49.09,10.15,128.3,-16.4,988.1,demo_simulation
2026-08-27,-75.43,81.82,12.24,18.3,-20.5,962.7,demo_simulation
2026-08-27,-75.43,114.55,6.45,137.7,-20.2,966.9,demo_simulation
2026-08-27,-75.43,147.27,15.49,206.8,-19.5,990.5,demo_simulation
2026-08-27,-75.43,180.0,13.62,235.5,-25.5,989.6,demo_simulation
2026-08-27,-72.86,-180.0,13.19,35.0,-22.3,995.9,demo_simulation
2026-08-27,-72.86,-147.27,5.16,261.1,-22.3,1004.7,demo_simulation
2026-08-27,-72.86,-114.55,10.32,211.5,-24.1,982.5,demo_simulation
2026-08-27,-72.86,-81.82,5.38,324.1,-14.8,1000.6,demo_simulation
2026-08-27,-72.86,-49.09,11.58,266.0,-15.3,983.0,demo_simulation
2026-08-27,-72.86,-16.36,14.35,77.8,-20.5,1002.4,demo_simulation
2026-08-27,-72.86,16.36,16.47,28.5,-18.3,1000.2,demo_simulation
2026-08-27,-72.86,49.09,7.87,101.3,-20.7,962.5,demo_simulation
2026-08-27,-72.86,81.82,17.48,269.5,-19.3,961.0,demo_simulation
2026-08-27,-72.86,114.55,11.58,246.2,-12.0,968.0,demo_simulation
2026-08-27,-72.86,147.27,5.86,256.5,-22.3,999.8,demo_simulation
2026-08-27,-72.86,180.0,11.57,339.2,-19.2,1006.8,demo_simulation
2026-08-27,-70.29,-180.0,13.47,205.6,-17.0,977.5,demo_simulation
2026-08-27,-70.29,-147.27,17.34,147.6,-20.6,961.4,demo_simulation
2026-08-27,-70.29,-114.55,6.33,126.6,-14.5,969.6,demo_simulation
2026-08-27,-70.29,-81.82,8.64,155.8,-21.3,998.0,demo_simulation
2026-08-27,-70.29,-49.09,16.67,14.1,-22.3,983.3,demo_simulation
2026-08-27,-70.29,-16.36,10.21,29.3,-20.9,963.1,demo_simulation
2026-08-27,-70.29,16.36,7.17,75.6,-13.7,1000.8,demo_simulation
2026-08-27,-70.29,49.09,10.94,328.5,-17.6,960.6,demo_simulation
2026-08-27,-70.29,81.82,10.33,4.7,-15.1,972.1,demo_simulation
2026-08-27,-70.29,114.55,6.49,279.3,-14.3,965.2,demo_simulation
2026-08-27,-70.29,147.27,17.11,157.3,-19.0,980.1,demo_simulation
2026-08-27,-70.29,180.0,12.36,206.0,-20.1,1007.3,demo_simulation
2026-08-27,-67.71,-180.0,8.96,7.8,-18.3,997.7,demo_simulation
2026-08-27,-67.71,-147.27,8.24,264.5,-19.0,1008.6,demo_simulation
2026-08-27,-67.71,-114.55,16.52,78.0,-14.3,963.8,demo_simulation
2026-08-27,-67.71,-81.82,13.37,334.8,-10.1,965.1,demo_simulation
2026-08-27,-67.71,-49.09,13.11,149.6,-10.7,980.5,demo_simulation
2026-08-27,-67.71,-16.36,11.15,209.4,-15.5,985.5,demo_simulation
2026-08-27,-67.71,16.36,5.82,157.1,-16.8,964.3,demo_simulation
2026-08-27,-67.71,49.09,5.87,91.2,-16.7,983.2,demo_simulation
2026-08-27,-67.71,81.82,15.87,142.9,-15.6,985.6,demo_simulation
2026-08-27,-67.71,114.55,16.15,268.4,-15.6,970.0,demo_simulation
2026-08-27,-67.71,147.27,11.1,174.3,-14.2,989.6,demo_simulation
2026-08-27,-67.71,180.0,10.31,211.8,-12.1,1009.7,demo_simulation
2026-08-27,-65.14,-180.0,10.16,265.9,-14.7,985.5,demo_simulation
2026-08-27,-65.14,-147.27,6.62,17.2,-11.8,992.3,demo_simulation
2026-08-27,-65.14,-114.55,12.5,168.1,-11.8,1008.8,demo_simulation
2026-08-27,-65.14,-81.82,15.98,103.0,-18.0,997.3,demo_simulation
2026-08-27,-65.14,-49.09,11.89,38.3,-16.7,978.3,demo_simulation
2026-08-27,-65.14,-16.36,6.9,229.4,-11.5,984.9,demo_simulation
2026-08-27,-65.14,16.36,17.39,48.1,-14.3,1007.0,demo_simulation
2026-08-27,-65.14,49.09,17.73,350.8,-11.0,998.8,demo_simulation
2026-08-27,-65.14,81.82,11.09,37.5,-12.5,995.8,demo_simulation
2026-08-27,-65.14,114.55,6.98,310.3,-9.8,1000.8,demo_simulation
2026-08-27,-65.14,147.27,9.76,338.1,-11.5,964.4,demo_simulation
2026-08-27,-65.14,180.0,7.11,180.0,-12.1,988.8,demo_simulation
2026-08-27,-62.57,-180.0,17.44,95.6,-7.0,994.4,demo_simulation
2026-08-27,-62.57,-147.27,7.86,147.6,-13.8,995.9,demo_simulation
2026-08-27,-62.57,-114.55,7.81,16.2,-12.8,992.8,demo_simulation
2026-08-27,-62.57,-81.82,8.67,267.0,-11.9,1005.0,demo_simulation
2026-08-27,-62.57,-49.09,15.22,264.1,-10.8,963.8,demo_simulation
2026-08-27,-62.57,-16.36,11.08,217.4,-4.2,1003.5,demo_simulation
2026-08-27,-62.57,16.36,15.53,190.4,-12.6,996.9,demo_simulation
2026-08-27,-62.57,49.09,15.79,101.9,-9.1,961.3,demo_simulation
2026-08-27,-62.57,81.82,8.16,148.7,-11.8,989.5,demo_simulation
2026-08-27,-62.57,114.55,15.55,128.0,-11.7,998.2,demo_simulation
2026-08-27,-62.57,147.27,13.12,274.7,-12.4,995.1,demo_simulation
2026-08-27,-62.57,180.0,5.04,18.8,-13.9,973.6,demo_simulation
2026-08-27,-60.0,-180.0,17.4,49.9,-10.0,961.4,demo_simulation
2026-08-27,-60.0,-147.27,12.01,26.1,-13.3,965.6,demo_simulation
2026-08-27,-60.0,-114.55,10.92,220.1,-9.2,985.9,demo_simulation
2026-08-27,-60.0,-81.82,17.52,13.3,-7.2,989.2,demo_simulation
2026-08-27,-60.0,-49.09,17.27,274.6,-6.7,985.1,demo_simulation
2026-08-27,-60.0,-16.36,11.68,234.6,-5.0,985.2,demo_simulation
2026-08-27,-60.0,16.36,8.78,112.1,-6.3,984.2,demo_simulation
2026-08-27,-60.0,49.09,10.79,334.8,-13.1,971.8,demo_simulation
2026-08-27,-60.0,81.82,12.42,135.7,-6.5,997.5,demo_simulation
2026-08-27,-60.0,114.55,13.76,59.6,-4.9,973.8,demo_simulation
2026-08-27,-60.0,147.27,7.23,48.3,-12.3,990.5,demo_simulation
2026-08-27,-60.0,180.0,11.51,157.9,-10.5,989.9,demo_simulation
2026-08-26,-78.0,-180.0,10.39,198.9,-22.5,980.6,demo_simulation
2026-08-26,-78.0,-147.27,16.8,346.0,-23.5,993.2,demo_simulation
2026-08-26,-78.0,-114.55,7.91,261.0,-26.4,976.8,demo_simulation
2026-08-26,-78.0,-81.82,12.92,278.5,-19.7,971.5,demo_simulation
2026-08-26,-78.0,-49.09,6.31,16.9,-25.1,1000.4,demo_simulation
2026-08-26,-78.0,-16.36,15.44,246.2,-23.3,969.3,demo_simulation
2026-08-26,-78.0,16.36,9.25,273.5,-25.5,977.7,demo_simulation
2026-08-26,-78.0,49.09,13.57,324.4,-27.6,998.4,demo_simulation
2026-08-26,-78.0,81.82,5.06,337.2,-19.7,1000.0,demo_simulation
2026-08-26,-78.0,114.55,17.7,70.5,-24.1,995.8,demo_simulation
2026-08-26,-78.0,147.27,6.26,133.0,-26.5,995.0,demo_simulation
2026-08-26,-78.0,180.0,8.77,82.3,-17.4,991.2,demo_simulation
2026-08-26,-75.43,-180.0,12.38,149.1,-14.2,993.7,demo_simulation
2026-08-26,-75.43,-147.27,10.62,356.3,-19.0,990.2,demo_simulation
2026-08-26,-75.43,-114.55,9.36,129.0,-24.6,985.9,demo_simulation
2026-08-26,-75.43,-81.82,15.63,194.5,-23.1,976.0,demo_simulation
2026-08-26,-75.43,-49.09,5.84,56.0,-22.9,976.7,demo_simulation
2026-08-26,-75.43,-16.36,10.46,169.7,-21.9,967.8,demo_simulation
2026-08-26,-75.43,16.36,6.88,31.7,-24.4,970.2,demo_simulation
2026-08-26,-75.43,49.09,7.83,339.2,-21.1,980.1,demo_simulation
2026-08-26,-75.43,81.82,13.66,117.7,-20.3,1000.2,demo_simulation
2026-08-26,-75.43,114.55,11.08,164.1,-24.9,966.5,demo_simulation
2026-08-26,-75.43,147.27,8.16,275.4,-19.2,982.5,demo_simulation
2026-08-26,-75.43,180.0,8.74,281.5,-20.4,993.5,demo_simulation
2026-08-26,-72.86,-180.0,11.93,236.4,-20.1,980.1,demo_simulation
2026-08-26,-72.86,-147.27,17.02,184.0,-17.8,986.8,demo_simulation
2026-08-26,-72.86,-114.55,12.24,50.4,-25.2,994.3,demo_simulation
2026-08-26,-72.86,-81.82,8.3,242.8,-19.4,988.4,demo_simulation
2026-08-26,-72.86,-49.09,8.59,137.9,-20.9,963.7,demo_simulation
2026-08-26,-72.86,-16.36,14.3,198.9,-20.5,962.4,demo_simulation
2026-08-26,-72.86,16.36,11.0,153.1,-17.7,969.4,demo_simulation
2026-08-26,-72.86,49.09,5.23,267.8,-16.7,993.8,demo_simulation
2026-08-26,-72.86,81.82,17.24,28.0,-15.7,997.2,demo_simulation
2026-08-26,-72.86,114.55,12.56,260.8,-18.5,1001.4,demo_simulation
2026-08-26,-72.86,147.27,15.88,337.6,-19.8,993.2,demo_simulation
2026-08-26,-72.86,180.0,7.53,13.0,-21.5,994.9,demo_simulation
2026-08-26,-70.29,-180.0,16.53,94.5,-12.4,960.8,demo_simulation
2026-08-26,-70.29,-147.27,16.49,128.0,-13.5,999.4,demo_simulation
2026-08-26,-70.29,-114.55,13.48,193.5,-21.8,997.6,demo_simulation
2026-08-26,-70.29,-81.82,7.79,183.0,-18.6,963.2,demo_simulation
2026-08-26,-70.29,-49.09,9.48,353.8,-22.9,968.2,demo_simulation
2026-08-26,-70.29,-16.36,15.66,36.1,-23.3,978.0,demo_simulation
2026-08-26,-70.29,16.36,9.81,238.7,-15.3,977.0,demo_simulation
2026-08-26,-70.29,49.09,7.98,74.6,-15.3,973.9,demo_simulation
2026-08-26,-70.29,81.82,8.37,322.8,-14.5,984.5,demo_simulation
2026-08-26,-70.29,114.55,17.38,67.4,-18.9,1000.9,demo_simulation
2026-08-26,-70.29,147.27,10.68,297.2,-15.7,963.8,demo_simulation
2026-08-26,-70.29,180.0,17.89,215.0,-18.8,1004.2,demo_simulation
2026-08-26,-67.71,-180.0,10.82,154.2,-15.8,992.8,demo_simulation
2026-08-26,-67.71,-147.27,17.22,161.4,-18.3,980.7,demo_simulation
2026-08-26,-67.71,-114.55,8.04,338.5,-13.3,992.9,demo_simulation
2026-08-26,-67.71,-81.82,12.08,88.2,-14.3,984.9,demo_simulation
2026-08-26,-67.71,-49.09,15.25,46.0,-17.3,975.4,demo_simulation
2026-08-26,-67.71,-16.36,5.51,176.3,-15.8,988.5,demo_simulation
2026-08-26,-67.71,16.36,11.04,236.7,-15.5,968.9,demo_simulation
2026-08-26,-67.71,49.09,9.77,306.6,-14.1,999.3,demo_simulation
2026-08-26,-67.71,81.82,6.27,31.0,-16.6,1002.7,demo_simulation
2026-08-26,-67.71,114.55,10.16,307.7,-18.4,971.9,demo_simulation
2026-08-26,-67.71,147.27,11.21,96.2,-18.7,983.7,demo_simulation
2026-08-26,-67.71,180.0,16.9,45.8,-13.0,983.0,demo_simulation
2026-08-26,-65.14,-180.0,12.32,22.9,-7.9,971.6,demo_simulation
2026-08-26,-65.14,-147.27,11.3,188.1,-13.6,968.4,demo_simulation
2026-08-26,-65.14,-114.55,17.56,1.2,-15.9,985.1,demo_simulation
2026-08-26,-65.14,-81.82,8.44,76.6,-12.4,1007.8,demo_simulation
2026-08-26,-65.14,-49.09,12.72,216.9,-11.8,982.5,demo_simulation
2026-08-26,-65.14,-16.36,14.06,327.2,-17.8,988.2,demo_simulation
2026-08-26,-65.14,16.36,6.23,210.4,-21.0,964.2,demo_simulation
2026-08-26,-65.14,49.09,10.96,295.0,-10.5,961.0,demo_simulation
2026-08-26,-65.14,81.82,14.88,292.1,-17.7,1002.7,demo_simulation
2026-08-26,-65.14,114.55,7.21,227.8,-12.4,960.3,demo_simulation
2026-08-26,-65.14,147.27,17.69,338.1,-9.7,979.3,demo_simulation
2026-08-26,-65.14,180.0,6.78,106.2,-9.0,1001.5,demo_simulation
2026-08-26,-62.57,-180.0,11.84,238.0,-14.2,999.5,demo_simulation
2026-08-26,-62.57,-147.27,16.99,145.0,-10.9,969.3,demo_simulation
2026-08-26,-62.57,-114.55,14.27,4.1,-10.2,997.0,demo_simulation
2026-08-26,-62.57,-81.82,7.0,101.0,-5.3,967.2,demo_simulation
2026-08-26,-62.57,-49.09,8.49,8.5,-9.5,1005.5,demo_simulation
2026-08-26,-62.57,-16.36,16.39,79.1,-9.7,966.3,demo_simulation
2026-08-26,-62.57,16.36,5.88,274.7,-10.9,966.8,demo_simulation
2026-08-26,-62.57,49.09,13.49,115.1,-12.0,971.6,demo_simulation
2026-08-26,-62.57,81.82,6.38,293.8,-8.6,1003.1,demo_simulation
2026-08-26,-62.57,114.55,15.51,302.5,-8.1,997.7,demo_simulation
2026-08-26,-62.57,147.27,12.02,318.5,-13.5,973.7,demo_simulation
2026-08-26,-62.57,180.0,10.98,20.7,-8.6,961.8,demo_simulation
2026-08-26,-60.0,-180.0,9.98,37.0,-7.6,973.2,demo_simulation
2026-08-26,-60.0,-147.27,6.23,199.9,-9.3,992.1,demo_simulation
2026-08-26,-60.0,-114.55,10.86,348.3,-11.1,975.1,demo_simulation
2026-08-26,-60.0,-81.82,9.25,175.1,-9.8,983.9,demo_simulation
2026-08-26,-60.0,-49.09,17.87,257.9,-0.6,984.1,demo_simulation
2026-08-26,-60.0,-16.36,15.54,70.7,-2.2,1000.1,demo_simulation
2026-08-26,-60.0,16.36,14.06,335.9,-13.9,1001.0,demo_simulation
2026-08-26,-60.0,49.09,16.79,307.9,-10.8,983.7,demo_simulation
2026-08-26,-60.0,81.82,8.46,103.0,-8.3,981.8,demo_simulation
2026-08-26,-60.0,114.55,5.1,103.2,-12.9,996.6,demo_simulation
2026-08-26,-60.0,147.27,9.48,74.4,-8.6,968.1,demo_simulation
2026-08-26,-60.0,180.0,8.44,92.1,-10.5,966.4,demo_simulation
2026-08-25,-78.0,-180.0,5.21,85.1,-28.0,988.9,demo_simulation
2026-08-25,-78.0,-147.27,7.9,211.9,-19.3,1004.9,demo_simulation
2026-08-25,-78.0,-114.55,9.87,145.0,-20.9,968.4,demo_simulation
2026-08-25,-78.0,-81.82,17.02,336.0,-27.4,967.6,demo_simulation
2026-08-25,-78.0,-49.09,8.36,133.8,-17.0,984.5,demo_simulation
2026-08-25,-78.0,-16.36,7.19,120.8,-19.3,993.3,demo_simulation
2026-08-25,-78.0,16.36,7.16,345.5,-30.1,991.4,demo_simulation
2026-08-25,-78.0,49.09,7.4,109.5,-22.7,969.9,demo_simulation
2026-08-25,-78.0,81.82,8.27,151.4,-22.2,969.6,demo_simulation
2026-08-25,-78.0,114.55,11.86,151.0,-21.7,964.2,demo_simulation
2026-08-25,-78.0,147.27,16.1,31.5,-20.4,1000.8,demo_simulation
2026-08-25,-78.0,180.0,15.87,105.2,-25.5,1000.7,demo_simulation
2026-08-25,-75.43,-180.0,13.63,322.8,-25.8,967.1,demo_simulation
2026-08-25,-75.43,-147.27,8.81,348.0,-22.7,1000.6,demo_simulation
2026-08-25,-75.43,-114.55,7.51,25.6,-26.0,962.5,demo_simulation
2026-08-25,-75.43,-81.82,13.33,4.2,-17.9,1006.7,demo_simulation
2026-08-25,-75.43,-49.09,17.45,177.3,-21.3,967.6,demo_simulation
2026-08-25,-75.43,-16.36,15.0,219.6,-16.3,963.0,demo_simulation
2026-08-25,-75.43,16.36,12.86,321.7,-18.8,971.6,demo_simulation
2026-08-25,-75.43,49.09,10.32,22.4,-22.7,983.1,demo_simulation
2026-08-25,-75.43,81.82,14.1,292.4,-22.3,1009.9,demo_simulation
2026-08-25,-75.43,114.55,15.04,153.7,-24.0,987.1,demo_simulation
2026-08-25,-75.43,147.27,11.48,168.0,-16.4,980.7,demo_simulation
2026-08-25,-75.43,180.0,9.77,352.8,-14.0,981.9,demo_simulation
2026-08-25,-72.86,-180.0,6.99,305.4,-19.0,972.3,demo_simulation
2026-08-25,-72.86,-147.27,7.99,52.0,-13.1,999.7,demo_simulation
2026-08-25,-72.86,-114.55,6.4,128.1,-19.0,981.9,demo_simulation
2026-08-25,-72.86,-81.82,9.75,25.9,-20.8,991.7,demo_simulation
2026-08-25,-72.86,-49.09,5.71,100.2,-17.5,965.0,demo_simulation
2026-08-25,-72.86,-16.36,9.93,301.5,-20.2,977.0,demo_simulation
2026-08-25,-72.86,16.36,9.59,95.1,-20.7,980.2,demo_simulation
2026-08-25,-72.86,49.09,13.61,13.1,-22.8,974.8,demo_simulation
2026-08-25,-72.86,81.82,13.69,17.5,-20.9,976.0,demo_simulation
2026-08-25,-72.86,114.55,10.66,259.5,-18.6,992.5,demo_simulation
2026-08-25,-72.86,147.27,17.61,305.4,-19.0,1003.0,demo_simulation
2026-08-25,-72.86,180.0,10.19,103.4,-15.7,998.6,demo_simulation
2026-08-25,-70.29,-180.0,13.11,134.4,-18.6,1001.7,demo_simulation
2026-08-25,-70.29,-147.27,8.52,202.2,-14.5,963.7,demo_simulation
2026-08-25,-70.29,-114.55,10.85,208.4,-19.1,963.6,demo_simulation
2026-08-25,-70.29,-81.82,7.0,246.1,-16.5,962.9,demo_simulation
2026-08-25,-70.29,-49.09,5.59,158.9,-17.0,1000.9,demo_simulation
2026-08-25,-70.29,-16.36,14.59,334.2,-16.7,993.8,demo_simulation
2026-08-25,-70.29,16.36,13.38,51.0,-21.4,979.2,demo_simulation
2026-08-25,-70.29,49.09,10.96,280.9,-16.2,994.2,demo_simulation
2026-08-25,-70.29,81.82,14.24,223.0,-21.9,969.7,demo_simulation
2026-08-25,-70.29,114.55,14.07,179.6,-17.3,965.6,demo_simulation
2026-08-25,-70.29,147.27,16.6,182.9,-22.0,1007.3,demo_simulation
2026-08-25,-70.29,180.0,7.3,140.2,-21.0,971.4,demo_simulation
2026-08-25,-67.71,-180.0,7.01,283.9,-17.6,1006.1,demo_simulation
2026-08-25,-67.71,-147.27,8.74,150.9,-15.2,974.8,demo_simulation
2026-08-25,-67.71,-114.55,12.57,243.4,-19.4,971.8,demo_simulation
2026-08-25,-67.71,-81.82,9.61,57.2,-19.7,1005.2,demo_simulation
2026-08-25,-67.71,-49.09,6.23,181.0,-10.8,970.3,demo_simulation
2026-08-25,-67.71,-16.36,15.5,241.9,-13.0,1000.4,demo_simulation
2026-08-25,-67.71,16.36,17.23,144.8,-13.5,965.1,demo_simulation
2026-08-25,-67.71,49.09,7.36,210.7,-15.0,960.2,demo_simulation
2026-08-25,-67.71,81.82,17.5,280.0,-9.2,984.3,demo_simulation
2026-08-25,-67.71,114.55,7.62,321.2,-10.0,974.3,demo_simulation
2026-08-25,-67.71,147.27,14.56,79.1,-16.2,1005.5,demo_simulation
2026-08-25,-67.71,180.0,6.24,323.8,-22.2,981.7,demo_simulation
2026-08-25,-65.14,-180.0,10.69,113.5,-16.3,977.1,demo_simulation
2026-08-25,-65.14,-147.27,5.9,140.7,-13.4,994.0,demo_simulation
2026-08-25,-65.14,-114.55,15.94,284.3,-11.1,984.6,demo_simulation
2026-08-25,-65.14,-81.82,16.76,11.2,-13.2,1006.6,demo_simulation
2026-08-25,-65.14,-49.09,11.68,57.2,-16.0,983.4,demo_simulation
2026-08-25,-65.14,-16.36,14.59,336.3,-14.0,981.6,demo_simulation
2026-08-25,-65.14,16.36,11.33,130.4,-12.1,999.3,demo_simulation
2026-08-25,-65.14,49.09,16.12,236.7,-10.6,963.7,demo_simulation
2026-08-25,-65.14,81.82,14.24,146.7,-10.3,995.6,demo_simulation
2026-08-25,-65.14,114.55,16.02,194.3,-15.7,982.6,demo_simulation
2026-08-25,-65.14,147.27,15.79,82.8,-7.3,977.5,demo_simulation
2026-08-25,-65.14,180.0,10.92,186.9,-14.9,993.8,demo_simulation
2026-08-25,-62.57,-180.0,11.71,230.9,-12.5,971.3,demo_simulation
2026-08-25,-62.57,-147.27,10.7,123.5,-6.4,996.7,demo_simulation
2026-08-25,-62.57,-114.55,5.58,100.7,-11.4,966.1,demo_simulation
2026-08-25,-62.57,-81.82,17.54,123.8,-4.9,1000.7,demo_simulation
2026-08-25,-62.57,-49.09,13.83,45.5,-10.4,1000.0,demo_simulation
2026-08-25,-62.57,-16.36,11.03,286.0,-8.9,977.2,demo_simulation
2026-08-25,-62.57,16.36,17.77,341.9,-7.0,1003.2,demo_simulation
2026-08-25,-62.57,49.09,16.42,66.8,-11.5,1007.3,demo_simulation
2026-08-25,-62.57,81.82,10.52,290.6,-13.0,990.9,demo_simulation
2026-08-25,-62.57,114.55,17.52,356.2,-16.4,996.6,demo_simulation
2026-08-25,-62.57,147.27,12.03,78.2,-11.8,979.3,demo_simulation
2026-08-25,-62.57,180.0,8.77,283.4,-12.4,987.7,demo_simulation
2026-08-25,-60.0,-180.0,9.0,105.8,-5.6,1004.0,demo_simulation
2026-08-25,-60.0,-147.27,8.36,115.8,-14.4,989.7,demo_simulation
2026-08-25,-60.0,-114.55,14.02,50.5,-8.1,991.1,demo_simulation
2026-08-25,-60.0,-81.82,14.67,217.4,-9.8,987.5,demo_simulation
2026-08-25,-60.0,-49.09,17.78,144.2,-2.6,961.5,demo_simulation
2026-08-25,-60.0,-16.36,16.46,225.3,-6.5,970.1,demo_simulation
2026-08-25,-60.0,16.36,7.47,126.9,-4.1,994.7,demo_simulation
2026-08-25,-60.0,49.09,17.24,335.7,-12.4,975.8,demo_simulation
2026-08-25,-60.0,81.82,8.07,87.3,-8.9,966.6,demo_simulation
2026-08-25,-60.0,114.55,13.73,273.9,-8.0,1004.1,demo_simulation
2026-08-25,-60.0,147.27,5.33,320.5,-6.2,984.9,demo_simulation
2026-08-25,-60.0,180.0,6.5,278.7,-5.3,995.9,demo_simulation
2026-08-24,-78.0,-180.0,14.96,328.4,-21.9,1008.1,demo_simulation
2026-08-24,-78.0,-147.27,5.4,276.5,-24.3,989.5,demo_simulation
2026-08-24,-78.0,-114.55,13.88,29.5,-18.1,974.8,demo_simulation
2026-08-24,-78.0,-81.82,7.23,327.5,-21.5,985.0,demo_simulation
2026-08-24,-78.0,-49.09,11.23,92.9,-19.3,977.2,demo_simulation
2026-08-24,-78.0,-16.36,16.86,268.5,-25.7,977.9,demo_simulation
2026-08-24,-78.0,16.36,13.09,303.8,-24.9,998.4,demo_simulation
2026-08-24,-78.0,49.09,13.85,185.5,-19.1,1002.2,demo_simulation
2026-08-24,-78.0,81.82,9.95,101.9,-20.4,966.0,demo_simulation
2026-08-24,-78.0,114.55,9.92,15.0,-24.3,1001.5,demo_simulation
2026-08-24,-78.0,147.27,9.32,349.5,-22.4,964.0,demo_simulation
2026-08-24,-78.0,180.0,7.14,117.6,-20.8,987.1,demo_simulation
2026-08-24,-75.43,-180.0,9.2,126.2,-14.4,977.0,demo_simulation
2026-08-24,-75.43,-147.27,17.26,324.4,-26.6,965.4,demo_simulation
2026-08-24,-75.43,-114.55,5.55,331.7,-18.0,1009.0,demo_simulation
2026-08-24,-75.43,-81.82,13.4,284.2,-28.5,1009.6,demo_simulation
2026-08-24,-75.43,-49.09,6.6,154.4,-23.4,995.8,demo_simulation
2026-08-24,-75.43,-16.36,14.54,144.1,-16.5,960.1,demo_simulation
2026-08-24,-75.43,16.36,6.61,51.9,-18.4,961.2,demo_simulation
2026-08-24,-75.43,49.09,11.06,16.1,-13.9,990.2,demo_simulation
2026-08-24,-75.43,81.82,11.24,211.5,-21.9,992.7,demo_simulation
2026-08-24,-75.43,114.55,16.78,134.1,-22.5,1002.8,demo_simulation
2026-08-24,-75.43,147.27,9.32,19.8,-22.1,1004.0,demo_simulation
2026-08-24,-75.43,180.0,9.01,246.9,-21.7,1005.0,demo_simulation
2026-08-24,-72.86,-180.0,11.84,33.2,-21.6,976.4,demo_simulation
2026-08-24,-72.86,-147.27,13.14,53.5,-18.6,998.9,demo_simulation
2026-08-24,-72.86,-114.55,12.5,154.0,-20.5,983.6,demo_simulation
2026-08-24,-72.86,-81.82,10.4,217.9,-15.1,960.7,demo_simulation
2026-08-24,-72.86,-49.09,14.54,92.0,-19.6,1007.5,demo_simulation
2026-08-24,-72.86,-16.36,14.98,98.8,-18.1,969.4,demo_simulation
2026-08-24,-72.86,16.36,9.01,289.9,-18.6,967.9,demo_simulation
2026-08-24,-72.86,49.09,17.38,32.6,-19.7,994.6,demo_simulation
2026-08-24,-72.86,81.82,12.35,225.6,-17.6,1003.5,demo_simulation
2026-08-24,-72.86,114.55,11.1,280.1,-21.3,971.0,demo_simulation
2026-08-24,-72.86,147.27,11.44,3.6,-17.2,988.6,demo_simulation
2026-08-24,-72.86,180.0,16.16,307.1,-26.9,1000.2,demo_simulation
2026-08-24,-70.29,-180.0,10.14,220.8,-19.1,989.1,demo_simulation
2026-08-24,-70.29,-147.27,10.16,140.9,-18.1,976.8,demo_simulation
2026-08-24,-70.29,-114.55,8.82,279.2,-15.6,983.9,demo_simulation
2026-08-24,-70.29,-81.82,13.26,204.2,-20.0,986.2,demo_simulation
2026-08-24,-70.29,-49.09,11.27,68.0,-22.6,1001.3,demo_simulation
2026-08-24,-70.29,-16.36,8.45,152.3,-12.8,1001.7,demo_simulation
2026-08-24,-70.29,16.36,9.12,323.2,-14.3,960.9,demo_simulation
2026-08-24,-70.29,49.09,9.6,64.1,-13.2,1002.9,demo_simulation
2026-08-24,-70.29,81.82,14.15,181.0,-16.0,968.2,demo_simulation
2026-08-24,-70.29,114.55,7.98,303.4,-21.7,991.9,demo_simulation
2026-08-24,-70.29,147.27,8.5,239.1,-22.9,967.0,demo_simulation
2026-08-24,-70.29,180.0,6.08,109.9,-20.2,980.5,demo_simulation
2026-08-24,-67.71,-180.0,16.98,23.1,-16.2,995.4,demo_simulation
2026-08-24,-67.71,-147.27,13.42,122.2,-11.7,969.9,demo_simulation
2026-08-24,-67.71,-114.55,12.93,241.5,-12.3,972.3,demo_simulation
2026-08-24,-67.71,-81.82,6.83,317.4,-15.0,982.0,demo_simulation
2026-08-24,-67.71,-49.09,9.81,6.8,-13.7,996.4,demo_simulation
2026-08-24,-67.71,-16.36,14.93,144.3,-15.6,974.6,demo_simulation
2026-08-24,-67.71,16.36,14.74,256.5,-13.2,1005.2,demo_simulation
2026-08-24,-67.71,49.09,16.73,168.7,-17.0,970.8,demo_simulation
2026-08-24,-67.71,81.82,8.77,278.9,-8.1,971.0,demo_simulation
2026-08-24,-67.71,114.55,7.0,64.0,-12.5,981.2,demo_simulation
2026-08-24,-67.71,147.27,11.13,244.9,-13.7,987.3,demo_simulation
2026-08-24,-67.71,180.0,5.88,222.1,-16.4,973.3,demo_simulation
2026-08-24,-65.14,-180.0,6.21,38.7,-16.0,988.4,demo_simulation
2026-08-24,-65.14,-147.27,9.79,54.7,-14.2,972.2,demo_simulation
2026-08-24,-65.14,-114.55,10.54,81.2,-15.4,1002.1,demo_simulation
2026-08-24,-65.14,-81.82,12.11,23.7,-12.8,1003.0,demo_simulation
2026-08-24,-65.14,-49.09,7.88,12.7,-15.4,966.8,demo_simulation
2026-08-24,-65.14,-16.36,10.11,288.2,-12.2,987.5,demo_simulation
2026-08-24,-65.14,16.36,8.88,83.6,-15.7,964.9,demo_simulation
2026-08-24,-65.14,49.09,5.3,183.4,-12.8,985.7,demo_simulation
2026-08-24,-65.14,81.82,10.39,203.2,-15.1,994.0,demo_simulation
2026-08-24,-65.14,114.55,13.29,182.9,-15.2,988.4,demo_simulation
2026-08-24,-65.14,147.27,7.38,119.2,-9.2,1006.1,demo_simulation
2026-08-24,-65.14,180.0,5.04,308.0,-12.9,990.9,demo_simulation
2026-08-24,-62.57,-180.0,16.48,216.2,-7.0,972.9,demo_simulation
2026-08-24,-62.57,-147.27,10.07,71.6,-11.4,1001.0,demo_simulation
2026-08-24,-62.57,-114.55,15.24,105.9,-17.5,996.4,demo_simulation
2026-08-24,-62.57,-81.82,16.31,9.3,-8.7,981.0,demo_simulation
2026-08-24,-62.57,-49.09,9.26,109.2,-10.3,987.9,demo_simulation
2026-08-24,-62.57,-16.36,6.76,208.9,-10.4,975.0,demo_simulation
2026-08-24,-62.57,16.36,14.22,123.4,-11.5,966.5,demo_simulation
2026-08-24,-62.57,49.09,8.81,161.4,-10.2,992.2,demo_simulation
2026-08-24,-62.57,81.82,9.35,39.0,-12.7,1002.6,demo_simulation
2026-08-24,-62.57,114.55,14.88,91.3,-11.3,1008.8,demo_simulation
2026-08-24,-62.57,147.27,7.58,80.2,-5.4,981.7,demo_simulation
2026-08-24,-62.57,180.0,17.87,285.9,-10.4,1003.5,demo_simulation
2026-08-24,-60.0,-180.0,13.45,8.5,-10.3,973.6,demo_simulation
2026-08-24,-60.0,-147.27,5.47,55.2,-9.3,984.6,demo_simulation
2026-08-24,-60.0,-114.55,14.65,155.2,-2.5,980.5,demo_simulation
2026-08-24,-60.0,-81.82,14.0,307.3,-15.9,975.2,demo_simulation
2026-08-24,-60.0,-49.09,16.31,290.6,-11.8,1002.4,demo_simulation
2026-08-24,-60.0,-16.36,11.22,206.0,-8.0,976.7,demo_simulation
2026-08-24,-60.0,16.36,15.09,250.2,-3.7,980.6,demo_simulation
2026-08-24,-60.0,49.09,16.63,56.5,-5.5,979.1,demo_simulation
2026-08-24,-60.0,81.82,13.31,356.5,-11.0,987.9,demo_simulation
2026-08-24,-60.0,114.55,7.49,263.4,-9.8,1004.3,demo_simulation
2026-08-24,-60.0,147.27,14.07,242.9,-6.8,1001.4,demo_simulation
2026-08-24,-60.0,180.0,15.83,320.3,-7.2,1005.6,demo_simulation
2026-08-23,-78.0,-180.0,7.21,186.9,-24.0,984.1,demo_simulation
2026-08-23,-78.0,-147.27,16.73,200.3,-20.2,990.4,demo_simulation
2026-08-23,-78.0,-114.55,12.54,171.0,-26.5,987.7,demo_simulation
2026-08-23,-78.0,-81.82,8.34,240.1,-23.2,966.9,demo_simulation
2026-08-23,-78.0,-49.09,13.07,274.0,-26.9,985.2,demo_simulation
2026-08-23,-78.0,-16.36,14.65,53.6,-25.4,981.1,demo_simulation
2026-08-23,-78.0,16.36,11.59,259.0,-20.1,984.6,demo_simulation
2026-08-23,-78.0,49.09,8.05,349.4,-23.7,999.8,demo_simulation
2026-08-23,-78.0,81.82,15.33,25.2,-23.6,995.5,demo_simulation
2026-08-23,-78.0,114.55,8.62,316.2,-21.1,981.3,demo_simulation
2026-08-23,-78.0,147.27,12.75,275.1,-25.3,1004.0,demo_simulation
2026-08-23,-78.0,180.0,6.18,13.1,-25.2,965.4,demo_simulation
2026-08-23,-75.43,-180.0,12.43,67.0,-21.5,1006.4,demo_simulation
2026-08-23,-75.43,-147.27,15.03,54.0,-20.2,969.0,demo_simulation
2026-08-23,-75.43,-114.55,13.74,313.1,-23.7,961.0,demo_simulation
2026-08-23,-75.43,-81.82,6.26,187.8,-17.7,987.8,demo_simulation
2026-08-23,-75.43,-49.09,12.21,91.7,-20.7,988.2,demo_simulation
2026-08-23,-75.43,-16.36,15.48,94.3,-22.7,993.2,demo_simulation
2026-08-23,-75.43,16.36,6.92,246.6,-24.2,1006.6,demo_simulation
2026-08-23,-75.43,49.09,5.34,240.2,-21.3,962.8,demo_simulation
2026-08-23,-75.43,81.82,6.34,312.7,-16.8,986.3,demo_simulation
2026-08-23,-75.43,114.55,5.84,94.5,-25.5,1006.3,demo_simulation
2026-08-23,-75.43,147.27,9.42,68.5,-22.8,977.2,demo_simulation
2026-08-23,-75.43,180.0,14.94,334.3,-16.4,977.2,demo_simulation
2026-08-23,-72.86,-180.0,15.83,260.4,-18.0,962.4,demo_simulation
2026-08-23,-72.86,-147.27,12.71,87.9,-22.7,1009.3,demo_simulation
2026-08-23,-72.86,-114.55,15.66,148.0,-27.2,960.9,demo_simulation
2026-08-23,-72.86,-81.82,17.53,89.2,-20.2,984.2,demo_simulation
2026-08-23,-72.86,-49.09,16.33,20.4,-17.1,1006.2,demo_simulation
2026-08-23,-72.86,-16.36,7.39,1.8,-18.5,991.9,demo_simulation
2026-08-23,-72.86,16.36,13.99,334.1,-18.1,1005.1,demo_simulation
2026-08-23,-72.86,49.09,7.4,78.3,-22.9,968.5,demo_simulation
2026-08-23,-72.86,81.82,13.72,110.8,-21.2,990.4,demo_simulation
2026-08-23,-72.86,114.55,10.19,271.2,-13.5,965.6,demo_simulation
2026-08-23,-72.86,147.27,14.29,245.4,-17.9,962.1,demo_simulation
2026-08-23,-72.86,180.0,8.45,331.9,-19.8,988.9,demo_simulation
2026-08-23,-70.29,-180.0,5.91,280.2,-13.6,970.4,demo_simulation
2026-08-23,-70.29,-147.27,16.0,264.9,-17.2,968.7,demo_simulation
2026-08-23,-70.29,-114.55,5.16,129.9,-21.4,983.5,demo_simulation
2026-08-23,-70.29,-81.82,11.71,131.7,-14.7,976.9,demo_simulation
2026-08-23,-70.29,-49.09,15.25,343.5,-12.0,975.6,demo_simulation
2026-08-23,-70.29,-16.36,5.33,304.9,-16.6,961.0,demo_simulation
2026-08-23,-70.29,16.36,17.9,102.1,-8.7,995.2,demo_simulation
2026-08-23,-70.29,49.09,11.01,125.8,-15.8,994.2,demo_simulation
2026-08-23,-70.29,81.82,17.25,234.0,-24.7,987.3,demo_simulation
2026-08-23,-70.29,114.55,11.43,98.3,-20.4,963.6,demo_simulation
2026-08-23,-70.29,147.27,10.98,137.3,-13.6,982.6,demo_simulation
2026-08-23,-70.29,180.0,12.22,239.2,-13.3,1003.2,demo_simulation
2026-08-23,-67.71,-180.0,17.5,226.9,-15.7,968.1,demo_simulation
2026-08-23,-67.71,-147.27,12.23,221.5,-12.3,961.9,demo_simulation
2026-08-23,-67.71,-114.55,14.6,16.7,-13.3,965.1,demo_simulation
2026-08-23,-67.71,-81.82,16.09,241.0,-12.3,986.2,demo_simulation
2026-08-23,-67.71,-49.09,8.92,87.5,-16.4,986.1,demo_simulation
2026-08-23,-67.71,-16.36,16.48,53.4,-16.3,988.6,demo_simulation
2026-08-23,-67.71,16.36,7.27,84.6,-16.8,971.0,demo_simulation
2026-08-23,-67.71,49.09,17.5,347.0,-14.3,996.2,demo_simulation
2026-08-23,-67.71,81.82,11.51,146.4,-14.4,1001.0,demo_simulation
2026-08-23,-67.71,114.55,6.6,228.0,-13.6,965.8,demo_simulation
2026-08-23,-67.71,147.27,12.98,112.0,-15.2,983.3,demo_simulation
2026-08-23,-67.71,180.0,12.01,17.9,-14.2,1008.1,demo_simulation
2026-08-23,-65.14,-180.0,5.39,61.6,-10.9,961.9,demo_simulation
2026-08-23,-65.14,-147.27,15.68,102.6,-14.6,960.6,demo_simulation
2026-08-23,-65.14,-114.55,11.16,96.4,-10.8,982.8,demo_simulation
2026-08-23,-65.14,-81.82,12.33,329.6,-12.2,979.5,demo_simulation
2026-08-23,-65.14,-49.09,6.14,252.9,-17.5,962.6,demo_simulation
2026-08-23,-65.14,-16.36,9.87,266.1,-11.3,978.3,demo_simulation
2026-08-23,-65.14,16.36,11.48,32.5,-10.5,994.1,demo_simulation
2026-08-23,-65.14,49.09,11.31,202.2,-13.9,987.3,demo_simulation
2026-08-23,-65.14,81.82,5.57,88.0,-13.8,1000.2,demo_simulation
2026-08-23,-65.14,114.55,9.48,250.8,-12.5,974.3,demo_simulation
2026-08-23,-65.14,147.27,15.39,203.3,-12.2,1008.0,demo_simulation
2026-08-23,-65.14,180.0,12.44,217.1,-20.2,990.1,demo_simulation
2026-08-23,-62.57,-180.0,8.98,214.0,-6.5,979.7,demo_simulation
2026-08-23,-62.57,-147.27,17.64,122.0,-3.9,978.8,demo_simulation
2026-08-23,-62.57,-114.55,8.54,334.5,-12.7,980.1,demo_simulation
2026-08-23,-62.57,-81.82,17.56,16.9,-14.8,983.3,demo_simulation
2026-08-23,-62.57,-49.09,13.44,293.3,-10.3,1007.5,demo_simulation
2026-08-23,-62.57,-16.36,11.38,174.1,-9.0,963.2,demo_simulation
2026-08-23,-62.57,16.36,8.03,274.7,-11.8,973.7,demo_simulation
2026-08-23,-62.57,49.09,10.56,47.1,-12.0,968.7,demo_simulation
2026-08-23,-62.57,81.82,8.38,248.9,-9.4,961.6,demo_simulation
2026-08-23,-62.57,114.55,5.94,257.3,-12.8,979.4,demo_simulation
2026-08-23,-62.57,147.27,11.97,238.3,-6.9,1002.7,demo_simulation
2026-08-23,-62.57,180.0,6.09,197.9,-12.9,976.4,demo_simulation
2026-08-23,-60.0,-180.0,14.45,153.6,-4.1,1007.5,demo_simulation
2026-08-23,-60.0,-147.27,13.86,136.5,-9.8,1005.3,demo_simulation
2026-08-23,-60.0,-114.55,13.1,347.2,-7.7,1009.0,demo_simulation
2026-08-23,-60.0,-81.82,6.31,255.3,-8.9,982.0,demo_simulation
2026-08-23,-60.0,-49.09,12.06,342.9,-14.4,998.6,demo_simulation
2026-08-23,-60.0,-16.36,15.17,256.9,-7.1,995.3,demo_simulation
2026-08-23,-60.0,16.36,13.79,258.2,-7.6,977.9,demo_simulation
2026-08-23,-60.0,49.09,17.0,19.9,-13.0,995.4,demo_simulation
2026-08-23,-60.0,81.82,11.11,313.6,-10.0,963.1,demo_simulation
2026-08-23,-60.0,114.55,11.28,269.0,-11.9,1008.1,demo_simulation
2026-08-23,-60.0,147.27,6.39,332.1,-15.8,961.7,demo_simulation
2026-08-23,-60.0,180.0,5.84,7.1,-13.2,1003.0,demo_simulation
2026-08-22,-78.0,-180.0,5.12,57.4,-22.1,1007.3,demo_simulation
2026-08-22,-78.0,-147.27,7.78,297.3,-23.1,998.7,demo_simulation
2026-08-22,-78.0,-114.55,15.17,67.2,-27.5,1007.0,demo_simulation
2026-08-22,-78.0,-81.82,6.0,58.1,-26.9,962.8,demo_simulation
2026-08-22,-78.0,-49.09,7.84,108.3,-28.3,962.0,demo_simulation
2026-08-22,-78.0,-16.36,6.39,323.6,-22.5,981.7,demo_simulation
2026-08-22,-78.0,16.36,17.33,255.8,-24.1,988.4,demo_simulation
2026-08-22,-78.0,49.09,10.02,95.2,-25.2,1006.5,demo_simulation
2026-08-22,-78.0,81.82,5.94,232.4,-23.0,983.5,demo_simulation
2026-08-22,-78.0,114.55,6.2,272.3,-23.6,990.7,demo_simulation
2026-08-22,-78.0,147.27,5.69,59.1,-21.8,988.1,demo_simulation
2026-08-22,-78.0,180.0,10.76,152.8,-20.3,983.1,demo_simulation
2026-08-22,-75.43,-180.0,6.0,288.0,-23.2,994.0,demo_simulation
2026-08-22,-75.43,-147.27,9.93,88.6,-20.8,994.0,demo_simulation
2026-08-22,-75.43,-114.55,5.22,298.0,-23.2,972.3,demo_simulation
2026-08-22,-75.43,-81.82,10.58,7.2,-22.0,974.8,demo_simulation
2026-08-22,-75.43,-49.09,5.69,160.1,-18.2,961.8,demo_simulation
2026-08-22,-75.43,-16.36,17.84,169.0,-22.0,979.9,demo_simulation
2026-08-22,-75.43,16.36,6.84,166.1,-20.2,966.6,demo_simulation
2026-08-22,-75.43,49.09,5.13,262.8,-21.4,988.5,demo_simulation
2026-08-22,-75.43,81.82,13.91,17.6,-23.1,978.4,demo_simulation
2026-08-22,-75.43,114.55,16.44,156.2,-19.3,969.0,demo_simulation
2026-08-22,-75.43,147.27,15.93,13.0,-21.7,962.3,demo_simulation
2026-08-22,-75.43,180.0,12.16,220.7,-23.5,1002.3,demo_simulation
2026-08-22,-72.86,-180.0,8.07,253.0,-13.6,963.4,demo_simulation
2026-08-22,-72.86,-147.27,16.4,96.6,-17.2,969.0,demo_simulation
2026-08-22,-72.86,-114.55,8.23,259.1,-16.0,971.7,demo_simulation
2026-08-22,-72.86,-81.82,8.52,355.3,-19.2,960.3,demo_simulation
2026-08-22,-72.86,-49.09,9.52,66.8,-17.7,981.7,demo_simulation
2026-08-22,-72.86,-16.36,9.96,77.8,-15.8,973.2,demo_simulation
2026-08-22,-72.86,16.36,9.1,38.9,-15.7,997.5,demo_simulation
2026-08-22,-72.86,49.09,10.46,154.6,-15.5,1006.2,demo_simulation
2026-08-22,-72.86,81.82,8.56,254.2,-17.8,967.7,demo_simulation
2026-08-22,-72.86,114.55,14.17,335.3,-20.6,994.0,demo_simulation
2026-08-22,-72.86,147.27,13.22,258.4,-17.5,1006.9,demo_simulation
2026-08-22,-72.86,180.0,11.06,241.0,-19.1,970.9,demo_simulation
2026-08-22,-70.29,-180.0,6.34,107.9,-17.2,1007.1,demo_simulation
2026-08-22,-70.29,-147.27,13.15,286.0,-17.0,974.8,demo_simulation
2026-08-22,-70.29,-114.55,8.16,262.5,-16.0,961.2,demo_simulation
2026-08-22,-70.29,-81.82,13.72,141.3,-16.6,989.8,demo_simulation
2026-08-22,-70.29,-49.09,9.64,351.5,-13.0,984.4,demo_simulation
2026-08-22,-70.29,-16.36,5.01,277.7,-13.0,976.5,demo_simulation
2026-08-22,-70.29,16.36,8.22,294.7,-12.4,992.7,demo_simulation
2026-08-22,-70.29,49.09,17.12,49.7,-15.8,997.2,demo_simulation
2026-08-22,-70.29,81.82,14.02,114.0,-15.4,972.1,demo_simulation
2026-08-22,-70.29,114.55,10.19,100.7,-19.2,980.0,demo_simulation
2026-08-22,-70.29,147.27,14.52,166.7,-19.4,995.8,demo_simulation
2026-08-22,-70.29,180.0,5.57,291.1,-19.6,965.3,demo_simulation
2026-08-22,-67.71,-180.0,14.15,17.6,-11.2,985.6,demo_simulation
2026-08-22,-67.71,-147.27,5.88,36.9,-15.0,985.5,demo_simulation
2026-08-22,-67.71,-114.55,7.04,272.2,-19.9,960.4,demo_simulation
2026-08-22,-67.71,-81.82,8.87,330.2,-11.8,968.8,demo_simulation
2026-08-22,-67.71,-49.09,9.71,48.4,-18.7,994.3,demo_simulation
2026-08-22,-67.71,-16.36,12.99,92.6,-17.3,991.0,demo_simulation
2026-08-22,-67.71,16.36,8.45,240.8,-17.7,983.4,demo_simulation
2026-08-22,-67.71,49.09,5.73,324.2,-14.9,966.4,demo_simulation
2026-08-22,-67.71,81.82,7.36,101.9,-17.3,962.8,demo_simulation
2026-08-22,-67.71,114.55,14.73,273.1,-13.2,987.8,demo_simulation
2026-08-22,-67.71,147.27,8.05,134.1,-12.4,960.8,demo_simulation
2026-08-22,-67.71,180.0,12.31,166.9,-18.2,964.5,demo_simulation
2026-08-22,-65.14,-180.0,17.8,240.3,-14.5,961.5,demo_simulation
2026-08-22,-65.14,-147.27,9.32,359.3,-6.2,969.8,demo_simulation
2026-08-22,-65.14,-114.55,17.45,46.1,-20.8,1006.0,demo_simulation
2026-08-22,-65.14,-81.82,5.88,251.8,-15.3,987.3,demo_simulation
2026-08-22,-65.14,-49.09,14.71,117.5,-10.7,966.4,demo_simulation
2026-08-22,-65.14,-16.36,12.9,69.7,-16.5,979.3,demo_simulation
2026-08-22,-65.14,16.36,8.29,174.8,-9.0,985.3,demo_simulation
2026-08-22,-65.14,49.09,7.19,296.4,-10.9,971.0,demo_simulation
2026-08-22,-65.14,81.82,14.09,193.4,-15.8,977.8,demo_simulation
2026-08-22,-65.14,114.55,11.54,281.7,-8.9,998.2,demo_simulation
2026-08-22,-65.14,147.27,11.93,87.1,-12.5,1007.8,demo_simulation
2026-08-22,-65.14,180.0,9.12,20.9,-20.9,1006.9,demo_simulation
2026-08-22,-62.57,-180.0,9.57,24.9,-9.7,1009.4,demo_simulation
2026-08-22,-62.57,-147.27,6.71,84.7,-9.5,999.3,demo_simulation
2026-08-22,-62.57,-114.55,13.6,262.3,-14.0,961.4,demo_simulation
2026-08-22,-62.57,-81.82,6.69,232.9,-13.0,969.7,demo_simulation
2026-08-22,-62.57,-49.09,13.85,1.7,-10.0,966.7,demo_simulation
2026-08-22,-62.57,-16.36,5.69,255.5,-13.1,963.3,demo_simulation
2026-08-22,-62.57,16.36,13.98,294.2,-9.6,960.4,demo_simulation
2026-08-22,-62.57,49.09,17.67,23.7,-5.3,995.6,demo_simulation
2026-08-22,-62.57,81.82,15.47,213.5,-10.7,960.8,demo_simulation
2026-08-22,-62.57,114.55,10.44,231.1,-16.2,989.6,demo_simulation
2026-08-22,-62.57,147.27,13.62,359.1,-13.0,1002.7,demo_simulation
2026-08-22,-62.57,180.0,16.28,341.9,-11.4,980.4,demo_simulation
2026-08-22,-60.0,-180.0,16.79,338.0,-7.7,979.0,demo_simulation
2026-08-22,-60.0,-147.27,10.12,153.2,-8.1,973.9,demo_simulation
2026-08-22,-60.0,-114.55,9.0,336.7,-13.0,1003.8,demo_simulation
2026-08-22,-60.0,-81.82,15.31,237.7,-10.3,970.9,demo_simulation
2026-08-22,-60.0,-49.09,12.1,129.9,-6.1,973.9,demo_simulation
2026-08-22,-60.0,-16.36,15.92,199.0,-8.8,960.7,demo_simulation
2026-08-22,-60.0,16.36,12.15,215.7,-13.1,994.6,demo_simulation
2026-08-22,-60.0,49.09,9.81,78.7,-14.0,985.6,demo_simulation
2026-08-22,-60.0,81.82,13.16,321.3,-8.1,969.3,demo_simulation
2026-08-22,-60.0,114.55,9.33,22.8,-2.7,994.3,demo_simulation
2026-08-22,-60.0,147.27,15.33,164.1,-6.0,971.4,demo_simulation
2026-08-22,-60.0,180.0,14.41,288.8,-0.8,1004.4,demo_simulation
2026-08-21,-78.0,-180.0,9.96,84.6,-26.4,961.7,demo_simulation
2026-08-21,-78.0,-147.27,13.27,285.8,-18.7,1000.1,demo_simulation
2026-08-21,-78.0,-114.55,7.16,82.5,-20.4,973.6,demo_simulation
2026-08-21,-78.0,-81.82,10.85,135.5,-24.3,999.7,demo_simulation
2026-08-21,-78.0,-49.09,9.21,172.4,-18.3,984.0,demo_simulation
2026-08-21,-78.0,-16.36,9.54,135.3,-24.7,1004.9,demo_simulation
2026-08-21,-78.0,16.36,17.92,173.7,-23.4,1004.9,demo_simulation
2026-08-21,-78.0,49.09,14.0,225.1,-22.4,972.0,demo_simulation
2026-08-21,-78.0,81.82,9.97,75.9,-24.9,966.6,demo_simulation
2026-08-21,-78.0,114.55,15.21,105.3,-26.9,994.7,demo_simulation
2026-08-21,-78.0,147.27,17.26,113.8,-26.0,992.3,demo_simulation
2026-08-21,-78.0,180.0,8.38,303.6,-27.0,962.2,demo_simulation
2026-08-21,-75.43,-180.0,12.27,55.7,-20.4,984.5,demo_simulation
2026-08-21,-75.43,-147.27,10.7,278.2,-22.4,980.5,demo_simulation
2026-08-21,-75.43,-114.55,17.26,40.7,-22.6,1007.7,demo_simulation
2026-08-21,-75.43,-81.82,6.85,167.6,-23.1,980.0,demo_simulation
2026-08-21,-75.43,-49.09,13.47,272.2,-21.6,984.9,demo_simulation
2026-08-21,-75.43,-16.36,14.29,92.4,-25.0,1008.7,demo_simulation
2026-08-21,-75.43,16.36,8.69,85.1,-17.9,969.3,demo_simulation
2026-08-21,-75.43,49.09,12.36,101.8,-19.1,1005.8,demo_simulation
2026-08-21,-75.43,81.82,10.01,216.0,-19.3,966.6,demo_simulation
2026-08-21,-75.43,114.55,15.81,262.6,-21.8,982.9,demo_simulation
2026-08-21,-75.43,147.27,5.46,73.7,-25.1,1002.3,demo_simulation
2026-08-21,-75.43,180.0,7.24,357.2,-17.9,975.0,demo_simulation
2026-08-21,-72.86,-180.0,6.82,311.0,-17.0,983.6,demo_simulation
2026-08-21,-72.86,-147.27,13.26,108.6,-17.9,984.3,demo_simulation
2026-08-21,-72.86,-114.55,11.37,52.6,-19.3,961.8,demo_simulation
2026-08-21,-72.86,-81.82,14.37,75.0,-16.1,988.5,demo_simulation
2026-08-21,-72.86,-49.09,11.63,207.1,-22.6,1003.8,demo_simulation
2026-08-21,-72.86,-16.36,12.82,168.9,-17.8,969.8,demo_simulation
2026-08-21,-72.86,16.36,13.29,353.5,-19.7,977.4,demo_simulation
2026-08-21,-72.86,49.09,15.31,341.5,-13.8,983.2,demo_simulation
2026-08-21,-72.86,81.82,10.75,81.5,-18.2,986.8,demo_simulation
2026-08-21,-72.86,114.55,6.95,309.9,-24.8,988.7,demo_simulation
2026-08-21,-72.86,147.27,6.7,112.6,-15.7,974.3,demo_simulation
2026-08-21,-72.86,180.0,11.03,38.6,-18.8,979.3,demo_simulation
2026-08-21,-70.29,-180.0,5.35,330.4,-14.5,1002.3,demo_simulation
2026-08-21,-70.29,-147.27,5.57,2.9,-21.1,997.9,demo_simulation
2026-08-21,-70.29,-114.55,8.2,255.4,-16.0,999.9,demo_simulation
2026-08-21,-70.29,-81.82,6.3,270.5,-13.1,1000.2,demo_simulation
2026-08-21,-70.29,-49.09,13.98,19.6,-16.9,971.9,demo_simulation
2026-08-21,-70.29,-16.36,10.28,351.6,-18.3,984.7,demo_simulation
2026-08-21,-70.29,16.36,7.5,137.0,-17.1,977.4,demo_simulation
2026-08-21,-70.29,49.09,13.56,41.9,-14.4,1009.1,demo_simulation
2026-08-21,-70.29,81.82,10.65,190.1,-20.7,984.4,demo_simulation
2026-08-21,-70.29,114.55,7.11,33.3,-19.7,966.4,demo_simulation
2026-08-21,-70.29,147.27,10.88,252.5,-13.5,966.5,demo_simulation
2026-08-21,-70.29,180.0,9.34,309.8,-13.8,964.1,demo_simulation
2026-08-21,-67.71,-180.0,11.15,285.7,-16.2,963.2,demo_simulation
2026-08-21,-67.71,-147.27,13.45,238.1,-14.5,976.3,demo_simulation
2026-08-21,-67.71,-114.55,7.78,29.6,-19.3,975.6,demo_simulation
2026-08-21,-67.71,-81.82,10.48,281.6,-14.4,984.4,demo_simulation
2026-08-21,-67.71,-49.09,9.87,96.8,-15.3,980.6,demo_simulation
2026-08-21,-67.71,-16.36,5.65,200.0,-11.7,989.7,demo_simulation
2026-08-21,-67.71,16.36,15.19,100.8,-16.1,966.1,demo_simulation
2026-08-21,-67.71,49.09,13.56,353.3,-14.9,986.7,demo_simulation
2026-08-21,-67.71,81.82,9.25,312.6,-19.0,981.0,demo_simulation
2026-08-21,-67.71,114.55,15.32,28.2,-18.2,996.4,demo_simulation
2026-08-21,-67.71,147.27,17.67,162.3,-18.4,994.9,demo_simulation
2026-08-21,-67.71,180.0,9.41,172.7,-15.9,980.2,demo_simulation
2026-08-21,-65.14,-180.0,5.68,184.1,-14.9,969.3,demo_simulation
2026-08-21,-65.14,-147.27,7.26,3.6,-11.6,961.3,demo_simulation
2026-08-21,-65.14,-114.55,10.87,19.1,-9.9,993.9,demo_simulation
2026-08-21,-65.14,-81.82,15.83,148.4,-17.2,982.4,demo_simulation
2026-08-21,-65.14,-49.09,10.04,223.0,-13.0,961.5,demo_simulation
2026-08-21,-65.14,-16.36,5.18,231.5,-11.1,964.2,demo_simulation
2026-08-21,-65.14,16.36,12.17,156.6,-15.0,992.6,demo_simulation
2026-08-21,-65.14,49.09,12.97,48.5,-12.2,990.4,demo_simulation
2026-08-21,-65.14,81.82,15.76,82.0,-11.6,982.3,demo_simulation
2026-08-21,-65.14,114.55,13.79,236.5,-10.8,1003.8,demo_simulation
2026-08-21,-65.14,147.27,11.28,245.8,-12.9,975.7,demo_simulation
2026-08-21,-65.14,180.0,12.91,3.3,-13.1,964.2,demo_simulation
2026-08-21,-62.57,-180.0,14.09,190.0,-12.0,960.6,demo_simulation
2026-08-21,-62.57,-147.27,12.85,223.7,-7.3,997.4,demo_simulation
2026-08-21,-62.57,-114.55,14.77,318.0,-11.9,995.5,demo_simulation
2026-08-21,-62.57,-81.82,14.92,78.1,-13.3,974.4,demo_simulation
2026-08-21,-62.57,-49.09,13.46,108.4,-11.8,988.1,demo_simulation
2026-08-21,-62.57,-16.36,17.19,39.2,-13.2,982.6,demo_simulation
2026-08-21,-62.57,16.36,13.22,212.4,-11.1,962.5,demo_simulation
2026-08-21,-62.57,49.09,10.29,215.3,-10.5,960.0,demo_simulation
2026-08-21,-62.57,81.82,15.64,226.1,-10.8,994.5,demo_simulation
2026-08-21,-62.57,114.55,11.35,340.5,-16.0,966.9,demo_simulation
2026-08-21,-62.57,147.27,17.24,138.7,-11.2,970.7,demo_simulation
2026-08-21,-62.57,180.0,9.22,276.8,-14.2,1000.2,demo_simulation
2026-08-21,-60.0,-180.0,7.16,217.6,-13.3,1003.6,demo_simulation
2026-08-21,-60.0,-147.27,9.96,71.4,-9.3,990.9,demo_simulation
2026-08-21,-60.0,-114.55,9.07,129.8,-7.8,1008.1,demo_simulation
2026-08-21,-60.0,-81.82,5.85,255.8,-9.4,965.1,demo_simulation
2026-08-21,-60.0,-49.09,16.18,124.1,-10.2,979.9,demo_simulation
2026-08-21,-60.0,-16.36,5.47,333.2,-11.6,990.5,demo_simulation
2026-08-21,-60.0,16.36,16.08,215.7,-7.9,985.6,demo_simulation
2026-08-21,-60.0,49.09,15.24,350.4,-9.1,973.0,demo_simulation
2026-08-21,-60.0,81.82,16.97,262.3,-10.4,983.1,demo_simulation
2026-08-21,-60.0,114.55,14.93,304.0,-10.2,968.3,demo_simulation
2026-08-21,-60.0,147.27,14.54,38.8,-14.0,998.6,demo_simulation
2026-08-21,-60.0,180.0,8.39,264.5,-3.1,966.6,demo_simulation
2026-08-20,-78.0,-180.0,16.45,167.6,-29.6,989.6,demo_simulation
2026-08-20,-78.0,-147.27,12.89,265.7,-26.7,996.8,demo_simulation
2026-08-20,-78.0,-114.55,13.25,196.2,-22.3,965.7,demo_simulation
2026-08-20,-78.0,-81.82,6.83,194.8,-22.0,983.7,demo_simulation
2026-08-20,-78.0,-49.09,8.06,75.2,-26.1,966.8,demo_simulation
2026-08-20,-78.0,-16.36,6.57,347.0,-25.0,998.3,demo_simulation
2026-08-20,-78.0,16.36,15.99,53.0,-25.3,988.9,demo_simulation
2026-08-20,-78.0,49.09,12.06,225.6,-27.7,979.1,demo_simulation
2026-08-20,-78.0,81.82,10.57,285.6,-22.2,975.2,demo_simulation
2026-08-20,-78.0,114.55,7.65,191.4,-25.9,985.8,demo_simulation
2026-08-20,-78.0,147.27,13.91,31.3,-20.6,985.3,demo_simulation
2026-08-20,-78.0,180.0,9.71,308.2,-22.4,1008.6,demo_simulation
2026-08-20,-75.43,-180.0,7.12,142.4,-19.6,962.9,demo_simulation
2026-08-20,-75.43,-147.27,17.42,332.5,-20.1,980.6,demo_simulation
2026-08-20,-75.43,-114.55,15.87,126.0,-22.4,988.9,demo_simulation
2026-08-20,-75.43,-81.82,15.51,185.6,-18.1,988.2,demo_simulation
2026-08-20,-75.43,-49.09,11.46,97.1,-23.9,997.5,demo_simulation
2026-08-20,-75.43,-16.36,8.13,70.2,-20.6,985.0,demo_simulation
2026-08-20,-75.43,16.36,6.12,168.7,-18.4,974.0,demo_simulation
2026-08-20,-75.43,49.09,15.9,232.8,-19.8,993.2,demo_simulation
2026-08-20,-75.43,81.82,9.2,356.9,-18.7,993.2,demo_simulation
2026-08-20,-75.43,114.55,17.3,347.7,-24.2,1007.1,demo_simulation
2026-08-20,-75.43,147.27,15.25,305.1,-18.2,971.0,demo_simulation
2026-08-20,-75.43,180.0,5.33,235.9,-23.9,969.0,demo_simulation
2026-08-20,-72.86,-180.0,13.9,2.8,-25.0,1008.7,demo_simulation
2026-08-20,-72.86,-147.27,16.89,86.1,-21.2,997.6,demo_simulation
2026-08-20,-72.86,-114.55,11.62,254.9,-19.2,985.8,demo_simulation
2026-08-20,-72.86,-81.82,12.92,10.1,-18.6,992.9,demo_simulation
2026-08-20,-72.86,-49.09,5.48,140.1,-22.1,960.3,demo_simulation
2026-08-20,-72.86,-16.36,5.26,346.7,-26.8,1005.1,demo_simulation
2026-08-20,-72.86,16.36,6.83,286.0,-17.8,960.0,demo_simulation
2026-08-20,-72.86,49.09,14.07,87.5,-19.2,1003.5,demo_simulation
2026-08-20,-72.86,81.82,17.89,82.8,-17.8,991.8,demo_simulation
2026-08-20,-72.86,114.55,8.0,52.7,-17.7,982.9,demo_simulation
2026-08-20,-72.86,147.27,7.88,302.8,-16.5,984.5,demo_simulation
2026-08-20,-72.86,180.0,12.59,227.0,-18.7,961.3,demo_simulation
2026-08-20,-70.29,-180.0,5.73,342.9,-16.3,972.5,demo_simulation
2026-08-20,-70.29,-147.27,6.99,299.9,-22.8,982.0,demo_simulation
2026-08-20,-70.29,-114.55,9.41,68.7,-17.1,987.8,demo_simulation
2026-08-20,-70.29,-81.82,8.56,103.7,-15.6,975.1,demo_simulation
2026-08-20,-70.29,-49.09,5.78,277.4,-18.4,972.2,demo_simulation
2026-08-20,-70.29,-16.36,16.33,327.1,-14.5,1000.2,demo_simulation
2026-08-20,-70.29,16.36,16.07,235.6,-18.5,1000.3,demo_simulation
2026-08-20,-70.29,49.09,17.34,228.6,-16.4,986.8,demo_simulation
2026-08-20,-70.29,81.82,7.27,355.7,-18.9,984.6,demo_simulation
2026-08-20,-70.29,114.55,12.63,137.5,-23.6,982.8,demo_simulation
2026-08-20,-70.29,147.27,6.91,342.2,-14.8,1002.9,demo_simulation
2026-08-20,-70.29,180.0,15.39,227.6,-19.2,990.5,demo_simulation
2026-08-20,-67.71,-180.0,17.36,344.1,-16.1,961.3,demo_simulation
2026-08-20,-67.71,-147.27,8.1,168.7,-13.3,964.2,demo_simulation
2026-08-20,-67.71,-114.55,14.28,294.6,-18.3,970.2,demo_simulation
2026-08-20,-67.71,-81.82,13.56,238.1,-14.1,993.9,demo_simulation
2026-08-20,-67.71,-49.09,16.76,69.5,-14.2,971.2,demo_simulation
2026-08-20,-67.71,-16.36,10.81,322.9,-17.0,970.3,demo_simulation
2026-08-20,-67.71,16.36,11.44,9.7,-13.3,987.1,demo_simulation
2026-08-20,-67.71,49.09,13.28,358.8,-13.5,999.6,demo_simulation
2026-08-20,-67.71,81.82,16.71,36.9,-14.6,991.0,demo_simulation
2026-08-20,-67.71,114.55,5.03,118.9,-18.3,977.7,demo_simulation
2026-08-20,-67.71,147.27,9.65,245.9,-19.7,999.2,demo_simulation
2026-08-20,-67.71,180.0,8.48,324.4,-8.0,1002.9,demo_simulation
2026-08-20,-65.14,-180.0,6.05,169.6,-9.3,972.2,demo_simulation
2026-08-20,-65.14,-147.27,13.85,208.0,-10.4,973.7,demo_simulation
2026-08-20,-65.14,-114.55,14.63,164.3,-14.6,1004.7,demo_simulation
2026-08-20,-65.14,-81.82,16.67,307.3,-13.1,980.9,demo_simulation
2026-08-20,-65.14,-49.09,16.63,97.4,-13.0,989.7,demo_simulation
2026-08-20,-65.14,-16.36,16.29,262.4,-16.0,1002.3,demo_simulation
2026-08-20,-65.14,16.36,11.93,145.8,-13.5,994.4,demo_simulation
2026-08-20,-65.14,49.09,14.43,89.5,-13.1,966.0,demo_simulation
2026-08-20,-65.14,81.82,6.81,93.3,-14.5,963.8,demo_simulation
2026-08-20,-65.14,114.55,10.28,248.8,-13.1,975.9,demo_simulation
2026-08-20,-65.14,147.27,13.18,212.4,-12.9,1004.8,demo_simulation
2026-08-20,-65.14,180.0,17.99,212.9,-11.7,981.2,demo_simulation
2026-08-20,-62.57,-180.0,15.85,320.4,-9.9,994.5,demo_simulation
2026-08-20,-62.57,-147.27,10.29,197.4,-9.9,961.1,demo_simulation
2026-08-20,-62.57,-114.55,5.01,271.9,-9.6,984.7,demo_simulation
2026-08-20,-62.57,-81.82,13.77,179.3,-13.5,981.2,demo_simulation
2026-08-20,-62.57,-49.09,10.34,203.8,-13.1,1003.8,demo_simulation
2026-08-20,-62.57,-16.36,15.87,222.2,-18.2,982.3,demo_simulation
2026-08-20,-62.57,16.36,13.57,104.9,-7.8,972.4,demo_simulation
2026-08-20,-62.57,49.09,17.33,234.9,-16.6,1004.3,demo_simulation
2026-08-20,-62.57,81.82,10.98,294.5,-7.9,1001.0,demo_simulation
2026-08-20,-62.57,114.55,7.07,355.7,-3.6,961.7,demo_simulation
2026-08-20,-62.57,147.27,8.24,326.8,-11.4,973.2,demo_simulation
2026-08-20,-62.57,180.0,12.7,49.1,-14.6,967.8,demo_simulation
2026-08-20,-60.0,-180.0,8.45,104.9,-8.0,966.3,demo_simulation
2026-08-20,-60.0,-147.27,7.3,302.4,-7.6,998.1,demo_simulation
2026-08-20,-60.0,-114.55,13.31,60.6,-0.9,969.8,demo_simulation
2026-08-20,-60.0,-81.82,13.51,73.6,-7.2,969.7,demo_simulation
2026-08-20,-60.0,-49.09,6.91,219.7,-10.4,1008.3,demo_simulation
2026-08-20,-60.0,-16.36,6.25,338.9,-7.4,1000.0,demo_simulation
2026-08-20,-60.0,16.36,10.09,253.0,-10.4,968.4,demo_simulation
2026-08-20,-60.0,49.09,18.0,128.1,-3.0,1001.7,demo_simulation
2026-08-20,-60.0,81.82,12.59,260.3,-12.7,969.6,demo_simulation
2026-08-20,-60.0,114.55,16.85,199.3,-9.2,978.7,demo_simulation
2026-08-20,-60.0,147.27,14.31,265.3,-13.6,1003.5,demo_simulation
2026-08-20,-60.0,180.0,5.65,258.3,-10.5,962.6,demo_simulation
2026-08-19,-78.0,-180.0,12.51,161.7,-20.9,995.7,demo_simulation
2026-08-19,-78.0,-147.27,15.77,167.5,-19.7,978.6,demo_simulation
2026-08-19,-78.0,-114.55,15.28,184.6,-26.8,979.5,demo_simulation
2026-08-19,-78.0,-81.82,15.8,15.5,-21.0,969.8,demo_simulation
2026-08-19,-78.0,-49.09,17.45,116.1,-23.2,967.5,demo_simulation
2026-08-19,-78.0,-16.36,10.29,296.9,-18.6,970.0,demo_simulation
2026-08-19,-78.0,16.36,12.22,98.0,-27.5,972.0,demo_simulation
2026-08-19,-78.0,49.09,6.15,17.7,-23.1,1000.5,demo_simulation
2026-08-19,-78.0,81.82,15.47,167.0,-27.5,987.8,demo_simulation
2026-08-19,-78.0,114.55,14.18,57.6,-25.3,994.3,demo_simulation
2026-08-19,-78.0,147.27,12.02,332.4,-22.5,988.9,demo_simulation
2026-08-19,-78.0,180.0,9.52,102.2,-21.7,990.3,demo_simulation
2026-08-19,-75.43,-180.0,8.75,164.1,-22.3,975.8,demo_simulation
2026-08-19,-75.43,-147.27,10.95,227.2,-23.6,980.7,demo_simulation
2026-08-19,-75.43,-114.55,9.13,322.3,-20.1,980.4,demo_simulation
2026-08-19,-75.43,-81.82,17.65,18.7,-18.7,969.3,demo_simulation
2026-08-19,-75.43,-49.09,13.7,186.7,-18.4,984.9,demo_simulation
2026-08-19,-75.43,-16.36,10.67,253.4,-27.1,999.6,demo_simulation
2026-08-19,-75.43,16.36,7.56,189.5,-23.3,1002.0,demo_simulation
2026-08-19,-75.43,49.09,6.78,187.2,-19.8,969.1,demo_simulation
2026-08-19,-75.43,81.82,10.84,7.3,-20.7,994.0,demo_simulation
2026-08-19,-75.43,114.55,7.85,144.4,-20.0,980.2,demo_simulation
2026-08-19,-75.43,147.27,12.44,131.8,-19.3,986.8,demo_simulation
2026-08-19,-75.43,180.0,15.25,261.4,-23.7,977.3,demo_simulation
2026-08-19,-72.86,-180.0,16.64,287.7,-11.8,963.7,demo_simulation
2026-08-19,-72.86,-147.27,15.5,266.5,-21.1,1005.4,demo_simulation
2026-08-19,-72.86,-114.55,16.41,21.9,-16.4,997.1,demo_simulation
2026-08-19,-72.86,-81.82,9.96,9.5,-19.9,979.7,demo_simulation
2026-08-19,-72.86,-49.09,12.22,33.8,-16.2,962.2,demo_simulation
2026-08-19,-72.86,-16.36,16.59,36.5,-26.4,960.5,demo_simulation
2026-08-19,-72.86,16.36,14.2,217.4,-22.4,967.4,demo_simulation
2026-08-19,-72.86,49.09,5.35,16.3,-17.4,961.4,demo_simulation
2026-08-19,-72.86,81.82,8.16,52.6,-22.1,1002.5,demo_simulation
2026-08-19,-72.86,114.55,5.92,151.3,-19.6,994.5,demo_simulation
2026-08-19,-72.86,147.27,8.09,75.7,-21.1,988.3,demo_simulation
2026-08-19,-72.86,180.0,5.38,338.0,-19.1,1004.8,demo_simulation
2026-08-19,-70.29,-180.0,5.02,103.1,-18.4,976.3,demo_simulation
2026-08-19,-70.29,-147.27,8.98,1.0,-18.6,998.5,demo_simulation
2026-08-19,-70.29,-114.55,16.0,26.8,-17.0,968.9,demo_simulation
2026-08-19,-70.29,-81.82,10.82,27.6,-16.4,965.6,demo_simulation
2026-08-19,-70.29,-49.09,12.66,233.5,-15.2,960.9,demo_simulation
2026-08-19,-70.29,-16.36,8.74,332.1,-19.5,1007.3,demo_simulation
2026-08-19,-70.29,16.36,7.55,23.7,-19.6,1005.5,demo_simulation
2026-08-19,-70.29,49.09,6.89,10.3,-10.9,995.5,demo_simulation
2026-08-19,-70.29,81.82,7.51,182.9,-19.7,976.4,demo_simulation
2026-08-19,-70.29,114.55,13.59,208.0,-18.9,1004.4,demo_simulation
2026-08-19,-70.29,147.27,6.16,52.0,-16.0,964.7,demo_simulation
2026-08-19,-70.29,180.0,7.28,235.7,-18.2,981.9,demo_simulation
2026-08-19,-67.71,-180.0,17.79,106.6,-17.0,967.8,demo_simulation
2026-08-19,-67.71,-147.27,9.63,160.5,-15.4,963.5,demo_simulation
2026-08-19,-67.71,-114.55,8.04,1.4,-15.4,977.3,demo_simulation
2026-08-19,-67.71,-81.82,5.57,235.5,-16.4,962.4,demo_simulation
2026-08-19,-67.71,-49.09,14.06,68.8,-13.2,988.4,demo_simulation
2026-08-19,-67.71,-16.36,11.14,163.3,-18.0,994.0,demo_simulation
2026-08-19,-67.71,16.36,15.03,285.6,-9.5,975.9,demo_simulation
2026-08-19,-67.71,49.09,11.54,75.2,-17.3,961.8,demo_simulation
2026-08-19,-67.71,81.82,7.9,79.5,-18.3,976.3,demo_simulation
2026-08-19,-67.71,114.55,17.22,280.8,-12.6,968.7,demo_simulation
2026-08-19,-67.71,147.27,16.85,188.6,-16.3,986.7,demo_simulation
2026-08-19,-67.71,180.0,13.04,268.5,-17.3,970.2,demo_simulation
2026-08-19,-65.14,-180.0,7.44,292.6,-20.4,1003.3,demo_simulation
2026-08-19,-65.14,-147.27,16.25,295.4,-13.8,979.5,demo_simulation
2026-08-19,-65.14,-114.55,14.23,121.1,-12.1,1004.5,demo_simulation
2026-08-19,-65.14,-81.82,13.22,269.1,-15.8,1006.1,demo_simulation
2026-08-19,-65.14,-49.09,11.4,62.6,-10.3,980.6,demo_simulation
2026-08-19,-65.14,-16.36,7.72,273.6,-15.8,960.7,demo_simulation
2026-08-19,-65.14,16.36,10.29,86.7,-13.3,995.1,demo_simulation
2026-08-19,-65.14,49.09,16.71,307.4,-14.4,1009.3,demo_simulation
2026-08-19,-65.14,81.82,17.61,338.4,-14.7,992.8,demo_simulation
2026-08-19,-65.14,114.55,15.61,104.4,-14.3,990.1,demo_simulation
2026-08-19,-65.14,147.27,6.39,46.1,-18.8,1001.8,demo_simulation
2026-08-19,-65.14,180.0,16.42,285.4,-15.0,993.0,demo_simulation
2026-08-19,-62.57,-180.0,6.24,169.2,-8.8,1003.6,demo_simulation
2026-08-19,-62.57,-147.27,6.94,344.8,-12.1,1006.3,demo_simulation
2026-08-19,-62.57,-114.55,9.17,238.1,-9.8,999.6,demo_simulation
2026-08-19,-62.57,-81.82,14.77,221.8,-11.1,995.6,demo_simulation
2026-08-19,-62.57,-49.09,14.56,208.8,-10.1,982.1,demo_simulation
2026-08-19,-62.57,-16.36,10.6,352.9,-17.5,974.0,demo_simulation
2026-08-19,-62.57,16.36,9.14,149.4,-14.2,981.5,demo_simulation
2026-08-19,-62.57,49.09,14.03,7.6,-5.1,984.6,demo_simulation
2026-08-19,-62.57,81.82,11.5,175.5,-15.3,963.2,demo_simulation
2026-08-19,-62.57,114.55,8.07,135.1,-11.5,976.5,demo_simulation
2026-08-19,-62.57,147.27,6.82,173.9,-17.2,989.5,demo_simulation
2026-08-19,-62.57,180.0,13.88,356.1,-11.7,1001.9,demo_simulation
2026-08-19,-60.0,-180.0,8.33,5.7,-9.5,983.8,demo_simulation
2026-08-19,-60.0,-147.27,6.89,83.7,-9.8,960.8,demo_simulation
2026-08-19,-60.0,-114.55,12.37,134.8,-2.9,1008.9,demo_simulation
2026-08-19,-60.0,-81.82,5.64,208.2,-11.8,986.3,demo_simulation
2026-08-19,-60.0,-49.09,16.39,215.2,-9.4,997.8,demo_simulation
2026-08-19,-60.0,-16.36,13.2,148.6,-5.6,976.9,demo_simulation
2026-08-19,-60.0,16.36,7.35,280.0,-11.9,1004.8,demo_simulation
2026-08-19,-60.0,49.09,9.22,333.2,-13.0,989.5,demo_simulation
2026-08-19,-60.0,81.82,17.79,100.3,-13.4,994.1,demo_simulation
2026-08-19,-60.0,114.55,8.66,131.9,-8.2,989.8,demo_simulation
2026-08-19,-60.0,147.27,6.48,306.6,-6.2,975.0,demo_simulation
2026-08-19,-60.0,180.0,10.87,3.2,-15.2,966.0,demo_simulation
2026-08-18,-78.0,-180.0,17.04,353.8,-23.0,1001.4,demo_simulation
2026-08-18,-78.0,-147.27,15.7,333.6,-24.0,1009.9,demo_simulation
2026-08-18,-78.0,-114.55,10.36,180.2,-20.0,986.3,demo_simulation
2026-08-18,-78.0,-81.82,12.51,134.6,-21.2,975.9,demo_simulation
2026-08-18,-78.0,-49.09,5.6,90.0,-24.1,1007.3,demo_simulation
2026-08-18,-78.0,-16.36,10.07,294.3,-24.1,998.6,demo_simulation
2026-08-18,-78.0,16.36,10.55,110.8,-24.9,1000.6,demo_simulation
2026-08-18,-78.0,49.09,5.18,172.4,-22.0,985.2,demo_simulation
2026-08-18,-78.0,81.82,13.86,256.0,-25.7,984.4,demo_simulation
2026-08-18,-78.0,114.55,17.33,278.2,-22.9,983.3,demo_simulation
2026-08-18,-78.0,147.27,16.8,240.6,-28.2,971.6,demo_simulation
2026-08-18,-78.0,180.0,14.2,107.4,-23.7,966.4,demo_simulation
2026-08-18,-75.43,-180.0,9.14,283.5,-18.5,991.8,demo_simulation
2026-08-18,-75.43,-147.27,6.71,259.1,-13.8,976.4,demo_simulation
2026-08-18,-75.43,-114.55,15.85,192.3,-22.2,967.4,demo_simulation
2026-08-18,-75.43,-81.82,12.2,139.4,-24.5,966.5,demo_simulation
2026-08-18,-75.43,-49.09,16.02,106.1,-16.9,985.2,demo_simulation
2026-08-18,-75.43,-16.36,16.41,15.6,-17.5,1008.8,demo_simulation
2026-08-18,-75.43,16.36,10.87,156.3,-29.1,974.5,demo_simulation
2026-08-18,-75.43,49.09,12.76,245.9,-19.4,973.6,demo_simulation
2026-08-18,-75.43,81.82,6.78,285.0,-22.0,974.4,demo_simulation
2026-08-18,-75.43,114.55,9.33,92.7,-21.4,979.7,demo_simulation
2026-08-18,-75.43,147.27,12.41,188.4,-18.3,981.0,demo_simulation
2026-08-18,-75.43,180.0,11.37,310.2,-21.4,974.1,demo_simulation
2026-08-18,-72.86,-180.0,9.45,266.0,-20.4,976.7,demo_simulation
2026-08-18,-72.86,-147.27,12.48,167.2,-19.6,968.1,demo_simulation
2026-08-18,-72.86,-114.55,6.65,253.0,-20.4,968.5,demo_simulation
2026-08-18,-72.86,-81.82,13.69,145.2,-22.2,1003.1,demo_simulation
2026-08-18,-72.86,-49.09,12.66,131.8,-14.4,985.5,demo_simulation
2026-08-18,-72.86,-16.36,16.93,202.3,-19.6,1007.7,demo_simulation
2026-08-18,-72.86,16.36,10.45,60.0,-21.5,993.9,demo_simulation
2026-08-18,-72.86,49.09,16.37,134.9,-21.3,961.3,demo_simulation
2026-08-18,-72.86,81.82,14.41,37.3,-13.5,985.2,demo_simulation
2026-08-18,-72.86,114.55,16.07,217.6,-24.5,1004.5,demo_simulation
2026-08-18,-72.86,147.27,10.25,27.5,-20.9,1007.7,demo_simulation
2026-08-18,-72.86,180.0,14.92,208.6,-21.2,977.0,demo_simulation
2026-08-18,-70.29,-180.0,15.15,357.3,-15.0,968.3,demo_simulation
2026-08-18,-70.29,-147.27,7.82,333.0,-12.7,986.5,demo_simulation
2026-08-18,-70.29,-114.55,7.97,309.0,-19.7,989.8,demo_simulation
2026-08-18,-70.29,-81.82,8.15,291.7,-19.8,971.6,demo_simulation
2026-08-18,-70.29,-49.09,10.27,281.3,-20.4,990.7,demo_simulation
2026-08-18,-70.29,-16.36,5.69,59.7,-14.8,960.3,demo_simulation
2026-08-18,-70.29,16.36,10.24,151.1,-19.8,984.9,demo_simulation
2026-08-18,-70.29,49.09,6.41,164.0,-10.8,984.5,demo_simulation
2026-08-18,-70.29,81.82,13.36,217.7,-20.0,984.7,demo_simulation
2026-08-18,-70.29,114.55,11.05,87.1,-21.6,979.1,demo_simulation
2026-08-18,-70.29,147.27,7.81,288.8,-20.7,976.1,demo_simulation
2026-08-18,-70.29,180.0,9.5,53.8,-16.2,989.7,demo_simulation
2026-08-18,-67.71,-180.0,6.33,337.5,-18.5,998.7,demo_simulation
2026-08-18,-67.71,-147.27,14.89,250.8,-17.1,989.2,demo_simulation
2026-08-18,-67.71,-114.55,5.6,157.3,-15.5,980.0,demo_simulation
2026-08-18,-67.71,-81.82,14.15,280.9,-12.1,966.9,demo_simulation
2026-08-18,-67.71,-49.09,9.02,238.9,-20.4,986.6,demo_simulation
2026-08-18,-67.71,-16.36,15.22,96.0,-18.2,988.3,demo_simulation
2026-08-18,-67.71,16.36,14.38,266.0,-12.1,973.6,demo_simulation
2026-08-18,-67.71,49.09,17.42,170.7,-18.2,988.3,demo_simulation
2026-08-18,-67.71,81.82,16.28,151.3,-16.1,979.5,demo_simulation
2026-08-18,-67.71,114.55,7.48,39.8,-14.3,975.4,demo_simulation
2026-08-18,-67.71,147.27,15.29,110.7,-20.8,970.4,demo_simulation
2026-08-18,-67.71,180.0,7.31,83.0,-15.6,978.6,demo_simulation
2026-08-18,-65.14,-180.0,10.93,68.8,-10.6,976.1,demo_simulation
2026-08-18,-65.14,-147.27,14.64,61.8,-10.2,980.7,demo_simulation
2026-08-18,-65.14,-114.55,13.39,196.2,-10.0,969.0,demo_simulation
2026-08-18,-65.14,-81.82,11.28,151.5,-10.0,973.4,demo_simulation
2026-08-18,-65.14,-49.09,5.92,178.8,-7.9,978.9,demo_simulation
2026-08-18,-65.14,-16.36,7.53,326.0,-13.5,975.9,demo_simulation
2026-08-18,-65.14,16.36,5.35,88.1,-14.5,994.0,demo_simulation
2026-08-18,-65.14,49.09,14.64,196.6,-15.3,1008.7,demo_simulation
2026-08-18,-65.14,81.82,10.77,161.8,-11.4,972.7,demo_simulation
2026-08-18,-65.14,114.55,12.12,13.1,-14.4,1007.5,demo_simulation
2026-08-18,-65.14,147.27,15.44,110.1,-13.0,994.6,demo_simulation
2026-08-18,-65.14,180.0,15.77,87.1,-18.7,1005.1,demo_simulation
2026-08-18,-62.57,-180.0,14.51,309.0,-11.5,1000.1,demo_simulation
2026-08-18,-62.57,-147.27,16.03,243.4,-13.3,961.9,demo_simulation
2026-08-18,-62.57,-114.55,14.64,267.4,-6.3,977.1,demo_simulation
2026-08-18,-62.57,-81.82,12.01,134.2,-17.8,996.3,demo_simulation
2026-08-18,-62.57,-49.09,16.07,309.5,-9.2,1001.1,demo_simulation
2026-08-18,-62.57,-16.36,6.66,36.8,-7.2,968.4,demo_simulation
2026-08-18,-62.57,16.36,11.64,310.6,-10.0,992.9,demo_simulation
2026-08-18,-62.57,49.09,12.18,108.9,-10.0,967.6,demo_simulation
2026-08-18,-62.57,81.82,8.68,14.7,-11.6,997.8,demo_simulation
2026-08-18,-62.57,114.55,9.16,206.9,-11.3,992.7,demo_simulation
2026-08-18,-62.57,147.27,7.46,40.5,-8.9,961.1,demo_simulation
2026-08-18,-62.57,180.0,8.73,60.7,-15.9,979.3,demo_simulation
2026-08-18,-60.0,-180.0,9.85,143.9,-10.6,968.9,demo_simulation
2026-08-18,-60.0,-147.27,9.24,331.6,-5.0,974.0,demo_simulation
2026-08-18,-60.0,-114.55,9.26,231.6,-4.3,974.0,demo_simulation
2026-08-18,-60.0,-81.82,6.57,241.9,-3.6,976.8,demo_simulation
2026-08-18,-60.0,-49.09,6.95,136.9,-6.6,990.6,demo_simulation
2026-08-18,-60.0,-16.36,16.67,149.0,-6.6,1008.7,demo_simulation
2026-08-18,-60.0,16.36,5.13,79.4,-7.8,983.1,demo_simulation
2026-08-18,-60.0,49.09,11.74,246.2,-9.6,981.8,demo_simulation
2026-08-18,-60.0,81.82,15.01,99.9,-10.4,965.7,demo_simulation
2026-08-18,-60.0,114.55,15.23,8.2,-8.9,996.1,demo_simulation
2026-08-18,-60.0,147.27,6.29,197.0,-7.1,966.7,demo_simulation
2026-08-18,-60.0,180.0,13.34,180.4,-7.9,1001.2,demo_simulation
2026-08-17,-78.0,-180.0,13.66,306.8,-24.9,980.3,demo_simulation
2026-08-17,-78.0,-147.27,12.26,347.6,-24.6,1005.7,demo_simulation
2026-08-17,-78.0,-114.55,9.85,17.1,-21.4,973.5,demo_simulation
2026-08-17,-78.0,-81.82,14.44,116.2,-18.3,1006.2,demo_simulation
2026-08-17,-78.0,-49.09,14.54,288.7,-22.7,1004.2,demo_simulation
2026-08-17,-78.0,-16.36,12.97,173.9,-22.1,986.0,demo_simulation
2026-08-17,-78.0,16.36,9.86,148.4,-23.9,1004.2,demo_simulation
2026-08-17,-78.0,49.09,5.57,241.0,-27.5,995.1,demo_simulation
2026-08-17,-78.0,81.82,7.59,220.3,-18.4,979.1,demo_simulation
2026-08-17,-78.0,114.55,9.26,336.0,-26.2,1002.8,demo_simulation
2026-08-17,-78.0,147.27,17.25,326.4,-22.6,1004.3,demo_simulation
2026-08-17,-78.0,180.0,8.62,183.2,-24.7,995.6,demo_simulation
2026-08-17,-75.43,-180.0,9.14,159.9,-18.6,960.5,demo_simulation
2026-08-17,-75.43,-147.27,17.16,274.6,-20.5,985.6,demo_simulation
2026-08-17,-75.43,-114.55,5.96,307.1,-19.3,971.7,demo_simulation
2026-08-17,-75.43,-81.82,10.71,123.4,-24.0,999.6,demo_simulation
2026-08-17,-75.43,-49.09,17.56,254.8,-20.8,981.9,demo_simulation
2026-08-17,-75.43,-16.36,10.53,314.0,-21.5,1001.3,demo_simulation
2026-08-17,-75.43,16.36,17.7,7.6,-14.8,1009.1,demo_simulation
2026-08-17,-75.43,49.09,15.05,225.1,-24.0,1009.2,demo_simulation
2026-08-17,-75.43,81.82,16.03,247.1,-18.9,1004.1,demo_simulation
2026-08-17,-75.43,114.55,11.87,152.2,-24.4,978.4,demo_simulation
2026-08-17,-75.43,147.27,9.7,17.1,-25.0,995.8,demo_simulation
2026-08-17,-75.43,180.0,16.63,173.3,-20.4,973.2,demo_simulation
2026-08-17,-72.86,-180.0,9.26,221.1,-22.7,1010.0,demo_simulation
2026-08-17,-72.86,-147.27,12.85,78.0,-24.7,986.0,demo_simulation
2026-08-17,-72.86,-114.55,16.23,119.8,-20.6,972.3,demo_simulation
2026-08-17,-72.86,-81.82,13.1,289.7,-17.9,962.9,demo_simulation
2026-08-17,-72.86,-49.09,6.72,115.9,-22.5,1009.1,demo_simulation
2026-08-17,-72.86,-16.36,13.54,210.4,-19.9,962.6,demo_simulation
2026-08-17,-72.86,16.36,8.54,349.2,-22.6,966.0,demo_simulation
2026-08-17,-72.86,49.09,7.5,337.7,-23.9,972.5,demo_simulation
2026-08-17,-72.86,81.82,7.29,65.2,-19.0,978.3,demo_simulation
2026-08-17,-72.86,114.55,5.28,46.8,-21.3,993.4,demo_simulation
2026-08-17,-72.86,147.27,13.74,250.5,-15.0,965.5,demo_simulation
2026-08-17,-72.86,180.0,5.34,237.1,-17.9,995.5,demo_simulation
2026-08-17,-70.29,-180.0,6.88,186.0,-16.5,982.7,demo_simulation
2026-08-17,-70.29,-147.27,16.15,320.9,-18.4,1002.4,demo_simulation
2026-08-17,-70.29,-114.55,15.03,99.3,-13.1,993.4,demo_simulation
2026-08-17,-70.29,-81.82,6.23,173.9,-11.7,1000.2,demo_simulation
2026-08-17,-70.29,-49.09,7.61,309.2,-12.9,1006.9,demo_simulation
2026-08-17,-70.29,-16.36,5.23,245.1,-19.3,977.7,demo_simulation
2026-08-17,-70.29,16.36,8.13,175.3,-11.5,1008.8,demo_simulation
2026-08-17,-70.29,49.09,8.89,341.6,-17.5,988.1,demo_simulation
2026-08-17,-70.29,81.82,16.57,127.7,-12.8,960.5,demo_simulation
2026-08-17,-70.29,114.55,10.54,34.0,-15.1,996.9,demo_simulation
2026-08-17,-70.29,147.27,15.16,226.5,-13.0,972.5,demo_simulation
2026-08-17,-70.29,180.0,5.66,342.2,-17.5,1004.4,demo_simulation
2026-08-17,-67.71,-180.0,12.76,327.8,-18.6,1004.6,demo_simulation
2026-08-17,-67.71,-147.27,16.05,104.4,-10.9,981.7,demo_simulation
2026-08-17,-67.71,-114.55,12.46,297.4,-18.6,971.8,demo_simulation
2026-08-17,-67.71,-81.82,10.17,252.5,-12.8,978.9,demo_simulation
2026-08-17,-67.71,-49.09,8.8,358.4,-14.4,960.2,demo_simulation
2026-08-17,-67.71,-16.36,11.57,184.9,-11.2,998.9,demo_simulation
2026-08-17,-67.71,16.36,13.88,109.7,-16.2,965.8,demo_simulation
2026-08-17,-67.71,49.09,11.85,150.3,-14.8,996.3,demo_simulation
2026-08-17,-67.71,81.82,14.54,190.0,-16.0,971.9,demo_simulation
2026-08-17,-67.71,114.55,12.99,322.8,-12.0,967.3,demo_simulation
2026-08-17,-67.71,147.27,9.0,255.2,-18.1,992.2,demo_simulation
2026-08-17,-67.71,180.0,11.19,334.3,-13.1,989.5,demo_simulation
2026-08-17,-65.14,-180.0,17.78,306.2,-16.5,983.2,demo_simulation
2026-08-17,-65.14,-147.27,15.02,16.9,-10.5,996.4,demo_simulation
2026-08-17,-65.14,-114.55,10.47,93.4,-11.4,982.0,demo_simulation
2026-08-17,-65.14,-81.82,15.47,327.8,-13.2,961.5,demo_simulation
2026-08-17,-65.14,-49.09,12.33,95.4,-15.6,962.0,demo_simulation
2026-08-17,-65.14,-16.36,6.29,8.9,-10.0,983.1,demo_simulation
2026-08-17,-65.14,16.36,14.31,126.2,-10.1,984.3,demo_simulation
2026-08-17,-65.14,49.09,12.32,38.5,-9.2,998.5,demo_simulation
2026-08-17,-65.14,81.82,8.39,140.5,-14.0,994.1,demo_simulation
2026-08-17,-65.14,114.55,6.13,292.2,-14.9,977.3,demo_simulation
2026-08-17,-65.14,147.27,6.31,33.8,-9.8,969.5,demo_simulation
2026-08-17,-65.14,180.0,9.66,245.0,-15.5,992.5,demo_simulation
2026-08-17,-62.57,-180.0,13.04,183.1,-13.1,977.1,demo_simulation
2026-08-17,-62.57,-147.27,9.68,335.6,-13.9,963.8,demo_simulation
2026-08-17,-62.57,-114.55,14.51,128.0,-16.3,982.6,demo_simulation
2026-08-17,-62.57,-81.82,8.22,325.8,-13.7,980.6,demo_simulation
2026-08-17,-62.57,-49.09,17.48,206.6,-12.4,979.0,demo_simulation
2026-08-17,-62.57,-16.36,15.05,61.6,-11.3,971.3,demo_simulation
2026-08-17,-62.57,16.36,9.17,112.9,-6.2,967.5,demo_simulation
2026-08-17,-62.57,49.09,5.01,221.6,-16.3,970.7,demo_simulation
2026-08-17,-62.57,81.82,5.16,257.9,-14.5,963.2,demo_simulation
2026-08-17,-62.57,114.55,6.74,342.8,-11.0,975.4,demo_simulation
2026-08-17,-62.57,147.27,5.56,288.9,-10.5,969.5,demo_simulation
2026-08-17,-62.57,180.0,10.96,327.2,-10.7,961.9,demo_simulation
2026-08-17,-60.0,-180.0,16.63,318.3,-9.3,983.6,demo_simulation
2026-08-17,-60.0,-147.27,7.29,33.7,-10.5,990.0,demo_simulation
2026-08-17,-60.0,-114.55,15.07,260.3,-4.4,1004.2,demo_simulation
2026-08-17,-60.0,-81.82,7.11,61.8,-9.3,993.9,demo_simulation
2026-08-17,-60.0,-49.09,15.46,82.5,-6.8,1010.0,demo_simulation
2026-08-17,-60.0,-16.36,11.9,181.3,-7.8,992.5,demo_simulation
2026-08-17,-60.0,16.36,6.92,255.1,-5.3,966.1,demo_simulation
2026-08-17,-60.0,49.09,8.14,314.4,-5.8,1007.6,demo_simulation
2026-08-17,-60.0,81.82,14.04,75.7,-9.4,1000.4,demo_simulation
2026-08-17,-60.0,114.55,10.2,2.6,-10.4,970.6,demo_simulation
2026-08-17,-60.0,147.27,8.69,339.5,-11.9,968.4,demo_simulation
2026-08-17,-60.0,180.0,8.32,340.0,-15.5,998.0,demo_simulation
2026-08-16,-78.0,-180.0,17.75,329.8,-22.3,961.5,demo_simulation
2026-08-16,-78.0,-147.27,10.19,190.2,-26.6,987.9,demo_simulation
2026-08-16,-78.0,-114.55,6.0,310.3,-27.3,960.3,demo_simulation
2026-08-16,-78.0,-81.82,17.37,191.1,-22.8,985.1,demo_simulation
2026-08-16,-78.0,-49.09,5.18,74.4,-24.7,972.6,demo_simulation
2026-08-16,-78.0,-16.36,14.24,94.7,-18.7,992.1,demo_simulation
2026-08-16,-78.0,16.36,9.31,81.2,-18.2,973.2,demo_simulation
2026-08-16,-78.0,49.09,16.84,344.5,-27.4,974.0,demo_simulation
2026-08-16,-78.0,81.82,14.01,138.5,-20.7,1002.7,demo_simulation
2026-08-16,-78.0,114.55,5.26,146.0,-22.4,977.0,demo_simulation
2026-08-16,-78.0,147.27,6.83,183.4,-30.5,966.5,demo_simulation
2026-08-16,-78.0,180.0,11.11,344.8,-23.8,980.9,demo_simulation
2026-08-16,-75.43,-180.0,10.55,172.4,-22.1,976.8,demo_simulation
2026-08-16,-75.43,-147.27,16.5,231.3,-21.6,994.1,demo_simulation
2026-08-16,-75.43,-114.55,8.88,77.3,-16.9,1000.1,demo_simulation
2026-08-16,-75.43,-81.82,11.49,221.0,-21.3,974.3,demo_simulation
2026-08-16,-75.43,-49.09,9.9,36.5,-16.4,1004.7,demo_simulation
2026-08-16,-75.43,-16.36,10.8,240.6,-18.2,988.5,demo_simulation
2026-08-16,-75.43,16.36,13.16,230.5,-20.0,1005.8,demo_simulation
2026-08-16,-75.43,49.09,15.11,92.7,-19.9,961.4,demo_simulation
2026-08-16,-75.43,81.82,6.78,7.0,-23.9,986.9,demo_simulation
2026-08-16,-75.43,114.55,6.87,236.2,-18.4,996.0,demo_simulation
2026-08-16,-75.43,147.27,11.68,352.9,-20.7,984.0,demo_simulation
2026-08-16,-75.43,180.0,5.93,280.5,-23.9,978.2,demo_simulation
2026-08-16,-72.86,-180.0,11.1,340.5,-14.4,988.1,demo_simulation
2026-08-16,-72.86,-147.27,7.62,74.0,-16.4,1008.8,demo_simulation
2026-08-16,-72.86,-114.55,5.27,359.7,-17.1,1003.8,demo_simulation
2026-08-16,-72.86,-81.82,7.11,40.6,-19.5,981.1,demo_simulation
2026-08-16,-72.86,-49.09,13.51,31.0,-21.6,1002.6,demo_simulation
2026-08-16,-72.86,-16.36,11.57,187.5,-17.0,970.3,demo_simulation
2026-08-16,-72.86,16.36,6.72,56.8,-14.3,975.6,demo_simulation
2026-08-16,-72.86,49.09,7.14,120.0,-19.2,961.8,demo_simulation
2026-08-16,-72.86,81.82,7.39,199.0,-18.2,1007.3,demo_simulation
2026-08-16,-72.86,114.55,9.03,249.0,-16.9,1007.5,demo_simulation
2026-08-16,-72.86,147.27,15.71,26.0,-23.5,996.0,demo_simulation
2026-08-16,-72.86,180.0,7.77,218.6,-23.2,986.6,demo_simulation
2026-08-16,-70.29,-180.0,11.77,189.7,-18.0,997.2,demo_simulation
2026-08-16,-70.29,-147.27,15.86,281.9,-22.3,983.7,demo_simulation
2026-08-16,-70.29,-114.55,16.73,250.0,-16.1,978.3,demo_simulation
2026-08-16,-70.29,-81.82,6.7,293.5,-16.0,987.8,demo_simulation
2026-08-16,-70.29,-49.09,17.97,295.3,-14.4,968.7,demo_simulation
2026-08-16,-70.29,-16.36,13.86,252.9,-19.3,998.6,demo_simulation
2026-08-16,-70.29,16.36,6.17,53.7,-16.8,983.8,demo_simulation
2026-08-16,-70.29,49.09,12.51,283.4,-21.1,968.9,demo_simulation
2026-08-16,-70.29,81.82,13.08,178.7,-19.7,962.4,demo_simulation
2026-08-16,-70.29,114.55,17.35,354.1,-24.3,1000.2,demo_simulation
2026-08-16,-70.29,147.27,7.84,333.7,-21.9,998.1,demo_simulation
2026-08-16,-70.29,180.0,5.62,311.0,-18.3,1007.5,demo_simulation
2026-08-16,-67.71,-180.0,8.91,253.1,-12.2,998.2,demo_simulation
2026-08-16,-67.71,-147.27,7.45,8.8,-18.0,969.6,demo_simulation
2026-08-16,-67.71,-114.55,10.4,69.0,-14.1,962.2,demo_simulation
2026-08-16,-67.71,-81.82,9.01,334.1,-15.0,961.0,demo_simulation
2026-08-16,-67.71,-49.09,15.12,190.5,-18.0,988.5,demo_simulation
2026-08-16,-67.71,-16.36,13.24,207.0,-16.5,978.4,demo_simulation
2026-08-16,-67.71,16.36,16.63,268.4,-19.8,995.1,demo_simulation
2026-08-16,-67.71,49.09,15.14,169.8,-16.9,993.4,demo_simulation
2026-08-16,-67.71,81.82,5.14,84.3,-17.9,981.3,demo_simulation
2026-08-16,-67.71,114.55,14.41,133.3,-15.7,990.9,demo_simulation
2026-08-16,-67.71,147.27,17.04,271.7,-9.7,1005.5,demo_simulation
2026-08-16,-67.71,180.0,17.64,225.8,-18.3,981.0,demo_simulation
2026-08-16,-65.14,-180.0,12.71,237.4,-12.3,985.6,demo_simulation
2026-08-16,-65.14,-147.27,16.22,323.8,-13.7,975.7,demo_simulation
2026-08-16,-65.14,-114.55,12.64,167.5,-11.3,990.0,demo_simulation
2026-08-16,-65.14,-81.82,11.35,121.4,-10.7,988.5,demo_simulation
2026-08-16,-65.14,-49.09,9.45,29.3,-8.4,976.0,demo_simulation
2026-08-16,-65.14,-16.36,7.54,212.0,-12.2,973.4,demo_simulation
2026-08-16,-65.14,16.36,16.56,163.5,-16.2,990.0,demo_simulation
2026-08-16,-65.14,49.09,13.71,84.3,-8.8,975.2,demo_simulation
2026-08-16,-65.14,81.82,13.74,191.4,-15.1,969.8,demo_simulation
2026-08-16,-65.14,114.55,12.15,296.2,-13.6,962.9,demo_simulation
2026-08-16,-65.14,147.27,10.21,319.1,-10.1,978.0,demo_simulation
2026-08-16,-65.14,180.0,15.05,178.5,-13.6,1009.7,demo_simulation
2026-08-16,-62.57,-180.0,14.63,19.6,-14.0,971.8,demo_simulation
2026-08-16,-62.57,-147.27,12.8,59.6,-12.4,972.5,demo_simulation
2026-08-16,-62.57,-114.55,17.58,122.9,-8.1,982.5,demo_simulation
2026-08-16,-62.57,-81.82,10.42,116.2,-12.3,961.1,demo_simulation
2026-08-16,-62.57,-49.09,6.75,322.5,-11.8,995.1,demo_simulation
2026-08-16,-62.57,-16.36,14.46,96.0,-12.2,984.3,demo_simulation
2026-08-16,-62.57,16.36,8.42,38.9,-9.4,987.6,demo_simulation
2026-08-16,-62.57,49.09,10.26,191.4,-11.6,1000.6,demo_simulation
2026-08-16,-62.57,81.82,9.11,17.4,-11.1,973.7,demo_simulation
2026-08-16,-62.57,114.55,15.86,262.8,-8.9,994.0,demo_simulation
2026-08-16,-62.57,147.27,17.38,169.0,-10.5,985.3,demo_simulation
2026-08-16,-62.57,180.0,7.0,321.6,-8.9,989.2,demo_simulation
2026-08-16,-60.0,-180.0,12.49,312.5,-10.5,985.4,demo_simulation
2026-08-16,-60.0,-147.27,15.78,148.8,-12.1,963.5,demo_simulation
2026-08-16,-60.0,-114.55,9.32,319.6,-11.8,970.8,demo_simulation
2026-08-16,-60.0,-81.82,6.5,266.7,-10.9,994.8,demo_simulation
2026-08-16,-60.0,-49.09,14.12,166.1,-5.7,980.9,demo_simulation
2026-08-16,-60.0,-16.36,5.11,208.9,-7.9,991.8,demo_simulation
2026-08-16,-60.0,16.36,12.95,105.3,-10.3,1000.7,demo_simulation
2026-08-16,-60.0,49.09,7.91,351.6,-6.3,991.9,demo_simulation
2026-08-16,-60.0,81.82,14.54,51.1,-15.5,994.9,demo_simulation
2026-08-16,-60.0,114.55,7.16,31.3,-10.8,965.4,demo_simulation
2026-08-16,-60.0,147.27,14.98,112.1,-10.4,976.0,demo_simulation
2026-08-16,-60.0,180.0,7.86,336.0,-10.4,969.0,demo_simulation
2026-08-15,-78.0,-180.0,9.75,303.8,-21.3,978.8,demo_simulation
2026-08-15,-78.0,-147.27,6.72,241.1,-29.7,973.0,demo_simulation
2026-08-15,-78.0,-114.55,8.95,201.6,-20.8,1003.8,demo_simulation
2026-08-15,-78.0,-81.82,16.89,170.2,-26.3,996.2,demo_simulation
2026-08-15,-78.0,-49.09,16.96,62.5,-20.8,972.3,demo_simulation
2026-08-15,-78.0,-16.36,10.35,73.6,-25.3,993.0,demo_simulation
2026-08-15,-78.0,16.36,12.58,131.4,-17.7,962.3,demo_simulation
2026-08-15,-78.0,49.09,11.17,30.6,-17.9,985.4,demo_simulation
2026-08-15,-78.0,81.82,8.44,312.8,-29.8,975.7,demo_simulation
2026-08-15,-78.0,114.55,9.85,350.2,-21.9,996.1,demo_simulation
2026-08-15,-78.0,147.27,12.88,280.3,-23.5,982.0,demo_simulation
2026-08-15,-78.0,180.0,15.54,295.5,-22.0,1000.2,demo_simulation
2026-08-15,-75.43,-180.0,7.92,192.7,-21.5,981.2,demo_simulation
2026-08-15,-75.43,-147.27,17.82,282.1,-18.4,964.4,demo_simulation
2026-08-15,-75.43,-114.55,11.84,167.2,-17.4,984.0,demo_simulation
2026-08-15,-75.43,-81.82,5.52,224.2,-28.4,1004.1,demo_simulation
2026-08-15,-75.43,-49.09,10.71,141.2,-21.6,964.1,demo_simulation
2026-08-15,-75.43,-16.36,6.95,112.8,-19.0,962.7,demo_simulation
2026-08-15,-75.43,16.36,15.16,107.7,-21.8,996.5,demo_simulation
2026-08-15,-75.43,49.09,11.54,136.7,-17.0,973.6,demo_simulation
2026-08-15,-75.43,81.82,5.15,6.3,-27.1,998.9,demo_simulation
2026-08-15,-75.43,114.55,13.41,131.1,-20.3,992.9,demo_simulation
2026-08-15,-75.43,147.27,5.66,354.4,-20.8,964.7,demo_simulation
2026-08-15,-75.43,180.0,6.8,244.6,-16.8,991.4,demo_simulation
2026-08-15,-72.86,-180.0,7.76,25.9,-16.9,968.9,demo_simulation
2026-08-15,-72.86,-147.27,17.37,135.0,-26.2,973.5,demo_simulation
2026-08-15,-72.86,-114.55,12.89,158.2,-18.3,970.9,demo_simulation
2026-08-15,-72.86,-81.82,8.97,135.9,-22.3,989.7,demo_simulation
2026-08-15,-72.86,-49.09,13.18,180.6,-13.5,986.2,demo_simulation
2026-08-15,-72.86,-16.36,11.58,135.6,-17.9,994.5,demo_simulation
2026-08-15,-72.86,16.36,5.97,15.0,-20.8,992.7,demo_simulation
2026-08-15,-72.86,49.09,11.79,105.2,-17.9,981.5,demo_simulation
2026-08-15,-72.86,81.82,7.82,213.1,-18.9,984.8,demo_simulation
2026-08-15,-72.86,114.55,17.49,264.1,-16.4,984.9,demo_simulation
2026-08-15,-72.86,147.27,16.39,72.6,-20.0,993.9,demo_simulation
2026-08-15,-72.86,180.0,7.78,318.2,-20.0,966.8,demo_simulation
2026-08-15,-70.29,-180.0,12.25,29.6,-20.7,980.4,demo_simulation
2026-08-15,-70.29,-147.27,8.2,72.5,-17.4,990.6,demo_simulation
2026-08-15,-70.29,-114.55,14.2,185.6,-20.0,961.6,demo_simulation
2026-08-15,-70.29,-81.82,7.85,255.2,-19.3,961.8,demo_simulation
2026-08-15,-70.29,-49.09,14.93,314.4,-15.0,972.0,demo_simulation
2026-08-15,-70.29,-16.36,16.95,79.2,-14.1,986.3,demo_simulation
2026-08-15,-70.29,16.36,15.67,325.2,-19.9,1003.2,demo_simulation
2026-08-15,-70.29,49.09,10.68,343.3,-16.1,966.5,demo_simulation
2026-08-15,-70.29,81.82,11.73,211.8,-18.4,997.2,demo_simulation
2026-08-15,-70.29,114.55,10.39,309.1,-15.5,967.2,demo_simulation
2026-08-15,-70.29,147.27,11.9,123.9,-19.6,983.9,demo_simulation
2026-08-15,-70.29,180.0,12.95,193.8,-17.5,1008.6,demo_simulation
2026-08-15,-67.71,-180.0,7.27,322.9,-12.8,982.4,demo_simulation
2026-08-15,-67.71,-147.27,5.16,118.8,-16.0,968.6,demo_simulation
2026-08-15,-67.71,-114.55,13.41,40.8,-13.2,1004.1,demo_simulation
2026-08-15,-67.71,-81.82,9.06,43.6,-10.9,963.8,demo_simulation
2026-08-15,-67.71,-49.09,8.85,48.3,-13.1,965.8,demo_simulation
2026-08-15,-67.71,-16.36,12.54,161.8,-12.0,969.7,demo_simulation
2026-08-15,-67.71,16.36,5.94,259.7,-15.2,992.5,demo_simulation
2026-08-15,-67.71,49.09,10.58,21.7,-17.8,988.4,demo_simulation
2026-08-15,-67.71,81.82,15.48,272.0,-16.0,965.1,demo_simulation
2026-08-15,-67.71,114.55,7.13,272.4,-11.8,993.7,demo_simulation
2026-08-15,-67.71,147.27,9.22,277.1,-14.7,984.3,demo_simulation
2026-08-15,-67.71,180.0,7.35,18.5,-22.4,995.7,demo_simulation
2026-08-15,-65.14,-180.0,10.71,183.1,-13.0,1007.9,demo_simulation
2026-08-15,-65.14,-147.27,12.59,186.3,-12.3,993.8,demo_simulation
2026-08-15,-65.14,-114.55,11.32,100.8,-7.9,993.0,demo_simulation
2026-08-15,-65.14,-81.82,9.85,66.4,-15.1,993.3,demo_simulation
2026-08-15,-65.14,-49.09,16.05,256.1,-12.7,995.4,demo_simulation
2026-08-15,-65.14,-16.36,13.58,181.2,-19.4,993.0,demo_simulation
2026-08-15,-65.14,16.36,12.9,339.4,-11.7,987.4,demo_simulation
2026-08-15,-65.14,49.09,15.85,92.7,-12.8,996.9,demo_simulation
2026-08-15,-65.14,81.82,9.86,39.2,-17.5,979.6,demo_simulation
2026-08-15,-65.14,114.55,15.71,263.2,-13.9,976.9,demo_simulation
2026-08-15,-65.14,147.27,6.92,230.7,-14.8,963.4,demo_simulation
2026-08-15,-65.14,180.0,14.76,88.8,-14.2,966.1,demo_simulation
2026-08-15,-62.57,-180.0,5.79,303.8,-11.8,970.6,demo_simulation
2026-08-15,-62.57,-147.27,16.29,357.4,-12.3,992.5,demo_simulation
2026-08-15,-62.57,-114.55,7.53,195.1,-9.7,984.6,demo_simulation
2026-08-15,-62.57,-81.82,6.69,160.7,-7.7,966.0,demo_simulation
2026-08-15,-62.57,-49.09,10.58,27.9,-12.8,984.0,demo_simulation
2026-08-15,-62.57,-16.36,8.61,192.3,-4.8,975.4,demo_simulation
2026-08-15,-62.57,16.36,7.53,166.0,-10.1,983.4,demo_simulation
2026-08-15,-62.57,49.09,5.71,248.5,-8.2,975.8,demo_simulation
2026-08-15,-62.57,81.82,16.46,242.6,-11.8,994.0,demo_simulation
2026-08-15,-62.57,114.55,11.23,39.5,-11.7,1005.3,demo_simulation
2026-08-15,-62.57,147.27,14.24,15.5,-8.0,979.6,demo_simulation
2026-08-15,-62.57,180.0,5.56,274.1,-7.9,989.6,demo_simulation
2026-08-15,-60.0,-180.0,5.42,20.4,-11.1,963.3,demo_simulation
2026-08-15,-60.0,-147.27,17.17,334.9,-10.4,1005.1,demo_simulation
2026-08-15,-60.0,-114.55,9.76,256.3,-7.5,982.2,demo_simulation
2026-08-15,-60.0,-81.82,16.22,295.7,-7.1,971.3,demo_simulation
2026-08-15,-60.0,-49.09,6.28,166.8,-14.9,992.5,demo_simulation
2026-08-15,-60.0,-16.36,10.55,55.5,-9.2,992.1,demo_simulation
2026-08-15,-60.0,16.36,6.82,68.4,-8.1,973.5,demo_simulation
2026-08-15,-60.0,49.09,17.93,332.0,-9.9,972.4,demo_simulation
2026-08-15,-60.0,81.82,14.2,267.2,-7.8,969.4,demo_simulation
2026-08-15,-60.0,114.55,7.99,172.9,-12.6,1002.5,demo_simulation
2026-08-15,-60.0,147.27,17.4,221.7,-1.6,978.1,demo_simulation
2026-08-15,-60.0,180.0,5.65,117.6,-16.3,961.6,demo_simulation
2026-08-14,-78.0,-180.0,8.15,91.6,-19.4,994.4,demo_simulation
2026-08-14,-78.0,-147.27,5.41,216.5,-21.8,971.6,demo_simulation
2026-08-14,-78.0,-114.55,6.24,72.2,-21.0,967.9,demo_simulation
2026-08-14,-78.0,-81.82,11.01,156.0,-20.4,960.2,demo_simulation
2026-08-14,-78.0,-49.09,13.79,209.7,-19.8,975.6,demo_simulation
2026-08-14,-78.0,-16.36,10.25,75.3,-28.2,988.9,demo_simulation
2026-08-14,-78.0,16.36,13.33,337.3,-28.5,985.0,demo_simulation
2026-08-14,-78.0,49.09,16.59,179.3,-24.7,987.1,demo_simulation
2026-08-14,-78.0,81.82,7.31,337.5,-24.5,1004.7,demo_simulation
2026-08-14,-78.0,114.55,10.8,283.8,-22.3,1008.1,demo_simulation
2026-08-14,-78.0,147.27,13.2,351.4,-20.7,1009.9,demo_simulation
2026-08-14,-78.0,180.0,17.95,279.6,-28.0,987.4,demo_simulation
2026-08-14,-75.43,-180.0,12.76,71.6,-19.6,994.8,demo_simulation
2026-08-14,-75.43,-147.27,8.98,43.6,-24.7,993.7,demo_simulation
2026-08-14,-75.43,-114.55,10.76,81.9,-21.4,962.1,demo_simulation
2026-08-14,-75.43,-81.82,15.78,250.2,-19.2,976.3,demo_simulation
2026-08-14,-75.43,-49.09,12.37,305.9,-22.1,964.0,demo_simulation
2026-08-14,-75.43,-16.36,7.47,196.6,-24.6,964.8,demo_simulation
2026-08-14,-75.43,16.36,13.71,269.0,-20.6,978.0,demo_simulation
2026-08-14,-75.43,49.09,15.11,36.3,-22.1,1005.0,demo_simulation
2026-08-14,-75.43,81.82,10.37,314.9,-20.1,988.9,demo_simulation
2026-08-14,-75.43,114.55,13.77,245.5,-19.1,990.8,demo_simulation
2026-08-14,-75.43,147.27,9.58,169.9,-22.1,1006.1,demo_simulation
2026-08-14,-75.43,180.0,17.14,75.3,-26.8,983.6,demo_simulation
2026-08-14,-72.86,-180.0,5.53,253.5,-19.4,1002.2,demo_simulation
2026-08-14,-72.86,-147.27,14.46,217.7,-15.5,996.7,demo_simulation
2026-08-14,-72.86,-114.55,18.0,19.6,-19.9,997.4,demo_simulation
2026-08-14,-72.86,-81.82,5.81,148.2,-17.4,1000.6,demo_simulation
2026-08-14,-72.86,-49.09,16.65,289.0,-21.1,1007.8,demo_simulation
2026-08-14,-72.86,-16.36,5.17,75.3,-19.4,1007.4,demo_simulation
2026-08-14,-72.86,16.36,6.21,310.5,-21.6,997.4,demo_simulation
2026-08-14,-72.86,49.09,7.36,336.6,-21.6,972.8,demo_simulation
2026-08-14,-72.86,81.82,8.4,15.2,-16.7,985.1,demo_simulation
2026-08-14,-72.86,114.55,16.71,69.1,-16.6,1006.5,demo_simulation
2026-08-14,-72.86,147.27,5.6,252.6,-18.4,991.2,demo_simulation
2026-08-14,-72.86,180.0,10.2,341.5,-23.8,983.2,demo_simulation
2026-08-14,-70.29,-180.0,7.63,42.4,-18.3,997.4,demo_simulation
2026-08-14,-70.29,-147.27,17.98,300.4,-9.0,992.4,demo_simulation
2026-08-14,-70.29,-114.55,13.82,18.3,-18.3,963.5,demo_simulation
2026-08-14,-70.29,-81.82,12.31,117.1,-21.5,966.3,demo_simulation
2026-08-14,-70.29,-49.09,11.29,266.4,-16.5,978.5,demo_simulation
2026-08-14,-70.29,-16.36,5.91,183.3,-14.7,968.2,demo_simulation
2026-08-14,-70.29,16.36,17.6,71.4,-15.5,981.8,demo_simulation
2026-08-14,-70.29,49.09,6.34,229.3,-12.6,971.4,demo_simulation
2026-08-14,-70.29,81.82,14.3,109.7,-22.0,985.6,demo_simulation
2026-08-14,-70.29,114.55,10.02,43.6,-21.0,974.0,demo_simulation
2026-08-14,-70.29,147.27,6.88,125.8,-20.5,993.3,demo_simulation
2026-08-14,-70.29,180.0,11.3,230.3,-23.2,962.1,demo_simulation
2026-08-14,-67.71,-180.0,16.25,261.2,-10.0,985.9,demo_simulation
2026-08-14,-67.71,-147.27,8.47,38.7,-21.1,986.0,demo_simulation
2026-08-14,-67.71,-114.55,17.37,41.5,-17.6,982.7,demo_simulation
2026-08-14,-67.71,-81.82,7.5,266.3,-15.8,979.9,demo_simulation
2026-08-14,-67.71,-49.09,14.3,308.6,-16.0,972.7,demo_simulation
2026-08-14,-67.71,-16.36,12.13,275.6,-15.2,974.7,demo_simulation
2026-08-14,-67.71,16.36,7.9,72.8,-13.2,984.2,demo_simulation
2026-08-14,-67.71,49.09,11.24,145.0,-12.8,1001.8,demo_simulation
2026-08-14,-67.71,81.82,17.15,1.5,-17.4,989.1,demo_simulation
2026-08-14,-67.71,114.55,6.63,194.0,-18.3,983.5,demo_simulation
2026-08-14,-67.71,147.27,16.05,351.1,-16.1,978.5,demo_simulation
2026-08-14,-67.71,180.0,14.51,173.0,-15.1,975.7,demo_simulation
2026-08-14,-65.14,-180.0,9.56,288.9,-19.8,1002.4,demo_simulation
2026-08-14,-65.14,-147.27,7.03,61.1,-14.5,984.5,demo_simulation
2026-08-14,-65.14,-114.55,12.35,280.6,-12.5,1009.2,demo_simulation
2026-08-14,-65.14,-81.82,9.61,32.5,-15.4,989.2,demo_simulation
2026-08-14,-65.14,-49.09,15.71,228.6,-15.4,1002.4,demo_simulation
2026-08-14,-65.14,-16.36,15.32,181.8,-6.3,962.1,demo_simulation
2026-08-14,-65.14,16.36,11.06,234.4,-12.5,972.1,demo_simulation
2026-08-14,-65.14,49.09,7.89,189.6,-8.6,1001.2,demo_simulation
2026-08-14,-65.14,81.82,15.4,337.2,-15.1,989.5,demo_simulation
2026-08-14,-65.14,114.55,9.62,10.1,-16.4,984.2,demo_simulation
2026-08-14,-65.14,147.27,5.4,171.8,-10.9,966.9,demo_simulation
2026-08-14,-65.14,180.0,14.32,95.8,-11.5,960.0,demo_simulation
2026-08-14,-62.57,-180.0,13.23,324.3,-10.7,999.4,demo_simulation
2026-08-14,-62.57,-147.27,14.33,22.9,-8.4,989.0,demo_simulation
2026-08-14,-62.57,-114.55,16.14,49.1,-12.4,1009.6,demo_simulation
2026-08-14,-62.57,-81.82,6.63,176.9,-10.3,975.9,demo_simulation
2026-08-14,-62.57,-49.09,14.44,281.2,-13.2,1004.6,demo_simulation
2026-08-14,-62.57,-16.36,15.14,288.5,-14.9,988.2,demo_simulation
2026-08-14,-62.57,16.36,12.19,200.5,-12.3,989.8,demo_simulation
2026-08-14,-62.57,49.09,12.71,328.2,-6.5,1004.4,demo_simulation
2026-08-14,-62.57,81.82,16.63,241.5,-9.2,1000.3,demo_simulation
2026-08-14,-62.57,114.55,14.92,248.2,-14.0,967.3,demo_simulation
2026-08-14,-62.57,147.27,11.76,150.6,-8.3,972.5,demo_simulation
2026-08-14,-62.57,180.0,5.83,83.4,-14.9,1003.2,demo_simulation
2026-08-14,-60.0,-180.0,14.2,195.0,-7.8,996.1,demo_simulation
2026-08-14,-60.0,-147.27,16.9,155.8,-11.2,1005.5,demo_simulation
2026-08-14,-60.0,-114.55,7.54,232.0,-7.1,1000.1,demo_simulation
2026-08-14,-60.0,-81.82,6.32,133.7,-11.1,989.3,demo_simulation
2026-08-14,-60.0,-49.09,6.44,13.6,-9.6,999.3,demo_simulation
2026-08-14,-60.0,-16.36,7.21,19.2,-1.3,968.6,demo_simulation
2026-08-14,-60.0,16.36,17.2,305.0,-7.5,983.1,demo_simulation
2026-08-14,-60.0,49.09,15.58,276.3,-8.6,985.8,demo_simulation
2026-08-14,-60.0,81.82,9.0,173.3,-9.4,982.9,demo_simulation
2026-08-14,-60.0,114.55,13.98,263.1,-9.6,989.3,demo_simulation
2026-08-14,-60.0,147.27,12.86,226.7,-3.2,965.6,demo_simulation
2026-08-14,-60.0,180.0,5.91,19.6,-9.8,987.0,demo_simulation
2026-08-13,-78.0,-180.0,13.13,166.3,-25.9,985.9,demo_simulation
2026-08-13,-78.0,-147.27,8.33,2.3,-22.6,990.9,demo_simulation
2026-08-13,-78.0,-114.55,10.84,289.2,-28.5,990.8,demo_simulation
2026-08-13,-78.0,-81.82,11.16,218.2,-24.1,972.5,demo_simulation
2026-08-13,-78.0,-49.09,13.1,174.1,-23.9,1007.8,demo_simulation
2026-08-13,-78.0,-16.36,16.21,244.7,-23.4,995.0,demo_simulation
2026-08-13,-78.0,16.36,17.51,268.8,-24.0,1002.4,demo_simulation
2026-08-13,-78.0,49.09,11.42,72.3,-21.2,975.5,demo_simulation
2026-08-13,-78.0,81.82,8.94,162.9,-22.0,987.8,demo_simulation
2026-08-13,-78.0,114.55,14.5,157.3,-18.1,1001.8,demo_simulation
2026-08-13,-78.0,147.27,15.68,63.1,-24.5,970.2,demo_simulation
2026-08-13,-78.0,180.0,7.15,336.2,-30.4,973.2,demo_simulation
2026-08-13,-75.43,-180.0,9.07,58.4,-22.3,1009.8,demo_simulation
2026-08-13,-75.43,-147.27,7.88,295.3,-18.4,973.0,demo_simulation
2026-08-13,-75.43,-114.55,15.65,237.2,-27.8,981.2,demo_simulation
2026-08-13,-75.43,-81.82,5.38,77.5,-19.9,996.7,demo_simulation
2026-08-13,-75.43,-49.09,5.06,237.6,-24.0,999.1,demo_simulation
2026-08-13,-75.43,-16.36,8.05,128.8,-26.8,981.9,demo_simulation
2026-08-13,-75.43,16.36,9.07,236.8,-19.0,990.5,demo_simulation
2026-08-13,-75.43,49.09,15.6,60.5,-15.4,999.6,demo_simulation
2026-08-13,-75.43,81.82,7.82,197.1,-24.6,1002.6,demo_simulation
2026-08-13,-75.43,114.55,10.04,182.8,-22.0,969.6,demo_simulation
2026-08-13,-75.43,147.27,8.73,328.1,-20.8,961.5,demo_simulation
2026-08-13,-75.43,180.0,6.72,78.2,-23.0,1009.5,demo_simulation
2026-08-13,-72.86,-180.0,12.04,126.2,-16.8,994.7,demo_simulation
2026-08-13,-72.86,-147.27,15.39,39.8,-18.1,961.2,demo_simulation
2026-08-13,-72.86,-114.55,14.78,232.0,-22.3,1002.6,demo_simulation
2026-08-13,-72.86,-81.82,10.12,79.0,-23.4,982.0,demo_simulation
2026-08-13,-72.86,-49.09,12.76,339.5,-23.8,998.2,demo_simulation
2026-08-13,-72.86,-16.36,14.42,271.8,-19.2,1003.2,demo_simulation
2026-08-13,-72.86,16.36,9.13,61.3,-12.9,982.1,demo_simulation
2026-08-13,-72.86,49.09,15.34,162.1,-25.7,966.7,demo_simulation
2026-08-13,-72.86,81.82,17.37,286.8,-20.9,971.9,demo_simulation
2026-08-13,-72.86,114.55,9.97,358.0,-18.9,1006.7,demo_simulation
2026-08-13,-72.86,147.27,9.98,6.5,-24.1,970.8,demo_simulation
2026-08-13,-72.86,180.0,14.3,160.9,-18.8,986.5,demo_simulation
2026-08-13,-70.29,-180.0,14.5,298.7,-16.6,1003.1,demo_simulation
2026-08-13,-70.29,-147.27,12.83,48.8,-17.7,962.4,demo_simulation
2026-08-13,-70.29,-114.55,9.13,39.4,-16.7,964.4,demo_simulation
2026-08-13,-70.29,-81.82,10.77,344.1,-14.6,999.0,demo_simulation
2026-08-13,-70.29,-49.09,9.64,352.4,-19.3,980.2,demo_simulation
2026-08-13,-70.29,-16.36,16.5,26.1,-23.4,1003.7,demo_simulation
2026-08-13,-70.29,16.36,6.1,168.8,-16.0,970.3,demo_simulation
2026-08-13,-70.29,49.09,6.98,339.8,-17.5,981.5,demo_simulation
2026-08-13,-70.29,81.82,15.45,35.6,-18.8,960.8,demo_simulation
2026-08-13,-70.29,114.55,5.36,226.3,-14.4,972.4,demo_simulation
2026-08-13,-70.29,147.27,7.65,156.0,-15.8,1000.3,demo_simulation
2026-08-13,-70.29,180.0,17.86,28.8,-17.0,986.7,demo_simulation
2026-08-13,-67.71,-180.0,7.76,293.4,-16.1,976.1,demo_simulation
2026-08-13,-67.71,-147.27,14.83,325.1,-14.5,997.4,demo_simulation
2026-08-13,-67.71,-114.55,5.37,144.1,-15.4,1003.5,demo_simulation
2026-08-13,-67.71,-81.82,6.07,250.1,-10.7,1005.8,demo_simulation
2026-08-13,-67.71,-49.09,17.01,339.3,-15.0,1004.4,demo_simulation
2026-08-13,-67.71,-16.36,16.9,268.0,-13.3,969.7,demo_simulation
2026-08-13,-67.71,16.36,7.39,309.9,-15.9,989.8,demo_simulation
2026-08-13,-67.71,49.09,17.65,132.3,-18.7,988.2,demo_simulation
2026-08-13,-67.71,81.82,5.81,24.0,-12.1,981.9,demo_simulation
2026-08-13,-67.71,114.55,7.78,74.6,-15.5,1003.9,demo_simulation
2026-08-13,-67.71,147.27,17.23,107.0,-11.4,967.3,demo_simulation
2026-08-13,-67.71,180.0,8.98,340.1,-16.2,969.3,demo_simulation
2026-08-13,-65.14,-180.0,12.17,351.7,-10.4,967.9,demo_simulation
2026-08-13,-65.14,-147.27,12.51,45.9,-18.1,994.2,demo_simulation
2026-08-13,-65.14,-114.55,7.12,97.2,-12.5,999.2,demo_simulation
2026-08-13,-65.14,-81.82,16.22,10.5,-16.6,978.7,demo_simulation
2026-08-13,-65.14,-49.09,12.51,313.9,-12.6,987.1,demo_simulation
2026-08-13,-65.14,-16.36,11.63,177.9,-13.2,973.0,demo_simulation
2026-08-13,-65.14,16.36,8.16,31.0,-12.0,980.6,demo_simulation
2026-08-13,-65.14,49.09,7.71,211.7,-14.1,1005.1,demo_simulation
2026-08-13,-65.14,81.82,7.86,328.5,-10.6,973.2,demo_simulation
2026-08-13,-65.14,114.55,13.21,241.6,-16.8,989.3,demo_simulation
2026-08-13,-65.14,147.27,14.84,66.2,-11.5,1000.1,demo_simulation
2026-08-13,-65.14,180.0,9.27,185.7,-16.5,992.3,demo_simulation
2026-08-13,-62.57,-180.0,12.45,100.8,-7.4,961.2,demo_simulation
2026-08-13,-62.57,-147.27,17.23,215.1,-11.8,993.0,demo_simulation
2026-08-13,-62.57,-114.55,16.7,44.7,-15.4,1007.9,demo_simulation
2026-08-13,-62.57,-81.82,11.12,87.1,-9.5,984.0,demo_simulation
2026-08-13,-62.57,-49.09,14.77,80.3,-11.3,999.2,demo_simulation
2026-08-13,-62.57,-16.36,7.24,301.4,-9.7,965.4,demo_simulation
2026-08-13,-62.57,16.36,10.73,190.5,-15.0,1009.7,demo_simulation
2026-08-13,-62.57,49.09,17.93,120.3,-11.3,977.3,demo_simulation
2026-08-13,-62.57,81.82,11.4,239.3,-16.5,992.2,demo_simulation
2026-08-13,-62.57,114.55,17.26,164.5,-7.3,972.3,demo_simulation
2026-08-13,-62.57,147.27,7.18,137.5,-8.6,972.7,demo_simulation
2026-08-13,-62.57,180.0,17.18,90.7,-6.0,989.1,demo_simulation
2026-08-13,-60.0,-180.0,11.72,322.0,-6.2,998.4,demo_simulation
2026-08-13,-60.0,-147.27,15.83,25.1,-12.2,999.3,demo_simulation
2026-08-13,-60.0,-114.55,9.96,355.9,-10.7,1003.6,demo_simulation
2026-08-13,-60.0,-81.82,8.03,161.1,-5.3,991.6,demo_simulation
2026-08-13,-60.0,-49.09,6.91,64.3,-11.1,994.8,demo_simulation
2026-08-13,-60.0,-16.36,11.95,84.1,-7.0,980.0,demo_simulation
2026-08-13,-60.0,16.36,13.38,343.3,-11.9,978.2,demo_simulation
2026-08-13,-60.0,49.09,16.98,343.0,-8.8,988.7,demo_simulation
2026-08-13,-60.0,81.82,15.41,330.0,-13.3,988.0,demo_simulation
2026-08-13,-60.0,114.55,15.74,215.2,-11.7,968.7,demo_simulation
2026-08-13,-60.0,147.27,8.43,293.1,-1.9,994.7,demo_simulation
2026-08-13,-60.0,180.0,13.65,336.1,-9.4,993.2,demo_simulation
2026-08-12,-78.0,-180.0,7.74,334.3,-24.6,961.8,demo_simulation
2026-08-12,-78.0,-147.27,9.04,93.3,-20.5,998.8,demo_simulation
2026-08-12,-78.0,-114.55,6.08,146.2,-22.3,997.9,demo_simulation
2026-08-12,-78.0,-81.82,11.26,172.6,-22.7,965.0,demo_simulation
2026-08-12,-78.0,-49.09,6.62,67.7,-23.5,1001.2,demo_simulation
2026-08-12,-78.0,-16.36,13.49,356.9,-21.3,1000.5,demo_simulation
2026-08-12,-78.0,16.36,10.55,76.5,-28.2,1001.5,demo_simulation
2026-08-12,-78.0,49.09,8.12,123.3,-23.5,992.9,demo_simulation
2026-08-12,-78.0,81.82,16.54,73.6,-26.4,1004.0,demo_simulation
2026-08-12,-78.0,114.55,5.89,82.7,-22.4,989.6,demo_simulation
2026-08-12,-78.0,147.27,15.94,315.1,-28.2,989.1,demo_simulation
2026-08-12,-78.0,180.0,7.71,342.5,-25.4,988.3,demo_simulation
2026-08-12,-75.43,-180.0,12.72,98.9,-24.5,970.1,demo_simulation
2026-08-12,-75.43,-147.27,11.73,42.8,-20.3,978.5,demo_simulation
2026-08-12,-75.43,-114.55,7.01,222.8,-20.2,995.4,demo_simulation
2026-08-12,-75.43,-81.82,7.2,204.5,-19.1,976.2,demo_simulation
2026-08-12,-75.43,-49.09,5.79,201.6,-19.9,960.3,demo_simulation
2026-08-12,-75.43,-16.36,17.67,185.2,-23.0,969.7,demo_simulation
2026-08-12,-75.43,16.36,8.11,99.6,-20.0,983.1,demo_simulation
2026-08-12,-75.43,49.09,16.44,21.1,-21.6,1009.4,demo_simulation
2026-08-12,-75.43,81.82,5.61,31.5,-20.7,980.7,demo_simulation
2026-08-12,-75.43,114.55,7.4,227.4,-19.6,1000.5,demo_simulation
2026-08-12,-75.43,147.27,6.26,186.9,-23.0,982.3,demo_simulation
2026-08-12,-75.43,180.0,9.07,129.6,-20.8,967.8,demo_simulation
2026-08-12,-72.86,-180.0,12.68,141.7,-18.7,998.6,demo_simulation
2026-08-12,-72.86,-147.27,10.87,171.4,-17.8,995.3,demo_simulation
2026-08-12,-72.86,-114.55,5.5,343.8,-19.7,973.2,demo_simulation
2026-08-12,-72.86,-81.82,15.13,165.1,-20.1,969.7,demo_simulation
2026-08-12,-72.86,-49.09,17.09,344.1,-19.1,968.4,demo_simulation
2026-08-12,-72.86,-16.36,15.64,312.9,-16.8,991.4,demo_simulation
2026-08-12,-72.86,16.36,10.38,332.2,-17.2,962.9,demo_simulation
2026-08-12,-72.86,49.09,13.45,178.4,-20.2,982.6,demo_simulation
2026-08-12,-72.86,81.82,10.02,120.8,-15.3,1000.8,demo_simulation
2026-08-12,-72.86,114.55,15.9,141.2,-20.9,984.2,demo_simulation
2026-08-12,-72.86,147.27,9.22,173.9,-17.8,977.2,demo_simulation
2026-08-12,-72.86,180.0,14.09,196.1,-17.2,999.0,demo_simulation
2026-08-12,-70.29,-180.0,7.73,125.9,-16.0,996.7,demo_simulation
2026-08-12,-70.29,-147.27,11.03,74.9,-21.2,963.3,demo_simulation
2026-08-12,-70.29,-114.55,6.21,302.4,-11.9,973.7,demo_simulation
2026-08-12,-70.29,-81.82,11.5,332.0,-12.5,996.5,demo_simulation
2026-08-12,-70.29,-49.09,16.5,222.5,-14.3,973.6,demo_simulation
2026-08-12,-70.29,-16.36,13.78,128.9,-16.5,967.5,demo_simulation
2026-08-12,-70.29,16.36,13.0,97.7,-17.0,988.9,demo_simulation
2026-08-12,-70.29,49.09,16.67,249.3,-17.6,995.0,demo_simulation
2026-08-12,-70.29,81.82,7.4,202.0,-20.2,960.7,demo_simulation
2026-08-12,-70.29,114.55,9.6,322.6,-18.2,971.1,demo_simulation
2026-08-12,-70.29,147.27,16.38,275.2,-11.8,964.1,demo_simulation
2026-08-12,-70.29,180.0,16.33,83.5,-20.1,963.4,demo_simulation
2026-08-12,-67.71,-180.0,17.66,330.3,-12.4,987.7,demo_simulation
2026-08-12,-67.71,-147.27,10.58,186.1,-15.1,1006.7,demo_simulation
2026-08-12,-67.71,-114.55,9.05,247.1,-17.5,989.7,demo_simulation
2026-08-12,-67.71,-81.82,11.99,269.3,-17.8,992.2,demo_simulation
2026-08-12,-67.71,-49.09,12.39,25.2,-19.7,968.7,demo_simulation
2026-08-12,-67.71,-16.36,14.52,332.2,-21.1,974.1,demo_simulation
2026-08-12,-67.71,16.36,5.35,268.3,-15.4,1009.2,demo_simulation
2026-08-12,-67.71,49.09,6.29,329.4,-16.8,985.9,demo_simulation
2026-08-12,-67.71,81.82,5.58,355.4,-16.2,970.8,demo_simulation
2026-08-12,-67.71,114.55,9.58,216.2,-16.6,986.4,demo_simulation
2026-08-12,-67.71,147.27,5.69,161.3,-14.6,983.8,demo_simulation
2026-08-12,-67.71,180.0,14.55,52.6,-21.8,974.5,demo_simulation
2026-08-12,-65.14,-180.0,11.27,228.8,-19.7,975.2,demo_simulation
2026-08-12,-65.14,-147.27,12.71,294.1,-16.0,968.0,demo_simulation
2026-08-12,-65.14,-114.55,17.78,156.7,-11.6,978.7,demo_simulation
2026-08-12,-65.14,-81.82,9.42,332.1,-16.4,1005.5,demo_simulation
2026-08-12,-65.14,-49.09,12.41,10.5,-14.6,997.4,demo_simulation
2026-08-12,-65.14,-16.36,7.49,262.8,-15.6,990.6,demo_simulation
2026-08-12,-65.14,16.36,10.73,140.4,-11.6,978.6,demo_simulation
2026-08-12,-65.14,49.09,8.96,14.1,-11.7,980.3,demo_simulation
2026-08-12,-65.14,81.82,14.85,265.6,-9.9,963.9,demo_simulation
2026-08-12,-65.14,114.55,12.27,247.3,-16.9,981.5,demo_simulation
2026-08-12,-65.14,147.27,12.6,171.9,-13.8,1009.2,demo_simulation
2026-08-12,-65.14,180.0,15.38,162.3,-16.4,966.0,demo_simulation
2026-08-12,-62.57,-180.0,6.43,249.7,-8.2,967.8,demo_simulation
2026-08-12,-62.57,-147.27,11.52,32.5,-2.7,1006.4,demo_simulation
2026-08-12,-62.57,-114.55,11.61,25.8,-13.4,977.7,demo_simulation
2026-08-12,-62.57,-81.82,10.88,183.7,-3.5,996.0,demo_simulation
2026-08-12,-62.57,-49.09,13.41,279.7,-9.1,973.9,demo_simulation
2026-08-12,-62.57,-16.36,9.48,333.6,-17.3,998.8,demo_simulation
2026-08-12,-62.57,16.36,10.34,307.3,-14.2,976.6,demo_simulation
2026-08-12,-62.57,49.09,7.9,58.0,-13.6,994.3,demo_simulation
2026-08-12,-62.57,81.82,5.46,238.1,-12.9,1008.6,demo_simulation
2026-08-12,-62.57,114.55,5.98,166.8,-10.7,995.9,demo_simulation
2026-08-12,-62.57,147.27,17.0,242.7,-14.7,1009.3,demo_simulation
2026-08-12,-62.57,180.0,8.75,229.4,-9.8,992.9,demo_simulation
2026-08-12,-60.0,-180.0,17.92,182.4,-13.3,997.2,demo_simulation
2026-08-12,-60.0,-147.27,7.37,45.8,-16.1,978.8,demo_simulation
2026-08-12,-60.0,-114.55,16.43,91.2,-7.1,967.3,demo_simulation
2026-08-12,-60.0,-81.82,11.54,250.2,-12.4,972.0,demo_simulation
2026-08-12,-60.0,-49.09,16.02,355.5,-5.2,965.1,demo_simulation
2026-08-12,-60.0,-16.36,9.45,49.1,-8.9,992.8,demo_simulation
2026-08-12,-60.0,16.36,7.74,113.8,-9.4,988.0,demo_simulation
2026-08-12,-60.0,49.09,10.41,238.6,-7.5,978.2,demo_simulation
2026-08-12,-60.0,81.82,10.92,253.7,-11.9,977.4,demo_simulation
2026-08-12,-60.0,114.55,9.36,20.1,-12.5,1002.5,demo_simulation
2026-08-12,-60.0,147.27,8.51,76.8,-7.8,964.6,demo_simulation
2026-08-12,-60.0,180.0,10.75,284.0,-12.1,968.5,demo_simulation
2026-08-11,-78.0,-180.0,8.14,185.5,-24.5,979.2,demo_simulation
2026-08-11,-78.0,-147.27,14.51,281.1,-27.0,980.1,demo_simulation
2026-08-11,-78.0,-114.55,12.24,116.8,-26.8,996.9,demo_simulation
2026-08-11,-78.0,-81.82,13.79,247.4,-25.0,983.0,demo_simulation
2026-08-11,-78.0,-49.09,17.27,167.5,-26.3,973.6,demo_simulation
2026-08-11,-78.0,-16.36,16.87,105.8,-25.9,985.7,demo_simulation
2026-08-11,-78.0,16.36,6.25,197.4,-23.2,979.7,demo_simulation
2026-08-11,-78.0,49.09,10.34,110.0,-26.4,996.0,demo_simulation
2026-08-11,-78.0,81.82,5.96,28.2,-25.4,984.4,demo_simulation
2026-08-11,-78.0,114.55,5.3,262.9,-25.8,968.5,demo_simulation
2026-08-11,-78.0,147.27,7.16,36.0,-24.0,989.6,demo_simulation
2026-08-11,-78.0,180.0,12.35,3.8,-27.1,1001.4,demo_simulation
2026-08-11,-75.43,-180.0,5.38,204.6,-16.7,982.6,demo_simulation
2026-08-11,-75.43,-147.27,14.14,232.9,-18.5,996.1,demo_simulation
2026-08-11,-75.43,-114.55,8.25,187.2,-26.4,988.8,demo_simulation
2026-08-11,-75.43,-81.82,12.12,4.5,-17.8,1009.8,demo_simulation
2026-08-11,-75.43,-49.09,13.15,330.6,-22.4,1009.9,demo_simulation
2026-08-11,-75.43,-16.36,12.69,191.9,-23.3,977.5,demo_simulation
2026-08-11,-75.43,16.36,17.76,332.0,-20.1,975.9,demo_simulation
2026-08-11,-75.43,49.09,7.83,55.4,-23.2,993.2,demo_simulation
2026-08-11,-75.43,81.82,5.17,41.3,-21.2,978.1,demo_simulation
2026-08-11,-75.43,114.55,8.69,295.5,-20.6,973.5,demo_simulation
2026-08-11,-75.43,147.27,15.72,254.4,-21.4,992.8,demo_simulation
2026-08-11,-75.43,180.0,6.64,38.3,-13.5,976.6,demo_simulation
2026-08-11,-72.86,-180.0,5.92,33.0,-16.1,983.3,demo_simulation
2026-08-11,-72.86,-147.27,16.64,355.9,-19.1,970.8,demo_simulation
2026-08-11,-72.86,-114.55,10.34,187.3,-18.6,993.6,demo_simulation
2026-08-11,-72.86,-81.82,16.42,28.7,-19.5,989.0,demo_simulation
2026-08-11,-72.86,-49.09,14.95,99.0,-20.6,980.5,demo_simulation
2026-08-11,-72.86,-16.36,15.25,229.3,-19.4,985.9,demo_simulation
2026-08-11,-72.86,16.36,17.6,108.2,-18.9,999.8,demo_simulation
2026-08-11,-72.86,49.09,10.73,200.6,-20.6,965.0,demo_simulation
2026-08-11,-72.86,81.82,8.5,129.3,-17.0,961.4,demo_simulation
2026-08-11,-72.86,114.55,8.22,138.4,-20.8,969.3,demo_simulation
2026-08-11,-72.86,147.27,6.32,109.6,-20.3,1002.1,demo_simulation
2026-08-11,-72.86,180.0,16.29,38.9,-17.2,968.6,demo_simulation
2026-08-11,-70.29,-180.0,6.03,179.7,-12.3,960.3,demo_simulation
2026-08-11,-70.29,-147.27,9.26,32.1,-20.7,1002.7,demo_simulation
2026-08-11,-70.29,-114.55,9.74,40.5,-21.2,1009.1,demo_simulation
2026-08-11,-70.29,-81.82,7.51,314.1,-18.5,987.8,demo_simulation
2026-08-11,-70.29,-49.09,9.16,187.2,-20.0,963.2,demo_simulation
2026-08-11,-70.29,-16.36,5.73,265.2,-17.2,969.0,demo_simulation
2026-08-11,-70.29,16.36,17.66,96.6,-18.6,962.0,demo_simulation
2026-08-11,-70.29,49.09,5.58,36.1,-17.8,973.3,demo_simulation
2026-08-11,-70.29,81.82,5.98,89.2,-19.5,978.1,demo_simulation
2026-08-11,-70.29,114.55,7.6,34.8,-11.0,990.5,demo_simulation
2026-08-11,-70.29,147.27,8.97,161.0,-15.7,992.5,demo_simulation
2026-08-11,-70.29,180.0,10.47,104.6,-20.3,961.7,demo_simulation
2026-08-11,-67.71,-180.0,9.52,299.2,-10.3,960.5,demo_simulation
2026-08-11,-67.71,-147.27,10.57,36.7,-16.5,1004.4,demo_simulation
2026-08-11,-67.71,-114.55,7.09,18.9,-15.8,969.4,demo_simulation
2026-08-11,-67.71,-81.82,8.0,51.5,-16.6,1009.5,demo_simulation
2026-08-11,-67.71,-49.09,12.61,357.7,-14.7,987.0,demo_simulation
2026-08-11,-67.71,-16.36,15.19,237.2,-11.4,992.1,demo_simulation
2026-08-11,-67.71,16.36,17.52,271.2,-12.3,979.4,demo_simulation
2026-08-11,-67.71,49.09,17.45,323.8,-14.3,978.7,demo_simulation
2026-08-11,-67.71,81.82,11.17,212.9,-16.8,966.7,demo_simulation
2026-08-11,-67.71,114.55,15.65,140.0,-10.3,983.7,demo_simulation
2026-08-11,-67.71,147.27,12.27,73.7,-11.7,970.2,demo_simulation
2026-08-11,-67.71,180.0,11.82,339.9,-18.4,994.5,demo_simulation
2026-08-11,-65.14,-180.0,8.76,258.2,-9.6,987.4,demo_simulation
2026-08-11,-65.14,-147.27,17.21,152.2,-12.1,1006.6,demo_simulation
2026-08-11,-65.14,-114.55,16.34,85.4,-8.3,962.9,demo_simulation
2026-08-11,-65.14,-81.82,9.96,89.8,-9.8,1005.4,demo_simulation
2026-08-11,-65.14,-49.09,14.63,252.6,-12.5,1005.3,demo_simulation
2026-08-11,-65.14,-16.36,7.75,162.0,-12.1,960.4,demo_simulation
2026-08-11,-65.14,16.36,10.85,299.3,-10.3,982.8,demo_simulation
2026-08-11,-65.14,49.09,11.73,333.2,-14.9,1001.7,demo_simulation
2026-08-11,-65.14,81.82,5.69,156.0,-19.5,967.3,demo_simulation
2026-08-11,-65.14,114.55,14.16,26.4,-14.8,970.9,demo_simulation
2026-08-11,-65.14,147.27,6.83,148.8,-15.0,987.5,demo_simulation
2026-08-11,-65.14,180.0,12.59,354.4,-11.5,964.3,demo_simulation
2026-08-11,-62.57,-180.0,9.48,65.8,-12.9,996.1,demo_simulation
2026-08-11,-62.57,-147.27,13.66,6.4,-11.9,986.3,demo_simulation
2026-08-11,-62.57,-114.55,13.68,164.7,-11.6,979.8,demo_simulation
2026-08-11,-62.57,-81.82,8.38,294.8,-9.1,1003.9,demo_simulation
2026-08-11,-62.57,-49.09,7.21,105.1,-8.0,983.8,demo_simulation
2026-08-11,-62.57,-16.36,14.85,89.8,-6.4,962.3,demo_simulation
2026-08-11,-62.57,16.36,13.17,223.3,-12.6,976.0,demo_simulation
2026-08-11,-62.57,49.09,13.96,325.7,-9.8,972.7,demo_simulation
2026-08-11,-62.57,81.82,14.69,302.6,-12.0,1008.9,demo_simulation
2026-08-11,-62.57,114.55,10.57,150.4,-12.3,995.8,demo_simulation
2026-08-11,-62.57,147.27,12.29,35.1,-10.8,1004.6,demo_simulation
2026-08-11,-62.57,180.0,6.33,42.9,-14.8,987.4,demo_simulation
2026-08-11,-60.0,-180.0,8.89,128.2,-10.8,1007.6,demo_simulation
2026-08-11,-60.0,-147.27,16.07,315.6,-7.3,1002.6,demo_simulation
2026-08-11,-60.0,-114.55,9.13,347.3,-8.4,1006.0,demo_simulation
2026-08-11,-60.0,-81.82,5.94,9.8,-10.4,989.5,demo_simulation
2026-08-11,-60.0,-49.09,8.45,247.9,-12.0,983.8,demo_simulation
2026-08-11,-60.0,-16.36,15.98,64.8,-10.4,985.8,demo_simulation
2026-08-11,-60.0,16.36,7.4,263.6,-4.4,965.3,demo_simulation
2026-08-11,-60.0,49.09,17.97,73.2,-3.5,995.2,demo_simulation
2026-08-11,-60.0,81.82,13.15,310.7,-9.4,979.1,demo_simulation
2026-08-11,-60.0,114.55,13.78,21.3,-13.4,971.3,demo_simulation
2026-08-11,-60.0,147.27,16.67,313.1,-10.0,987.2,demo_simulation
2026-08-11,-60.0,180.0,11.27,35.1,-1.1,993.2,demo_simulation
2026-08-10,-78.0,-180.0,5.29,164.7,-16.9,984.9,demo_simulation
2026-08-10,-78.0,-147.27,17.18,256.5,-19.9,969.4,demo_simulation
2026-08-10,-78.0,-114.55,15.84,311.8,-18.0,1006.1,demo_simulation
2026-08-10,-78.0,-81.82,5.76,55.2,-23.9,978.5,demo_simulation
2026-08-10,-78.0,-49.09,12.63,210.9,-27.0,980.7,demo_simulation
2026-08-10,-78.0,-16.36,11.63,39.2,-25.7,1003.3,demo_simulation
2026-08-10,-78.0,16.36,12.97,187.7,-23.5,979.5,demo_simulation
2026-08-10,-78.0,49.09,15.41,144.9,-22.3,974.1,demo_simulation
2026-08-10,-78.0,81.82,7.08,92.3,-20.5,984.8,demo_simulation
2026-08-10,-78.0,114.55,17.92,265.4,-24.3,987.3,demo_simulation
2026-08-10,-78.0,147.27,14.81,288.0,-24.1,975.0,demo_simulation
2026-08-10,-78.0,180.0,6.37,236.2,-25.9,992.4,demo_simulation
2026-08-10,-75.43,-180.0,10.54,48.4,-26.4,1008.6,demo_simulation
2026-08-10,-75.43,-147.27,10.4,328.5,-19.5,974.0,demo_simulation
2026-08-10,-75.43,-114.55,11.42,83.4,-23.5,988.3,demo_simulation
2026-08-10,-75.43,-81.82,12.99,187.7,-24.6,990.7,demo_simulation
2026-08-10,-75.43,-49.09,10.07,170.6,-22.2,960.1,demo_simulation
2026-08-10,-75.43,-16.36,16.79,335.4,-20.1,972.8,demo_simulation
2026-08-10,-75.43,16.36,12.24,102.8,-23.1,1006.6,demo_simulation
2026-08-10,-75.43,49.09,9.98,54.6,-22.8,995.8,demo_simulation
2026-08-10,-75.43,81.82,14.83,259.6,-25.6,962.4,demo_simulation
2026-08-10,-75.43,114.55,17.55,201.3,-24.7,1003.3,demo_simulation
2026-08-10,-75.43,147.27,13.17,209.9,-16.1,976.9,demo_simulation
2026-08-10,-75.43,180.0,12.39,47.8,-22.5,983.5,demo_simulation
2026-08-10,-72.86,-180.0,9.95,174.5,-22.6,966.8,demo_simulation
2026-08-10,-72.86,-147.27,7.36,100.6,-17.6,975.6,demo_simulation
2026-08-10,-72.86,-114.55,6.4,3.0,-21.4,973.0,demo_simulation
2026-08-10,-72.86,-81.82,14.2,168.3,-19.9,990.5,demo_simulation
2026-08-10,-72.86,-49.09,17.23,45.9,-20.7,986.6,demo_simulation
2026-08-10,-72.86,-16.36,5.72,157.7,-22.0,1009.5,demo_simulation
2026-08-10,-72.86,16.36,6.48,84.6,-15.8,974.7,demo_simulation
2026-08-10,-72.86,49.09,16.13,107.2,-13.5,994.8,demo_simulation
2026-08-10,-72.86,81.82,10.46,21.5,-18.2,986.5,demo_simulation
2026-08-10,-72.86,114.55,15.91,165.2,-17.0,967.3,demo_simulation
2026-08-10,-72.86,147.27,15.38,1.9,-22.3,980.1,demo_simulation
2026-08-10,-72.86,180.0,6.53,205.4,-14.4,966.1,demo_simulation
2026-08-10,-70.29,-180.0,10.44,90.5,-18.4,979.5,demo_simulation
2026-08-10,-70.29,-147.27,9.13,304.7,-16.0,997.2,demo_simulation
2026-08-10,-70.29,-114.55,5.93,4.4,-13.0,962.6,demo_simulation
2026-08-10,-70.29,-81.82,10.92,195.6,-15.6,965.4,demo_simulation
2026-08-10,-70.29,-49.09,14.82,186.6,-17.1,996.2,demo_simulation
2026-08-10,-70.29,-16.36,17.87,170.7,-12.0,996.5,demo_simulation
2026-08-10,-70.29,16.36,12.6,44.8,-18.5,1002.1,demo_simulation
2026-08-10,-70.29,49.09,17.59,14.6,-15.5,994.2,demo_simulation
2026-08-10,-70.29,81.82,8.86,173.7,-17.7,981.7,demo_simulation
2026-08-10,-70.29,114.55,15.67,52.6,-16.3,964.1,demo_simulation
2026-08-10,-70.29,147.27,14.15,290.4,-15.1,988.8,demo_simulation
2026-08-10,-70.29,180.0,12.13,263.4,-14.1,996.1,demo_simulation
2026-08-10,-67.71,-180.0,5.78,329.8,-19.4,972.6,demo_simulation
2026-08-10,-67.71,-147.27,5.67,198.4,-17.4,1000.0,demo_simulation
2026-08-10,-67.71,-114.55,12.55,205.6,-15.3,964.6,demo_simulation
2026-08-10,-67.71,-81.82,8.48,324.8,-21.0,989.4,demo_simulation
2026-08-10,-67.71,-49.09,10.21,148.4,-10.6,978.4,demo_simulation
2026-08-10,-67.71,-16.36,6.99,93.3,-18.5,970.8,demo_simulation
2026-08-10,-67.71,16.36,8.41,254.7,-19.4,1000.2,demo_simulation
2026-08-10,-67.71,49.09,13.63,307.1,-19.9,989.9,demo_simulation
2026-08-10,-67.71,81.82,5.45,129.5,-18.0,991.0,demo_simulation
2026-08-10,-67.71,114.55,10.05,94.4,-12.3,976.0,demo_simulation
2026-08-10,-67.71,147.27,12.51,315.5,-10.6,994.6,demo_simulation
2026-08-10,-67.71,180.0,9.03,138.6,-8.9,967.3,demo_simulation
2026-08-10,-65.14,-180.0,11.83,226.0,-16.1,960.4,demo_simulation
2026-08-10,-65.14,-147.27,6.42,76.4,-11.7,974.4,demo_simulation
2026-08-10,-65.14,-114.55,13.24,247.0,-18.3,964.8,demo_simulation
2026-08-10,-65.14,-81.82,7.34,71.8,-12.3,964.5,demo_simulation
2026-08-10,-65.14,-49.09,7.9,108.8,-12.9,986.9,demo_simulation
2026-08-10,-65.14,-16.36,15.92,140.2,-10.2,986.7,demo_simulation
2026-08-10,-65.14,16.36,7.65,283.3,-16.8,977.6,demo_simulation
2026-08-10,-65.14,49.09,6.82,86.5,-15.0,996.8,demo_simulation
2026-08-10,-65.14,81.82,11.38,133.8,-13.4,1002.6,demo_simulation
2026-08-10,-65.14,114.55,8.11,232.0,-13.9,977.3,demo_simulation
2026-08-10,-65.14,147.27,13.78,96.7,-12.5,962.5,demo_simulation
2026-08-10,-65.14,180.0,17.28,27.2,-23.1,971.2,demo_simulation
2026-08-10,-62.57,-180.0,15.18,313.3,-15.7,994.7,demo_simulation
2026-08-10,-62.57,-147.27,15.9,260.8,-10.0,1006.3,demo_simulation
2026-08-10,-62.57,-114.55,8.77,229.4,-17.4,1000.3,demo_simulation
2026-08-10,-62.57,-81.82,17.48,241.5,-16.2,995.3,demo_simulation
2026-08-10,-62.57,-49.09,15.24,292.5,-15.4,970.0,demo_simulation
2026-08-10,-62.57,-16.36,11.16,184.2,-12.1,1004.3,demo_simulation
2026-08-10,-62.57,16.36,8.92,195.7,-10.2,960.5,demo_simulation
2026-08-10,-62.57,49.09,11.4,286.9,-9.6,963.4,demo_simulation
2026-08-10,-62.57,81.82,14.67,346.6,-10.2,960.7,demo_simulation
2026-08-10,-62.57,114.55,12.58,19.8,-11.6,1003.4,demo_simulation
2026-08-10,-62.57,147.27,13.47,307.6,-11.6,982.8,demo_simulation
2026-08-10,-62.57,180.0,10.62,88.8,-7.5,969.5,demo_simulation
2026-08-10,-60.0,-180.0,17.43,328.2,-8.1,981.8,demo_simulation
2026-08-10,-60.0,-147.27,6.14,16.2,-8.1,1005.7,demo_simulation
2026-08-10,-60.0,-114.55,12.42,287.1,-9.5,1008.2,demo_simulation
2026-08-10,-60.0,-81.82,14.69,352.6,-13.9,974.8,demo_simulation
2026-08-10,-60.0,-49.09,13.45,69.2,-7.5,969.3,demo_simulation
2026-08-10,-60.0,-16.36,8.01,263.0,-9.0,1009.5,demo_simulation
2026-08-10,-60.0,16.36,10.28,349.5,-11.1,971.1,demo_simulation
2026-08-10,-60.0,49.09,8.35,155.3,-9.5,963.1,demo_simulation
2026-08-10,-60.0,81.82,13.52,231.9,-3.3,964.5,demo_simulation
2026-08-10,-60.0,114.55,14.91,82.7,-10.0,968.2,demo_simulation
2026-08-10,-60.0,147.27,11.7,113.7,-11.2,975.7,demo_simulation
2026-08-10,-60.0,180.0,15.76,49.8,-10.0,1001.3,demo_simulation
2026-08-09,-78.0,-180.0,9.73,130.4,-28.4,988.8,demo_simulation
2026-08-09,-78.0,-147.27,9.13,164.6,-21.2,984.7,demo_simulation
2026-08-09,-78.0,-114.55,9.22,270.9,-19.7,992.3,demo_simulation
2026-08-09,-78.0,-81.82,5.81,312.6,-26.4,996.7,demo_simulation
2026-08-09,-78.0,-49.09,9.13,185.2,-24.2,967.8,demo_simulation
2026-08-09,-78.0,-16.36,7.24,17.2,-22.0,981.9,demo_simulation
2026-08-09,-78.0,16.36,7.32,103.4,-23.9,998.6,demo_simulation
2026-08-09,-78.0,49.09,5.9,144.1,-21.0,970.0,demo_simulation
2026-08-09,-78.0,81.82,12.79,77.0,-30.5,961.0,demo_simulation
2026-08-09,-78.0,114.55,8.6,326.8,-25.3,997.0,demo_simulation
2026-08-09,-78.0,147.27,5.51,110.2,-25.1,989.0,demo_simulation
2026-08-09,-78.0,180.0,12.48,21.7,-26.7,1002.7,demo_simulation
2026-08-09,-75.43,-180.0,14.44,348.6,-19.2,992.3,demo_simulation
2026-08-09,-75.43,-147.27,17.15,194.3,-23.6,984.7,demo_simulation
2026-08-09,-75.43,-114.55,12.27,170.4,-21.3,971.2,demo_simulation
2026-08-09,-75.43,-81.82,7.38,253.1,-21.9,975.1,demo_simulation
2026-08-09,-75.43,-49.09,10.56,209.1,-20.9,971.0,demo_simulation
2026-08-09,-75.43,-16.36,17.76,154.3,-18.7,998.1,demo_simulation
2026-08-09,-75.43,16.36,8.55,197.4,-21.1,965.5,demo_simulation
2026-08-09,-75.43,49.09,12.6,17.4,-24.5,975.7,demo_simulation
2026-08-09,-75.43,81.82,8.63,93.2,-21.6,964.1,demo_simulation
2026-08-09,-75.43,114.55,13.1,122.1,-18.1,970.3,demo_simulation
2026-08-09,-75.43,147.27,5.1,267.3,-24.3,980.8,demo_simulation
2026-08-09,-75.43,180.0,5.84,258.4,-19.3,973.0,demo_simulation
2026-08-09,-72.86,-180.0,6.9,238.7,-15.4,973.6,demo_simulation
2026-08-09,-72.86,-147.27,16.55,252.7,-23.8,992.4,demo_simulation
2026-08-09,-72.86,-114.55,11.32,185.7,-21.8,960.5,demo_simulation
2026-08-09,-72.86,-81.82,6.45,63.3,-16.4,991.7,demo_simulation
2026-08-09,-72.86,-49.09,11.68,238.5,-23.7,982.1,demo_simulation
2026-08-09,-72.86,-16.36,11.17,75.4,-20.5,965.1,demo_simulation
2026-08-09,-72.86,16.36,6.3,214.5,-25.1,974.9,demo_simulation
2026-08-09,-72.86,49.09,7.62,95.6,-19.1,1008.8,demo_simulation
2026-08-09,-72.86,81.82,17.85,320.7,-14.7,972.2,demo_simulation
2026-08-09,-72.86,114.55,10.79,68.7,-12.5,997.8,demo_simulation
2026-08-09,-72.86,147.27,11.97,104.4,-17.5,985.9,demo_simulation
2026-08-09,-72.86,180.0,17.17,92.1,-18.0,978.6,demo_simulation
2026-08-09,-70.29,-180.0,17.67,190.1,-19.4,974.8,demo_simulation
2026-08-09,-70.29,-147.27,8.06,150.2,-19.0,976.3,demo_simulation
2026-08-09,-70.29,-114.55,6.33,239.7,-17.2,1003.2,demo_simulation
2026-08-09,-70.29,-81.82,9.62,68.2,-20.6,1002.6,demo_simulation
2026-08-09,-70.29,-49.09,12.3,243.7,-20.3,987.5,demo_simulation
2026-08-09,-70.29,-16.36,14.31,64.6,-14.4,1007.9,demo_simulation
2026-08-09,-70.29,16.36,15.13,143.0,-22.0,996.5,demo_simulation
2026-08-09,-70.29,49.09,14.58,313.3,-18.9,968.0,demo_simulation
2026-08-09,-70.29,81.82,12.53,295.6,-17.2,991.8,demo_simulation
2026-08-09,-70.29,114.55,6.94,222.5,-19.1,980.0,demo_simulation
2026-08-09,-70.29,147.27,11.96,238.9,-18.8,1003.1,demo_simulation
2026-08-09,-70.29,180.0,7.63,285.5,-21.4,976.8,demo_simulation
2026-08-09,-67.71,-180.0,14.16,207.8,-19.6,995.8,demo_simulation
2026-08-09,-67.71,-147.27,8.52,137.6,-14.3,1000.0,demo_simulation
2026-08-09,-67.71,-114.55,13.91,334.9,-13.1,1007.4,demo_simulation
2026-08-09,-67.71,-81.82,17.7,312.7,-14.0,1007.8,demo_simulation
2026-08-09,-67.71,-49.09,16.47,73.7,-14.2,996.4,demo_simulation
2026-08-09,-67.71,-16.36,13.15,238.5,-10.1,997.1,demo_simulation
2026-08-09,-67.71,16.36,7.18,244.1,-17.3,974.4,demo_simulation
2026-08-09,-67.71,49.09,10.13,151.6,-13.1,983.9,demo_simulation
2026-08-09,-67.71,81.82,5.09,351.2,-15.6,1001.9,demo_simulation
2026-08-09,-67.71,114.55,16.93,91.7,-20.4,962.9,demo_simulation
2026-08-09,-67.71,147.27,17.38,116.6,-15.1,991.1,demo_simulation
2026-08-09,-67.71,180.0,17.38,311.8,-10.8,978.0,demo_simulation
2026-08-09,-65.14,-180.0,11.96,351.6,-17.3,988.4,demo_simulation
2026-08-09,-65.14,-147.27,11.38,285.9,-12.7,979.9,demo_simulation
2026-08-09,-65.14,-114.55,12.01,24.0,-17.5,986.8,demo_simulation
2026-08-09,-65.14,-81.82,12.91,201.1,-11.7,1006.3,demo_simulation
2026-08-09,-65.14,-49.09,14.0,151.2,-19.5,1008.2,demo_simulation
2026-08-09,-65.14,-16.36,14.12,139.3,-10.2,988.7,demo_simulation
2026-08-09,-65.14,16.36,9.14,194.9,-12.6,982.1,demo_simulation
2026-08-09,-65.14,49.09,8.46,293.0,-13.3,1005.0,demo_simulation
2026-08-09,-65.14,81.82,12.58,70.1,-16.2,964.5,demo_simulation
2026-08-09,-65.14,114.55,12.01,291.5,-11.1,975.8,demo_simulation
2026-08-09,-65.14,147.27,9.29,288.0,-13.8,998.0,demo_simulation
2026-08-09,-65.14,180.0,5.07,352.5,-11.8,982.8,demo_simulation
2026-08-09,-62.57,-180.0,17.47,287.4,-9.4,987.1,demo_simulation
2026-08-09,-62.57,-147.27,16.52,47.9,-9.6,967.0,demo_simulation
2026-08-09,-62.57,-114.55,9.15,201.5,-7.8,1003.8,demo_simulation
2026-08-09,-62.57,-81.82,9.71,144.3,-12.0,1002.4,demo_simulation
2026-08-09,-62.57,-49.09,14.15,134.1,-10.7,978.8,demo_simulation
2026-08-09,-62.57,-16.36,9.27,142.3,-4.5,962.8,demo_simulation
2026-08-09,-62.57,16.36,5.67,358.2,-13.8,1007.9,demo_simulation
2026-08-09,-62.57,49.09,16.57,344.1,-12.0,961.5,demo_simulation
2026-08-09,-62.57,81.82,10.18,221.4,-9.4,999.4,demo_simulation
2026-08-09,-62.57,114.55,7.96,82.7,-5.3,961.7,demo_simulation
2026-08-09,-62.57,147.27,9.39,352.5,-6.5,984.0,demo_simulation
2026-08-09,-62.57,180.0,17.67,222.6,-10.1,1009.1,demo_simulation
2026-08-09,-60.0,-180.0,9.95,22.3,-11.9,998.7,demo_simulation
2026-08-09,-60.0,-147.27,11.45,126.5,-7.1,960.1,demo_simulation
2026-08-09,-60.0,-114.55,7.46,244.7,-10.7,992.9,demo_simulation
2026-08-09,-60.0,-81.82,13.61,253.6,-14.2,969.8,demo_simulation
2026-08-09,-60.0,-49.09,14.98,94.9,-11.4,964.2,demo_simulation
2026-08-09,-60.0,-16.36,14.04,258.8,-10.0,994.6,demo_simulation
2026-08-09,-60.0,16.36,16.47,81.1,-6.7,962.6,demo_simulation
2026-08-09,-60.0,49.09,17.51,289.2,-12.3,1007.6,demo_simulation
2026-08-09,-60.0,81.82,15.68,174.0,-3.5,993.5,demo_simulation
2026-08-09,-60.0,114.55,10.54,116.6,-8.5,962.2,demo_simulation
2026-08-09,-60.0,147.27,13.55,172.2,-13.9,967.1,demo_simulation
2026-08-09,-60.0,180.0,8.69,89.1,-8.6,992.6,demo_simulation
2026-08-08,-78.0,-180.0,6.73,292.9,-23.3,983.5,demo_simulation
2026-08-08,-78.0,-147.27,15.83,237.3,-23.8,996.4,demo_simulation
2026-08-08,-78.0,-114.55,17.51,328.6,-21.7,978.9,demo_simulation
2026-08-08,-78.0,-81.82,17.47,58.4,-20.0,988.9,demo_simulation
2026-08-08,-78.0,-49.09,10.71,323.9,-19.6,965.7,demo_simulation
2026-08-08,-78.0,-16.36,14.36,305.1,-24.5,999.5,demo_simulation
2026-08-08,-78.0,16.36,17.0,33.4,-21.1,983.7,demo_simulation
2026-08-08,-78.0,49.09,12.55,294.2,-26.9,975.7,demo_simulation
2026-08-08,-78.0,81.82,9.03,127.6,-23.8,1003.6,demo_simulation
2026-08-08,-78.0,114.55,8.63,187.1,-21.8,1002.6,demo_simulation
2026-08-08,-78.0,147.27,17.71,250.8,-25.2,1003.0,demo_simulation
2026-08-08,-78.0,180.0,17.83,226.9,-22.4,968.6,demo_simulation
2026-08-08,-75.43,-180.0,6.95,194.6,-21.6,977.1,demo_simulation
2026-08-08,-75.43,-147.27,9.18,190.9,-21.8,977.4,demo_simulation
2026-08-08,-75.43,-114.55,11.85,345.9,-19.3,990.4,demo_simulation
2026-08-08,-75.43,-81.82,14.64,351.3,-17.6,1000.6,demo_simulation
2026-08-08,-75.43,-49.09,13.07,207.9,-17.2,998.5,demo_simulation
2026-08-08,-75.43,-16.36,13.0,168.2,-18.0,1007.1,demo_simulation
2026-08-08,-75.43,16.36,5.85,66.7,-14.2,974.7,demo_simulation
2026-08-08,-75.43,49.09,16.78,322.7,-19.2,1008.3,demo_simulation
2026-08-08,-75.43,81.82,14.93,198.2,-21.9,990.7,demo_simulation
2026-08-08,-75.43,114.55,7.14,173.2,-26.3,1005.6,demo_simulation
2026-08-08,-75.43,147.27,15.52,58.3,-19.8,982.5,demo_simulation
2026-08-08,-75.43,180.0,16.0,293.7,-22.6,965.3,demo_simulation
2026-08-08,-72.86,-180.0,15.19,125.6,-25.0,994.8,demo_simulation
2026-08-08,-72.86,-147.27,5.88,73.4,-20.4,961.4,demo_simulation
2026-08-08,-72.86,-114.55,13.79,142.7,-19.4,960.2,demo_simulation
2026-08-08,-72.86,-81.82,7.87,168.3,-18.4,986.3,demo_simulation
2026-08-08,-72.86,-49.09,16.32,0.0,-17.8,975.8,demo_simulation
2026-08-08,-72.86,-16.36,10.18,209.0,-21.4,977.8,demo_simulation
2026-08-08,-72.86,16.36,13.25,206.2,-18.2,996.4,demo_simulation
2026-08-08,-72.86,49.09,8.49,127.0,-15.1,984.8,demo_simulation
2026-08-08,-72.86,81.82,16.49,178.1,-18.7,1002.6,demo_simulation
2026-08-08,-72.86,114.55,10.11,314.2,-21.6,994.2,demo_simulation
2026-08-08,-72.86,147.27,16.74,214.9,-22.0,1000.5,demo_simulation
2026-08-08,-72.86,180.0,8.73,296.3,-18.6,991.7,demo_simulation
2026-08-08,-70.29,-180.0,13.52,231.7,-14.6,1008.2,demo_simulation
2026-08-08,-70.29,-147.27,9.25,117.8,-20.5,990.2,demo_simulation
2026-08-08,-70.29,-114.55,13.08,23.2,-22.0,1002.4,demo_simulation
2026-08-08,-70.29,-81.82,8.25,248.3,-17.5,995.5,demo_simulation
2026-08-08,-70.29,-49.09,10.4,22.2,-13.2,999.9,demo_simulation
2026-08-08,-70.29,-16.36,8.38,357.2,-19.3,990.0,demo_simulation
2026-08-08,-70.29,16.36,17.23,50.1,-19.6,997.3,demo_simulation
2026-08-08,-70.29,49.09,7.26,194.8,-12.8,980.6,demo_simulation
2026-08-08,-70.29,81.82,9.57,280.2,-21.7,979.6,demo_simulation
2026-08-08,-70.29,114.55,11.82,211.1,-16.6,979.4,demo_simulation
2026-08-08,-70.29,147.27,16.92,44.2,-16.9,976.2,demo_simulation
2026-08-08,-70.29,180.0,12.28,24.5,-20.7,1003.3,demo_simulation
2026-08-08,-67.71,-180.0,14.29,168.0,-16.2,987.5,demo_simulation
2026-08-08,-67.71,-147.27,13.84,268.7,-16.2,1001.8,demo_simulation
2026-08-08,-67.71,-114.55,16.4,254.8,-18.0,994.4,demo_simulation
2026-08-08,-67.71,-81.82,17.43,343.4,-18.5,985.5,demo_simulation
2026-08-08,-67.71,-49.09,11.17,181.0,-16.9,963.1,demo_simulation
2026-08-08,-67.71,-16.36,16.22,86.2,-16.4,994.3,demo_simulation
2026-08-08,-67.71,16.36,10.72,145.9,-13.6,974.9,demo_simulation
2026-08-08,-67.71,49.09,14.64,319.7,-13.3,969.9,demo_simulation
2026-08-08,-67.71,81.82,17.19,140.3,-16.0,987.1,demo_simulation
2026-08-08,-67.71,114.55,7.73,68.5,-17.6,992.1,demo_simulation
2026-08-08,-67.71,147.27,13.86,28.9,-18.9,1002.3,demo_simulation
2026-08-08,-67.71,180.0,16.12,279.5,-17.1,961.3,demo_simulation
2026-08-08,-65.14,-180.0,14.39,237.5,-10.6,992.5,demo_simulation
2026-08-08,-65.14,-147.27,8.96,354.5,-15.0,979.4,demo_simulation
2026-08-08,-65.14,-114.55,7.53,280.1,-11.6,1007.7,demo_simulation
2026-08-08,-65.14,-81.82,12.26,123.2,-13.7,986.5,demo_simulation
2026-08-08,-65.14,-49.09,15.78,300.8,-14.1,1009.6,demo_simulation
2026-08-08,-65.14,-16.36,17.44,286.2,-17.4,990.4,demo_simulation
2026-08-08,-65.14,16.36,9.63,68.1,-13.0,1004.6,demo_simulation
2026-08-08,-65.14,49.09,5.94,209.2,-16.3,980.0,demo_simulation
2026-08-08,-65.14,81.82,6.6,272.6,-15.2,966.3,demo_simulation
2026-08-08,-65.14,114.55,6.06,359.7,-11.6,998.2,demo_simulation
2026-08-08,-65.14,147.27,15.65,341.2,-11.3,977.0,demo_simulation
2026-08-08,-65.14,180.0,13.45,129.4,-13.3,977.6,demo_simulation
2026-08-08,-62.57,-180.0,11.11,163.6,-13.6,1001.4,demo_simulation
2026-08-08,-62.57,-147.27,7.49,128.5,-13.4,975.8,demo_simulation
2026-08-08,-62.57,-114.55,10.46,225.0,-15.3,987.6,demo_simulation
2026-08-08,-62.57,-81.82,8.06,136.7,-16.5,985.4,demo_simulation
2026-08-08,-62.57,-49.09,13.35,131.6,-8.7,1001.9,demo_simulation
2026-08-08,-62.57,-16.36,6.19,10.7,-14.7,1003.8,demo_simulation
2026-08-08,-62.57,16.36,6.8,22.8,-10.9,996.4,demo_simulation
2026-08-08,-62.57,49.09,8.48,235.8,-12.1,999.4,demo_simulation
2026-08-08,-62.57,81.82,16.45,325.1,-17.8,971.1,demo_simulation
2026-08-08,-62.57,114.55,15.84,222.6,-6.4,975.7,demo_simulation
2026-08-08,-62.57,147.27,12.79,279.0,-10.4,970.6,demo_simulation
2026-08-08,-62.57,180.0,10.92,127.1,-11.4,966.7,demo_simulation
2026-08-08,-60.0,-180.0,14.16,220.8,-12.0,969.5,demo_simulation
2026-08-08,-60.0,-147.27,8.5,73.3,-9.3,999.6,demo_simulation
2026-08-08,-60.0,-114.55,6.78,257.9,-7.8,990.7,demo_simulation
2026-08-08,-60.0,-81.82,10.21,251.3,-10.9,980.4,demo_simulation
2026-08-08,-60.0,-49.09,6.0,124.5,-8.1,996.2,demo_simulation
2026-08-08,-60.0,-16.36,12.26,103.6,-11.8,966.4,demo_simulation
2026-08-08,-60.0,16.36,7.32,221.2,-11.8,991.0,demo_simulation
2026-08-08,-60.0,49.09,13.49,62.8,-9.4,977.8,demo_simulation
2026-08-08,-60.0,81.82,9.14,29.5,-7.9,994.4,demo_simulation
2026-08-08,-60.0,114.55,8.37,317.0,-0.2,968.1,demo_simulation
2026-08-08,-60.0,147.27,9.26,355.0,-11.7,970.8,demo_simulation
2026-08-08,-60.0,180.0,8.59,98.2,-12.1,1002.7,demo_simulation
2026-08-07,-78.0,-180.0,15.37,136.8,-19.6,965.4,demo_simulation
2026-08-07,-78.0,-147.27,5.4,83.6,-25.3,998.0,demo_simulation
2026-08-07,-78.0,-114.55,7.97,107.2,-25.4,983.8,demo_simulation
2026-08-07,-78.0,-81.82,6.05,71.0,-23.8,1008.6,demo_simulation
2026-08-07,-78.0,-49.09,14.08,110.0,-28.0,1003.4,demo_simulation
2026-08-07,-78.0,-16.36,10.65,300.8,-23.1,960.9,demo_simulation
2026-08-07,-78.0,16.36,8.97,39.5,-25.3,988.2,demo_simulation
2026-08-07,-78.0,49.09,5.87,133.7,-17.0,1001.9,demo_simulation
2026-08-07,-78.0,81.82,10.93,316.5,-20.8,982.6,demo_simulation
2026-08-07,-78.0,114.55,15.17,326.4,-19.4,984.2,demo_simulation
2026-08-07,-78.0,147.27,12.01,83.7,-23.8,976.4,demo_simulation
2026-08-07,-78.0,180.0,9.32,6.0,-27.5,976.3,demo_simulation
2026-08-07,-75.43,-180.0,5.39,162.3,-15.4,993.7,demo_simulation
2026-08-07,-75.43,-147.27,14.44,13.9,-23.0,968.9,demo_simulation
2026-08-07,-75.43,-114.55,9.57,30.5,-18.6,997.0,demo_simulation
2026-08-07,-75.43,-81.82,17.71,241.7,-21.4,1001.5,demo_simulation
2026-08-07,-75.43,-49.09,11.17,204.7,-21.4,980.0,demo_simulation
2026-08-07,-75.43,-16.36,15.82,293.0,-22.3,996.2,demo_simulation
2026-08-07,-75.43,16.36,14.97,80.1,-22.7,999.8,demo_simulation
2026-08-07,-75.43,49.09,12.15,157.7,-22.3,1009.7,demo_simulation
2026-08-07,-75.43,81.82,5.17,308.7,-22.9,998.6,demo_simulation
2026-08-07,-75.43,114.55,13.24,140.3,-21.8,1000.1,demo_simulation
2026-08-07,-75.43,147.27,15.56,278.6,-15.8,963.8,demo_simulation
2026-08-07,-75.43,180.0,5.38,59.7,-20.2,998.9,demo_simulation
2026-08-07,-72.86,-180.0,10.67,97.6,-17.9,994.0,demo_simulation
2026-08-07,-72.86,-147.27,14.14,105.1,-13.7,990.9,demo_simulation
2026-08-07,-72.86,-114.55,9.77,276.6,-19.0,982.2,demo_simulation
2026-08-07,-72.86,-81.82,13.26,192.1,-22.7,991.1,demo_simulation
2026-08-07,-72.86,-49.09,10.41,137.4,-20.6,993.3,demo_simulation
2026-08-07,-72.86,-16.36,10.04,348.5,-16.8,997.7,demo_simulation
2026-08-07,-72.86,16.36,13.82,318.8,-19.6,998.5,demo_simulation
2026-08-07,-72.86,49.09,8.26,268.0,-24.1,988.0,demo_simulation
2026-08-07,-72.86,81.82,17.04,197.8,-23.1,972.8,demo_simulation
2026-08-07,-72.86,114.55,17.24,191.8,-24.9,997.5,demo_simulation
2026-08-07,-72.86,147.27,16.0,257.8,-25.7,973.0,demo_simulation
2026-08-07,-72.86,180.0,15.82,352.1,-20.4,967.6,demo_simulation
2026-08-07,-70.29,-180.0,8.88,130.2,-17.3,1000.1,demo_simulation
2026-08-07,-70.29,-147.27,9.47,157.0,-14.3,979.3,demo_simulation
2026-08-07,-70.29,-114.55,17.95,152.8,-16.9,991.9,demo_simulation
2026-08-07,-70.29,-81.82,17.78,281.9,-18.3,1000.0,demo_simulation
2026-08-07,-70.29,-49.09,6.49,149.6,-14.9,965.7,demo_simulation
2026-08-07,-70.29,-16.36,14.48,243.6,-18.2,974.4,demo_simulation
2026-08-07,-70.29,16.36,9.38,332.3,-20.6,999.4,demo_simulation
2026-08-07,-70.29,49.09,11.49,69.4,-15.0,1003.3,demo_simulation
2026-08-07,-70.29,81.82,14.86,125.8,-16.0,990.3,demo_simulation
2026-08-07,-70.29,114.55,13.3,303.1,-19.1,1004.7,demo_simulation
2026-08-07,-70.29,147.27,11.71,38.3,-20.5,985.0,demo_simulation
2026-08-07,-70.29,180.0,13.27,338.9,-14.3,971.0,demo_simulation
2026-08-07,-67.71,-180.0,15.55,330.4,-12.1,1007.1,demo_simulation
2026-08-07,-67.71,-147.27,10.71,210.1,-14.4,1005.2,demo_simulation
2026-08-07,-67.71,-114.55,8.84,198.5,-15.9,970.3,demo_simulation
2026-08-07,-67.71,-81.82,8.05,37.8,-15.9,1004.4,demo_simulation
2026-08-07,-67.71,-49.09,13.43,21.8,-15.5,986.4,demo_simulation
2026-08-07,-67.71,-16.36,12.41,28.1,-14.6,970.9,demo_simulation
2026-08-07,-67.71,16.36,17.11,35.0,-19.5,962.7,demo_simulation
2026-08-07,-67.71,49.09,8.45,43.5,-12.2,971.4,demo_simulation
2026-08-07,-67.71,81.82,12.87,334.0,-18.2,975.3,demo_simulation
2026-08-07,-67.71,114.55,16.25,222.6,-17.8,989.8,demo_simulation
2026-08-07,-67.71,147.27,11.44,173.2,-15.2,960.0,demo_simulation
2026-08-07,-67.71,180.0,17.22,218.4,-15.9,979.9,demo_simulation
2026-08-07,-65.14,-180.0,8.86,244.8,-18.0,989.9,demo_simulation
2026-08-07,-65.14,-147.27,14.83,145.9,-10.3,977.1,demo_simulation
2026-08-07,-65.14,-114.55,11.09,23.4,-12.4,984.9,demo_simulation
2026-08-07,-65.14,-81.82,5.52,297.2,-15.4,979.2,demo_simulation
2026-08-07,-65.14,-49.09,5.53,205.6,-9.9,963.2,demo_simulation
2026-08-07,-65.14,-16.36,6.97,7.8,-13.5,979.8,demo_simulation
2026-08-07,-65.14,16.36,13.44,106.8,-11.0,1004.5,demo_simulation
2026-08-07,-65.14,49.09,17.63,165.3,-12.7,1008.7,demo_simulation
2026-08-07,-65.14,81.82,14.68,316.0,-12.1,992.1,demo_simulation
2026-08-07,-65.14,114.55,14.49,198.7,-14.8,977.4,demo_simulation
2026-08-07,-65.14,147.27,17.21,186.1,-11.0,979.6,demo_simulation
2026-08-07,-65.14,180.0,14.83,240.4,-11.1,971.5,demo_simulation
2026-08-07,-62.57,-180.0,9.7,359.2,-5.9,961.8,demo_simulation
2026-08-07,-62.57,-147.27,11.96,245.8,-15.8,1009.3,demo_simulation
2026-08-07,-62.57,-114.55,13.35,20.9,-7.7,988.8,demo_simulation
2026-08-07,-62.57,-81.82,5.72,209.6,-8.6,960.3,demo_simulation
2026-08-07,-62.57,-49.09,5.37,195.6,-12.6,960.2,demo_simulation
2026-08-07,-62.57,-16.36,9.31,19.2,-8.8,964.6,demo_simulation
2026-08-07,-62.57,16.36,8.55,87.0,-12.9,971.8,demo_simulation
2026-08-07,-62.57,49.09,6.33,234.7,-8.1,990.1,demo_simulation
2026-08-07,-62.57,81.82,7.05,294.5,-10.7,995.8,demo_simulation
2026-08-07,-62.57,114.55,9.52,92.7,-10.0,989.5,demo_simulation
2026-08-07,-62.57,147.27,6.32,205.2,-10.1,962.7,demo_simulation
2026-08-07,-62.57,180.0,10.35,154.6,-9.0,999.9,demo_simulation
2026-08-07,-60.0,-180.0,6.23,128.3,-11.9,983.6,demo_simulation
2026-08-07,-60.0,-147.27,13.2,203.5,2.1,974.3,demo_simulation
2026-08-07,-60.0,-114.55,6.99,253.4,-7.3,963.0,demo_simulation
2026-08-07,-60.0,-81.82,5.9,349.7,-10.7,976.4,demo_simulation
2026-08-07,-60.0,-49.09,5.32,246.9,-12.1,968.1,demo_simulation
2026-08-07,-60.0,-16.36,16.28,247.3,-12.0,980.8,demo_simulation
2026-08-07,-60.0,16.36,15.71,339.0,-6.8,985.8,demo_simulation
2026-08-07,-60.0,49.09,13.0,197.9,-6.5,972.5,demo_simulation
2026-08-07,-60.0,81.82,14.97,78.4,-8.9,986.8,demo_simulation
2026-08-07,-60.0,114.55,12.5,345.8,-4.6,981.6,demo_simulation
2026-08-07,-60.0,147.27,15.31,267.0,-6.2,1006.1,demo_simulation
2026-08-07,-60.0,180.0,7.96,323.1,-9.8,994.5,demo_simulation
